{"type":"FeatureCollection","features":[{"type":"Feature","geometry":{"type":"Point","coordinates":[-5.5634,42.59807]},"properties":{"id":"0","registryId":" 1838852927","precision":"exact","provider":"cartociudad"}},{"type":"Feature","geometry":{"type":"Point","coordinates":[-4.7085,40.31491]},"properties":{"id":"1","registryId":" 18D00001534","precision":"unknown","provider":"cartociudad"}},{"type":"Feature","geometry":{"type":"Point","coordinates":[-3.6974,42.34121]},"properties":{"id":"2","registryId":"(21) X20K312601","precision":"unknown","provider":"cartociudad"}},{"type":"Feature","geometry":{"type":"Point","coordinates":[-4.7567,41.63886]},"properties":{"id":"3","registryId":"(21)17J964966","precision":"unknown","provider":"cartociudad"}},{"type":"Feature","geometry":{"type":"Point","coordinates":[-5.68267,40.97006]},"properties":{"id":"4","registryId":"(21)X15D752091","precision":"street","provider":"nominatim"}},{"type":"Feature","geometry":{"type":"Point","coordinates":[-5.74551,41.50614]},"properties":{"id":"5","registryId":"(21)X15D753374","precision":"unknown","provider":"cartociudad"}},{"type":"Feature","geometry":{"type":"Point","coordinates":[-6.21434,42.29594]},"properties":{"id":"6","registryId":"(21)X15D753622","precision":"site","provider":"local_osm"}},{"type":"Feature","geometry":{"type":"Point","coordinates":[-5.65552,40.97491]},"properties":{"id":"7","registryId":"(21)X15D753628","precision":"street","provider":"mapbox"}},{"type":"Feature","geometry":{"type":"Point","coordinates":[-5.67083,40.96522]},"properties":{"id":"8","registryId":"(21)X15D753703","precision":"unknown","provider":"cartociudad"}},{"type":"Feature","geometry":{"type":"Point","coordinates":[-6.24387,42.94251]},"properties":{"id":"9","registryId":"(21)X15D753722","precision":"street","provider":"mapbox"}},{"type":"Feature","geometry":{"type":"Point","coordinates":[-4.74696,41.68005]},"properties":{"id":"10","registryId":"(21)X15H774911","precision":"street","provider":"mapbox"}},{"type":"Feature","geometry":{"type":"Point","coordinates":[-4.57033,42.04407]},"properties":{"id":"11","registryId":"(21)X15K799241","precision":"street","provider":"mapbox"}},{"type":"Feature","geometry":{"type":"Point","coordinates":[-4.70989,41.6334]},"properties":{"id":"12","registryId":"(21)X15K799243","precision":"street","provider":"nominatim"}},{"type":"Feature","geometry":{"type":"Point","coordinates":[-5.23985,40.15364]},"properties":{"id":"13","registryId":"(21)X160828711","precision":"street","provider":"nominatim"}},{"type":"Feature","geometry":{"type":"Point","coordinates":[-5.24,40.15366]},"properties":{"id":"14","registryId":"(21)X160828711","precision":"street","provider":"mapbox"}},{"type":"Feature","geometry":{"type":"Point","coordinates":[-3.73496,42.38343]},"properties":{"id":"15","registryId":"(21)X16D828228","precision":"street","provider":"mapbox"}},{"type":"Feature","geometry":{"type":"Point","coordinates":[-5.27977,40.82908]},"properties":{"id":"16","registryId":"(21)X16D828232","precision":"street","provider":"mapbox"}},{"type":"Feature","geometry":{"type":"Point","coordinates":[-3.7213,42.3386]},"properties":{"id":"17","registryId":"(21)X16D828574","precision":"unknown","provider":"cartociudad"}},{"type":"Feature","geometry":{"type":"Point","coordinates":[-5.66489,40.96092]},"properties":{"id":"18","registryId":"(21)X16D828668","precision":"unknown","provider":"cartociudad"}},{"type":"Feature","geometry":{"type":"Point","coordinates":[-3.48429,42.92665]},"properties":{"id":"19","registryId":"(21)X16D828682","precision":"street","provider":"mapbox"}},{"type":"Feature","geometry":{"type":"Point","coordinates":[-5.5734,42.59981]},"properties":{"id":"21","registryId":"(21)X16G848908","precision":"unknown","provider":"cartociudad"}},{"type":"Feature","geometry":{"type":"Point","coordinates":[-4.24768,42.79055]},"properties":{"id":"22","registryId":"(21)X16L888303","precision":"street","provider":"nominatim"}},{"type":"Feature","geometry":{"type":"Point","coordinates":[-4.24768,42.79055]},"properties":{"id":"23","registryId":"(21)X16L888313","precision":"street","provider":"nominatim"}},{"type":"Feature","geometry":{"type":"Point","coordinates":[-5.66242,40.94402]},"properties":{"id":"24","registryId":"(21)X176939262","precision":"exact","provider":"mapbox"}},{"type":"Feature","geometry":{"type":"Point","coordinates":[-3.62236,42.28712]},"properties":{"id":"25","registryId":"(21)X17A893362","precision":"street","provider":"mapbox"}},{"type":"Feature","geometry":{"type":"Point","coordinates":[-3.70378,42.04032]},"properties":{"id":"26","registryId":"(21)X17D912266","precision":"street","provider":"mapbox"}},{"type":"Feature","geometry":{"type":"Point","coordinates":[-4.70509,41.61068]},"properties":{"id":"27","registryId":"(21)X17D912279","precision":"unknown","provider":"cartociudad"}},{"type":"Feature","geometry":{"type":"Point","coordinates":[-5.66387,40.96544]},"properties":{"id":"28","registryId":"(21)X17G936850","precision":"exact","provider":"cartociudad"}},{"type":"Feature","geometry":{"type":"Point","coordinates":[-6.71728,40.93755]},"properties":{"id":"29","registryId":"(21)X17G936862","precision":"exact","provider":"nominatim"}},{"type":"Feature","geometry":{"type":"Point","coordinates":[-4.50605,41.9852]},"properties":{"id":"30","registryId":"(21)X17G936960","precision":"street","provider":"mapbox"}},{"type":"Feature","geometry":{"type":"Point","coordinates":[-3.73257,42.36653]},"properties":{"id":"31","registryId":"(21)X17G936964","precision":"unknown","provider":"cartociudad"}},{"type":"Feature","geometry":{"type":"Point","coordinates":[-6.7154,40.93852]},"properties":{"id":"32","registryId":"(21)X17G936999","precision":"street","provider":"nominatim"}},{"type":"Feature","geometry":{"type":"Point","coordinates":[-4.5222,41.91522]},"properties":{"id":"33","registryId":"(21)X17G937076","precision":"street","provider":"mapbox"}},{"type":"Feature","geometry":{"type":"Point","coordinates":[-5.71766,42.00011]},"properties":{"id":"34","registryId":"(21)X17H944207","precision":"street","provider":"mapbox"}},{"type":"Feature","geometry":{"type":"Point","coordinates":[-5.86746,41.28676]},"properties":{"id":"35","registryId":"(21)X17J964535","precision":"facility","provider":"local_osm"}},{"type":"Feature","geometry":{"type":"Point","coordinates":[-1.93642,41.846]},"properties":{"id":"36","registryId":"(21)X17J964574","precision":"street","provider":"mapbox"}},{"type":"Feature","geometry":{"type":"Point","coordinates":[-4.7567,41.63886]},"properties":{"id":"37","registryId":"(21)X17J965165","precision":"unknown","provider":"cartociudad"}},{"type":"Feature","geometry":{"type":"Point","coordinates":[-4.71849,41.63562]},"properties":{"id":"38","registryId":"(21)X17J965209","precision":"unknown","provider":"cartociudad"}},{"type":"Feature","geometry":{"type":"Point","coordinates":[-4.71849,41.63562]},"properties":{"id":"39","registryId":"(21)X17J965210","precision":"unknown","provider":"cartociudad"}},{"type":"Feature","geometry":{"type":"Point","coordinates":[-4.7567,41.63886]},"properties":{"id":"40","registryId":"(21)X17J965241","precision":"unknown","provider":"cartociudad"}},{"type":"Feature","geometry":{"type":"Point","coordinates":[-5.67885,40.96675]},"properties":{"id":"41","registryId":"(21)X18A995659","precision":"facility","provider":"local_osm"}},{"type":"Feature","geometry":{"type":"Point","coordinates":[-5.6664,40.96219]},"properties":{"id":"42","registryId":"(21)X18A996115","precision":"unknown","provider":"cartociudad"}},{"type":"Feature","geometry":{"type":"Point","coordinates":[-4.53114,42.00746]},"properties":{"id":"43","registryId":"(21)X18CO13253","precision":"unknown","provider":"cartociudad"}},{"type":"Feature","geometry":{"type":"Point","coordinates":[-2.95303,42.68415]},"properties":{"id":"44","registryId":"(21)X18G046293","precision":"unknown","provider":"cartociudad"}},{"type":"Feature","geometry":{"type":"Point","coordinates":[-4.91565,41.31098]},"properties":{"id":"45","registryId":"(21)X18K081031","precision":"street","provider":"mapbox"}},{"type":"Feature","geometry":{"type":"Point","coordinates":[-4.67871,40.65144]},"properties":{"id":"46","registryId":"(21)X191200283","precision":"unknown","provider":"cartociudad"}},{"type":"Feature","geometry":{"type":"Point","coordinates":[-4.70988,41.61171]},"properties":{"id":"47","registryId":"(21)X19B118809","precision":"unknown","provider":"cartociudad"}},{"type":"Feature","geometry":{"type":"Point","coordinates":[-5.67841,40.96308]},"properties":{"id":"48","registryId":"(21)X19K225806","precision":"unknown","provider":"cartociudad"}},{"type":"Feature","geometry":{"type":"Point","coordinates":[-4.71795,41.36656]},"properties":{"id":"49","registryId":"(21)X20B255232","precision":"facility","provider":"local_osm"}},{"type":"Feature","geometry":{"type":"Point","coordinates":[-2.93867,42.68525]},"properties":{"id":"50","registryId":"(21)X20J312369","precision":"unknown","provider":"cartociudad"}},{"type":"Feature","geometry":{"type":"Point","coordinates":[-3.68667,41.6721]},"properties":{"id":"51","registryId":"(21)X20K312429","precision":"unknown","provider":"cartociudad"}},{"type":"Feature","geometry":{"type":"Point","coordinates":[-4.72527,41.64981]},"properties":{"id":"52","registryId":"(21)XR1E369831","precision":"unknown","provider":"cartociudad"}},{"type":"Feature","geometry":{"type":"Point","coordinates":[-4.72807,41.65166]},"properties":{"id":"53","registryId":"00000046088","precision":"unknown","provider":"cartociudad"}},{"type":"Feature","geometry":{"type":"Point","coordinates":[-4.72807,41.65166]},"properties":{"id":"54","registryId":"00000046088","precision":"unknown","provider":"cartociudad"}},{"type":"Feature","geometry":{"type":"Point","coordinates":[-6.11713,40.53671]},"properties":{"id":"55","registryId":"00000063771","precision":"street","provider":"mapbox"}},{"type":"Feature","geometry":{"type":"Point","coordinates":[-3.75186,42.36695]},"properties":{"id":"56","registryId":"0010001191","precision":"unknown","provider":"cartociudad"}},{"type":"Feature","geometry":{"type":"Point","coordinates":[-5.21067,40.90524]},"properties":{"id":"57","registryId":"001111834","precision":"street","provider":"nominatim"}},{"type":"Feature","geometry":{"type":"Point","coordinates":[-5.20347,40.89854]},"properties":{"id":"58","registryId":"001111835","precision":"street","provider":"nominatim"}},{"type":"Feature","geometry":{"type":"Point","coordinates":[-4.64361,41.74153]},"properties":{"id":"59","registryId":"002715U/2","precision":"street","provider":"mapbox"}},{"type":"Feature","geometry":{"type":"Point","coordinates":[-4.64361,41.74153]},"properties":{"id":"60","registryId":"002715U/2","precision":"street","provider":"mapbox"}},{"type":"Feature","geometry":{"type":"Point","coordinates":[-3.73968,42.36515]},"properties":{"id":"61","registryId":"004003","precision":"unknown","provider":"cartociudad"}},{"type":"Feature","geometry":{"type":"Point","coordinates":[-4.73115,41.66343]},"properties":{"id":"62","registryId":"0104109848","precision":"unknown","provider":"cartociudad"}},{"type":"Feature","geometry":{"type":"Point","coordinates":[-3.69993,42.34646]},"properties":{"id":"63","registryId":"0105139727","precision":"unknown","provider":"cartociudad"}},{"type":"Feature","geometry":{"type":"Point","coordinates":[-4.30866,41.39379]},"properties":{"id":"64","registryId":"0110001401","precision":"street","provider":"nominatim"}},{"type":"Feature","geometry":{"type":"Point","coordinates":[-4.75103,41.60967]},"properties":{"id":"65","registryId":"017L-05786","precision":"unknown","provider":"cartociudad"}},{"type":"Feature","geometry":{"type":"Point","coordinates":[-4.75103,41.60967]},"properties":{"id":"66","registryId":"017L-05847","precision":"unknown","provider":"cartociudad"}},{"type":"Feature","geometry":{"type":"Point","coordinates":[-4.30841,40.74447]},"properties":{"id":"67","registryId":"018A-08051","precision":"street","provider":"mapbox"}},{"type":"Feature","geometry":{"type":"Point","coordinates":[-4.53419,42.00727]},"properties":{"id":"68","registryId":"01SM10501240052","precision":"unknown","provider":"cartociudad"}},{"type":"Feature","geometry":{"type":"Point","coordinates":[-3.71356,42.57122]},"properties":{"id":"69","registryId":"03/20010699","precision":"street","provider":"mapbox"}},{"type":"Feature","geometry":{"type":"Point","coordinates":[-5.66794,42.00456]},"properties":{"id":"70","registryId":"03022011286","precision":"street","provider":"nominatim"}},{"type":"Feature","geometry":{"type":"Point","coordinates":[-5.67828,42.0025]},"properties":{"id":"71","registryId":"03022011289","precision":"exact","provider":"nominatim"}},{"type":"Feature","geometry":{"type":"Point","coordinates":[-5.69078,42.58491]},"properties":{"id":"72","registryId":"03SM107012400099","precision":"street","provider":"mapbox"}},{"type":"Feature","geometry":{"type":"Point","coordinates":[-5.33102,42.35894]},"properties":{"id":"74","registryId":"055M10702200059","precision":"street","provider":"nominatim"}},{"type":"Feature","geometry":{"type":"Point","coordinates":[-5.57607,42.59301]},"properties":{"id":"75","registryId":"058975000209","precision":"unknown","provider":"cartociudad"}},{"type":"Feature","geometry":{"type":"Point","coordinates":[-6.58119,42.55011]},"properties":{"id":"76","registryId":"058975000210","precision":"street","provider":"nominatim"}},{"type":"Feature","geometry":{"type":"Point","coordinates":[-5.56227,42.61298]},"properties":{"id":"77","registryId":"058975000211","precision":"facility","provider":"local_osm"}},{"type":"Feature","geometry":{"type":"Point","coordinates":[-5.56227,42.61298]},"properties":{"id":"78","registryId":"058975000212","precision":"facility","provider":"local_osm"}},{"type":"Feature","geometry":{"type":"Point","coordinates":[-5.56227,42.61298]},"properties":{"id":"79","registryId":"058975000213","precision":"facility","provider":"local_osm"}},{"type":"Feature","geometry":{"type":"Point","coordinates":[-5.56227,42.61298]},"properties":{"id":"80","registryId":"058975000214","precision":"facility","provider":"local_osm"}},{"type":"Feature","geometry":{"type":"Point","coordinates":[-5.56227,42.61298]},"properties":{"id":"81","registryId":"058975000215","precision":"facility","provider":"local_osm"}},{"type":"Feature","geometry":{"type":"Point","coordinates":[-5.56227,42.61298]},"properties":{"id":"82","registryId":"058975000216","precision":"facility","provider":"local_osm"}},{"type":"Feature","geometry":{"type":"Point","coordinates":[-5.56227,42.61298]},"properties":{"id":"83","registryId":"058975000217","precision":"facility","provider":"local_osm"}},{"type":"Feature","geometry":{"type":"Point","coordinates":[-2.47901,41.76535]},"properties":{"id":"84","registryId":"058990043694","precision":"unknown","provider":"cartociudad"}},{"type":"Feature","geometry":{"type":"Point","coordinates":[-1.98684,41.78145]},"properties":{"id":"85","registryId":"058991046400","precision":"street","provider":"mapbox"}},{"type":"Feature","geometry":{"type":"Point","coordinates":[-2.61844,41.63495]},"properties":{"id":"86","registryId":"058991046402","precision":"street","provider":"mapbox"}},{"type":"Feature","geometry":{"type":"Point","coordinates":[-2.46786,41.76269]},"properties":{"id":"87","registryId":"058991046403","precision":"unknown","provider":"cartociudad"}},{"type":"Feature","geometry":{"type":"Point","coordinates":[-2.42462,41.16555]},"properties":{"id":"88","registryId":"058991047648","precision":"unknown","provider":"cartociudad"}},{"type":"Feature","geometry":{"type":"Point","coordinates":[-2.42462,41.16555]},"properties":{"id":"89","registryId":"058991047648","precision":"unknown","provider":"cartociudad"}},{"type":"Feature","geometry":{"type":"Point","coordinates":[-3.20006,41.57176]},"properties":{"id":"90","registryId":"058991047650","precision":"exact","provider":"mapbox"}},{"type":"Feature","geometry":{"type":"Point","coordinates":[-2.25335,41.97193]},"properties":{"id":"91","registryId":"058991047651","precision":"street","provider":"nominatim"}},{"type":"Feature","geometry":{"type":"Point","coordinates":[-2.23133,42.02832]},"properties":{"id":"92","registryId":"058991047652","precision":"exact","provider":"nominatim"}},{"type":"Feature","geometry":{"type":"Point","coordinates":[-3.39963,41.60798]},"properties":{"id":"93","registryId":"058991048392","precision":"unknown","provider":"cartociudad"}},{"type":"Feature","geometry":{"type":"Point","coordinates":[41.58692,-3.05888]},"properties":{"id":"94","registryId":"058992054770","precision":"exact","provider":"mapbox"}},{"type":"Feature","geometry":{"type":"Point","coordinates":[-2.47041,41.75506]},"properties":{"id":"95","registryId":"058992055511","precision":"unknown","provider":"cartociudad"}},{"type":"Feature","geometry":{"type":"Point","coordinates":[-3.06666,41.82899]},"properties":{"id":"96","registryId":"058994062398","precision":"street","provider":"mapbox"}},{"type":"Feature","geometry":{"type":"Point","coordinates":[-2.47665,41.76584]},"properties":{"id":"97","registryId":"058995066202","precision":"unknown","provider":"cartociudad"}},{"type":"Feature","geometry":{"type":"Point","coordinates":[-2.40816,41.76226]},"properties":{"id":"98","registryId":"058996066761","precision":"street","provider":"nominatim"}},{"type":"Feature","geometry":{"type":"Point","coordinates":[-2.38394,41.72263]},"properties":{"id":"99","registryId":"058997070182","precision":"unknown","provider":"cartociudad"}},{"type":"Feature","geometry":{"type":"Point","coordinates":[-2.27542,41.21565]},"properties":{"id":"100","registryId":"058997070192","precision":"street","provider":"nominatim"}},{"type":"Feature","geometry":{"type":"Point","coordinates":[-4.54268,42.31627]},"properties":{"id":"101","registryId":"058997070549","precision":"exact","provider":"nominatim"}},{"type":"Feature","geometry":{"type":"Point","coordinates":[-3.08906,41.55565]},"properties":{"id":"102","registryId":"058998021876","precision":"street","provider":"nominatim"}},{"type":"Feature","geometry":{"type":"Point","coordinates":[-3.08906,41.55565]},"properties":{"id":"103","registryId":"058998021877","precision":"street","provider":"nominatim"}},{"type":"Feature","geometry":{"type":"Point","coordinates":[-2.46844,41.76412]},"properties":{"id":"104","registryId":"058998021878","precision":"unknown","provider":"cartociudad"}},{"type":"Feature","geometry":{"type":"Point","coordinates":[-2.46974,41.75881]},"properties":{"id":"105","registryId":"058998021879","precision":"unknown","provider":"cartociudad"}},{"type":"Feature","geometry":{"type":"Point","coordinates":[-2.50464,41.77651]},"properties":{"id":"106","registryId":"058998021880","precision":"street","provider":"nominatim"}},{"type":"Feature","geometry":{"type":"Point","coordinates":[-2.47332,41.76125]},"properties":{"id":"107","registryId":"058998021881","precision":"unknown","provider":"cartociudad"}},{"type":"Feature","geometry":{"type":"Point","coordinates":[-2.46081,41.76502]},"properties":{"id":"108","registryId":"058998021884","precision":"unknown","provider":"cartociudad"}},{"type":"Feature","geometry":{"type":"Point","coordinates":[-2.46826,41.76686]},"properties":{"id":"109","registryId":"058998021885","precision":"exact","provider":"mapbox"}},{"type":"Feature","geometry":{"type":"Point","coordinates":[-2.47282,41.76057]},"properties":{"id":"110","registryId":"058998024402","precision":"unknown","provider":"cartociudad"}},{"type":"Feature","geometry":{"type":"Point","coordinates":[-2.88358,41.93326]},"properties":{"id":"111","registryId":"058999032603","precision":"unknown","provider":"cartociudad"}},{"type":"Feature","geometry":{"type":"Point","coordinates":[-3.07493,41.58592]},"properties":{"id":"112","registryId":"058999032609","precision":"street","provider":"nominatim"}},{"type":"Feature","geometry":{"type":"Point","coordinates":[-2.23244,41.98808]},"properties":{"id":"113","registryId":"058999074885","precision":"street","provider":"mapbox"}},{"type":"Feature","geometry":{"type":"Point","coordinates":[-6.42476,42.23973]},"properties":{"id":"114","registryId":"05SM107012300028","precision":"street","provider":"nominatim"}},{"type":"Feature","geometry":{"type":"Point","coordinates":[-5.26722,42.25231]},"properties":{"id":"115","registryId":"06SM107022300042","precision":"street","provider":"nominatim"}},{"type":"Feature","geometry":{"type":"Point","coordinates":[-3.6974,42.34121]},"properties":{"id":"116","registryId":"0700028775","precision":"unknown","provider":"cartociudad"}},{"type":"Feature","geometry":{"type":"Point","coordinates":[-3.74801,42.36738]},"properties":{"id":"117","registryId":"0706199412","precision":"unknown","provider":"cartociudad"}},{"type":"Feature","geometry":{"type":"Point","coordinates":[-5.80452,42.9284]},"properties":{"id":"118","registryId":"07SM107022300022","precision":"street","provider":"nominatim"}},{"type":"Feature","geometry":{"type":"Point","coordinates":[-5.80452,42.9284]},"properties":{"id":"119","registryId":"07SM107022300022","precision":"street","provider":"nominatim"}},{"type":"Feature","geometry":{"type":"Point","coordinates":[-6.20974,42.72606]},"properties":{"id":"120","registryId":"07SM107022300022","precision":"street","provider":"mapbox"}},{"type":"Feature","geometry":{"type":"Point","coordinates":[-4.70924,41.63802]},"properties":{"id":"121","registryId":"0810801897","precision":"exact","provider":"cartociudad"}},{"type":"Feature","geometry":{"type":"Point","coordinates":[-4.1205,40.94926]},"properties":{"id":"122","registryId":"08621","precision":"street","provider":"nominatim"}},{"type":"Feature","geometry":{"type":"Point","coordinates":[-3.72743,42.34048]},"properties":{"id":"123","registryId":"08SM105022300044","precision":"facility","provider":"local_osm"}},{"type":"Feature","geometry":{"type":"Point","coordinates":[-2.10291,41.87313]},"properties":{"id":"124","registryId":"09262","precision":"street","provider":"mapbox"}},{"type":"Feature","geometry":{"type":"Point","coordinates":[-3.70855,42.3379]},"properties":{"id":"125","registryId":"0929S676","precision":"unknown","provider":"cartociudad"}},{"type":"Feature","geometry":{"type":"Point","coordinates":[-3.72065,42.33955]},"properties":{"id":"126","registryId":"09SM107032300074","precision":"street","provider":"nominatim"}},{"type":"Feature","geometry":{"type":"Point","coordinates":[-4.95742,41.41019]},"properties":{"id":"127","registryId":"1 1000 1464","precision":"unknown","provider":"cartociudad"}},{"type":"Feature","geometry":{"type":"Point","coordinates":[-4.71915,41.65455]},"properties":{"id":"128","registryId":"1 1000 1499","precision":"street","provider":"mapbox"}},{"type":"Feature","geometry":{"type":"Point","coordinates":[-4.68399,41.28344]},"properties":{"id":"129","registryId":"1 1000 1505","precision":"street","provider":"mapbox"}},{"type":"Feature","geometry":{"type":"Point","coordinates":[-4.53003,41.36326]},"properties":{"id":"130","registryId":"1 1000 1518","precision":"unknown","provider":"cartociudad"}},{"type":"Feature","geometry":{"type":"Point","coordinates":[-4.72461,41.65635]},"properties":{"id":"131","registryId":"1 1000 1527","precision":"unknown","provider":"cartociudad"}},{"type":"Feature","geometry":{"type":"Point","coordinates":[-5.08965,41.33178]},"properties":{"id":"132","registryId":"1-1000-1517","precision":"exact","provider":"mapbox"}},{"type":"Feature","geometry":{"type":"Point","coordinates":[-3.07825,41.9518]},"properties":{"id":"133","registryId":"10003127","precision":"unknown","provider":"cartociudad"}},{"type":"Feature","geometry":{"type":"Point","coordinates":[-3.56594,42.33263]},"properties":{"id":"134","registryId":"10003326","precision":"unknown","provider":"cartociudad"}},{"type":"Feature","geometry":{"type":"Point","coordinates":[-3.80334,42.56415]},"properties":{"id":"135","registryId":"10003424","precision":"street","provider":"nominatim"}},{"type":"Feature","geometry":{"type":"Point","coordinates":[-5.55963,42.59418]},"properties":{"id":"136","registryId":"100409","precision":"unknown","provider":"cartociudad"}},{"type":"Feature","geometry":{"type":"Point","coordinates":[-5.55922,42.61522]},"properties":{"id":"137","registryId":"107308","precision":"facility","provider":"local_osm"}},{"type":"Feature","geometry":{"type":"Point","coordinates":[-4.49801,40.41551]},"properties":{"id":"138","registryId":"10A00066025","precision":"street","provider":"nominatim"}},{"type":"Feature","geometry":{"type":"Point","coordinates":[-4.02002,40.87289]},"properties":{"id":"139","registryId":"10A00066091","precision":"street","provider":"nominatim"}},{"type":"Feature","geometry":{"type":"Point","coordinates":[-4.02002,40.87289]},"properties":{"id":"140","registryId":"10A00066091","precision":"street","provider":"nominatim"}},{"type":"Feature","geometry":{"type":"Point","coordinates":[-4.02002,40.87289]},"properties":{"id":"141","registryId":"10A00066131","precision":"street","provider":"nominatim"}},{"type":"Feature","geometry":{"type":"Point","coordinates":[-4.02002,40.87289]},"properties":{"id":"142","registryId":"10A00066131","precision":"street","provider":"nominatim"}},{"type":"Feature","geometry":{"type":"Point","coordinates":[40.87271,-4.01986]},"properties":{"id":"143","registryId":"10A00066142","precision":"street","provider":"mapbox"}},{"type":"Feature","geometry":{"type":"Point","coordinates":[40.87271,-4.01986]},"properties":{"id":"144","registryId":"10A00066142","precision":"street","provider":"mapbox"}},{"type":"Feature","geometry":{"type":"Point","coordinates":[-3.73904,42.34195]},"properties":{"id":"145","registryId":"10B00100495","precision":"street","provider":"nominatim"}},{"type":"Feature","geometry":{"type":"Point","coordinates":[40.87271,-4.01986]},"properties":{"id":"146","registryId":"10C002011355","precision":"street","provider":"mapbox"}},{"type":"Feature","geometry":{"type":"Point","coordinates":[-4.05661,40.99183]},"properties":{"id":"147","registryId":"10C00203300","precision":"street","provider":"mapbox"}},{"type":"Feature","geometry":{"type":"Point","coordinates":[-4.01664,40.88002]},"properties":{"id":"148","registryId":"10C00203319","precision":"street","provider":"nominatim"}},{"type":"Feature","geometry":{"type":"Point","coordinates":[-4.7818,41.61248]},"properties":{"id":"149","registryId":"10C00205003","precision":"street","provider":"nominatim"}},{"type":"Feature","geometry":{"type":"Point","coordinates":[-4.10881,40.95388]},"properties":{"id":"150","registryId":"10C00207831","precision":"unknown","provider":"cartociudad"}},{"type":"Feature","geometry":{"type":"Point","coordinates":[-4.07362,40.92884]},"properties":{"id":"151","registryId":"10C00208680","precision":"street","provider":"nominatim"}},{"type":"Feature","geometry":{"type":"Point","coordinates":[-4.12361,40.94593]},"properties":{"id":"152","registryId":"10C00209734","precision":"unknown","provider":"cartociudad"}},{"type":"Feature","geometry":{"type":"Point","coordinates":[-4.08251,40.95024]},"properties":{"id":"153","registryId":"10C00209735","precision":"street","provider":"mapbox"}},{"type":"Feature","geometry":{"type":"Point","coordinates":[-4.11755,40.93983]},"properties":{"id":"154","registryId":"10C00209743","precision":"facility","provider":"local_osm"}},{"type":"Feature","geometry":{"type":"Point","coordinates":[-3.28936,42.01778]},"properties":{"id":"155","registryId":"110001010","precision":"street","provider":"nominatim"}},{"type":"Feature","geometry":{"type":"Point","coordinates":[-3.73905,43.00885]},"properties":{"id":"156","registryId":"110001254","precision":"street","provider":"nominatim"}},{"type":"Feature","geometry":{"type":"Point","coordinates":[-4.72497,41.60409]},"properties":{"id":"157","registryId":"110001293","precision":"unknown","provider":"cartociudad"}},{"type":"Feature","geometry":{"type":"Point","coordinates":[-3.68106,42.36036]},"properties":{"id":"158","registryId":"110001373","precision":"street","provider":"nominatim"}},{"type":"Feature","geometry":{"type":"Point","coordinates":[-3.68106,42.36036]},"properties":{"id":"159","registryId":"110001373","precision":"street","provider":"nominatim"}},{"type":"Feature","geometry":{"type":"Point","coordinates":[-3.6759,42.34432]},"properties":{"id":"160","registryId":"110001374","precision":"street","provider":"nominatim"}},{"type":"Feature","geometry":{"type":"Point","coordinates":[-3.66134,42.35017]},"properties":{"id":"161","registryId":"110001375","precision":"unknown","provider":"cartociudad"}},{"type":"Feature","geometry":{"type":"Point","coordinates":[-3.67003,42.34584]},"properties":{"id":"162","registryId":"110001377","precision":"unknown","provider":"cartociudad"}},{"type":"Feature","geometry":{"type":"Point","coordinates":[-4.72021,41.65557]},"properties":{"id":"163","registryId":"110001393","precision":"unknown","provider":"cartociudad"}},{"type":"Feature","geometry":{"type":"Point","coordinates":[-4.7286,41.65126]},"properties":{"id":"164","registryId":"110001398","precision":"unknown","provider":"cartociudad"}},{"type":"Feature","geometry":{"type":"Point","coordinates":[41.61482,-4.79711]},"properties":{"id":"165","registryId":"110001469","precision":"exact","provider":"nominatim"}},{"type":"Feature","geometry":{"type":"Point","coordinates":[-4.6996,41.54073]},"properties":{"id":"166","registryId":"110001470","precision":"exact","provider":"mapbox"}},{"type":"Feature","geometry":{"type":"Point","coordinates":[-5.03714,42.1002]},"properties":{"id":"167","registryId":"110001479","precision":"exact","provider":"mapbox"}},{"type":"Feature","geometry":{"type":"Point","coordinates":[-4.20033,41.49057]},"properties":{"id":"168","registryId":"110001497","precision":"street","provider":"mapbox"}},{"type":"Feature","geometry":{"type":"Point","coordinates":[-4.71909,41.65463]},"properties":{"id":"169","registryId":"110001499","precision":"unknown","provider":"cartociudad"}},{"type":"Feature","geometry":{"type":"Point","coordinates":[-4.7801,41.66121]},"properties":{"id":"170","registryId":"110001500","precision":"street","provider":"nominatim"}},{"type":"Feature","geometry":{"type":"Point","coordinates":[-4.59413,41.47304]},"properties":{"id":"171","registryId":"110001503","precision":"exact","provider":"mapbox"}},{"type":"Feature","geometry":{"type":"Point","coordinates":[-5.04509,41.88652]},"properties":{"id":"172","registryId":"110001506","precision":"street","provider":"nominatim"}},{"type":"Feature","geometry":{"type":"Point","coordinates":[-5.04509,41.88652]},"properties":{"id":"173","registryId":"110001506","precision":"street","provider":"nominatim"}},{"type":"Feature","geometry":{"type":"Point","coordinates":[-4.72603,41.58558]},"properties":{"id":"174","registryId":"110001509","precision":"street","provider":"nominatim"}},{"type":"Feature","geometry":{"type":"Point","coordinates":[-4.53003,41.36326]},"properties":{"id":"175","registryId":"110001518","precision":"unknown","provider":"cartociudad"}},{"type":"Feature","geometry":{"type":"Point","coordinates":[-4.72461,41.65635]},"properties":{"id":"176","registryId":"110001527","precision":"unknown","provider":"cartociudad"}},{"type":"Feature","geometry":{"type":"Point","coordinates":[-3.70262,42.34258]},"properties":{"id":"177","registryId":"110001535","precision":"exact","provider":"mapbox"}},{"type":"Feature","geometry":{"type":"Point","coordinates":[-5.40484,41.98849]},"properties":{"id":"178","registryId":"110001537","precision":"exact","provider":"mapbox"}},{"type":"Feature","geometry":{"type":"Point","coordinates":[-3.70262,42.34258]},"properties":{"id":"179","registryId":"110001544","precision":"exact","provider":"mapbox"}},{"type":"Feature","geometry":{"type":"Point","coordinates":[-4.53153,42.00984]},"properties":{"id":"180","registryId":"110001557","precision":"unknown","provider":"cartociudad"}},{"type":"Feature","geometry":{"type":"Point","coordinates":[-4.72313,42.48982]},"properties":{"id":"181","registryId":"110001558","precision":"street","provider":"mapbox"}},{"type":"Feature","geometry":{"type":"Point","coordinates":[-4.54254,42.01875]},"properties":{"id":"182","registryId":"110001566","precision":"street","provider":"mapbox"}},{"type":"Feature","geometry":{"type":"Point","coordinates":[-4.54397,42.01904]},"properties":{"id":"183","registryId":"110001567","precision":"street","provider":"nominatim"}},{"type":"Feature","geometry":{"type":"Point","coordinates":[-4.54662,42.01093]},"properties":{"id":"184","registryId":"110001568","precision":"street","provider":"mapbox"}},{"type":"Feature","geometry":{"type":"Point","coordinates":[-4.52898,42.00855]},"properties":{"id":"185","registryId":"110001592","precision":"unknown","provider":"cartociudad"}},{"type":"Feature","geometry":{"type":"Point","coordinates":[-3.02737,42.73253]},"properties":{"id":"186","registryId":"110001705","precision":"street","provider":"mapbox"}},{"type":"Feature","geometry":{"type":"Point","coordinates":[-3.02737,42.73253]},"properties":{"id":"187","registryId":"110001705","precision":"street","provider":"mapbox"}},{"type":"Feature","geometry":{"type":"Point","coordinates":[-4.51862,41.2184]},"properties":{"id":"188","registryId":"110001749","precision":"street","provider":"nominatim"}},{"type":"Feature","geometry":{"type":"Point","coordinates":[-4.52271,41.2081]},"properties":{"id":"189","registryId":"110001751","precision":"street","provider":"nominatim"}},{"type":"Feature","geometry":{"type":"Point","coordinates":[-3.68169,42.36054]},"properties":{"id":"190","registryId":"110001752","precision":"unknown","provider":"cartociudad"}},{"type":"Feature","geometry":{"type":"Point","coordinates":[-3.69648,42.2859]},"properties":{"id":"191","registryId":"110001754","precision":"exact","provider":"cartociudad"}},{"type":"Feature","geometry":{"type":"Point","coordinates":[-4.7044,41.62449]},"properties":{"id":"192","registryId":"110001755","precision":"unknown","provider":"cartociudad"}},{"type":"Feature","geometry":{"type":"Point","coordinates":[-4.69154,41.67587]},"properties":{"id":"193","registryId":"110001760","precision":"unknown","provider":"cartociudad"}},{"type":"Feature","geometry":{"type":"Point","coordinates":[-4.69154,41.67587]},"properties":{"id":"194","registryId":"110001761","precision":"unknown","provider":"cartociudad"}},{"type":"Feature","geometry":{"type":"Point","coordinates":[-3.64828,42.34715]},"properties":{"id":"195","registryId":"110001762","precision":"street","provider":"nominatim"}},{"type":"Feature","geometry":{"type":"Point","coordinates":[-4.72892,41.64987]},"properties":{"id":"196","registryId":"110001803","precision":"unknown","provider":"cartociudad"}},{"type":"Feature","geometry":{"type":"Point","coordinates":[-3.66184,42.35542]},"properties":{"id":"197","registryId":"110001811","precision":"street","provider":"mapbox"}},{"type":"Feature","geometry":{"type":"Point","coordinates":[-3.72588,42.37232]},"properties":{"id":"198","registryId":"110001814","precision":"unknown","provider":"cartociudad"}},{"type":"Feature","geometry":{"type":"Point","coordinates":[-4.72939,41.63114]},"properties":{"id":"199","registryId":"110001826","precision":"unknown","provider":"cartociudad"}},{"type":"Feature","geometry":{"type":"Point","coordinates":[-3.66184,42.35542]},"properties":{"id":"200","registryId":"110001830","precision":"street","provider":"mapbox"}},{"type":"Feature","geometry":{"type":"Point","coordinates":[-3.75159,42.36667]},"properties":{"id":"201","registryId":"110001832","precision":"unknown","provider":"cartociudad"}},{"type":"Feature","geometry":{"type":"Point","coordinates":[-4.71607,41.05679]},"properties":{"id":"202","registryId":"110001851","precision":"street","provider":"nominatim"}},{"type":"Feature","geometry":{"type":"Point","coordinates":[-4.34689,40.87957]},"properties":{"id":"203","registryId":"110001854","precision":"street","provider":"mapbox"}},{"type":"Feature","geometry":{"type":"Point","coordinates":[-5.00335,41.08794]},"properties":{"id":"204","registryId":"110001855","precision":"street","provider":"nominatim"}},{"type":"Feature","geometry":{"type":"Point","coordinates":[-4.58787,40.29037]},"properties":{"id":"206","registryId":"110001857","precision":"unknown","provider":"cartociudad"}},{"type":"Feature","geometry":{"type":"Point","coordinates":[-5.52631,40.35577]},"properties":{"id":"207","registryId":"110001858","precision":"unknown","provider":"cartociudad"}},{"type":"Feature","geometry":{"type":"Point","coordinates":[-5.09293,40.21183]},"properties":{"id":"208","registryId":"110001859","precision":"street","provider":"nominatim"}},{"type":"Feature","geometry":{"type":"Point","coordinates":[-5.59707,42.5752]},"properties":{"id":"209","registryId":"110001880","precision":"street","provider":"nominatim"}},{"type":"Feature","geometry":{"type":"Point","coordinates":[-4.9969,41.50373]},"properties":{"id":"210","registryId":"110001883","precision":"street","provider":"mapbox"}},{"type":"Feature","geometry":{"type":"Point","coordinates":[-4.77539,41.62006]},"properties":{"id":"211","registryId":"110001898","precision":"street","provider":"nominatim"}},{"type":"Feature","geometry":{"type":"Point","coordinates":[-5.66144,40.96246]},"properties":{"id":"212","registryId":"110001993","precision":"unknown","provider":"cartociudad"}},{"type":"Feature","geometry":{"type":"Point","coordinates":[-4.74749,41.63359]},"properties":{"id":"213","registryId":"110002022","precision":"street","provider":"mapbox"}},{"type":"Feature","geometry":{"type":"Point","coordinates":[-4.49777,40.41359]},"properties":{"id":"214","registryId":"110002499","precision":"street","provider":"nominatim"}},{"type":"Feature","geometry":{"type":"Point","coordinates":[-4.54119,40.54264]},"properties":{"id":"215","registryId":"110002500","precision":"exact","provider":"nominatim"}},{"type":"Feature","geometry":{"type":"Point","coordinates":[-3.69018,42.35141]},"properties":{"id":"216","registryId":"110002751","precision":"unknown","provider":"cartociudad"}},{"type":"Feature","geometry":{"type":"Point","coordinates":[-3.75968,42.3615]},"properties":{"id":"217","registryId":"110002763","precision":"unknown","provider":"cartociudad"}},{"type":"Feature","geometry":{"type":"Point","coordinates":[-3.62758,42.34374]},"properties":{"id":"218","registryId":"110002889","precision":"street","provider":"mapbox"}},{"type":"Feature","geometry":{"type":"Point","coordinates":[-3.69018,42.35141]},"properties":{"id":"219","registryId":"110002897","precision":"unknown","provider":"cartociudad"}},{"type":"Feature","geometry":{"type":"Point","coordinates":[-3.28398,42.0213]},"properties":{"id":"220","registryId":"110002915","precision":"exact","provider":"mapbox"}},{"type":"Feature","geometry":{"type":"Point","coordinates":[-3.703,42.15723]},"properties":{"id":"221","registryId":"110002940","precision":"unknown","provider":"cartociudad"}},{"type":"Feature","geometry":{"type":"Point","coordinates":[-3.69192,42.37355]},"properties":{"id":"222","registryId":"110003011","precision":"exact","provider":"mapbox"}},{"type":"Feature","geometry":{"type":"Point","coordinates":[-5.66545,40.56891]},"properties":{"id":"223","registryId":"110003044","precision":"site","provider":"local_osm"}},{"type":"Feature","geometry":{"type":"Point","coordinates":[-3.6958,41.66331]},"properties":{"id":"224","registryId":"110003081","precision":"street","provider":"nominatim"}},{"type":"Feature","geometry":{"type":"Point","coordinates":[-3.93372,41.78356]},"properties":{"id":"225","registryId":"110003101","precision":"street","provider":"mapbox"}},{"type":"Feature","geometry":{"type":"Point","coordinates":[-3.68881,41.7729]},"properties":{"id":"226","registryId":"110003103","precision":"exact","provider":"cartociudad"}},{"type":"Feature","geometry":{"type":"Point","coordinates":[-3.70007,42.34115]},"properties":{"id":"227","registryId":"110003104","precision":"unknown","provider":"cartociudad"}},{"type":"Feature","geometry":{"type":"Point","coordinates":[-3.29446,42.76228]},"properties":{"id":"228","registryId":"110003117","precision":"exact","provider":"nominatim"}},{"type":"Feature","geometry":{"type":"Point","coordinates":[-3.50769,42.37725]},"properties":{"id":"229","registryId":"110003120","precision":"street","provider":"nominatim"}},{"type":"Feature","geometry":{"type":"Point","coordinates":[-4.14014,42.28849]},"properties":{"id":"230","registryId":"110003121","precision":"street","provider":"nominatim"}},{"type":"Feature","geometry":{"type":"Point","coordinates":[-3.97141,42.13312]},"properties":{"id":"231","registryId":"1100031242800SP","precision":"exact","provider":"nominatim"}},{"type":"Feature","geometry":{"type":"Point","coordinates":[-3.86546,42.04573]},"properties":{"id":"232","registryId":"1100031252800SP","precision":"street","provider":"nominatim"}},{"type":"Feature","geometry":{"type":"Point","coordinates":[-3.41811,41.96235]},"properties":{"id":"233","registryId":"110003126","precision":"street","provider":"nominatim"}},{"type":"Feature","geometry":{"type":"Point","coordinates":[-3.74244,43.00858]},"properties":{"id":"234","registryId":"110003130","precision":"street","provider":"nominatim"}},{"type":"Feature","geometry":{"type":"Point","coordinates":[-3.69641,42.33922]},"properties":{"id":"235","registryId":"110003132","precision":"unknown","provider":"cartociudad"}},{"type":"Feature","geometry":{"type":"Point","coordinates":[-3.53151,42.33174]},"properties":{"id":"236","registryId":"110003133","precision":"street","provider":"mapbox"}},{"type":"Feature","geometry":{"type":"Point","coordinates":[-3.51609,42.33535]},"properties":{"id":"237","registryId":"110003136","precision":"street","provider":"mapbox"}},{"type":"Feature","geometry":{"type":"Point","coordinates":[-3.68473,42.257]},"properties":{"id":"238","registryId":"110003138","precision":"street","provider":"mapbox"}},{"type":"Feature","geometry":{"type":"Point","coordinates":[-1.94065,41.83936]},"properties":{"id":"239","registryId":"110003170","precision":"street","provider":"mapbox"}},{"type":"Feature","geometry":{"type":"Point","coordinates":[-3.67616,42.35691]},"properties":{"id":"240","registryId":"110003207","precision":"unknown","provider":"cartociudad"}},{"type":"Feature","geometry":{"type":"Point","coordinates":[-3.67903,42.34442]},"properties":{"id":"241","registryId":"110003209","precision":"unknown","provider":"cartociudad"}},{"type":"Feature","geometry":{"type":"Point","coordinates":[-3.69323,41.66026]},"properties":{"id":"242","registryId":"110003213","precision":"exact","provider":"mapbox"}},{"type":"Feature","geometry":{"type":"Point","coordinates":[-3.66384,42.35021]},"properties":{"id":"243","registryId":"110003214","precision":"street","provider":"mapbox"}},{"type":"Feature","geometry":{"type":"Point","coordinates":[-3.68929,42.34759]},"properties":{"id":"244","registryId":"110003217","precision":"unknown","provider":"cartociudad"}},{"type":"Feature","geometry":{"type":"Point","coordinates":[-3.69907,42.33433]},"properties":{"id":"245","registryId":"110003217","precision":"unknown","provider":"cartociudad"}},{"type":"Feature","geometry":{"type":"Point","coordinates":[-3.48698,42.93255]},"properties":{"id":"246","registryId":"110003218","precision":"exact","provider":"nominatim"}},{"type":"Feature","geometry":{"type":"Point","coordinates":[-3.68953,42.34689]},"properties":{"id":"247","registryId":"110003219","precision":"exact","provider":"nominatim"}},{"type":"Feature","geometry":{"type":"Point","coordinates":[-3.68844,42.3481]},"properties":{"id":"248","registryId":"110003220","precision":"unknown","provider":"cartociudad"}},{"type":"Feature","geometry":{"type":"Point","coordinates":[-3.69628,42.34116]},"properties":{"id":"249","registryId":"110003221","precision":"unknown","provider":"cartociudad"}},{"type":"Feature","geometry":{"type":"Point","coordinates":[-3.68729,42.34446]},"properties":{"id":"250","registryId":"110003221","precision":"unknown","provider":"cartociudad"}},{"type":"Feature","geometry":{"type":"Point","coordinates":[-3.6881,41.67108]},"properties":{"id":"251","registryId":"110003222","precision":"street","provider":"nominatim"}},{"type":"Feature","geometry":{"type":"Point","coordinates":[-3.75434,42.26622]},"properties":{"id":"252","registryId":"110003223","precision":"street","provider":"mapbox"}},{"type":"Feature","geometry":{"type":"Point","coordinates":[-3.70491,42.34228]},"properties":{"id":"253","registryId":"110003224","precision":"street","provider":"nominatim"}},{"type":"Feature","geometry":{"type":"Point","coordinates":[-3.69964,42.34177]},"properties":{"id":"254","registryId":"110003225","precision":"street","provider":"mapbox"}},{"type":"Feature","geometry":{"type":"Point","coordinates":[-2.94763,42.68329]},"properties":{"id":"255","registryId":"110003226","precision":"exact","provider":"mapbox"}},{"type":"Feature","geometry":{"type":"Point","coordinates":[-3.32467,42.55111]},"properties":{"id":"256","registryId":"110003227","precision":"exact","provider":"nominatim"}},{"type":"Feature","geometry":{"type":"Point","coordinates":[-4.53079,42.00451]},"properties":{"id":"257","registryId":"110003228","precision":"unknown","provider":"cartociudad"}},{"type":"Feature","geometry":{"type":"Point","coordinates":[-2.94328,42.68678]},"properties":{"id":"258","registryId":"110003230","precision":"exact","provider":"mapbox"}},{"type":"Feature","geometry":{"type":"Point","coordinates":[-4.72703,41.64494]},"properties":{"id":"259","registryId":"110003232","precision":"unknown","provider":"cartociudad"}},{"type":"Feature","geometry":{"type":"Point","coordinates":[-3.73735,42.30121]},"properties":{"id":"260","registryId":"110003253","precision":"street","provider":"nominatim"}},{"type":"Feature","geometry":{"type":"Point","coordinates":[-3.67834,42.4372]},"properties":{"id":"261","registryId":"110003268","precision":"exact","provider":"nominatim"}},{"type":"Feature","geometry":{"type":"Point","coordinates":[-3.71162,42.36778]},"properties":{"id":"262","registryId":"110003273","precision":"unknown","provider":"cartociudad"}},{"type":"Feature","geometry":{"type":"Point","coordinates":[-3.9106,41.82827]},"properties":{"id":"263","registryId":"110003276","precision":"unknown","provider":"cartociudad"}},{"type":"Feature","geometry":{"type":"Point","coordinates":[-3.74523,41.68222]},"properties":{"id":"264","registryId":"110003279","precision":"street","provider":"nominatim"}},{"type":"Feature","geometry":{"type":"Point","coordinates":[-3.61897,41.87278]},"properties":{"id":"265","registryId":"110003281","precision":"exact","provider":"nominatim"}},{"type":"Feature","geometry":{"type":"Point","coordinates":[-3.93345,41.69454]},"properties":{"id":"266","registryId":"110003283","precision":"unknown","provider":"cartociudad"}},{"type":"Feature","geometry":{"type":"Point","coordinates":[-3.91241,41.91739]},"properties":{"id":"267","registryId":"110003285","precision":"exact","provider":"nominatim"}},{"type":"Feature","geometry":{"type":"Point","coordinates":[-3.38975,42.80656]},"properties":{"id":"268","registryId":"110003308","precision":"street","provider":"nominatim"}},{"type":"Feature","geometry":{"type":"Point","coordinates":[-3.72424,42.34164]},"properties":{"id":"269","registryId":"110003322","precision":"street","provider":"mapbox"}},{"type":"Feature","geometry":{"type":"Point","coordinates":[-3.66993,42.35109]},"properties":{"id":"270","registryId":"110003324","precision":"unknown","provider":"cartociudad"}},{"type":"Feature","geometry":{"type":"Point","coordinates":[-4.0792,42.07634]},"properties":{"id":"271","registryId":"110003325","precision":"unknown","provider":"cartociudad"}},{"type":"Feature","geometry":{"type":"Point","coordinates":[-3.06598,42.43715]},"properties":{"id":"272","registryId":"110003328","precision":"street","provider":"mapbox"}},{"type":"Feature","geometry":{"type":"Point","coordinates":[-3.1129,42.6316]},"properties":{"id":"273","registryId":"110003329","precision":"unknown","provider":"cartociudad"}},{"type":"Feature","geometry":{"type":"Point","coordinates":[-2.83083,42.76627]},"properties":{"id":"274","registryId":"110003330","precision":"street","provider":"nominatim"}},{"type":"Feature","geometry":{"type":"Point","coordinates":[-3.18983,42.42029]},"properties":{"id":"275","registryId":"110003331","precision":"exact","provider":"nominatim"}},{"type":"Feature","geometry":{"type":"Point","coordinates":[-3.75806,42.02959]},"properties":{"id":"276","registryId":"110003346","precision":"exact","provider":"mapbox"}},{"type":"Feature","geometry":{"type":"Point","coordinates":[42.49081,-3.13732]},"properties":{"id":"277","registryId":"110003349","precision":"street","provider":"mapbox"}},{"type":"Feature","geometry":{"type":"Point","coordinates":[-3.65335,42.03377]},"properties":{"id":"278","registryId":"110003353","precision":"street","provider":"mapbox"}},{"type":"Feature","geometry":{"type":"Point","coordinates":[-3.70648,42.335]},"properties":{"id":"279","registryId":"110003357","precision":"unknown","provider":"cartociudad"}},{"type":"Feature","geometry":{"type":"Point","coordinates":[-3.69948,42.3485]},"properties":{"id":"280","registryId":"110003357","precision":"unknown","provider":"cartociudad"}},{"type":"Feature","geometry":{"type":"Point","coordinates":[-3.57445,41.63873]},"properties":{"id":"281","registryId":"110003365","precision":"street","provider":"nominatim"}},{"type":"Feature","geometry":{"type":"Point","coordinates":[-3.77925,42.34748]},"properties":{"id":"282","registryId":"110003366","precision":"street","provider":"mapbox"}},{"type":"Feature","geometry":{"type":"Point","coordinates":[-3.89095,42.58]},"properties":{"id":"283","registryId":"110003367","precision":"exact","provider":"mapbox"}},{"type":"Feature","geometry":{"type":"Point","coordinates":[-3.81823,42.3494]},"properties":{"id":"284","registryId":"110003368","precision":"street","provider":"nominatim"}},{"type":"Feature","geometry":{"type":"Point","coordinates":[-3.81823,42.3494]},"properties":{"id":"285","registryId":"110003368","precision":"street","provider":"nominatim"}},{"type":"Feature","geometry":{"type":"Point","coordinates":[-3.48321,42.9276]},"properties":{"id":"286","registryId":"110003371","precision":"street","provider":"nominatim"}},{"type":"Feature","geometry":{"type":"Point","coordinates":[-4.06511,42.21483]},"properties":{"id":"287","registryId":"110003372","precision":"street","provider":"nominatim"}},{"type":"Feature","geometry":{"type":"Point","coordinates":[-3.9585,41.99885]},"properties":{"id":"288","registryId":"110003373","precision":"street","provider":"nominatim"}},{"type":"Feature","geometry":{"type":"Point","coordinates":[-3.46736,42.45725]},"properties":{"id":"289","registryId":"110003375","precision":"street","provider":"nominatim"}},{"type":"Feature","geometry":{"type":"Point","coordinates":[-3.80279,42.70855]},"properties":{"id":"290","registryId":"110003410","precision":"unknown","provider":"cartociudad"}},{"type":"Feature","geometry":{"type":"Point","coordinates":[-3.94561,42.99351]},"properties":{"id":"291","registryId":"110003415","precision":"unknown","provider":"cartociudad"}},{"type":"Feature","geometry":{"type":"Point","coordinates":[-3.93308,42.38101]},"properties":{"id":"292","registryId":"110003420","precision":"exact","provider":"nominatim"}},{"type":"Feature","geometry":{"type":"Point","coordinates":[-3.87278,42.76863]},"properties":{"id":"293","registryId":"110003425","precision":"street","provider":"mapbox"}},{"type":"Feature","geometry":{"type":"Point","coordinates":[-3.79351,42.83414]},"properties":{"id":"294","registryId":"110003426","precision":"exact","provider":"mapbox"}},{"type":"Feature","geometry":{"type":"Point","coordinates":[-3.8134,42.56527]},"properties":{"id":"295","registryId":"110003428","precision":"street","provider":"nominatim"}},{"type":"Feature","geometry":{"type":"Point","coordinates":[-3.80938,42.54077]},"properties":{"id":"296","registryId":"110003429","precision":"street","provider":"nominatim"}},{"type":"Feature","geometry":{"type":"Point","coordinates":[-3.07439,41.95314]},"properties":{"id":"297","registryId":"110003430","precision":"exact","provider":"mapbox"}},{"type":"Feature","geometry":{"type":"Point","coordinates":[-3.12821,41.96374]},"properties":{"id":"298","registryId":"110003447","precision":"street","provider":"local_osm"}},{"type":"Feature","geometry":{"type":"Point","coordinates":[-3.82554,41.77781]},"properties":{"id":"299","registryId":"110003466","precision":"street","provider":"nominatim"}},{"type":"Feature","geometry":{"type":"Point","coordinates":[-3.47014,41.89628]},"properties":{"id":"300","registryId":"110003473","precision":"street","provider":"nominatim"}},{"type":"Feature","geometry":{"type":"Point","coordinates":[-3.69934,42.33306]},"properties":{"id":"301","registryId":"110003509","precision":"unknown","provider":"cartociudad"}},{"type":"Feature","geometry":{"type":"Point","coordinates":[-3.77052,42.52222]},"properties":{"id":"303","registryId":"110003519","precision":"exact","provider":"nominatim"}},{"type":"Feature","geometry":{"type":"Point","coordinates":[-3.69828,42.33844]},"properties":{"id":"304","registryId":"110003586","precision":"unknown","provider":"cartociudad"}},{"type":"Feature","geometry":{"type":"Point","coordinates":[-3.69964,42.34177]},"properties":{"id":"305","registryId":"110003596","precision":"street","provider":"mapbox"}},{"type":"Feature","geometry":{"type":"Point","coordinates":[-3.38079,41.88312]},"properties":{"id":"306","registryId":"110003601","precision":"street","provider":"nominatim"}},{"type":"Feature","geometry":{"type":"Point","coordinates":[-3.80189,42.70937]},"properties":{"id":"307","registryId":"110003774","precision":"street","provider":"mapbox"}},{"type":"Feature","geometry":{"type":"Point","coordinates":[-3.70105,42.34222]},"properties":{"id":"308","registryId":"110003784","precision":"unknown","provider":"cartociudad"}},{"type":"Feature","geometry":{"type":"Point","coordinates":[-3.74027,42.37341]},"properties":{"id":"309","registryId":"110003817","precision":"exact","provider":"mapbox"}},{"type":"Feature","geometry":{"type":"Point","coordinates":[-4.77187,41.66187]},"properties":{"id":"310","registryId":"11001539","precision":"street","provider":"mapbox"}},{"type":"Feature","geometry":{"type":"Point","coordinates":[-5.56616,42.54136]},"properties":{"id":"311","registryId":"110300380","precision":"street","provider":"mapbox"}},{"type":"Feature","geometry":{"type":"Point","coordinates":[-5.58589,42.53911]},"properties":{"id":"312","registryId":"110300381","precision":"street","provider":"mapbox"}},{"type":"Feature","geometry":{"type":"Point","coordinates":[-5.58589,42.53911]},"properties":{"id":"313","registryId":"110300381","precision":"street","provider":"mapbox"}},{"type":"Feature","geometry":{"type":"Point","coordinates":[-4.74776,41.63432]},"properties":{"id":"314","registryId":"110600100","precision":"unknown","provider":"cartociudad"}},{"type":"Feature","geometry":{"type":"Point","coordinates":[-4.53349,41.99694]},"properties":{"id":"315","registryId":"110600101","precision":"unknown","provider":"cartociudad"}},{"type":"Feature","geometry":{"type":"Point","coordinates":[-3.19464,42.41663]},"properties":{"id":"318","registryId":"11B00350103","precision":"street","provider":"mapbox"}},{"type":"Feature","geometry":{"type":"Point","coordinates":[-4.32511,40.60287]},"properties":{"id":"319","registryId":"11C0001844","precision":"street","provider":"nominatim"}},{"type":"Feature","geometry":{"type":"Point","coordinates":[-4.70507,40.41214]},"properties":{"id":"320","registryId":"11C0001853","precision":"street","provider":"nominatim"}},{"type":"Feature","geometry":{"type":"Point","coordinates":[-4.11339,40.9517]},"properties":{"id":"322","registryId":"11C00209748","precision":"unknown","provider":"cartociudad"}},{"type":"Feature","geometry":{"type":"Point","coordinates":[-4.11411,40.9409]},"properties":{"id":"323","registryId":"11C00308454","precision":"street","provider":"nominatim"}},{"type":"Feature","geometry":{"type":"Point","coordinates":[-4.12566,40.90792]},"properties":{"id":"324","registryId":"11C00308455","precision":"unknown","provider":"cartociudad"}},{"type":"Feature","geometry":{"type":"Point","coordinates":[-4.23529,40.95425]},"properties":{"id":"325","registryId":"11C00309917","precision":"street","provider":"mapbox"}},{"type":"Feature","geometry":{"type":"Point","coordinates":[-4.24768,42.79055]},"properties":{"id":"326","registryId":"11C00322377","precision":"street","provider":"nominatim"}},{"type":"Feature","geometry":{"type":"Point","coordinates":[-4.24768,42.79055]},"properties":{"id":"327","registryId":"11C00322377","precision":"street","provider":"nominatim"}},{"type":"Feature","geometry":{"type":"Point","coordinates":[-4.23629,40.95625]},"properties":{"id":"328","registryId":"11C00323564","precision":"exact","provider":"mapbox"}},{"type":"Feature","geometry":{"type":"Point","coordinates":[-4.07392,40.92855]},"properties":{"id":"329","registryId":"11C00323617","precision":"street","provider":"mapbox"}},{"type":"Feature","geometry":{"type":"Point","coordinates":[-4.24768,42.79055]},"properties":{"id":"330","registryId":"11C00323654","precision":"street","provider":"nominatim"}},{"type":"Feature","geometry":{"type":"Point","coordinates":[-4.24768,42.79055]},"properties":{"id":"331","registryId":"11C00323654","precision":"street","provider":"nominatim"}},{"type":"Feature","geometry":{"type":"Point","coordinates":[-4.24768,42.79055]},"properties":{"id":"332","registryId":"11C00324667","precision":"street","provider":"nominatim"}},{"type":"Feature","geometry":{"type":"Point","coordinates":[-4.24768,42.79055]},"properties":{"id":"333","registryId":"11C00324667","precision":"street","provider":"nominatim"}},{"type":"Feature","geometry":{"type":"Point","coordinates":[-4.52389,41.99918]},"properties":{"id":"334","registryId":"11C00326543","precision":"street","provider":"nominatim"}},{"type":"Feature","geometry":{"type":"Point","coordinates":[-4.96253,42.89242]},"properties":{"id":"335","registryId":"127990078099","precision":"street","provider":"nominatim"}},{"type":"Feature","geometry":{"type":"Point","coordinates":[-5.57845,42.60105]},"properties":{"id":"336","registryId":"127990078101","precision":"street","provider":"nominatim"}},{"type":"Feature","geometry":{"type":"Point","coordinates":[-5.03695,42.60746]},"properties":{"id":"337","registryId":"127990078108","precision":"exact","provider":"mapbox"}},{"type":"Feature","geometry":{"type":"Point","coordinates":[-4.71583,41.62656]},"properties":{"id":"339","registryId":"127990078114","precision":"unknown","provider":"cartociudad"}},{"type":"Feature","geometry":{"type":"Point","coordinates":[-6.22998,42.69604]},"properties":{"id":"340","registryId":"127990088020","precision":"street","provider":"nominatim"}},{"type":"Feature","geometry":{"type":"Point","coordinates":[-4.53564,42.01356]},"properties":{"id":"342","registryId":"127990089600","precision":"street","provider":"nominatim"}},{"type":"Feature","geometry":{"type":"Point","coordinates":[-4.69263,40.65292]},"properties":{"id":"343","registryId":"127990090748","precision":"unknown","provider":"cartociudad"}},{"type":"Feature","geometry":{"type":"Point","coordinates":[-4.53852,42.01637]},"properties":{"id":"344","registryId":"127990090892","precision":"unknown","provider":"cartociudad"}},{"type":"Feature","geometry":{"type":"Point","coordinates":[-5.57673,42.59964]},"properties":{"id":"345","registryId":"127990090903","precision":"exact","provider":"mapbox"}},{"type":"Feature","geometry":{"type":"Point","coordinates":[-4.73596,41.64907]},"properties":{"id":"346","registryId":"127990090905","precision":"unknown","provider":"cartociudad"}},{"type":"Feature","geometry":{"type":"Point","coordinates":[-5.57811,42.60035]},"properties":{"id":"347","registryId":"127990090911","precision":"unknown","provider":"cartociudad"}},{"type":"Feature","geometry":{"type":"Point","coordinates":[-2.22953,42.02657]},"properties":{"id":"348","registryId":"127990091089","precision":"street","provider":"nominatim"}},{"type":"Feature","geometry":{"type":"Point","coordinates":[-4.52907,42.01417]},"properties":{"id":"349","registryId":"127990096193","precision":"unknown","provider":"cartociudad"}},{"type":"Feature","geometry":{"type":"Point","coordinates":[-4.52846,42.00818]},"properties":{"id":"350","registryId":"127990096196","precision":"unknown","provider":"cartociudad"}},{"type":"Feature","geometry":{"type":"Point","coordinates":[-4.5329,42.01098]},"properties":{"id":"351","registryId":"127990096199","precision":"exact","provider":"cartociudad"}},{"type":"Feature","geometry":{"type":"Point","coordinates":[-4.52531,41.99965]},"properties":{"id":"352","registryId":"127990096202","precision":"unknown","provider":"cartociudad"}},{"type":"Feature","geometry":{"type":"Point","coordinates":[-4.54625,42.02028]},"properties":{"id":"353","registryId":"127990096205","precision":"unknown","provider":"cartociudad"}},{"type":"Feature","geometry":{"type":"Point","coordinates":[-4.53231,42.01158]},"properties":{"id":"354","registryId":"127990096208","precision":"street","provider":"local_osm"}},{"type":"Feature","geometry":{"type":"Point","coordinates":[-4.53399,42.01299]},"properties":{"id":"355","registryId":"127990098514","precision":"unknown","provider":"cartociudad"}},{"type":"Feature","geometry":{"type":"Point","coordinates":[-6.32222,42.93975]},"properties":{"id":"356","registryId":"127990116831","precision":"facility","provider":"local_osm"}},{"type":"Feature","geometry":{"type":"Point","coordinates":[-6.32267,42.93785]},"properties":{"id":"357","registryId":"12799016832","precision":"unknown","provider":"cartociudad"}},{"type":"Feature","geometry":{"type":"Point","coordinates":[-4.52652,42.00331]},"properties":{"id":"358","registryId":"1279980008024","precision":"unknown","provider":"cartociudad"}},{"type":"Feature","geometry":{"type":"Point","coordinates":[-4.52652,42.00331]},"properties":{"id":"359","registryId":"127998008024","precision":"unknown","provider":"cartociudad"}},{"type":"Feature","geometry":{"type":"Point","coordinates":[-4.51455,41.95538]},"properties":{"id":"360","registryId":"127998008040","precision":"exact","provider":"mapbox"}},{"type":"Feature","geometry":{"type":"Point","coordinates":[-4.53173,42.00877]},"properties":{"id":"361","registryId":"127998009307","precision":"unknown","provider":"cartociudad"}},{"type":"Feature","geometry":{"type":"Point","coordinates":[-4.12344,40.95204]},"properties":{"id":"362","registryId":"127998010450","precision":"unknown","provider":"cartociudad"}},{"type":"Feature","geometry":{"type":"Point","coordinates":[-4.12754,40.95266]},"properties":{"id":"363","registryId":"127998010456","precision":"unknown","provider":"cartociudad"}},{"type":"Feature","geometry":{"type":"Point","coordinates":[-4.11692,40.9477]},"properties":{"id":"364","registryId":"127998010457","precision":"exact","provider":"nominatim"}},{"type":"Feature","geometry":{"type":"Point","coordinates":[-4.5197,41.99649]},"properties":{"id":"365","registryId":"127998011555","precision":"unknown","provider":"cartociudad"}},{"type":"Feature","geometry":{"type":"Point","coordinates":[-4.1085,41.29634]},"properties":{"id":"366","registryId":"127998011556","precision":"unknown","provider":"cartociudad"}},{"type":"Feature","geometry":{"type":"Point","coordinates":[-4.52073,42.00273]},"properties":{"id":"367","registryId":"127999015973","precision":"street","provider":"nominatim"}},{"type":"Feature","geometry":{"type":"Point","coordinates":[-4.70977,41.66225]},"properties":{"id":"368","registryId":"127999020734","precision":"unknown","provider":"cartociudad"}},{"type":"Feature","geometry":{"type":"Point","coordinates":[-4.79457,41.60174]},"properties":{"id":"369","registryId":"127999020784","precision":"unknown","provider":"cartociudad"}},{"type":"Feature","geometry":{"type":"Point","coordinates":[-5.63608,42.68357]},"properties":{"id":"370","registryId":"12C00401756","precision":"unknown","provider":"cartociudad"}},{"type":"Feature","geometry":{"type":"Point","coordinates":[-5.75218,42.35439]},"properties":{"id":"371","registryId":"12C00401778","precision":"street","provider":"nominatim"}},{"type":"Feature","geometry":{"type":"Point","coordinates":[-2.93318,42.69437]},"properties":{"id":"372","registryId":"130400193","precision":"street","provider":"mapbox"}},{"type":"Feature","geometry":{"type":"Point","coordinates":[-5.67378,42.00343]},"properties":{"id":"373","registryId":"130400194","precision":"street","provider":"mapbox"}},{"type":"Feature","geometry":{"type":"Point","coordinates":[-5.38292,41.51816]},"properties":{"id":"374","registryId":"130400215","precision":"street","provider":"nominatim"}},{"type":"Feature","geometry":{"type":"Point","coordinates":[-2.93318,42.69437]},"properties":{"id":"375","registryId":"130400217","precision":"street","provider":"mapbox"}},{"type":"Feature","geometry":{"type":"Point","coordinates":[-5.38292,41.51816]},"properties":{"id":"376","registryId":"130400222","precision":"street","provider":"nominatim"}},{"type":"Feature","geometry":{"type":"Point","coordinates":[-4.10279,40.94008]},"properties":{"id":"377","registryId":"13415371","precision":"unknown","provider":"cartociudad"}},{"type":"Feature","geometry":{"type":"Point","coordinates":[-2.4715,41.75909]},"properties":{"id":"378","registryId":"1341S511","precision":"street","provider":"nominatim"}},{"type":"Feature","geometry":{"type":"Point","coordinates":[-2.518,41.86355]},"properties":{"id":"379","registryId":"13C00423319","precision":"street","provider":"mapbox"}},{"type":"Feature","geometry":{"type":"Point","coordinates":[-4.1099,40.93837]},"properties":{"id":"380","registryId":"13C00429123","precision":"street","provider":"nominatim"}},{"type":"Feature","geometry":{"type":"Point","coordinates":[-4.11448,40.92964]},"properties":{"id":"381","registryId":"13C00429151","precision":"unknown","provider":"cartociudad"}},{"type":"Feature","geometry":{"type":"Point","coordinates":[-3.7443,42.36829]},"properties":{"id":"382","registryId":"13D00803763","precision":"unknown","provider":"cartociudad"}},{"type":"Feature","geometry":{"type":"Point","coordinates":[-1.93642,41.846]},"properties":{"id":"383","registryId":"13D00803765","precision":"street","provider":"mapbox"}},{"type":"Feature","geometry":{"type":"Point","coordinates":[-4.05638,41.47189]},"properties":{"id":"384","registryId":"13D98100794123","precision":"unknown","provider":"cartociudad"}},{"type":"Feature","geometry":{"type":"Point","coordinates":[-4.71922,41.6827]},"properties":{"id":"385","registryId":"13SO004031600029","precision":"unknown","provider":"cartociudad"}},{"type":"Feature","geometry":{"type":"Point","coordinates":[-5.73008,41.5172]},"properties":{"id":"386","registryId":"13SO005031800022","precision":"unknown","provider":"cartociudad"}},{"type":"Feature","geometry":{"type":"Point","coordinates":[-5.73986,41.50497]},"properties":{"id":"387","registryId":"13SO005031800091","precision":"unknown","provider":"cartociudad"}},{"type":"Feature","geometry":{"type":"Point","coordinates":[-6.59705,42.54461]},"properties":{"id":"388","registryId":"13SO005031800116","precision":"unknown","provider":"cartociudad"}},{"type":"Feature","geometry":{"type":"Point","coordinates":[-5.76674,42.51482]},"properties":{"id":"389","registryId":"14D00816395","precision":"exact","provider":"mapbox"}},{"type":"Feature","geometry":{"type":"Point","coordinates":[-4.11798,40.94371]},"properties":{"id":"390","registryId":"14D00900861","precision":"street","provider":"mapbox"}},{"type":"Feature","geometry":{"type":"Point","coordinates":[-4.51259,42.00962]},"properties":{"id":"391","registryId":"14D00902236","precision":"unknown","provider":"cartociudad"}},{"type":"Feature","geometry":{"type":"Point","coordinates":[-3.70244,42.33866]},"properties":{"id":"392","registryId":"14D00902243","precision":"unknown","provider":"cartociudad"}},{"type":"Feature","geometry":{"type":"Point","coordinates":[-4.5427,41.87286]},"properties":{"id":"393","registryId":"14D00902245","precision":"street","provider":"nominatim"}},{"type":"Feature","geometry":{"type":"Point","coordinates":[-5.67454,42.01628]},"properties":{"id":"394","registryId":"14D00902270","precision":"street","provider":"nominatim"}},{"type":"Feature","geometry":{"type":"Point","coordinates":[-3.67067,42.35257]},"properties":{"id":"395","registryId":"14D00902271","precision":"unknown","provider":"cartociudad"}},{"type":"Feature","geometry":{"type":"Point","coordinates":[-4.54433,41.87124]},"properties":{"id":"396","registryId":"14D00902272","precision":"street","provider":"nominatim"}},{"type":"Feature","geometry":{"type":"Point","coordinates":[-4.01032,41.44614]},"properties":{"id":"397","registryId":"14K722495","precision":"street","provider":"manual_review"}},{"type":"Feature","geometry":{"type":"Point","coordinates":[-5.62547,41.54928]},"properties":{"id":"398","registryId":"14LPA2596","precision":"street","provider":"mapbox"}},{"type":"Feature","geometry":{"type":"Point","coordinates":[-6.55168,42.57739]},"properties":{"id":"399","registryId":"14SM105042200014","precision":"facility","provider":"local_osm"}},{"type":"Feature","geometry":{"type":"Point","coordinates":[-3.68596,41.67129]},"properties":{"id":"400","registryId":"151400209","precision":"unknown","provider":"cartociudad"}},{"type":"Feature","geometry":{"type":"Point","coordinates":[-3.55189,43.07711]},"properties":{"id":"402","registryId":"153015030257","precision":"exact","provider":"nominatim"}},{"type":"Feature","geometry":{"type":"Point","coordinates":[-5.59576,42.57768]},"properties":{"id":"403","registryId":"15B00509686","precision":"street","provider":"nominatim"}},{"type":"Feature","geometry":{"type":"Point","coordinates":[-4.77337,41.62622]},"properties":{"id":"404","registryId":"15D00915763","precision":"exact","provider":"nominatim"}},{"type":"Feature","geometry":{"type":"Point","coordinates":[-3.69964,42.34177]},"properties":{"id":"405","registryId":"15D00924482","precision":"street","provider":"mapbox"}},{"type":"Feature","geometry":{"type":"Point","coordinates":[-4.51895,42.01415]},"properties":{"id":"406","registryId":"15D00927831","precision":"unknown","provider":"cartociudad"}},{"type":"Feature","geometry":{"type":"Point","coordinates":[-5.67849,42.00314]},"properties":{"id":"407","registryId":"15D00932766","precision":"exact","provider":"nominatim"}},{"type":"Feature","geometry":{"type":"Point","coordinates":[-4.10604,40.94463]},"properties":{"id":"408","registryId":"15D00936148","precision":"exact","provider":"cartociudad"}},{"type":"Feature","geometry":{"type":"Point","coordinates":[-4.48531,41.91567]},"properties":{"id":"409","registryId":"15D00936284","precision":"street","provider":"mapbox"}},{"type":"Feature","geometry":{"type":"Point","coordinates":[-5.7449,41.50445]},"properties":{"id":"410","registryId":"15LPA0253","precision":"unknown","provider":"cartociudad"}},{"type":"Feature","geometry":{"type":"Point","coordinates":[-2.46704,41.76421]},"properties":{"id":"411","registryId":"15LPPA0273","precision":"unknown","provider":"cartociudad"}},{"type":"Feature","geometry":{"type":"Point","coordinates":[-4.11993,40.94558]},"properties":{"id":"412","registryId":"15lpc0192","precision":"unknown","provider":"cartociudad"}},{"type":"Feature","geometry":{"type":"Point","coordinates":[-6.71816,42.59956]},"properties":{"id":"413","registryId":"16049543","precision":"unknown","provider":"cartociudad"}},{"type":"Feature","geometry":{"type":"Point","coordinates":[-5.57347,42.60182]},"properties":{"id":"414","registryId":"1624019183","precision":"unknown","provider":"cartociudad"}},{"type":"Feature","geometry":{"type":"Point","coordinates":[-4.49828,42.86291]},"properties":{"id":"415","registryId":"1659876","precision":"unknown","provider":"cartociudad"}},{"type":"Feature","geometry":{"type":"Point","coordinates":[-5.73166,41.51104]},"properties":{"id":"416","registryId":"16980039","precision":"unknown","provider":"cartociudad"}},{"type":"Feature","geometry":{"type":"Point","coordinates":[-3.77615,42.58286]},"properties":{"id":"419","registryId":"16B00514667","precision":"street","provider":"nominatim"}},{"type":"Feature","geometry":{"type":"Point","coordinates":[-4.03725,40.90097]},"properties":{"id":"420","registryId":"16D000954810","precision":"site","provider":"local_osm"}},{"type":"Feature","geometry":{"type":"Point","coordinates":[-2.4704,41.76074]},"properties":{"id":"421","registryId":"16D00939008","precision":"unknown","provider":"cartociudad"}},{"type":"Feature","geometry":{"type":"Point","coordinates":[-4.68758,40.65931]},"properties":{"id":"422","registryId":"16D00939010","precision":"unknown","provider":"cartociudad"}},{"type":"Feature","geometry":{"type":"Point","coordinates":[-5.73623,41.50442]},"properties":{"id":"423","registryId":"16D009391946","precision":"unknown","provider":"cartociudad"}},{"type":"Feature","geometry":{"type":"Point","coordinates":[-5.5825,42.60444]},"properties":{"id":"424","registryId":"16D00939196","precision":"unknown","provider":"cartociudad"}},{"type":"Feature","geometry":{"type":"Point","coordinates":[-4.51975,42.00078]},"properties":{"id":"425","registryId":"16D00939197","precision":"exact","provider":"mapbox"}},{"type":"Feature","geometry":{"type":"Point","coordinates":[-4.10866,40.94701]},"properties":{"id":"426","registryId":"16D00939198","precision":"unknown","provider":"cartociudad"}},{"type":"Feature","geometry":{"type":"Point","coordinates":[-3.69945,42.3283]},"properties":{"id":"427","registryId":"16D00939199","precision":"unknown","provider":"cartociudad"}},{"type":"Feature","geometry":{"type":"Point","coordinates":[-5.65496,40.96597]},"properties":{"id":"428","registryId":"16D00939200","precision":"unknown","provider":"cartociudad"}},{"type":"Feature","geometry":{"type":"Point","coordinates":[-4.69973,41.62312]},"properties":{"id":"429","registryId":"16D00939202","precision":"unknown","provider":"cartociudad"}},{"type":"Feature","geometry":{"type":"Point","coordinates":[-4.23424,40.95529]},"properties":{"id":"430","registryId":"16D00942037","precision":"street","provider":"mapbox"}},{"type":"Feature","geometry":{"type":"Point","coordinates":[-4.20813,40.95938]},"properties":{"id":"431","registryId":"16D00942066","precision":"unknown","provider":"cartociudad"}},{"type":"Feature","geometry":{"type":"Point","coordinates":[-4.00345,40.90355]},"properties":{"id":"432","registryId":"16D00942083","precision":"site","provider":"local_osm"}},{"type":"Feature","geometry":{"type":"Point","coordinates":[-4.11423,40.94715]},"properties":{"id":"433","registryId":"16D00945638","precision":"street","provider":"nominatim"}},{"type":"Feature","geometry":{"type":"Point","coordinates":[-4.23492,40.95677]},"properties":{"id":"434","registryId":"16D00945723","precision":"exact","provider":"nominatim"}},{"type":"Feature","geometry":{"type":"Point","coordinates":[-3.99078,42.70305]},"properties":{"id":"435","registryId":"16D00945730","precision":"street","provider":"nominatim"}},{"type":"Feature","geometry":{"type":"Point","coordinates":[-3.23307,43.11642]},"properties":{"id":"436","registryId":"16D00945731","precision":"street","provider":"mapbox"}},{"type":"Feature","geometry":{"type":"Point","coordinates":[-4.4096,41.85138]},"properties":{"id":"437","registryId":"16D00948779","precision":"street","provider":"nominatim"}},{"type":"Feature","geometry":{"type":"Point","coordinates":[-5.6643,40.96333]},"properties":{"id":"438","registryId":"16D00950165","precision":"unknown","provider":"cartociudad"}},{"type":"Feature","geometry":{"type":"Point","coordinates":[-4.27027,41.12292]},"properties":{"id":"439","registryId":"16D01000544","precision":"street","provider":"mapbox"}},{"type":"Feature","geometry":{"type":"Point","coordinates":[-4.1105,40.93835]},"properties":{"id":"440","registryId":"16D01001102","precision":"unknown","provider":"cartociudad"}},{"type":"Feature","geometry":{"type":"Point","coordinates":[-4.20892,40.82006]},"properties":{"id":"441","registryId":"16D01002570","precision":"exact","provider":"nominatim"}},{"type":"Feature","geometry":{"type":"Point","coordinates":[-3.70991,42.37154]},"properties":{"id":"442","registryId":"16D01002748","precision":"exact","provider":"mapbox"}},{"type":"Feature","geometry":{"type":"Point","coordinates":[-3.64969,42.35535]},"properties":{"id":"443","registryId":"16D01002753","precision":"street","provider":"mapbox"}},{"type":"Feature","geometry":{"type":"Point","coordinates":[-4.48531,41.91567]},"properties":{"id":"444","registryId":"16D01002761","precision":"street","provider":"mapbox"}},{"type":"Feature","geometry":{"type":"Point","coordinates":[-4.11829,40.94806]},"properties":{"id":"445","registryId":"16D01002764","precision":"exact","provider":"nominatim"}},{"type":"Feature","geometry":{"type":"Point","coordinates":[-4.25655,41.21474]},"properties":{"id":"446","registryId":"16D01004969","precision":"exact","provider":"nominatim"}},{"type":"Feature","geometry":{"type":"Point","coordinates":[-4.10851,40.93624]},"properties":{"id":"448","registryId":"16D01005223","precision":"unknown","provider":"cartociudad"}},{"type":"Feature","geometry":{"type":"Point","coordinates":[-4.72596,41.59157]},"properties":{"id":"449","registryId":"16D01005367","precision":"exact","provider":"nominatim"}},{"type":"Feature","geometry":{"type":"Point","coordinates":[-4.51335,41.9516]},"properties":{"id":"450","registryId":"16D01005372","precision":"street","provider":"mapbox"}},{"type":"Feature","geometry":{"type":"Point","coordinates":[-4.7387,41.63957]},"properties":{"id":"451","registryId":"16D01005373","precision":"unknown","provider":"cartociudad"}},{"type":"Feature","geometry":{"type":"Point","coordinates":[-5.5641,42.6049]},"properties":{"id":"452","registryId":"16D1001391","precision":"unknown","provider":"cartociudad"}},{"type":"Feature","geometry":{"type":"Point","coordinates":[-4.5177,42.01066]},"properties":{"id":"453","registryId":"16D1002758","precision":"street","provider":"mapbox"}},{"type":"Feature","geometry":{"type":"Point","coordinates":[-4.48893,41.91852]},"properties":{"id":"454","registryId":"16D1002761","precision":"exact","provider":"mapbox"}},{"type":"Feature","geometry":{"type":"Point","coordinates":[-5.66628,40.93546]},"properties":{"id":"455","registryId":"16E00011039","precision":"unknown","provider":"cartociudad"}},{"type":"Feature","geometry":{"type":"Point","coordinates":[-5.04011,41.77354]},"properties":{"id":"456","registryId":"16E00011045","precision":"exact","provider":"nominatim"}},{"type":"Feature","geometry":{"type":"Point","coordinates":[-5.03437,41.68027]},"properties":{"id":"457","registryId":"16E00011049","precision":"exact","provider":"nominatim"}},{"type":"Feature","geometry":{"type":"Point","coordinates":[-5.70245,41.55394]},"properties":{"id":"458","registryId":"17000028730","precision":"unknown","provider":"cartociudad"}},{"type":"Feature","geometry":{"type":"Point","coordinates":[-4.49771,41.92055]},"properties":{"id":"459","registryId":"1700003065","precision":"street","provider":"nominatim"}},{"type":"Feature","geometry":{"type":"Point","coordinates":[-5.6681,40.94024]},"properties":{"id":"460","registryId":"1726S822","precision":"unknown","provider":"cartociudad"}},{"type":"Feature","geometry":{"type":"Point","coordinates":[-4.53822,42.02632]},"properties":{"id":"461","registryId":"17D00002950","precision":"unknown","provider":"cartociudad"}},{"type":"Feature","geometry":{"type":"Point","coordinates":[-4.43867,41.19513]},"properties":{"id":"462","registryId":"17D00004506","precision":"exact","provider":"nominatim"}},{"type":"Feature","geometry":{"type":"Point","coordinates":[-5.59191,42.60855]},"properties":{"id":"463","registryId":"17D00004509","precision":"unknown","provider":"cartociudad"}},{"type":"Feature","geometry":{"type":"Point","coordinates":[40.90312,-4.00905]},"properties":{"id":"464","registryId":"17D00017003","precision":"exact","provider":"mapbox"}},{"type":"Feature","geometry":{"type":"Point","coordinates":[-5.68907,41.49144]},"properties":{"id":"465","registryId":"17D00017051","precision":"street","provider":"nominatim"}},{"type":"Feature","geometry":{"type":"Point","coordinates":[-4.11341,40.9393]},"properties":{"id":"466","registryId":"17D00018829","precision":"unknown","provider":"cartociudad"}},{"type":"Feature","geometry":{"type":"Point","coordinates":[-4.78347,41.11755]},"properties":{"id":"467","registryId":"17D00018900","precision":"street","provider":"nominatim"}},{"type":"Feature","geometry":{"type":"Point","coordinates":[-4.82864,41.58832]},"properties":{"id":"468","registryId":"17D00023411","precision":"street","provider":"mapbox"}},{"type":"Feature","geometry":{"type":"Point","coordinates":[-5.32862,40.46171]},"properties":{"id":"469","registryId":"17D00023427","precision":"street","provider":"nominatim"}},{"type":"Feature","geometry":{"type":"Point","coordinates":[-4.62846,41.65655]},"properties":{"id":"470","registryId":"17D00023514","precision":"exact","provider":"nominatim"}},{"type":"Feature","geometry":{"type":"Point","coordinates":[-5.5325,40.35639]},"properties":{"id":"471","registryId":"17D00023620","precision":"unknown","provider":"cartociudad"}},{"type":"Feature","geometry":{"type":"Point","coordinates":[-4.45928,40.46394]},"properties":{"id":"472","registryId":"17D00023751","precision":"street","provider":"nominatim"}},{"type":"Feature","geometry":{"type":"Point","coordinates":[40.9005,-4.00547]},"properties":{"id":"473","registryId":"17D00026769","precision":"exact","provider":"mapbox"}},{"type":"Feature","geometry":{"type":"Point","coordinates":[-4.11047,40.94555]},"properties":{"id":"474","registryId":"17D00026973","precision":"exact","provider":"nominatim"}},{"type":"Feature","geometry":{"type":"Point","coordinates":[-4.1182,40.95107]},"properties":{"id":"475","registryId":"17D00026977","precision":"exact","provider":"nominatim"}},{"type":"Feature","geometry":{"type":"Point","coordinates":[-4.03615,40.9581]},"properties":{"id":"476","registryId":"17D00026978","precision":"street","provider":"mapbox"}},{"type":"Feature","geometry":{"type":"Point","coordinates":[-4.11047,40.94555]},"properties":{"id":"477","registryId":"17D00026980","precision":"exact","provider":"nominatim"}},{"type":"Feature","geometry":{"type":"Point","coordinates":[-4.0057,40.9089]},"properties":{"id":"478","registryId":"17D00027001","precision":"street","provider":"nominatim"}},{"type":"Feature","geometry":{"type":"Point","coordinates":[-4.00976,40.91034]},"properties":{"id":"479","registryId":"17D00027002","precision":"street","provider":"nominatim"}},{"type":"Feature","geometry":{"type":"Point","coordinates":[-4.00566,40.90268]},"properties":{"id":"480","registryId":"17D00027004","precision":"street","provider":"nominatim"}},{"type":"Feature","geometry":{"type":"Point","coordinates":[40.87843,-4.02795]},"properties":{"id":"481","registryId":"17D00027006","precision":"exact","provider":"mapbox"}},{"type":"Feature","geometry":{"type":"Point","coordinates":[-4.00578,40.89843]},"properties":{"id":"482","registryId":"17D00027007","precision":"street","provider":"nominatim"}},{"type":"Feature","geometry":{"type":"Point","coordinates":[40.90252,-4.01138]},"properties":{"id":"483","registryId":"17D00027008","precision":"exact","provider":"mapbox"}},{"type":"Feature","geometry":{"type":"Point","coordinates":[-3.93523,42.26203]},"properties":{"id":"484","registryId":"17D00028732","precision":"street","provider":"nominatim"}},{"type":"Feature","geometry":{"type":"Point","coordinates":[-3.69128,42.35101]},"properties":{"id":"485","registryId":"17D00028737","precision":"unknown","provider":"cartociudad"}},{"type":"Feature","geometry":{"type":"Point","coordinates":[-4.25915,42.79132]},"properties":{"id":"486","registryId":"17D00029877","precision":"street","provider":"mapbox"}},{"type":"Feature","geometry":{"type":"Point","coordinates":[-4.78804,40.41496]},"properties":{"id":"487","registryId":"17D00029878","precision":"street","provider":"nominatim"}},{"type":"Feature","geometry":{"type":"Point","coordinates":[-4.8017,41.6228]},"properties":{"id":"488","registryId":"17D00029996","precision":"street","provider":"mapbox"}},{"type":"Feature","geometry":{"type":"Point","coordinates":[-4.8017,41.6228]},"properties":{"id":"489","registryId":"17D00030000","precision":"street","provider":"mapbox"}},{"type":"Feature","geometry":{"type":"Point","coordinates":[-2.52117,41.48785]},"properties":{"id":"490","registryId":"17D00033066","precision":"unknown","provider":"cartociudad"}},{"type":"Feature","geometry":{"type":"Point","coordinates":[-4.30555,41.32771]},"properties":{"id":"491","registryId":"17D00033069","precision":"unknown","provider":"cartociudad"}},{"type":"Feature","geometry":{"type":"Point","coordinates":[-4.11726,40.94973]},"properties":{"id":"492","registryId":"17E00010198","precision":"exact","provider":"nominatim"}},{"type":"Feature","geometry":{"type":"Point","coordinates":[-4.72587,41.61841]},"properties":{"id":"493","registryId":"18-25-892-177","precision":"street","provider":"mapbox"}},{"type":"Feature","geometry":{"type":"Point","coordinates":[-5.88906,42.43747]},"properties":{"id":"495","registryId":"18-25-892-463","precision":"exact","provider":"nominatim"}},{"type":"Feature","geometry":{"type":"Point","coordinates":[-5.84793,42.27014]},"properties":{"id":"496","registryId":"18-38-852-507","precision":"street","provider":"mapbox"}},{"type":"Feature","geometry":{"type":"Point","coordinates":[-6.41515,42.61928]},"properties":{"id":"497","registryId":"18-39-859-027","precision":"street","provider":"nominatim"}},{"type":"Feature","geometry":{"type":"Point","coordinates":[-4.61955,40.6808]},"properties":{"id":"498","registryId":"18-39-859-071","precision":"unknown","provider":"cartociudad"}},{"type":"Feature","geometry":{"type":"Point","coordinates":[-4.69972,40.64868]},"properties":{"id":"499","registryId":"180617079","precision":"unknown","provider":"cartociudad"}},{"type":"Feature","geometry":{"type":"Point","coordinates":[-4.70034,40.65375]},"properties":{"id":"500","registryId":"180617209","precision":"unknown","provider":"cartociudad"}},{"type":"Feature","geometry":{"type":"Point","coordinates":[-4.70226,40.64882]},"properties":{"id":"501","registryId":"181018558","precision":"unknown","provider":"cartociudad"}},{"type":"Feature","geometry":{"type":"Point","coordinates":[-5.74827,41.50626]},"properties":{"id":"502","registryId":"1811189225","precision":"unknown","provider":"cartociudad"}},{"type":"Feature","geometry":{"type":"Point","coordinates":[-4.70028,40.65557]},"properties":{"id":"503","registryId":"1825892574","precision":"unknown","provider":"cartociudad"}},{"type":"Feature","geometry":{"type":"Point","coordinates":[-5.73092,41.51204]},"properties":{"id":"504","registryId":"188587","precision":"unknown","provider":"cartociudad"}},{"type":"Feature","geometry":{"type":"Point","coordinates":[-3.39354,42.30753]},"properties":{"id":"505","registryId":"18980038","precision":"unknown","provider":"cartociudad"}},{"type":"Feature","geometry":{"type":"Point","coordinates":[-5.57409,42.60058]},"properties":{"id":"506","registryId":"18B90002303","precision":"unknown","provider":"cartociudad"}},{"type":"Feature","geometry":{"type":"Point","coordinates":[-4.58833,40.29028]},"properties":{"id":"507","registryId":"18D00001535","precision":"street","provider":"mapbox"}},{"type":"Feature","geometry":{"type":"Point","coordinates":[-4.58833,40.29028]},"properties":{"id":"508","registryId":"18D00001535","precision":"street","provider":"mapbox"}},{"type":"Feature","geometry":{"type":"Point","coordinates":[-4.27344,41.98853]},"properties":{"id":"509","registryId":"18D00002199","precision":"exact","provider":"nominatim"}},{"type":"Feature","geometry":{"type":"Point","coordinates":[-4.42337,40.50239]},"properties":{"id":"510","registryId":"18D00002241","precision":"street","provider":"nominatim"}},{"type":"Feature","geometry":{"type":"Point","coordinates":[-4.49777,40.41359]},"properties":{"id":"511","registryId":"18D00002267","precision":"street","provider":"nominatim"}},{"type":"Feature","geometry":{"type":"Point","coordinates":[-4.57277,40.32387]},"properties":{"id":"512","registryId":"18D00002326","precision":"street","provider":"nominatim"}},{"type":"Feature","geometry":{"type":"Point","coordinates":[-4.51354,41.94804]},"properties":{"id":"513","registryId":"18D00002381","precision":"unknown","provider":"cartociudad"}},{"type":"Feature","geometry":{"type":"Point","coordinates":[-2.52117,41.48785]},"properties":{"id":"514","registryId":"18D00002391","precision":"unknown","provider":"cartociudad"}},{"type":"Feature","geometry":{"type":"Point","coordinates":[-4.4287,41.40505]},"properties":{"id":"515","registryId":"18D00014375","precision":"street","provider":"nominatim"}},{"type":"Feature","geometry":{"type":"Point","coordinates":[-5.87019,42.32513]},"properties":{"id":"516","registryId":"18D00021739","precision":"street","provider":"mapbox"}},{"type":"Feature","geometry":{"type":"Point","coordinates":[-5.87019,42.32513]},"properties":{"id":"517","registryId":"18D00021739","precision":"street","provider":"mapbox"}},{"type":"Feature","geometry":{"type":"Point","coordinates":[-4.52439,42.01279]},"properties":{"id":"518","registryId":"18D00027084","precision":"unknown","provider":"cartociudad"}},{"type":"Feature","geometry":{"type":"Point","coordinates":[-4.00904,40.99249]},"properties":{"id":"519","registryId":"18D00027372","precision":"street","provider":"nominatim"}},{"type":"Feature","geometry":{"type":"Point","coordinates":[-4.01961,40.98606]},"properties":{"id":"520","registryId":"18D00027372","precision":"street","provider":"nominatim"}},{"type":"Feature","geometry":{"type":"Point","coordinates":[-4.0746,40.99632]},"properties":{"id":"521","registryId":"18D00027769","precision":"exact","provider":"mapbox"}},{"type":"Feature","geometry":{"type":"Point","coordinates":[-5.89743,42.29982]},"properties":{"id":"522","registryId":"18D00027904","precision":"street","provider":"nominatim"}},{"type":"Feature","geometry":{"type":"Point","coordinates":[-5.57739,42.59083]},"properties":{"id":"523","registryId":"18D00028610","precision":"unknown","provider":"cartociudad"}},{"type":"Feature","geometry":{"type":"Point","coordinates":[-4.10287,40.87443]},"properties":{"id":"525","registryId":"18D00028716","precision":"street","provider":"nominatim"}},{"type":"Feature","geometry":{"type":"Point","coordinates":[-4.16934,41.22274]},"properties":{"id":"526","registryId":"18D00029481","precision":"unknown","provider":"cartociudad"}},{"type":"Feature","geometry":{"type":"Point","coordinates":[-6.24817,42.20862]},"properties":{"id":"527","registryId":"18D00029582","precision":"street","provider":"nominatim"}},{"type":"Feature","geometry":{"type":"Point","coordinates":[-4.11696,40.99955]},"properties":{"id":"528","registryId":"18D00029613","precision":"exact","provider":"mapbox"}},{"type":"Feature","geometry":{"type":"Point","coordinates":[-4.02395,40.99582]},"properties":{"id":"530","registryId":"18D00029933","precision":"exact","provider":"mapbox"}},{"type":"Feature","geometry":{"type":"Point","coordinates":[-4.02395,40.99582]},"properties":{"id":"531","registryId":"18D00029933","precision":"exact","provider":"mapbox"}},{"type":"Feature","geometry":{"type":"Point","coordinates":[-4.20801,40.81851]},"properties":{"id":"532","registryId":"18D00029979","precision":"unknown","provider":"cartociudad"}},{"type":"Feature","geometry":{"type":"Point","coordinates":[-4.11316,41.00082]},"properties":{"id":"533","registryId":"18D0003042","precision":"street","provider":"nominatim"}},{"type":"Feature","geometry":{"type":"Point","coordinates":[-4.17741,40.9321]},"properties":{"id":"534","registryId":"18D0027772","precision":"street","provider":"mapbox"}},{"type":"Feature","geometry":{"type":"Point","coordinates":[-3.64854,41.23688]},"properties":{"id":"535","registryId":"18D90001250","precision":"street","provider":"nominatim"}},{"type":"Feature","geometry":{"type":"Point","coordinates":[-3.80973,41.22652]},"properties":{"id":"536","registryId":"18D90001320","precision":"exact","provider":"nominatim"}},{"type":"Feature","geometry":{"type":"Point","coordinates":[-4.02412,40.99241]},"properties":{"id":"537","registryId":"18D90001937","precision":"exact","provider":"nominatim"}},{"type":"Feature","geometry":{"type":"Point","coordinates":[-4.00572,41.15654]},"properties":{"id":"539","registryId":"18D9001343","precision":"unknown","provider":"cartociudad"}},{"type":"Feature","geometry":{"type":"Point","coordinates":[-4.50287,42.07399]},"properties":{"id":"540","registryId":"18E00008242","precision":"unknown","provider":"cartociudad"}},{"type":"Feature","geometry":{"type":"Point","coordinates":[-4.6947,40.6556]},"properties":{"id":"541","registryId":"190420694","precision":"unknown","provider":"cartociudad"}},{"type":"Feature","geometry":{"type":"Point","coordinates":[-4.69855,40.6549]},"properties":{"id":"542","registryId":"190420695","precision":"unknown","provider":"cartociudad"}},{"type":"Feature","geometry":{"type":"Point","coordinates":[-3.8205,42.65072]},"properties":{"id":"543","registryId":"190727674","precision":"street","provider":"nominatim"}},{"type":"Feature","geometry":{"type":"Point","coordinates":[-4.69324,40.65514]},"properties":{"id":"544","registryId":"191022596","precision":"unknown","provider":"cartociudad"}},{"type":"Feature","geometry":{"type":"Point","coordinates":[-4.69098,40.65155]},"properties":{"id":"545","registryId":"191022597","precision":"unknown","provider":"cartociudad"}},{"type":"Feature","geometry":{"type":"Point","coordinates":[-5.7682,41.46844]},"properties":{"id":"546","registryId":"1950003051700D44","precision":"street","provider":"nominatim"}},{"type":"Feature","geometry":{"type":"Point","coordinates":[-5.82426,42.63666]},"properties":{"id":"547","registryId":"195M105052200041","precision":"street","provider":"mapbox"}},{"type":"Feature","geometry":{"type":"Point","coordinates":[-5.82426,42.63666]},"properties":{"id":"548","registryId":"195M105052200041","precision":"street","provider":"mapbox"}},{"type":"Feature","geometry":{"type":"Point","coordinates":[-6.15447,42.72718]},"properties":{"id":"549","registryId":"19D90000489","precision":"street","provider":"nominatim"}},{"type":"Feature","geometry":{"type":"Point","coordinates":[-5.57785,42.58106]},"properties":{"id":"550","registryId":"19D900028787","precision":"street","provider":"mapbox"}},{"type":"Feature","geometry":{"type":"Point","coordinates":[-3.67054,42.3516]},"properties":{"id":"551","registryId":"19D90006681","precision":"unknown","provider":"cartociudad"}},{"type":"Feature","geometry":{"type":"Point","coordinates":[-4.38432,40.8967]},"properties":{"id":"552","registryId":"19D90006857","precision":"facility","provider":"local_osm"}},{"type":"Feature","geometry":{"type":"Point","coordinates":[-4.38432,40.8967]},"properties":{"id":"553","registryId":"19D90006857","precision":"facility","provider":"local_osm"}},{"type":"Feature","geometry":{"type":"Point","coordinates":[-5.16567,40.17304]},"properties":{"id":"554","registryId":"19D90017443.","precision":"street","provider":"nominatim"}},{"type":"Feature","geometry":{"type":"Point","coordinates":[-5.57702,42.58174]},"properties":{"id":"555","registryId":"19D90017881","precision":"street","provider":"mapbox"}},{"type":"Feature","geometry":{"type":"Point","coordinates":[-6.83777,40.98842]},"properties":{"id":"556","registryId":"19D90018010","precision":"street","provider":"mapbox"}},{"type":"Feature","geometry":{"type":"Point","coordinates":[-6.83777,40.98842]},"properties":{"id":"557","registryId":"19D90018098","precision":"street","provider":"mapbox"}},{"type":"Feature","geometry":{"type":"Point","coordinates":[-4.01664,40.88002]},"properties":{"id":"558","registryId":"19D90018100","precision":"street","provider":"nominatim"}},{"type":"Feature","geometry":{"type":"Point","coordinates":[-6.83777,40.98842]},"properties":{"id":"559","registryId":"19D90018320","precision":"street","provider":"mapbox"}},{"type":"Feature","geometry":{"type":"Point","coordinates":[-4.70251,41.05204]},"properties":{"id":"560","registryId":"19D90018493","precision":"site","provider":"local_osm"}},{"type":"Feature","geometry":{"type":"Point","coordinates":[-3.47733,41.27966]},"properties":{"id":"561","registryId":"19D90018640","precision":"exact","provider":"nominatim"}},{"type":"Feature","geometry":{"type":"Point","coordinates":[-3.47827,41.27574]},"properties":{"id":"562","registryId":"19D90018673","precision":"street","provider":"mapbox"}},{"type":"Feature","geometry":{"type":"Point","coordinates":[-4.11637,40.95149]},"properties":{"id":"563","registryId":"19D90018775","precision":"unknown","provider":"cartociudad"}},{"type":"Feature","geometry":{"type":"Point","coordinates":[-4.17656,41.22214]},"properties":{"id":"564","registryId":"19D90018789","precision":"exact","provider":"nominatim"}},{"type":"Feature","geometry":{"type":"Point","coordinates":[-4.10874,40.93534]},"properties":{"id":"565","registryId":"19D90021333","precision":"unknown","provider":"cartociudad"}},{"type":"Feature","geometry":{"type":"Point","coordinates":[-4.19505,41.1039]},"properties":{"id":"566","registryId":"19D90022007","precision":"exact","provider":"mapbox"}},{"type":"Feature","geometry":{"type":"Point","coordinates":[-4.12667,40.95054]},"properties":{"id":"567","registryId":"19D90022009","precision":"unknown","provider":"cartociudad"}},{"type":"Feature","geometry":{"type":"Point","coordinates":[-4.1041,40.93446]},"properties":{"id":"568","registryId":"19D90022011","precision":"street","provider":"mapbox"}},{"type":"Feature","geometry":{"type":"Point","coordinates":[-5.6643,40.96333]},"properties":{"id":"569","registryId":"19D90022447","precision":"unknown","provider":"cartociudad"}},{"type":"Feature","geometry":{"type":"Point","coordinates":[-5.67083,40.96522]},"properties":{"id":"570","registryId":"19D90022458","precision":"unknown","provider":"cartociudad"}},{"type":"Feature","geometry":{"type":"Point","coordinates":[-4.74302,41.64541]},"properties":{"id":"571","registryId":"19D90022797","precision":"unknown","provider":"cartociudad"}},{"type":"Feature","geometry":{"type":"Point","coordinates":[-5.66322,40.96703]},"properties":{"id":"572","registryId":"19D90023752","precision":"unknown","provider":"cartociudad"}},{"type":"Feature","geometry":{"type":"Point","coordinates":[-5.66322,40.96703]},"properties":{"id":"573","registryId":"19D90023752","precision":"unknown","provider":"cartociudad"}},{"type":"Feature","geometry":{"type":"Point","coordinates":[-4.30614,41.3225]},"properties":{"id":"574","registryId":"19D90025446","precision":"street","provider":"local_osm"}},{"type":"Feature","geometry":{"type":"Point","coordinates":[-4.32654,41.2886]},"properties":{"id":"575","registryId":"19D90025450","precision":"exact","provider":"nominatim"}},{"type":"Feature","geometry":{"type":"Point","coordinates":[-4.25562,41.21472]},"properties":{"id":"576","registryId":"19D90025451","precision":"unknown","provider":"cartociudad"}},{"type":"Feature","geometry":{"type":"Point","coordinates":[-6.6318,40.66793]},"properties":{"id":"577","registryId":"19D90025452","precision":"street","provider":"mapbox"}},{"type":"Feature","geometry":{"type":"Point","coordinates":[-4.29416,41.25977]},"properties":{"id":"578","registryId":"19D90025652","precision":"exact","provider":"mapbox"}},{"type":"Feature","geometry":{"type":"Point","coordinates":[-4.20845,41.19108]},"properties":{"id":"579","registryId":"19D90026722","precision":"exact","provider":"nominatim"}},{"type":"Feature","geometry":{"type":"Point","coordinates":[-4.25679,41.21479]},"properties":{"id":"580","registryId":"19D90026925","precision":"street","provider":"nominatim"}},{"type":"Feature","geometry":{"type":"Point","coordinates":[-5.23776,40.15426]},"properties":{"id":"581","registryId":"19D90027330","precision":"street","provider":"nominatim"}},{"type":"Feature","geometry":{"type":"Point","coordinates":[-5.99329,41.0922]},"properties":{"id":"582","registryId":"19D90029112","precision":"street","provider":"mapbox"}},{"type":"Feature","geometry":{"type":"Point","coordinates":[-4.10016,40.94353]},"properties":{"id":"583","registryId":"19D90029178","precision":"unknown","provider":"cartociudad"}},{"type":"Feature","geometry":{"type":"Point","coordinates":[-4.11755,40.93983]},"properties":{"id":"584","registryId":"19D90029180","precision":"facility","provider":"local_osm"}},{"type":"Feature","geometry":{"type":"Point","coordinates":[-4.68564,41.06526]},"properties":{"id":"585","registryId":"19D90029223","precision":"unknown","provider":"cartociudad"}},{"type":"Feature","geometry":{"type":"Point","coordinates":[-5.99329,41.0922]},"properties":{"id":"586","registryId":"19D90029234","precision":"street","provider":"mapbox"}},{"type":"Feature","geometry":{"type":"Point","coordinates":[-5.99329,41.0922]},"properties":{"id":"587","registryId":"19D90029236","precision":"street","provider":"mapbox"}},{"type":"Feature","geometry":{"type":"Point","coordinates":[-4.11517,40.93321]},"properties":{"id":"588","registryId":"19D90029243","precision":"street","provider":"nominatim"}},{"type":"Feature","geometry":{"type":"Point","coordinates":[-4.20218,40.9831]},"properties":{"id":"589","registryId":"19D90029686","precision":"street","provider":"nominatim"}},{"type":"Feature","geometry":{"type":"Point","coordinates":[-4.18379,41.25968]},"properties":{"id":"590","registryId":"19D90029687","precision":"street","provider":"nominatim"}},{"type":"Feature","geometry":{"type":"Point","coordinates":[-4.10397,40.94068]},"properties":{"id":"591","registryId":"19D90029688","precision":"unknown","provider":"cartociudad"}},{"type":"Feature","geometry":{"type":"Point","coordinates":[-4.21686,41.22042]},"properties":{"id":"592","registryId":"19D90029689","precision":"street","provider":"nominatim"}},{"type":"Feature","geometry":{"type":"Point","coordinates":[-4.1118,40.95561]},"properties":{"id":"593","registryId":"19D90029691","precision":"unknown","provider":"cartociudad"}},{"type":"Feature","geometry":{"type":"Point","coordinates":[-4.11247,40.9459]},"properties":{"id":"594","registryId":"19D90029703","precision":"street","provider":"mapbox"}},{"type":"Feature","geometry":{"type":"Point","coordinates":[-4.10761,40.94499]},"properties":{"id":"595","registryId":"19D90029705","precision":"unknown","provider":"cartociudad"}},{"type":"Feature","geometry":{"type":"Point","coordinates":[-4.20257,40.98296]},"properties":{"id":"596","registryId":"19D90029706","precision":"unknown","provider":"cartociudad"}},{"type":"Feature","geometry":{"type":"Point","coordinates":[-4.21686,41.22042]},"properties":{"id":"597","registryId":"19D90029779","precision":"street","provider":"nominatim"}},{"type":"Feature","geometry":{"type":"Point","coordinates":[-4.21686,41.22042]},"properties":{"id":"598","registryId":"19D90029852","precision":"street","provider":"nominatim"}},{"type":"Feature","geometry":{"type":"Point","coordinates":[-4.21686,41.22042]},"properties":{"id":"599","registryId":"19D90029884","precision":"street","provider":"nominatim"}},{"type":"Feature","geometry":{"type":"Point","coordinates":[-4.72721,41.64522]},"properties":{"id":"600","registryId":"19D90029919","precision":"unknown","provider":"cartociudad"}},{"type":"Feature","geometry":{"type":"Point","coordinates":[-4.61592,41.5396]},"properties":{"id":"601","registryId":"19D90030268","precision":"street","provider":"mapbox"}},{"type":"Feature","geometry":{"type":"Point","coordinates":[-4.61592,41.5396]},"properties":{"id":"602","registryId":"19D90030269","precision":"street","provider":"mapbox"}},{"type":"Feature","geometry":{"type":"Point","coordinates":[-5.30647,40.1409]},"properties":{"id":"603","registryId":"19D90030287","precision":"site","provider":"local_osm"}},{"type":"Feature","geometry":{"type":"Point","coordinates":[-5.33934,40.17066]},"properties":{"id":"604","registryId":"19D90030289","precision":"street","provider":"mapbox"}},{"type":"Feature","geometry":{"type":"Point","coordinates":[-5.99329,41.0922]},"properties":{"id":"605","registryId":"19D90030313","precision":"street","provider":"mapbox"}},{"type":"Feature","geometry":{"type":"Point","coordinates":[-4.58347,40.29312]},"properties":{"id":"606","registryId":"19D90030578","precision":"street","provider":"nominatim"}},{"type":"Feature","geometry":{"type":"Point","coordinates":[-4.0366,40.95501]},"properties":{"id":"607","registryId":"19D9003D114","precision":"street","provider":"nominatim"}},{"type":"Feature","geometry":{"type":"Point","coordinates":[-6.00001,42.30987]},"properties":{"id":"608","registryId":"19E90013058","precision":"unknown","provider":"cartociudad"}},{"type":"Feature","geometry":{"type":"Point","coordinates":[-6.00001,42.30987]},"properties":{"id":"609","registryId":"19E90013058","precision":"unknown","provider":"cartociudad"}},{"type":"Feature","geometry":{"type":"Point","coordinates":[-4.6221,40.23156]},"properties":{"id":"610","registryId":"19E90014064","precision":"street","provider":"nominatim"}},{"type":"Feature","geometry":{"type":"Point","coordinates":[-4.6434,41.5176]},"properties":{"id":"611","registryId":"19SO003051400097","precision":"street","provider":"nominatim"}},{"type":"Feature","geometry":{"type":"Point","coordinates":[-5.7356,41.49744]},"properties":{"id":"612","registryId":"19SO003051700047","precision":"unknown","provider":"cartociudad"}},{"type":"Feature","geometry":{"type":"Point","coordinates":[-5.73902,41.5147]},"properties":{"id":"613","registryId":"19SO005051600026","precision":"unknown","provider":"cartociudad"}},{"type":"Feature","geometry":{"type":"Point","coordinates":[-3.47942,41.27471]},"properties":{"id":"614","registryId":"1D01005418","precision":"unknown","provider":"cartociudad"}},{"type":"Feature","geometry":{"type":"Point","coordinates":[-4.69973,41.62312]},"properties":{"id":"615","registryId":"20012984","precision":"unknown","provider":"cartociudad"}},{"type":"Feature","geometry":{"type":"Point","coordinates":[-5.65496,40.96597]},"properties":{"id":"616","registryId":"20012988","precision":"unknown","provider":"cartociudad"}},{"type":"Feature","geometry":{"type":"Point","coordinates":[-4.68758,40.65931]},"properties":{"id":"617","registryId":"20012991","precision":"unknown","provider":"cartociudad"}},{"type":"Feature","geometry":{"type":"Point","coordinates":[-2.48231,41.76576]},"properties":{"id":"618","registryId":"20012992","precision":"unknown","provider":"cartociudad"}},{"type":"Feature","geometry":{"type":"Point","coordinates":[-5.71031,41.25543]},"properties":{"id":"619","registryId":"200625235","precision":"street","provider":"nominatim"}},{"type":"Feature","geometry":{"type":"Point","coordinates":[-4.83891,41.31759]},"properties":{"id":"620","registryId":"201025730","precision":"exact","provider":"nominatim"}},{"type":"Feature","geometry":{"type":"Point","coordinates":[-5.5825,42.60444]},"properties":{"id":"621","registryId":"2011/20012985","precision":"unknown","provider":"cartociudad"}},{"type":"Feature","geometry":{"type":"Point","coordinates":[-3.69945,42.3283]},"properties":{"id":"622","registryId":"2011/20012986","precision":"unknown","provider":"cartociudad"}},{"type":"Feature","geometry":{"type":"Point","coordinates":[-4.10866,40.94701]},"properties":{"id":"623","registryId":"2011/20012989","precision":"unknown","provider":"cartociudad"}},{"type":"Feature","geometry":{"type":"Point","coordinates":[-4.19026,40.71483]},"properties":{"id":"624","registryId":"2012/20013192","precision":"unknown","provider":"cartociudad"}},{"type":"Feature","geometry":{"type":"Point","coordinates":[-6.5954,42.5155]},"properties":{"id":"625","registryId":"2016/20040501","precision":"street","provider":"mapbox"}},{"type":"Feature","geometry":{"type":"Point","coordinates":[-4.0674,41.19473]},"properties":{"id":"626","registryId":"20D90006424","precision":"street","provider":"mapbox"}},{"type":"Feature","geometry":{"type":"Point","coordinates":[-4.36187,42.41165]},"properties":{"id":"627","registryId":"20D90007141","precision":"exact","provider":"mapbox"}},{"type":"Feature","geometry":{"type":"Point","coordinates":[-4.12237,40.94575]},"properties":{"id":"628","registryId":"20D90008303","precision":"unknown","provider":"cartociudad"}},{"type":"Feature","geometry":{"type":"Point","coordinates":[-4.52656,41.36164]},"properties":{"id":"629","registryId":"20SO005051900051","precision":"unknown","provider":"cartociudad"}},{"type":"Feature","geometry":{"type":"Point","coordinates":[-5.9065,42.30458]},"properties":{"id":"630","registryId":"214010006","precision":"unknown","provider":"cartociudad"}},{"type":"Feature","geometry":{"type":"Point","coordinates":[-4.38403,40.89395]},"properties":{"id":"631","registryId":"216010092","precision":"unknown","provider":"cartociudad"}},{"type":"Feature","geometry":{"type":"Point","coordinates":[-4.22755,40.87505]},"properties":{"id":"632","registryId":"216010186","precision":"exact","provider":"mapbox"}},{"type":"Feature","geometry":{"type":"Point","coordinates":[-5.9065,42.30458]},"properties":{"id":"633","registryId":"216110115","precision":"unknown","provider":"cartociudad"}},{"type":"Feature","geometry":{"type":"Point","coordinates":[-5.56201,42.90966]},"properties":{"id":"634","registryId":"21D91071230I21","precision":"exact","provider":"mapbox"}},{"type":"Feature","geometry":{"type":"Point","coordinates":[-4.11798,40.94372]},"properties":{"id":"635","registryId":"21D91072426I21","precision":"street","provider":"nominatim"}},{"type":"Feature","geometry":{"type":"Point","coordinates":[-5.50962,40.35805]},"properties":{"id":"636","registryId":"21D91074600J21","precision":"unknown","provider":"cartociudad"}},{"type":"Feature","geometry":{"type":"Point","coordinates":[-4.1105,40.93835]},"properties":{"id":"637","registryId":"21D91080228J21","precision":"unknown","provider":"cartociudad"}},{"type":"Feature","geometry":{"type":"Point","coordinates":[-6.20565,42.31511]},"properties":{"id":"638","registryId":"21D91082121K21","precision":"street","provider":"nominatim"}},{"type":"Feature","geometry":{"type":"Point","coordinates":[-4.59178,40.2912]},"properties":{"id":"639","registryId":"21D91082123K21","precision":"unknown","provider":"cartociudad"}},{"type":"Feature","geometry":{"type":"Point","coordinates":[-6.25765,42.3742]},"properties":{"id":"640","registryId":"21D91082167K21","precision":"street","provider":"mapbox"}},{"type":"Feature","geometry":{"type":"Point","coordinates":[-4.96561,40.93054]},"properties":{"id":"641","registryId":"21D91082177K21","precision":"street","provider":"nominatim"}},{"type":"Feature","geometry":{"type":"Point","coordinates":[-4.72646,41.07416]},"properties":{"id":"642","registryId":"21E91054817G21","precision":"unknown","provider":"cartociudad"}},{"type":"Feature","geometry":{"type":"Point","coordinates":[-4.58296,40.89701]},"properties":{"id":"643","registryId":"21E91061450J21","precision":"exact","provider":"mapbox"}},{"type":"Feature","geometry":{"type":"Point","coordinates":[-5.74739,41.5027]},"properties":{"id":"644","registryId":"21SO003051700026","precision":"unknown","provider":"cartociudad"}},{"type":"Feature","geometry":{"type":"Point","coordinates":[-4.70391,41.6011]},"properties":{"id":"645","registryId":"21SO005052100001","precision":"unknown","provider":"cartociudad"}},{"type":"Feature","geometry":{"type":"Point","coordinates":[-4.70391,41.6011]},"properties":{"id":"646","registryId":"21SO005052100016","precision":"unknown","provider":"cartociudad"}},{"type":"Feature","geometry":{"type":"Point","coordinates":[-4.01032,41.44614]},"properties":{"id":"647","registryId":"21X14K722495","precision":"street","provider":"nominatim"}},{"type":"Feature","geometry":{"type":"Point","coordinates":[-3.68929,42.34759]},"properties":{"id":"648","registryId":"21X14K722537","precision":"unknown","provider":"cartociudad"}},{"type":"Feature","geometry":{"type":"Point","coordinates":[-6.61282,42.55373]},"properties":{"id":"649","registryId":"21X15D753624","precision":"exact","provider":"mapbox"}},{"type":"Feature","geometry":{"type":"Point","coordinates":[-4.72217,41.65056]},"properties":{"id":"650","registryId":"21X15D753827","precision":"unknown","provider":"cartociudad"}},{"type":"Feature","geometry":{"type":"Point","coordinates":[-4.83709,40.29732]},"properties":{"id":"651","registryId":"21X16D828221","precision":"street","provider":"nominatim"}},{"type":"Feature","geometry":{"type":"Point","coordinates":[-4.53012,42.0097]},"properties":{"id":"652","registryId":"21X17A893374","precision":"unknown","provider":"cartociudad"}},{"type":"Feature","geometry":{"type":"Point","coordinates":[-3.68916,42.34646]},"properties":{"id":"653","registryId":"21X17A893409","precision":"street","provider":"mapbox"}},{"type":"Feature","geometry":{"type":"Point","coordinates":[-5.0069,41.50568]},"properties":{"id":"654","registryId":"21X19E153136","precision":"unknown","provider":"cartociudad"}},{"type":"Feature","geometry":{"type":"Point","coordinates":[-5.74107,41.50743]},"properties":{"id":"655","registryId":"21X19E153919","precision":"unknown","provider":"cartociudad"}},{"type":"Feature","geometry":{"type":"Point","coordinates":[-4.72693,41.64903]},"properties":{"id":"656","registryId":"21X21K432977","precision":"unknown","provider":"cartociudad"}},{"type":"Feature","geometry":{"type":"Point","coordinates":[-4.70894,41.60336]},"properties":{"id":"657","registryId":"220731217","precision":"street","provider":"nominatim"}},{"type":"Feature","geometry":{"type":"Point","coordinates":[-5.5777,42.60181]},"properties":{"id":"658","registryId":"22D91121182G22","precision":"street","provider":"nominatim"}},{"type":"Feature","geometry":{"type":"Point","coordinates":[-4.96352,40.92833]},"properties":{"id":"659","registryId":"22D91130223F22","precision":"street","provider":"nominatim"}},{"type":"Feature","geometry":{"type":"Point","coordinates":[-5.66012,40.96602]},"properties":{"id":"660","registryId":"22D91132677D22","precision":"unknown","provider":"cartociudad"}},{"type":"Feature","geometry":{"type":"Point","coordinates":[-5.56613,42.60595]},"properties":{"id":"661","registryId":"22D91133088D22","precision":"street","provider":"nominatim"}},{"type":"Feature","geometry":{"type":"Point","coordinates":[-4.73379,41.0782]},"properties":{"id":"662","registryId":"22D91138603G22","precision":"street","provider":"mapbox"}},{"type":"Feature","geometry":{"type":"Point","coordinates":[-2.518,41.86355]},"properties":{"id":"663","registryId":"22D91139776H22","precision":"street","provider":"mapbox"}},{"type":"Feature","geometry":{"type":"Point","coordinates":[-4.96561,40.93054]},"properties":{"id":"664","registryId":"22D91147326F22","precision":"street","provider":"nominatim"}},{"type":"Feature","geometry":{"type":"Point","coordinates":[-4.72498,41.58983]},"properties":{"id":"665","registryId":"22D91152841I22","precision":"unknown","provider":"cartociudad"}},{"type":"Feature","geometry":{"type":"Point","coordinates":[-4.64004,41.51188]},"properties":{"id":"666","registryId":"22D91153123122","precision":"exact","provider":"nominatim"}},{"type":"Feature","geometry":{"type":"Point","coordinates":[-5.67246,40.97145]},"properties":{"id":"667","registryId":"22D91153156I22","precision":"street","provider":"mapbox"}},{"type":"Feature","geometry":{"type":"Point","coordinates":[-4.71976,41.64668]},"properties":{"id":"668","registryId":"22D91159467K22","precision":"unknown","provider":"cartociudad"}},{"type":"Feature","geometry":{"type":"Point","coordinates":[-4.67826,41.28808]},"properties":{"id":"669","registryId":"22D91159595K22","precision":"street","provider":"mapbox"}},{"type":"Feature","geometry":{"type":"Point","coordinates":[-4.67826,41.28808]},"properties":{"id":"670","registryId":"22D91159835K21","precision":"street","provider":"mapbox"}},{"type":"Feature","geometry":{"type":"Point","coordinates":[-5.10457,42.93585]},"properties":{"id":"671","registryId":"22D91161207L22","precision":"street","provider":"mapbox"}},{"type":"Feature","geometry":{"type":"Point","coordinates":[-4.16299,40.85369]},"properties":{"id":"672","registryId":"22D91183286L22","precision":"street","provider":"nominatim"}},{"type":"Feature","geometry":{"type":"Point","coordinates":[-6.60619,42.55341]},"properties":{"id":"673","registryId":"22D91196016L22","precision":"street","provider":"nominatim"}},{"type":"Feature","geometry":{"type":"Point","coordinates":[-5.99369,42.40914]},"properties":{"id":"675","registryId":"231037560","precision":"street","provider":"nominatim"}},{"type":"Feature","geometry":{"type":"Point","coordinates":[-6.12291,42.41681]},"properties":{"id":"677","registryId":"23D90012699C23","precision":"street","provider":"nominatim"}},{"type":"Feature","geometry":{"type":"Point","coordinates":[-4.11311,40.95218]},"properties":{"id":"678","registryId":"23D90015414","precision":"unknown","provider":"cartociudad"}},{"type":"Feature","geometry":{"type":"Point","coordinates":[-4.86073,41.45749]},"properties":{"id":"679","registryId":"23D9001572A23","precision":"exact","provider":"nominatim"}},{"type":"Feature","geometry":{"type":"Point","coordinates":[-5.55006,42.61526]},"properties":{"id":"680","registryId":"23D90015733A23","precision":"street","provider":"mapbox"}},{"type":"Feature","geometry":{"type":"Point","coordinates":[-4.67826,41.28808]},"properties":{"id":"682","registryId":"23D90018014C23","precision":"street","provider":"mapbox"}},{"type":"Feature","geometry":{"type":"Point","coordinates":[-3.65848,42.3486]},"properties":{"id":"683","registryId":"23D90018048C23","precision":"unknown","provider":"cartociudad"}},{"type":"Feature","geometry":{"type":"Point","coordinates":[-2.95257,42.68989]},"properties":{"id":"684","registryId":"23D90018077C23","precision":"unknown","provider":"cartociudad"}},{"type":"Feature","geometry":{"type":"Point","coordinates":[-3.68801,41.66614]},"properties":{"id":"685","registryId":"23D90018079C23","precision":"exact","provider":"cartociudad"}},{"type":"Feature","geometry":{"type":"Point","coordinates":[-3.67412,42.3484]},"properties":{"id":"686","registryId":"23D90018127C23","precision":"unknown","provider":"cartociudad"}},{"type":"Feature","geometry":{"type":"Point","coordinates":[-6.49466,42.81957]},"properties":{"id":"687","registryId":"23D90018158C23","precision":"street","provider":"nominatim"}},{"type":"Feature","geometry":{"type":"Point","coordinates":[-4.90486,41.31255]},"properties":{"id":"688","registryId":"23D90018162C23","precision":"street","provider":"mapbox"}},{"type":"Feature","geometry":{"type":"Point","coordinates":[-3.67709,42.34868]},"properties":{"id":"689","registryId":"23D90018168C23","precision":"street","provider":"nominatim"}},{"type":"Feature","geometry":{"type":"Point","coordinates":[-3.66184,42.35542]},"properties":{"id":"690","registryId":"23D90018172C23","precision":"street","provider":"mapbox"}},{"type":"Feature","geometry":{"type":"Point","coordinates":[-3.73246,42.37061]},"properties":{"id":"691","registryId":"23D90022358C23","precision":"unknown","provider":"cartociudad"}},{"type":"Feature","geometry":{"type":"Point","coordinates":[-3.6914,42.35368]},"properties":{"id":"692","registryId":"23D90022600C23","precision":"unknown","provider":"cartociudad"}},{"type":"Feature","geometry":{"type":"Point","coordinates":[41.14562,-3.91151]},"properties":{"id":"693","registryId":"23D95005545D23","precision":"exact","provider":"nominatim"}},{"type":"Feature","geometry":{"type":"Point","coordinates":[41.14562,-3.91151]},"properties":{"id":"694","registryId":"23D95005545D23","precision":"exact","provider":"nominatim"}},{"type":"Feature","geometry":{"type":"Point","coordinates":[-4.54663,41.3556]},"properties":{"id":"695","registryId":"23D98002304E23","precision":"street","provider":"nominatim"}},{"type":"Feature","geometry":{"type":"Point","coordinates":[-3.87114,41.0733]},"properties":{"id":"696","registryId":"23D98005436D23","precision":"unknown","provider":"cartociudad"}},{"type":"Feature","geometry":{"type":"Point","coordinates":[-3.80955,41.13052]},"properties":{"id":"697","registryId":"23D98005437D23","precision":"street","provider":"nominatim"}},{"type":"Feature","geometry":{"type":"Point","coordinates":[-5.8812,42.46588]},"properties":{"id":"698","registryId":"23D98005464D23","precision":"street","provider":"nominatim"}},{"type":"Feature","geometry":{"type":"Point","coordinates":[-3.90855,41.12131]},"properties":{"id":"699","registryId":"23D98005471D23","precision":"unknown","provider":"cartociudad"}},{"type":"Feature","geometry":{"type":"Point","coordinates":[-4.11965,40.94924]},"properties":{"id":"700","registryId":"23D98005473D23","precision":"unknown","provider":"cartociudad"}},{"type":"Feature","geometry":{"type":"Point","coordinates":[-3.65017,42.35909]},"properties":{"id":"701","registryId":"23D98005509D23","precision":"exact","provider":"nominatim"}},{"type":"Feature","geometry":{"type":"Point","coordinates":[-4.71004,41.63978]},"properties":{"id":"702","registryId":"23D98005543D23","precision":"street","provider":"mapbox"}},{"type":"Feature","geometry":{"type":"Point","coordinates":[-3.8566,41.19269]},"properties":{"id":"703","registryId":"23D98005557D23","precision":"exact","provider":"nominatim"}},{"type":"Feature","geometry":{"type":"Point","coordinates":[-3.82488,41.05478]},"properties":{"id":"704","registryId":"23D98005903D23","precision":"exact","provider":"nominatim"}},{"type":"Feature","geometry":{"type":"Point","coordinates":[-3.69453,42.34548]},"properties":{"id":"705","registryId":"23D98010003F23","precision":"unknown","provider":"cartociudad"}},{"type":"Feature","geometry":{"type":"Point","coordinates":[-4.69016,40.65422]},"properties":{"id":"706","registryId":"23D98010098","precision":"unknown","provider":"cartociudad"}},{"type":"Feature","geometry":{"type":"Point","coordinates":[-4.73222,41.62442]},"properties":{"id":"707","registryId":"23D98022084D23","precision":"unknown","provider":"cartociudad"}},{"type":"Feature","geometry":{"type":"Point","coordinates":[-3.64202,42.1885]},"properties":{"id":"708","registryId":"23D98127237J23","precision":"street","provider":"mapbox"}},{"type":"Feature","geometry":{"type":"Point","coordinates":[-3.69129,41.65511]},"properties":{"id":"709","registryId":"23d90018100C23","precision":"street","provider":"mapbox"}},{"type":"Feature","geometry":{"type":"Point","coordinates":[-5.63488,42.87484]},"properties":{"id":"710","registryId":"23d98006046d23","precision":"street","provider":"nominatim"}},{"type":"Feature","geometry":{"type":"Point","coordinates":[-4.72063,41.06485]},"properties":{"id":"711","registryId":"23d98112160I23","precision":"unknown","provider":"cartociudad"}},{"type":"Feature","geometry":{"type":"Point","coordinates":[-5.74815,41.50278]},"properties":{"id":"712","registryId":"245O005061600033","precision":"street","provider":"mapbox"}},{"type":"Feature","geometry":{"type":"Point","coordinates":[-5.81637,42.16424]},"properties":{"id":"713","registryId":"24SM10702300023","precision":"exact","provider":"mapbox"}},{"type":"Feature","geometry":{"type":"Point","coordinates":[-5.75385,41.49949]},"properties":{"id":"714","registryId":"24SO00S061600042","precision":"unknown","provider":"cartociudad"}},{"type":"Feature","geometry":{"type":"Point","coordinates":[-5.04986,43.02424]},"properties":{"id":"715","registryId":"255M107062300011","precision":"street","provider":"mapbox"}},{"type":"Feature","geometry":{"type":"Point","coordinates":[-5.36802,42.68281]},"properties":{"id":"716","registryId":"255M107062300086","precision":"street","provider":"nominatim"}},{"type":"Feature","geometry":{"type":"Point","coordinates":[-5.58225,42.22089]},"properties":{"id":"717","registryId":"275M107072300010","precision":"exact","provider":"mapbox"}},{"type":"Feature","geometry":{"type":"Point","coordinates":[-6.35475,42.96986]},"properties":{"id":"718","registryId":"275M10707300002","precision":"street","provider":"nominatim"}},{"type":"Feature","geometry":{"type":"Point","coordinates":[-4.89586,40.36431]},"properties":{"id":"720","registryId":"27SD005071600015","precision":"street","provider":"nominatim"}},{"type":"Feature","geometry":{"type":"Point","coordinates":[-6.20334,42.6358]},"properties":{"id":"721","registryId":"27SM10702300094","precision":"exact","provider":"mapbox"}},{"type":"Feature","geometry":{"type":"Point","coordinates":[-5.04297,42.37123]},"properties":{"id":"722","registryId":"27SM107072300001","precision":"street","provider":"nominatim"}},{"type":"Feature","geometry":{"type":"Point","coordinates":[-6.66831,42.26535]},"properties":{"id":"723","registryId":"27SM107072300008","precision":"facility","provider":"local_osm"}},{"type":"Feature","geometry":{"type":"Point","coordinates":[-5.39251,42.69282]},"properties":{"id":"724","registryId":"27SM107072300009","precision":"street","provider":"nominatim"}},{"type":"Feature","geometry":{"type":"Point","coordinates":[-5.64483,42.4872]},"properties":{"id":"725","registryId":"27SM107072300013","precision":"street","provider":"mapbox"}},{"type":"Feature","geometry":{"type":"Point","coordinates":[-5.64213,42.80229]},"properties":{"id":"726","registryId":"27SM107072300017","precision":"street","provider":"mapbox"}},{"type":"Feature","geometry":{"type":"Point","coordinates":[-5.31402,42.56201]},"properties":{"id":"727","registryId":"27SM107072300033","precision":"exact","provider":"mapbox"}},{"type":"Feature","geometry":{"type":"Point","coordinates":[-5.93999,42.43837]},"properties":{"id":"729","registryId":"27SM107072300042","precision":"exact","provider":"mapbox"}},{"type":"Feature","geometry":{"type":"Point","coordinates":[-5.93999,42.43837]},"properties":{"id":"730","registryId":"27SM107072300042","precision":"exact","provider":"mapbox"}},{"type":"Feature","geometry":{"type":"Point","coordinates":[-5.58373,42.4865]},"properties":{"id":"732","registryId":"27SM107072300054","precision":"exact","provider":"mapbox"}},{"type":"Feature","geometry":{"type":"Point","coordinates":[-5.9154,42.7875]},"properties":{"id":"733","registryId":"27SM107072300055","precision":"exact","provider":"mapbox"}},{"type":"Feature","geometry":{"type":"Point","coordinates":[-5.82642,42.18657]},"properties":{"id":"734","registryId":"27SM107072300057","precision":"street","provider":"nominatim"}},{"type":"Feature","geometry":{"type":"Point","coordinates":[-5.73213,42.48253]},"properties":{"id":"735","registryId":"27SM107072300066","precision":"exact","provider":"mapbox"}},{"type":"Feature","geometry":{"type":"Point","coordinates":[-6.20077,42.63406]},"properties":{"id":"736","registryId":"27SM107072300073","precision":"street","provider":"mapbox"}},{"type":"Feature","geometry":{"type":"Point","coordinates":[-5.93574,42.32811]},"properties":{"id":"738","registryId":"27SM107072300092","precision":"street","provider":"mapbox"}},{"type":"Feature","geometry":{"type":"Point","coordinates":[-5.00138,42.84784]},"properties":{"id":"739","registryId":"27SM107072300096","precision":"exact","provider":"mapbox"}},{"type":"Feature","geometry":{"type":"Point","coordinates":[-5.21213,42.81006]},"properties":{"id":"740","registryId":"27SM107072300098","precision":"street","provider":"local_osm"}},{"type":"Feature","geometry":{"type":"Point","coordinates":[-5.98247,42.38379]},"properties":{"id":"741","registryId":"27SM107072300100","precision":"street","provider":"mapbox"}},{"type":"Feature","geometry":{"type":"Point","coordinates":[-5.57091,42.27146]},"properties":{"id":"742","registryId":"27SM107072300110","precision":"street","provider":"nominatim"}},{"type":"Feature","geometry":{"type":"Point","coordinates":[-5.88099,42.41056]},"properties":{"id":"743","registryId":"27SM107072300116","precision":"street","provider":"mapbox"}},{"type":"Feature","geometry":{"type":"Point","coordinates":[-5.68675,42.50688]},"properties":{"id":"745","registryId":"27SM107072300137","precision":"street","provider":"nominatim"}},{"type":"Feature","geometry":{"type":"Point","coordinates":[-5.14061,42.8337]},"properties":{"id":"746","registryId":"27SM107072300140","precision":"street","provider":"mapbox"}},{"type":"Feature","geometry":{"type":"Point","coordinates":[-5.35319,42.47217]},"properties":{"id":"747","registryId":"27SM107072300H3","precision":"street","provider":"nominatim"}},{"type":"Feature","geometry":{"type":"Point","coordinates":[-4.74018,41.63855]},"properties":{"id":"749","registryId":"29O005071800100","precision":"unknown","provider":"cartociudad"}},{"type":"Feature","geometry":{"type":"Point","coordinates":[-4.72466,41.64996]},"properties":{"id":"750","registryId":"2OD90002319","precision":"street","provider":"nominatim"}},{"type":"Feature","geometry":{"type":"Point","coordinates":[-5.47046,42.61944]},"properties":{"id":"751","registryId":"30SO005071800088","precision":"street","provider":"mapbox"}},{"type":"Feature","geometry":{"type":"Point","coordinates":[-2.99856,42.06029]},"properties":{"id":"752","registryId":"310001014","precision":"street","provider":"nominatim"}},{"type":"Feature","geometry":{"type":"Point","coordinates":[-3.69841,42.3344]},"properties":{"id":"753","registryId":"310001164","precision":"street","provider":"mapbox"}},{"type":"Feature","geometry":{"type":"Point","coordinates":[-3.46135,42.21246]},"properties":{"id":"754","registryId":"310001424","precision":"exact","provider":"mapbox"}},{"type":"Feature","geometry":{"type":"Point","coordinates":[-3.72517,42.1244]},"properties":{"id":"755","registryId":"310001428","precision":"street","provider":"nominatim"}},{"type":"Feature","geometry":{"type":"Point","coordinates":[-3.26851,42.79312]},"properties":{"id":"756","registryId":"310001431","precision":"exact","provider":"nominatim"}},{"type":"Feature","geometry":{"type":"Point","coordinates":[-3.62612,41.73689]},"properties":{"id":"757","registryId":"310001432","precision":"street","provider":"nominatim"}},{"type":"Feature","geometry":{"type":"Point","coordinates":[-3.41789,42.84293]},"properties":{"id":"758","registryId":"310001434","precision":"facility","provider":"local_osm"}},{"type":"Feature","geometry":{"type":"Point","coordinates":[-3.53563,42.33127]},"properties":{"id":"759","registryId":"310001436","precision":"exact","provider":"mapbox"}},{"type":"Feature","geometry":{"type":"Point","coordinates":[-4.17738,42.57849]},"properties":{"id":"760","registryId":"310001442","precision":"street","provider":"nominatim"}},{"type":"Feature","geometry":{"type":"Point","coordinates":[-3.81381,42.16072]},"properties":{"id":"761","registryId":"310001443","precision":"exact","provider":"mapbox"}},{"type":"Feature","geometry":{"type":"Point","coordinates":[-3.78385,42.47913]},"properties":{"id":"762","registryId":"310001445","precision":"exact","provider":"nominatim"}},{"type":"Feature","geometry":{"type":"Point","coordinates":[-3.76676,42.10546]},"properties":{"id":"763","registryId":"310001447","precision":"unknown","provider":"cartociudad"}},{"type":"Feature","geometry":{"type":"Point","coordinates":[-3.74167,42.05011]},"properties":{"id":"764","registryId":"310001450","precision":"street","provider":"mapbox"}},{"type":"Feature","geometry":{"type":"Point","coordinates":[-3.08291,42.11641]},"properties":{"id":"765","registryId":"310001452","precision":"unknown","provider":"cartociudad"}},{"type":"Feature","geometry":{"type":"Point","coordinates":[-3.50186,42.55351]},"properties":{"id":"766","registryId":"310001454","precision":"unknown","provider":"cartociudad"}},{"type":"Feature","geometry":{"type":"Point","coordinates":[-3.36599,41.71759]},"properties":{"id":"767","registryId":"310001456","precision":"street","provider":"nominatim"}},{"type":"Feature","geometry":{"type":"Point","coordinates":[-3.73271,42.26815]},"properties":{"id":"768","registryId":"310001463","precision":"street","provider":"nominatim"}},{"type":"Feature","geometry":{"type":"Point","coordinates":[-3.45447,42.31955]},"properties":{"id":"769","registryId":"310001465","precision":"street","provider":"nominatim"}},{"type":"Feature","geometry":{"type":"Point","coordinates":[-3.68554,41.63111]},"properties":{"id":"770","registryId":"310001467","precision":"unknown","provider":"cartociudad"}},{"type":"Feature","geometry":{"type":"Point","coordinates":[-3.66341,43.03423]},"properties":{"id":"771","registryId":"310001468","precision":"site","provider":"local_osm"}},{"type":"Feature","geometry":{"type":"Point","coordinates":[-3.41266,42.73667]},"properties":{"id":"772","registryId":"310001470","precision":"facility","provider":"local_osm"}},{"type":"Feature","geometry":{"type":"Point","coordinates":[-3.17722,42.14914]},"properties":{"id":"773","registryId":"310001471","precision":"street","provider":"nominatim"}},{"type":"Feature","geometry":{"type":"Point","coordinates":[-3.39064,41.76567]},"properties":{"id":"774","registryId":"310001472","precision":"street","provider":"nominatim"}},{"type":"Feature","geometry":{"type":"Point","coordinates":[-3.75159,41.76071]},"properties":{"id":"775","registryId":"310001476","precision":"unknown","provider":"cartociudad"}},{"type":"Feature","geometry":{"type":"Point","coordinates":[-3.17574,42.46023]},"properties":{"id":"776","registryId":"310001477","precision":"facility","provider":"local_osm"}},{"type":"Feature","geometry":{"type":"Point","coordinates":[-3.30425,41.91772]},"properties":{"id":"777","registryId":"310001866","precision":"unknown","provider":"cartociudad"}},{"type":"Feature","geometry":{"type":"Point","coordinates":[-3.98719,42.20618]},"properties":{"id":"778","registryId":"310001867","precision":"street","provider":"nominatim"}},{"type":"Feature","geometry":{"type":"Point","coordinates":[-3.89814,42.27735]},"properties":{"id":"779","registryId":"310001868","precision":"street","provider":"nominatim"}},{"type":"Feature","geometry":{"type":"Point","coordinates":[-3.81869,42.27218]},"properties":{"id":"780","registryId":"310001871","precision":"street","provider":"nominatim"}},{"type":"Feature","geometry":{"type":"Point","coordinates":[-3.8469,42.23985]},"properties":{"id":"781","registryId":"310001872","precision":"street","provider":"nominatim"}},{"type":"Feature","geometry":{"type":"Point","coordinates":[-3.32998,42.01297]},"properties":{"id":"782","registryId":"310001874","precision":"street","provider":"nominatim"}},{"type":"Feature","geometry":{"type":"Point","coordinates":[-3.28725,41.98454]},"properties":{"id":"784","registryId":"310001882","precision":"street","provider":"nominatim"}},{"type":"Feature","geometry":{"type":"Point","coordinates":[-3.9896,42.1963]},"properties":{"id":"785","registryId":"310001883","precision":"exact","provider":"mapbox"}},{"type":"Feature","geometry":{"type":"Point","coordinates":[-3.53472,41.95251]},"properties":{"id":"786","registryId":"310001888","precision":"street","provider":"nominatim"}},{"type":"Feature","geometry":{"type":"Point","coordinates":[-4.24312,42.40116]},"properties":{"id":"787","registryId":"310001889","precision":"street","provider":"mapbox"}},{"type":"Feature","geometry":{"type":"Point","coordinates":[-3.70852,42.17223]},"properties":{"id":"788","registryId":"310001891","precision":"street","provider":"mapbox"}},{"type":"Feature","geometry":{"type":"Point","coordinates":[-3.83766,42.30944]},"properties":{"id":"789","registryId":"310001892","precision":"street","provider":"nominatim"}},{"type":"Feature","geometry":{"type":"Point","coordinates":[-4.11092,42.37204]},"properties":{"id":"790","registryId":"310001894","precision":"exact","provider":"nominatim"}},{"type":"Feature","geometry":{"type":"Point","coordinates":[-3.78955,42.26734]},"properties":{"id":"791","registryId":"310001896","precision":"street","provider":"nominatim"}},{"type":"Feature","geometry":{"type":"Point","coordinates":[-3.35822,42.03927]},"properties":{"id":"792","registryId":"310001898","precision":"exact","provider":"nominatim"}},{"type":"Feature","geometry":{"type":"Point","coordinates":[-3.07714,42.60284]},"properties":{"id":"793","registryId":"310001899","precision":"street","provider":"nominatim"}},{"type":"Feature","geometry":{"type":"Point","coordinates":[-3.99311,41.64249]},"properties":{"id":"794","registryId":"310001900","precision":"unknown","provider":"cartociudad"}},{"type":"Feature","geometry":{"type":"Point","coordinates":[-3.10054,42.4255]},"properties":{"id":"795","registryId":"310001901","precision":"unknown","provider":"cartociudad"}},{"type":"Feature","geometry":{"type":"Point","coordinates":[-3.73827,41.94303]},"properties":{"id":"796","registryId":"310001903","precision":"facility","provider":"local_osm"}},{"type":"Feature","geometry":{"type":"Point","coordinates":[-3.47514,43.06322]},"properties":{"id":"797","registryId":"310001909","precision":"exact","provider":"mapbox"}},{"type":"Feature","geometry":{"type":"Point","coordinates":[-3.3418,43.08287]},"properties":{"id":"798","registryId":"310001913","precision":"street","provider":"mapbox"}},{"type":"Feature","geometry":{"type":"Point","coordinates":[41.83468,-3.34599]},"properties":{"id":"799","registryId":"310002031","precision":"street","provider":"mapbox"}},{"type":"Feature","geometry":{"type":"Point","coordinates":[-3.69137,42.35278]},"properties":{"id":"800","registryId":"3100022048","precision":"unknown","provider":"cartociudad"}},{"type":"Feature","geometry":{"type":"Point","coordinates":[-3.49045,41.6309]},"properties":{"id":"801","registryId":"31001446","precision":"street","provider":"nominatim"}},{"type":"Feature","geometry":{"type":"Point","coordinates":[-4.1105,40.93835]},"properties":{"id":"802","registryId":"310062","precision":"unknown","provider":"cartociudad"}},{"type":"Feature","geometry":{"type":"Point","coordinates":[-4.74433,41.62206]},"properties":{"id":"804","registryId":"31SO0712013","precision":"unknown","provider":"cartociudad"}},{"type":"Feature","geometry":{"type":"Point","coordinates":[-4.68801,40.66916]},"properties":{"id":"805","registryId":"31SO0712031","precision":"unknown","provider":"cartociudad"}},{"type":"Feature","geometry":{"type":"Point","coordinates":[-3.73615,42.34922]},"properties":{"id":"806","registryId":"33918718","precision":"unknown","provider":"cartociudad"}},{"type":"Feature","geometry":{"type":"Point","coordinates":[-3.73615,42.34922]},"properties":{"id":"807","registryId":"33918718","precision":"unknown","provider":"cartociudad"}},{"type":"Feature","geometry":{"type":"Point","coordinates":[-2.95113,42.69404]},"properties":{"id":"808","registryId":"33918722","precision":"street","provider":"nominatim"}},{"type":"Feature","geometry":{"type":"Point","coordinates":[-4.49771,41.92055]},"properties":{"id":"809","registryId":"33918733","precision":"street","provider":"nominatim"}},{"type":"Feature","geometry":{"type":"Point","coordinates":[-4.49771,41.92055]},"properties":{"id":"810","registryId":"33918733","precision":"street","provider":"nominatim"}},{"type":"Feature","geometry":{"type":"Point","coordinates":[-3.63905,42.3538]},"properties":{"id":"811","registryId":"33918740","precision":"exact","provider":"nominatim"}},{"type":"Feature","geometry":{"type":"Point","coordinates":[-3.73615,42.34922]},"properties":{"id":"812","registryId":"33918753","precision":"unknown","provider":"cartociudad"}},{"type":"Feature","geometry":{"type":"Point","coordinates":[-3.73615,42.34922]},"properties":{"id":"813","registryId":"33918753","precision":"unknown","provider":"cartociudad"}},{"type":"Feature","geometry":{"type":"Point","coordinates":[-3.73019,42.34666]},"properties":{"id":"814","registryId":"33919221","precision":"unknown","provider":"cartociudad"}},{"type":"Feature","geometry":{"type":"Point","coordinates":[-3.73019,42.34666]},"properties":{"id":"815","registryId":"33919221","precision":"unknown","provider":"cartociudad"}},{"type":"Feature","geometry":{"type":"Point","coordinates":[-4.23604,41.04007]},"properties":{"id":"816","registryId":"33968139","precision":"facility","provider":"local_osm"}},{"type":"Feature","geometry":{"type":"Point","coordinates":[-3.6817,42.3496]},"properties":{"id":"817","registryId":"340670","precision":"facility","provider":"local_osm"}},{"type":"Feature","geometry":{"type":"Point","coordinates":[-3.6817,42.3496]},"properties":{"id":"818","registryId":"340671","precision":"facility","provider":"local_osm"}},{"type":"Feature","geometry":{"type":"Point","coordinates":[-5.59108,42.61993]},"properties":{"id":"819","registryId":"340904","precision":"street","provider":"mapbox"}},{"type":"Feature","geometry":{"type":"Point","coordinates":[-4.48893,41.91852]},"properties":{"id":"820","registryId":"34419503","precision":"exact","provider":"mapbox"}},{"type":"Feature","geometry":{"type":"Point","coordinates":[-4.53011,41.99961]},"properties":{"id":"821","registryId":"34440929","precision":"street","provider":"nominatim"}},{"type":"Feature","geometry":{"type":"Point","coordinates":[-4.00539,40.90414]},"properties":{"id":"822","registryId":"34531218","precision":"street","provider":"nominatim"}},{"type":"Feature","geometry":{"type":"Point","coordinates":[-3.73019,42.34666]},"properties":{"id":"823","registryId":"34531230","precision":"unknown","provider":"cartociudad"}},{"type":"Feature","geometry":{"type":"Point","coordinates":[-5.67246,40.97145]},"properties":{"id":"824","registryId":"34553438","precision":"street","provider":"mapbox"}},{"type":"Feature","geometry":{"type":"Point","coordinates":[-5.74815,41.50278]},"properties":{"id":"825","registryId":"345O003081600033","precision":"street","provider":"mapbox"}},{"type":"Feature","geometry":{"type":"Point","coordinates":[-5.73079,41.51065]},"properties":{"id":"826","registryId":"345O003081600035","precision":"street","provider":"mapbox"}},{"type":"Feature","geometry":{"type":"Point","coordinates":[-3.69893,42.36655]},"properties":{"id":"827","registryId":"34642805","precision":"unknown","provider":"cartociudad"}},{"type":"Feature","geometry":{"type":"Point","coordinates":[-3.69893,42.36655]},"properties":{"id":"828","registryId":"34642805","precision":"unknown","provider":"cartociudad"}},{"type":"Feature","geometry":{"type":"Point","coordinates":[-3.55777,41.23771]},"properties":{"id":"829","registryId":"350-STR-ES-10","precision":"exact","provider":"nominatim"}},{"type":"Feature","geometry":{"type":"Point","coordinates":[-2.94408,42.68279]},"properties":{"id":"831","registryId":"35408929","precision":"unknown","provider":"cartociudad"}},{"type":"Feature","geometry":{"type":"Point","coordinates":[-5.86084,42.51489]},"properties":{"id":"832","registryId":"35GM10708230008J","precision":"street","provider":"nominatim"}},{"type":"Feature","geometry":{"type":"Point","coordinates":[42.26054,-5.88965]},"properties":{"id":"833","registryId":"35SM107082300003","precision":"street","provider":"mapbox"}},{"type":"Feature","geometry":{"type":"Point","coordinates":[-5.45385,42.88595]},"properties":{"id":"836","registryId":"365M107092300132","precision":"exact","provider":"mapbox"}},{"type":"Feature","geometry":{"type":"Point","coordinates":[-5.45385,42.88595]},"properties":{"id":"837","registryId":"365M107092300132","precision":"exact","provider":"mapbox"}},{"type":"Feature","geometry":{"type":"Point","coordinates":[-6.76049,42.53073]},"properties":{"id":"838","registryId":"36SM107092300001","precision":"exact","provider":"mapbox"}},{"type":"Feature","geometry":{"type":"Point","coordinates":[-6.75134,42.5644]},"properties":{"id":"839","registryId":"36SM107092300002","precision":"street","provider":"nominatim"}},{"type":"Feature","geometry":{"type":"Point","coordinates":[-5.64168,42.58128]},"properties":{"id":"840","registryId":"36SM107092300003","precision":"exact","provider":"mapbox"}},{"type":"Feature","geometry":{"type":"Point","coordinates":[-6.51361,42.78057]},"properties":{"id":"842","registryId":"36SM107092300017","precision":"street","provider":"nominatim"}},{"type":"Feature","geometry":{"type":"Point","coordinates":[-6.24944,42.94191]},"properties":{"id":"843","registryId":"36SM107092300018","precision":"street","provider":"mapbox"}},{"type":"Feature","geometry":{"type":"Point","coordinates":[-5.65313,42.56601]},"properties":{"id":"844","registryId":"36SM107092300038","precision":"street","provider":"mapbox"}},{"type":"Feature","geometry":{"type":"Point","coordinates":[-5.8652,42.55186]},"properties":{"id":"845","registryId":"36SM107092300053","precision":"street","provider":"nominatim"}},{"type":"Feature","geometry":{"type":"Point","coordinates":[-5.00892,42.54047]},"properties":{"id":"846","registryId":"36SM107092300072","precision":"exact","provider":"mapbox"}},{"type":"Feature","geometry":{"type":"Point","coordinates":[-5.6466,42.58091]},"properties":{"id":"847","registryId":"36SM107092300073","precision":"street","provider":"mapbox"}},{"type":"Feature","geometry":{"type":"Point","coordinates":[-5.03761,43.13524]},"properties":{"id":"848","registryId":"36SM107092300078","precision":"street","provider":"mapbox"}},{"type":"Feature","geometry":{"type":"Point","coordinates":[-5.89504,42.50356]},"properties":{"id":"849","registryId":"36SM107092300085","precision":"street","provider":"mapbox"}},{"type":"Feature","geometry":{"type":"Point","coordinates":[-5.40308,42.50443]},"properties":{"id":"850","registryId":"36SM107092300087","precision":"street","provider":"nominatim"}},{"type":"Feature","geometry":{"type":"Point","coordinates":[-5.80922,42.49414]},"properties":{"id":"852","registryId":"36SM107092300112","precision":"street","provider":"mapbox"}},{"type":"Feature","geometry":{"type":"Point","coordinates":[-5.06735,42.30535]},"properties":{"id":"853","registryId":"36SM107092300142","precision":"exact","provider":"mapbox"}},{"type":"Feature","geometry":{"type":"Point","coordinates":[-5.70238,42.5511]},"properties":{"id":"855","registryId":"36SN107092300051","precision":"street","provider":"mapbox"}},{"type":"Feature","geometry":{"type":"Point","coordinates":[-2.48179,41.76638]},"properties":{"id":"856","registryId":"36SO005092300024","precision":"street","provider":"mapbox"}},{"type":"Feature","geometry":{"type":"Point","coordinates":[-4.72367,41.65136]},"properties":{"id":"857","registryId":"38129782","precision":"unknown","provider":"cartociudad"}},{"type":"Feature","geometry":{"type":"Point","coordinates":[-5.6033,42.58054]},"properties":{"id":"858","registryId":"38129795","precision":"street","provider":"mapbox"}},{"type":"Feature","geometry":{"type":"Point","coordinates":[-5.73548,41.51033]},"properties":{"id":"859","registryId":"38344804","precision":"unknown","provider":"cartociudad"}},{"type":"Feature","geometry":{"type":"Point","coordinates":[-5.67716,40.96628]},"properties":{"id":"860","registryId":"38344805","precision":"street","provider":"mapbox"}},{"type":"Feature","geometry":{"type":"Point","coordinates":[-5.36413,40.78117]},"properties":{"id":"861","registryId":"38344806","precision":"street","provider":"mapbox"}},{"type":"Feature","geometry":{"type":"Point","coordinates":[-5.6705,40.96362]},"properties":{"id":"862","registryId":"38344807","precision":"unknown","provider":"cartociudad"}},{"type":"Feature","geometry":{"type":"Point","coordinates":[-4.53011,41.99961]},"properties":{"id":"863","registryId":"38879305","precision":"street","provider":"nominatim"}},{"type":"Feature","geometry":{"type":"Point","coordinates":[-2.94123,42.68935]},"properties":{"id":"864","registryId":"38S0005092100029 ","precision":"unknown","provider":"cartociudad"}},{"type":"Feature","geometry":{"type":"Point","coordinates":[-5.20216,40.90373]},"properties":{"id":"865","registryId":"39636754","precision":"street","provider":"nominatim"}},{"type":"Feature","geometry":{"type":"Point","coordinates":[-5.67166,40.97492]},"properties":{"id":"866","registryId":"39636756","precision":"unknown","provider":"cartociudad"}},{"type":"Feature","geometry":{"type":"Point","coordinates":[-5.6167,40.97563]},"properties":{"id":"867","registryId":"39636758","precision":"unknown","provider":"cartociudad"}},{"type":"Feature","geometry":{"type":"Point","coordinates":[-4.76737,41.62469]},"properties":{"id":"868","registryId":"39802480","precision":"street","provider":"nominatim"}},{"type":"Feature","geometry":{"type":"Point","coordinates":[-4.73958,41.63715]},"properties":{"id":"869","registryId":"39816178","precision":"unknown","provider":"cartociudad"}},{"type":"Feature","geometry":{"type":"Point","coordinates":[-5.59071,41.01864]},"properties":{"id":"870","registryId":"39819106","precision":"unknown","provider":"cartociudad"}},{"type":"Feature","geometry":{"type":"Point","coordinates":[-4.77974,41.66368]},"properties":{"id":"871","registryId":"39939779","precision":"street","provider":"nominatim"}},{"type":"Feature","geometry":{"type":"Point","coordinates":[-3.73904,42.34195]},"properties":{"id":"872","registryId":"39SM105102100041","precision":"street","provider":"nominatim"}},{"type":"Feature","geometry":{"type":"Point","coordinates":[-2.94341,42.6833]},"properties":{"id":"873","registryId":"4027336","precision":"street","provider":"nominatim"}},{"type":"Feature","geometry":{"type":"Point","coordinates":[-5.67978,40.97024]},"properties":{"id":"874","registryId":"40552858","precision":"exact","provider":"nominatim"}},{"type":"Feature","geometry":{"type":"Point","coordinates":[-5.68339,40.95695]},"properties":{"id":"875","registryId":"40552899","precision":"street","provider":"local_osm"}},{"type":"Feature","geometry":{"type":"Point","coordinates":[-5.64619,40.97841]},"properties":{"id":"876","registryId":"41216871","precision":"unknown","provider":"cartociudad"}},{"type":"Feature","geometry":{"type":"Point","coordinates":[-5.65669,40.97982]},"properties":{"id":"877","registryId":"41216874","precision":"unknown","provider":"cartociudad"}},{"type":"Feature","geometry":{"type":"Point","coordinates":[-5.66037,40.98335]},"properties":{"id":"878","registryId":"41216889","precision":"street","provider":"mapbox"}},{"type":"Feature","geometry":{"type":"Point","coordinates":[-5.66547,40.99309]},"properties":{"id":"879","registryId":"41216890","precision":"exact","provider":"mapbox"}},{"type":"Feature","geometry":{"type":"Point","coordinates":[-5.69929,40.9552]},"properties":{"id":"880","registryId":"41216891","precision":"street","provider":"mapbox"}},{"type":"Feature","geometry":{"type":"Point","coordinates":[-5.6739,40.97865]},"properties":{"id":"881","registryId":"41216891","precision":"unknown","provider":"cartociudad"}},{"type":"Feature","geometry":{"type":"Point","coordinates":[-5.65819,40.95028]},"properties":{"id":"882","registryId":"41216892","precision":"unknown","provider":"cartociudad"}},{"type":"Feature","geometry":{"type":"Point","coordinates":[-5.64646,40.98822]},"properties":{"id":"883","registryId":"41216893","precision":"street","provider":"mapbox"}},{"type":"Feature","geometry":{"type":"Point","coordinates":[-5.65763,40.96717]},"properties":{"id":"884","registryId":"41216894","precision":"unknown","provider":"cartociudad"}},{"type":"Feature","geometry":{"type":"Point","coordinates":[-5.66844,40.97559]},"properties":{"id":"885","registryId":"41216895","precision":"unknown","provider":"cartociudad"}},{"type":"Feature","geometry":{"type":"Point","coordinates":[-5.68339,40.95695]},"properties":{"id":"886","registryId":"41216896","precision":"street","provider":"local_osm"}},{"type":"Feature","geometry":{"type":"Point","coordinates":[-5.67888,40.96935]},"properties":{"id":"887","registryId":"41216897","precision":"unknown","provider":"cartociudad"}},{"type":"Feature","geometry":{"type":"Point","coordinates":[-5.67211,40.94709]},"properties":{"id":"888","registryId":"41216898","precision":"street","provider":"mapbox"}},{"type":"Feature","geometry":{"type":"Point","coordinates":[-5.65768,40.95169]},"properties":{"id":"889","registryId":"41216899","precision":"facility","provider":"local_osm"}},{"type":"Feature","geometry":{"type":"Point","coordinates":[-5.69563,40.95492]},"properties":{"id":"890","registryId":"41216900","precision":"unknown","provider":"cartociudad"}},{"type":"Feature","geometry":{"type":"Point","coordinates":[-5.67261,40.97148]},"properties":{"id":"891","registryId":"41296043","precision":"exact","provider":"mapbox"}},{"type":"Feature","geometry":{"type":"Point","coordinates":[-5.6773,40.96641]},"properties":{"id":"892","registryId":"41598000","precision":"street","provider":"nominatim"}},{"type":"Feature","geometry":{"type":"Point","coordinates":[-5.66059,40.98298]},"properties":{"id":"893","registryId":"41598002","precision":"unknown","provider":"cartociudad"}},{"type":"Feature","geometry":{"type":"Point","coordinates":[-5.67013,40.96058]},"properties":{"id":"894","registryId":"41598003","precision":"street","provider":"nominatim"}},{"type":"Feature","geometry":{"type":"Point","coordinates":[-5.76084,40.38513]},"properties":{"id":"895","registryId":"41598004","precision":"exact","provider":"mapbox"}},{"type":"Feature","geometry":{"type":"Point","coordinates":[-5.73539,41.51038]},"properties":{"id":"896","registryId":"41598005","precision":"exact","provider":"mapbox"}},{"type":"Feature","geometry":{"type":"Point","coordinates":[-5.67491,40.96463]},"properties":{"id":"897","registryId":"41598007","precision":"street","provider":"nominatim"}},{"type":"Feature","geometry":{"type":"Point","coordinates":[-5.66601,40.96133]},"properties":{"id":"898","registryId":"41598008","precision":"street","provider":"nominatim"}},{"type":"Feature","geometry":{"type":"Point","coordinates":[-5.67701,40.96815]},"properties":{"id":"899","registryId":"41598011","precision":"street","provider":"mapbox"}},{"type":"Feature","geometry":{"type":"Point","coordinates":[-5.66745,40.9614]},"properties":{"id":"900","registryId":"41598013","precision":"exact","provider":"mapbox"}},{"type":"Feature","geometry":{"type":"Point","coordinates":[-5.66047,40.95843]},"properties":{"id":"901","registryId":"41598018","precision":"unknown","provider":"cartociudad"}},{"type":"Feature","geometry":{"type":"Point","coordinates":[-4.68501,40.65252]},"properties":{"id":"902","registryId":"41598019","precision":"unknown","provider":"cartociudad"}},{"type":"Feature","geometry":{"type":"Point","coordinates":[-3.48795,42.93309]},"properties":{"id":"903","registryId":"41657361","precision":"unknown","provider":"cartociudad"}},{"type":"Feature","geometry":{"type":"Point","coordinates":[-3.65584,42.34584]},"properties":{"id":"904","registryId":"4178492","precision":"unknown","provider":"cartociudad"}},{"type":"Feature","geometry":{"type":"Point","coordinates":[-6.58119,42.55011]},"properties":{"id":"905","registryId":"4178684","precision":"street","provider":"nominatim"}},{"type":"Feature","geometry":{"type":"Point","coordinates":[-6.42075,42.61042]},"properties":{"id":"906","registryId":"4184914","precision":"street","provider":"mapbox"}},{"type":"Feature","geometry":{"type":"Point","coordinates":[-5.55489,42.57948]},"properties":{"id":"907","registryId":"41959550","precision":"street","provider":"mapbox"}},{"type":"Feature","geometry":{"type":"Point","coordinates":[-5.55489,42.57948]},"properties":{"id":"908","registryId":"41959550","precision":"street","provider":"mapbox"}},{"type":"Feature","geometry":{"type":"Point","coordinates":[-4.51212,41.95444]},"properties":{"id":"909","registryId":"41979809","precision":"facility","provider":"local_osm"}},{"type":"Feature","geometry":{"type":"Point","coordinates":[-3.72032,41.66441]},"properties":{"id":"910","registryId":"4206867","precision":"street","provider":"nominatim"}},{"type":"Feature","geometry":{"type":"Point","coordinates":[-3.72032,41.66441]},"properties":{"id":"911","registryId":"4206868","precision":"street","provider":"nominatim"}},{"type":"Feature","geometry":{"type":"Point","coordinates":[-3.72032,41.66441]},"properties":{"id":"912","registryId":"4206870","precision":"street","provider":"nominatim"}},{"type":"Feature","geometry":{"type":"Point","coordinates":[-4.53582,42.01319]},"properties":{"id":"913","registryId":"42126681","precision":"unknown","provider":"cartociudad"}},{"type":"Feature","geometry":{"type":"Point","coordinates":[-3.74237,42.04777]},"properties":{"id":"914","registryId":"42215823","precision":"exact","provider":"nominatim"}},{"type":"Feature","geometry":{"type":"Point","coordinates":[-5.66673,40.94962]},"properties":{"id":"915","registryId":"42280430","precision":"street","provider":"mapbox"}},{"type":"Feature","geometry":{"type":"Point","coordinates":[-3.69387,42.34687]},"properties":{"id":"916","registryId":"4228138","precision":"unknown","provider":"cartociudad"}},{"type":"Feature","geometry":{"type":"Point","coordinates":[-5.64993,40.95864]},"properties":{"id":"917","registryId":"42374904","precision":"unknown","provider":"cartociudad"}},{"type":"Feature","geometry":{"type":"Point","coordinates":[-5.65373,40.96268]},"properties":{"id":"918","registryId":"42374905","precision":"unknown","provider":"cartociudad"}},{"type":"Feature","geometry":{"type":"Point","coordinates":[-5.66123,40.97907]},"properties":{"id":"919","registryId":"42374906","precision":"unknown","provider":"cartociudad"}},{"type":"Feature","geometry":{"type":"Point","coordinates":[-5.66093,40.9712]},"properties":{"id":"920","registryId":"42374908","precision":"exact","provider":"cartociudad"}},{"type":"Feature","geometry":{"type":"Point","coordinates":[-5.66747,40.97875]},"properties":{"id":"921","registryId":"42374909","precision":"exact","provider":"nominatim"}},{"type":"Feature","geometry":{"type":"Point","coordinates":[-5.66245,40.95064]},"properties":{"id":"922","registryId":"42374910","precision":"street","provider":"mapbox"}},{"type":"Feature","geometry":{"type":"Point","coordinates":[-5.64907,40.97545]},"properties":{"id":"923","registryId":"42374911","precision":"unknown","provider":"cartociudad"}},{"type":"Feature","geometry":{"type":"Point","coordinates":[-5.66251,40.9693]},"properties":{"id":"924","registryId":"423774907","precision":"unknown","provider":"cartociudad"}},{"type":"Feature","geometry":{"type":"Point","coordinates":[-4.51247,41.94572]},"properties":{"id":"925","registryId":"42438501","precision":"street","provider":"nominatim"}},{"type":"Feature","geometry":{"type":"Point","coordinates":[-6.27097,41.2104]},"properties":{"id":"926","registryId":"42590088","precision":"street","provider":"nominatim"}},{"type":"Feature","geometry":{"type":"Point","coordinates":[-3.7342,42.37412]},"properties":{"id":"927","registryId":"42590090","precision":"street","provider":"mapbox"}},{"type":"Feature","geometry":{"type":"Point","coordinates":[-5.6616,40.96996]},"properties":{"id":"928","registryId":"42590104","precision":"unknown","provider":"cartociudad"}},{"type":"Feature","geometry":{"type":"Point","coordinates":[-5.64993,40.95864]},"properties":{"id":"929","registryId":"42593190","precision":"unknown","provider":"cartociudad"}},{"type":"Feature","geometry":{"type":"Point","coordinates":[-5.66755,40.9634]},"properties":{"id":"930","registryId":"42604918","precision":"street","provider":"nominatim"}},{"type":"Feature","geometry":{"type":"Point","coordinates":[-5.67701,40.96815]},"properties":{"id":"931","registryId":"42604926","precision":"street","provider":"mapbox"}},{"type":"Feature","geometry":{"type":"Point","coordinates":[-5.67047,40.96511]},"properties":{"id":"932","registryId":"42604927","precision":"unknown","provider":"cartociudad"}},{"type":"Feature","geometry":{"type":"Point","coordinates":[-5.66815,40.96024]},"properties":{"id":"933","registryId":"42604937","precision":"unknown","provider":"cartociudad"}},{"type":"Feature","geometry":{"type":"Point","coordinates":[-5.64993,40.95864]},"properties":{"id":"934","registryId":"42755186","precision":"unknown","provider":"cartociudad"}},{"type":"Feature","geometry":{"type":"Point","coordinates":[-5.64993,40.95864]},"properties":{"id":"935","registryId":"42885146","precision":"unknown","provider":"cartociudad"}},{"type":"Feature","geometry":{"type":"Point","coordinates":[-5.64993,40.95864]},"properties":{"id":"936","registryId":"42885148","precision":"unknown","provider":"cartociudad"}},{"type":"Feature","geometry":{"type":"Point","coordinates":[-4.52716,42.01336]},"properties":{"id":"937","registryId":"42SA00510001700051","precision":"street","provider":"nominatim"}},{"type":"Feature","geometry":{"type":"Point","coordinates":[-5.57699,42.55499]},"properties":{"id":"938","registryId":"42SO0005101700028","precision":"street","provider":"nominatim"}},{"type":"Feature","geometry":{"type":"Point","coordinates":[-5.57308,42.59898]},"properties":{"id":"939","registryId":"42SO005101700031","precision":"unknown","provider":"cartociudad"}},{"type":"Feature","geometry":{"type":"Point","coordinates":[-4.4102,40.59278]},"properties":{"id":"940","registryId":"43066288","precision":"unknown","provider":"cartociudad"}},{"type":"Feature","geometry":{"type":"Point","coordinates":[-3.80499,42.05124]},"properties":{"id":"941","registryId":"4327504","precision":"exact","provider":"mapbox"}},{"type":"Feature","geometry":{"type":"Point","coordinates":[-4.51557,42.00352]},"properties":{"id":"942","registryId":"43945610","precision":"unknown","provider":"cartociudad"}},{"type":"Feature","geometry":{"type":"Point","coordinates":[-3.72729,42.34244]},"properties":{"id":"943","registryId":"43SM105102100001","precision":"street","provider":"mapbox"}},{"type":"Feature","geometry":{"type":"Point","coordinates":[-3.6253,42.28794]},"properties":{"id":"944","registryId":"43SM105102100014","precision":"street","provider":"mapbox"}},{"type":"Feature","geometry":{"type":"Point","coordinates":[-3.72591,42.33925]},"properties":{"id":"945","registryId":"43SM105102100016","precision":"street","provider":"nominatim"}},{"type":"Feature","geometry":{"type":"Point","coordinates":[-3.6863,42.34506]},"properties":{"id":"946","registryId":"43SM105102100021","precision":"unknown","provider":"cartociudad"}},{"type":"Feature","geometry":{"type":"Point","coordinates":[-3.73087,42.34214]},"properties":{"id":"947","registryId":"43SM105102100024","precision":"unknown","provider":"cartociudad"}},{"type":"Feature","geometry":{"type":"Point","coordinates":[-3.72904,42.3415]},"properties":{"id":"948","registryId":"43SM10510210005","precision":"unknown","provider":"cartociudad"}},{"type":"Feature","geometry":{"type":"Point","coordinates":[-4.46013,40.38234]},"properties":{"id":"949","registryId":"4413649","precision":"street","provider":"nominatim"}},{"type":"Feature","geometry":{"type":"Point","coordinates":[-3.08768,42.93567]},"properties":{"id":"950","registryId":"44179445","precision":"facility","provider":"local_osm"}},{"type":"Feature","geometry":{"type":"Point","coordinates":[-4.70132,41.65611]},"properties":{"id":"951","registryId":"4422203","precision":"unknown","provider":"cartociudad"}},{"type":"Feature","geometry":{"type":"Point","coordinates":[-5.67717,42.00536]},"properties":{"id":"952","registryId":"44414575","precision":"street","provider":"nominatim"}},{"type":"Feature","geometry":{"type":"Point","coordinates":[-3.48677,42.94357]},"properties":{"id":"953","registryId":"44804250","precision":"street","provider":"nominatim"}},{"type":"Feature","geometry":{"type":"Point","coordinates":[-5.65456,40.97841]},"properties":{"id":"954","registryId":"44804255","precision":"unknown","provider":"cartociudad"}},{"type":"Feature","geometry":{"type":"Point","coordinates":[-4.74092,41.65178]},"properties":{"id":"955","registryId":"44SO003101500068","precision":"unknown","provider":"cartociudad"}},{"type":"Feature","geometry":{"type":"Point","coordinates":[-4.53398,42.00783]},"properties":{"id":"956","registryId":"44SO003101500070","precision":"unknown","provider":"cartociudad"}},{"type":"Feature","geometry":{"type":"Point","coordinates":[-5.65385,40.96306]},"properties":{"id":"957","registryId":"45141827","precision":"unknown","provider":"cartociudad"}},{"type":"Feature","geometry":{"type":"Point","coordinates":[-4.52439,42.01279]},"properties":{"id":"958","registryId":"451SD1113021","precision":"unknown","provider":"cartociudad"}},{"type":"Feature","geometry":{"type":"Point","coordinates":[-4.72437,41.65387]},"properties":{"id":"959","registryId":"453564140963","precision":"unknown","provider":"cartociudad"}},{"type":"Feature","geometry":{"type":"Point","coordinates":[-4.91976,41.30397]},"properties":{"id":"960","registryId":"45589814","precision":"unknown","provider":"cartociudad"}},{"type":"Feature","geometry":{"type":"Point","coordinates":[-3.66879,42.30284]},"properties":{"id":"961","registryId":"46046295","precision":"unknown","provider":"cartociudad"}},{"type":"Feature","geometry":{"type":"Point","coordinates":[-3.05889,42.71457]},"properties":{"id":"962","registryId":"46150940","precision":"exact","provider":"nominatim"}},{"type":"Feature","geometry":{"type":"Point","coordinates":[-4.47892,41.90533]},"properties":{"id":"963","registryId":"46517720","precision":"street","provider":"mapbox"}},{"type":"Feature","geometry":{"type":"Point","coordinates":[-5.66387,40.96544]},"properties":{"id":"964","registryId":"47356659","precision":"exact","provider":"cartociudad"}},{"type":"Feature","geometry":{"type":"Point","coordinates":[-5.67099,40.97187]},"properties":{"id":"965","registryId":"47471574","precision":"unknown","provider":"cartociudad"}},{"type":"Feature","geometry":{"type":"Point","coordinates":[-5.63805,40.97096]},"properties":{"id":"966","registryId":"47481654","precision":"unknown","provider":"cartociudad"}},{"type":"Feature","geometry":{"type":"Point","coordinates":[-5.6602,40.97029]},"properties":{"id":"967","registryId":"47765499","precision":"unknown","provider":"cartociudad"}},{"type":"Feature","geometry":{"type":"Point","coordinates":[-5.57781,42.59923]},"properties":{"id":"968","registryId":"47765505","precision":"unknown","provider":"cartociudad"}},{"type":"Feature","geometry":{"type":"Point","coordinates":[-4.26247,41.11622]},"properties":{"id":"969","registryId":"47770853","precision":"street","provider":"nominatim"}},{"type":"Feature","geometry":{"type":"Point","coordinates":[-3.66184,42.35542]},"properties":{"id":"970","registryId":"48160992","precision":"street","provider":"mapbox"}},{"type":"Feature","geometry":{"type":"Point","coordinates":[-5.56867,42.59104]},"properties":{"id":"971","registryId":"48162251","precision":"unknown","provider":"cartociudad"}},{"type":"Feature","geometry":{"type":"Point","coordinates":[-4.76737,41.62469]},"properties":{"id":"972","registryId":"48190973","precision":"street","provider":"nominatim"}},{"type":"Feature","geometry":{"type":"Point","coordinates":[-4.73958,41.63715]},"properties":{"id":"973","registryId":"48191197","precision":"unknown","provider":"cartociudad"}},{"type":"Feature","geometry":{"type":"Point","coordinates":[-3.08906,41.55565]},"properties":{"id":"974","registryId":"48212459","precision":"street","provider":"nominatim"}},{"type":"Feature","geometry":{"type":"Point","coordinates":[-4.73958,41.63715]},"properties":{"id":"975","registryId":"48236523","precision":"unknown","provider":"cartociudad"}},{"type":"Feature","geometry":{"type":"Point","coordinates":[-4.73958,41.63715]},"properties":{"id":"976","registryId":"48236523","precision":"unknown","provider":"cartociudad"}},{"type":"Feature","geometry":{"type":"Point","coordinates":[-5.65729,40.97341]},"properties":{"id":"977","registryId":"48756961","precision":"unknown","provider":"cartociudad"}},{"type":"Feature","geometry":{"type":"Point","coordinates":[-5.56532,42.60191]},"properties":{"id":"978","registryId":"48SA004111400019","precision":"unknown","provider":"cartociudad"}},{"type":"Feature","geometry":{"type":"Point","coordinates":[-4.68154,41.2838]},"properties":{"id":"979","registryId":"49896754","precision":"street","provider":"mapbox"}},{"type":"Feature","geometry":{"type":"Point","coordinates":[-2.46657,41.76353]},"properties":{"id":"980","registryId":"58999032605","precision":"unknown","provider":"cartociudad"}},{"type":"Feature","geometry":{"type":"Point","coordinates":[-3.11494,42.62593]},"properties":{"id":"981","registryId":"63945006517","precision":"street","provider":"nominatim"}},{"type":"Feature","geometry":{"type":"Point","coordinates":[-3.64664,42.3596]},"properties":{"id":"982","registryId":"73654004880","precision":"street","provider":"nominatim"}},{"type":"Feature","geometry":{"type":"Point","coordinates":[-5.55452,42.58014]},"properties":{"id":"983","registryId":"73654006203","precision":"exact","provider":"mapbox"}},{"type":"Feature","geometry":{"type":"Point","coordinates":[-6.76883,42.55367]},"properties":{"id":"984","registryId":"73944001888","precision":"site","provider":"local_osm"}},{"type":"Feature","geometry":{"type":"Point","coordinates":[-5.71117,42.98459]},"properties":{"id":"985","registryId":"73944003707","precision":"street","provider":"mapbox"}},{"type":"Feature","geometry":{"type":"Point","coordinates":[-4.7142,41.65173]},"properties":{"id":"986","registryId":"73944004173","precision":"unknown","provider":"cartociudad"}},{"type":"Feature","geometry":{"type":"Point","coordinates":[-5.66379,40.97022]},"properties":{"id":"987","registryId":"73944005792","precision":"facility","provider":"local_osm"}},{"type":"Feature","geometry":{"type":"Point","coordinates":[-4.72706,41.62771]},"properties":{"id":"988","registryId":"73944006538","precision":"unknown","provider":"cartociudad"}},{"type":"Feature","geometry":{"type":"Point","coordinates":[-3.68801,41.62945]},"properties":{"id":"989","registryId":"73944007654","precision":"street","provider":"mapbox"}},{"type":"Feature","geometry":{"type":"Point","coordinates":[-2.46951,41.76365]},"properties":{"id":"990","registryId":"73944101839","precision":"unknown","provider":"cartociudad"}},{"type":"Feature","geometry":{"type":"Point","coordinates":[-3.7443,42.36829]},"properties":{"id":"991","registryId":"73944102077","precision":"unknown","provider":"cartociudad"}},{"type":"Feature","geometry":{"type":"Point","coordinates":[-3.11494,42.62593]},"properties":{"id":"992","registryId":"73945006514","precision":"street","provider":"nominatim"}},{"type":"Feature","geometry":{"type":"Point","coordinates":[-3.11494,42.62593]},"properties":{"id":"993","registryId":"73945006519","precision":"street","provider":"nominatim"}},{"type":"Feature","geometry":{"type":"Point","coordinates":[-5.76891,41.3541]},"properties":{"id":"994","registryId":"822L-00616","precision":"street","provider":"nominatim"}},{"type":"Feature","geometry":{"type":"Point","coordinates":[-3.71066,41.55211]},"properties":{"id":"995","registryId":"850-600","precision":"exact","provider":"nominatim"}},{"type":"Feature","geometry":{"type":"Point","coordinates":[-4.09777,40.92926]},"properties":{"id":"996","registryId":"861304","precision":"unknown","provider":"cartociudad"}},{"type":"Feature","geometry":{"type":"Point","coordinates":[-5.54821,42.55827]},"properties":{"id":"997","registryId":"8900-0800","precision":"unknown","provider":"cartociudad"}},{"type":"Feature","geometry":{"type":"Point","coordinates":[-6.59739,42.56416]},"properties":{"id":"998","registryId":"901541","precision":"street","provider":"nominatim"}},{"type":"Feature","geometry":{"type":"Point","coordinates":[-3.53016,41.90607]},"properties":{"id":"999","registryId":"913DCF-E130","precision":"exact","provider":"nominatim"}},{"type":"Feature","geometry":{"type":"Point","coordinates":[-3.76841,41.98836]},"properties":{"id":"1000","registryId":"913DCF-E130","precision":"street","provider":"nominatim"}},{"type":"Feature","geometry":{"type":"Point","coordinates":[-3.70967,42.17354]},"properties":{"id":"1001","registryId":"913DCFE130","precision":"street","provider":"nominatim"}},{"type":"Feature","geometry":{"type":"Point","coordinates":[-3.69802,42.25877]},"properties":{"id":"1002","registryId":"913DCFEBO57/6","precision":"street","provider":"nominatim"}},{"type":"Feature","geometry":{"type":"Point","coordinates":[-5.79792,41.25084]},"properties":{"id":"1003","registryId":"9650-0301-10 Rev-J","precision":"unknown","provider":"cartociudad"}},{"type":"Feature","geometry":{"type":"Point","coordinates":[-4.59182,41.47447]},"properties":{"id":"1004","registryId":"9650-0301-10H","precision":"exact","provider":"mapbox"}},{"type":"Feature","geometry":{"type":"Point","coordinates":[-3.70148,42.20083]},"properties":{"id":"1005","registryId":"99403-000215","precision":"street","provider":"mapbox"}},{"type":"Feature","geometry":{"type":"Point","coordinates":[-4.72721,41.64522]},"properties":{"id":"1006","registryId":"9940300215","precision":"unknown","provider":"cartociudad"}},{"type":"Feature","geometry":{"type":"Point","coordinates":[40.90843,-4.00506]},"properties":{"id":"1007","registryId":"9A00060253","precision":"street","provider":"mapbox"}},{"type":"Feature","geometry":{"type":"Point","coordinates":[40.90843,-4.00506]},"properties":{"id":"1008","registryId":"9A00060280","precision":"street","provider":"mapbox"}},{"type":"Feature","geometry":{"type":"Point","coordinates":[-5.2191,41.30373]},"properties":{"id":"1009","registryId":"A-14B.00381","precision":"street","provider":"mapbox"}},{"type":"Feature","geometry":{"type":"Point","coordinates":[-4.45839,41.50838]},"properties":{"id":"1010","registryId":"A-14I-00197","precision":"exact","provider":"nominatim"}},{"type":"Feature","geometry":{"type":"Point","coordinates":[-5.73357,41.50828]},"properties":{"id":"1011","registryId":"A-16J-01673","precision":"street","provider":"nominatim"}},{"type":"Feature","geometry":{"type":"Point","coordinates":[-4.74125,41.63183]},"properties":{"id":"1012","registryId":"A-17A-05931","precision":"unknown","provider":"cartociudad"}},{"type":"Feature","geometry":{"type":"Point","coordinates":[-4.74415,41.64174]},"properties":{"id":"1013","registryId":"A-17B-05773","precision":"unknown","provider":"cartociudad"}},{"type":"Feature","geometry":{"type":"Point","coordinates":[-4.68463,41.68144]},"properties":{"id":"1014","registryId":"A-17D-09633","precision":"exact","provider":"mapbox"}},{"type":"Feature","geometry":{"type":"Point","coordinates":[-4.68727,41.68342]},"properties":{"id":"1015","registryId":"A-17D-09634","precision":"unknown","provider":"cartociudad"}},{"type":"Feature","geometry":{"type":"Point","coordinates":[-4.68727,41.68342]},"properties":{"id":"1016","registryId":"A-17D-09635","precision":"unknown","provider":"cartociudad"}},{"type":"Feature","geometry":{"type":"Point","coordinates":[-4.74753,41.62798]},"properties":{"id":"1017","registryId":"A-17E03877","precision":"unknown","provider":"cartociudad"}},{"type":"Feature","geometry":{"type":"Point","coordinates":[-4.739,41.63926]},"properties":{"id":"1018","registryId":"A-17L-07507","precision":"unknown","provider":"cartociudad"}},{"type":"Feature","geometry":{"type":"Point","coordinates":[-5.58505,42.59467]},"properties":{"id":"1019","registryId":"A-181-01974","precision":"street","provider":"nominatim"}},{"type":"Feature","geometry":{"type":"Point","coordinates":[-4.70557,41.55378]},"properties":{"id":"1020","registryId":"A-18105794","precision":"street","provider":"mapbox"}},{"type":"Feature","geometry":{"type":"Point","coordinates":[-5.10399,41.73065]},"properties":{"id":"1021","registryId":"A-18J-05582","precision":"street","provider":"nominatim"}},{"type":"Feature","geometry":{"type":"Point","coordinates":[-4.36457,41.63786]},"properties":{"id":"1022","registryId":"A-21D-05198","precision":"exact","provider":"nominatim"}},{"type":"Feature","geometry":{"type":"Point","coordinates":[-4.73208,41.63173]},"properties":{"id":"1023","registryId":"A04A-00579","precision":"unknown","provider":"cartociudad"}},{"type":"Feature","geometry":{"type":"Point","coordinates":[-4.73208,41.63173]},"properties":{"id":"1024","registryId":"A04A-00579","precision":"unknown","provider":"cartociudad"}},{"type":"Feature","geometry":{"type":"Point","coordinates":[-4.71975,41.67362]},"properties":{"id":"1026","registryId":"A08C-02858","precision":"unknown","provider":"cartociudad"}},{"type":"Feature","geometry":{"type":"Point","coordinates":[-4.71975,41.67362]},"properties":{"id":"1027","registryId":"A08C-02858","precision":"unknown","provider":"cartociudad"}},{"type":"Feature","geometry":{"type":"Point","coordinates":[-4.74757,41.63548]},"properties":{"id":"1028","registryId":"A08D-05074","precision":"street","provider":"nominatim"}},{"type":"Feature","geometry":{"type":"Point","coordinates":[-4.76009,41.62102]},"properties":{"id":"1029","registryId":"A08E-02533","precision":"street","provider":"mapbox"}},{"type":"Feature","geometry":{"type":"Point","coordinates":[-4.76009,41.62102]},"properties":{"id":"1030","registryId":"A08E-05143","precision":"street","provider":"mapbox"}},{"type":"Feature","geometry":{"type":"Point","coordinates":[-4.68471,41.61194]},"properties":{"id":"1031","registryId":"A08F-01634","precision":"unknown","provider":"cartociudad"}},{"type":"Feature","geometry":{"type":"Point","coordinates":[-5.0136,40.26149]},"properties":{"id":"1032","registryId":"A08H-02764","precision":"street","provider":"mapbox"}},{"type":"Feature","geometry":{"type":"Point","coordinates":[-4.7296,41.58285]},"properties":{"id":"1033","registryId":"A08J-01432","precision":"exact","provider":"mapbox"}},{"type":"Feature","geometry":{"type":"Point","coordinates":[-4.72394,41.5884]},"properties":{"id":"1034","registryId":"A08J01603","precision":"exact","provider":"nominatim"}},{"type":"Feature","geometry":{"type":"Point","coordinates":[-2.46559,41.76097]},"properties":{"id":"1035","registryId":"A08L-01207","precision":"street","provider":"mapbox"}},{"type":"Feature","geometry":{"type":"Point","coordinates":[-5.65632,40.94112]},"properties":{"id":"1036","registryId":"A08L-01437","precision":"unknown","provider":"cartociudad"}},{"type":"Feature","geometry":{"type":"Point","coordinates":[-5.65721,40.9443]},"properties":{"id":"1037","registryId":"A09C-05847","precision":"exact","provider":"mapbox"}},{"type":"Feature","geometry":{"type":"Point","coordinates":[-5.39497,41.01017]},"properties":{"id":"1038","registryId":"A09F-06429","precision":"street","provider":"mapbox"}},{"type":"Feature","geometry":{"type":"Point","coordinates":[-5.55728,42.59123]},"properties":{"id":"1039","registryId":"A09G-02385","precision":"unknown","provider":"cartociudad"}},{"type":"Feature","geometry":{"type":"Point","coordinates":[-5.65289,40.94638]},"properties":{"id":"1040","registryId":"A09J-05172","precision":"street","provider":"nominatim"}},{"type":"Feature","geometry":{"type":"Point","coordinates":[-5.54523,40.94459]},"properties":{"id":"1041","registryId":"A10C-03348","precision":"street","provider":"mapbox"}},{"type":"Feature","geometry":{"type":"Point","coordinates":[-6.6037,42.55659]},"properties":{"id":"1042","registryId":"A10C-04782","precision":"exact","provider":"nominatim"}},{"type":"Feature","geometry":{"type":"Point","coordinates":[-4.66434,41.42836]},"properties":{"id":"1043","registryId":"A10C-04924","precision":"street","provider":"mapbox"}},{"type":"Feature","geometry":{"type":"Point","coordinates":[-4.72208,41.59643]},"properties":{"id":"1044","registryId":"A10C04772","precision":"street","provider":"mapbox"}},{"type":"Feature","geometry":{"type":"Point","coordinates":[-5.64387,42.58438]},"properties":{"id":"1045","registryId":"A10C04782","precision":"street","provider":"mapbox"}},{"type":"Feature","geometry":{"type":"Point","coordinates":[-3.63089,42.3439]},"properties":{"id":"1046","registryId":"A10C04902","precision":"street","provider":"mapbox"}},{"type":"Feature","geometry":{"type":"Point","coordinates":[-4.74433,41.62206]},"properties":{"id":"1047","registryId":"A10H-02592","precision":"unknown","provider":"cartociudad"}},{"type":"Feature","geometry":{"type":"Point","coordinates":[-4.53673,42.00949]},"properties":{"id":"1048","registryId":"A10K-00690","precision":"unknown","provider":"cartociudad"}},{"type":"Feature","geometry":{"type":"Point","coordinates":[-5.77563,40.38795]},"properties":{"id":"1049","registryId":"A10L-00892","precision":"exact","provider":"nominatim"}},{"type":"Feature","geometry":{"type":"Point","coordinates":[-4.7494,41.6121]},"properties":{"id":"1050","registryId":"A10L-02315","precision":"street","provider":"mapbox"}},{"type":"Feature","geometry":{"type":"Point","coordinates":[-4.5642,41.82859]},"properties":{"id":"1052","registryId":"A1156","precision":"street","provider":"nominatim"}},{"type":"Feature","geometry":{"type":"Point","coordinates":[-4.74305,41.61986]},"properties":{"id":"1053","registryId":"A11A-00099","precision":"street","provider":"nominatim"}},{"type":"Feature","geometry":{"type":"Point","coordinates":[-4.70186,41.66361]},"properties":{"id":"1054","registryId":"A11B-04070","precision":"unknown","provider":"cartociudad"}},{"type":"Feature","geometry":{"type":"Point","coordinates":[-4.69663,40.64405]},"properties":{"id":"1055","registryId":"A11B-04624","precision":"unknown","provider":"cartociudad"}},{"type":"Feature","geometry":{"type":"Point","coordinates":[-4.68494,40.64747]},"properties":{"id":"1056","registryId":"A11B04123","precision":"unknown","provider":"cartociudad"}},{"type":"Feature","geometry":{"type":"Point","coordinates":[-4.13014,40.9524]},"properties":{"id":"1057","registryId":"A11C04666","precision":"street","provider":"mapbox"}},{"type":"Feature","geometry":{"type":"Point","coordinates":[-4.68801,40.66916]},"properties":{"id":"1058","registryId":"A11D-00812","precision":"unknown","provider":"cartociudad"}},{"type":"Feature","geometry":{"type":"Point","coordinates":[-4.71754,41.65671]},"properties":{"id":"1059","registryId":"A11H-04071","precision":"unknown","provider":"cartociudad"}},{"type":"Feature","geometry":{"type":"Point","coordinates":[-4.72844,41.59082]},"properties":{"id":"1060","registryId":"A11H-04146","precision":"unknown","provider":"cartociudad"}},{"type":"Feature","geometry":{"type":"Point","coordinates":[-2.46803,41.76936]},"properties":{"id":"1061","registryId":"A11H-06534","precision":"street","provider":"mapbox"}},{"type":"Feature","geometry":{"type":"Point","coordinates":[-2.90878,42.69172]},"properties":{"id":"1062","registryId":"A11H-06636","precision":"street","provider":"nominatim"}},{"type":"Feature","geometry":{"type":"Point","coordinates":[-2.47027,41.76545]},"properties":{"id":"1063","registryId":"A11H-06723","precision":"unknown","provider":"cartociudad"}},{"type":"Feature","geometry":{"type":"Point","coordinates":[-4.68695,40.65957]},"properties":{"id":"1064","registryId":"A11H-06733","precision":"street","provider":"mapbox"}},{"type":"Feature","geometry":{"type":"Point","coordinates":[-4.77638,41.91725]},"properties":{"id":"1065","registryId":"A11H-07329","precision":"street","provider":"mapbox"}},{"type":"Feature","geometry":{"type":"Point","coordinates":[-6.7432,42.02821]},"properties":{"id":"1066","registryId":"A11H-07357","precision":"street","provider":"mapbox"}},{"type":"Feature","geometry":{"type":"Point","coordinates":[-5.95265,41.68485]},"properties":{"id":"1069","registryId":"A11H-07389","precision":"street","provider":"mapbox"}},{"type":"Feature","geometry":{"type":"Point","coordinates":[-5.95265,41.68485]},"properties":{"id":"1072","registryId":"A11H-07422","precision":"street","provider":"mapbox"}},{"type":"Feature","geometry":{"type":"Point","coordinates":[-3.31366,42.40509]},"properties":{"id":"1073","registryId":"A11H-07427","precision":"street","provider":"mapbox"}},{"type":"Feature","geometry":{"type":"Point","coordinates":[-4.73379,41.0782]},"properties":{"id":"1074","registryId":"A11H-07434","precision":"street","provider":"mapbox"}},{"type":"Feature","geometry":{"type":"Point","coordinates":[-2.53823,41.48758]},"properties":{"id":"1076","registryId":"A11H05825","precision":"street","provider":"nominatim"}},{"type":"Feature","geometry":{"type":"Point","coordinates":[-3.69628,42.34116]},"properties":{"id":"1077","registryId":"A11K-04312","precision":"unknown","provider":"cartociudad"}},{"type":"Feature","geometry":{"type":"Point","coordinates":[-4.76737,41.62469]},"properties":{"id":"1078","registryId":"A121-03328","precision":"street","provider":"nominatim"}},{"type":"Feature","geometry":{"type":"Point","coordinates":[-4.74513,41.64289]},"properties":{"id":"1079","registryId":"A12B-01356","precision":"unknown","provider":"cartociudad"}},{"type":"Feature","geometry":{"type":"Point","coordinates":[-4.74513,41.64289]},"properties":{"id":"1080","registryId":"A12B-01356","precision":"unknown","provider":"cartociudad"}},{"type":"Feature","geometry":{"type":"Point","coordinates":[-2.94568,42.68668]},"properties":{"id":"1081","registryId":"A12B02337","precision":"unknown","provider":"cartociudad"}},{"type":"Feature","geometry":{"type":"Point","coordinates":[-4.71583,41.62656]},"properties":{"id":"1082","registryId":"A12C03429","precision":"unknown","provider":"cartociudad"}},{"type":"Feature","geometry":{"type":"Point","coordinates":[-4.57902,41.34337]},"properties":{"id":"1083","registryId":"A12D-01702","precision":"street","provider":"mapbox"}},{"type":"Feature","geometry":{"type":"Point","coordinates":[-2.91543,42.69243]},"properties":{"id":"1084","registryId":"A12D-50276","precision":"street","provider":"nominatim"}},{"type":"Feature","geometry":{"type":"Point","coordinates":[-4.70557,41.55378]},"properties":{"id":"1085","registryId":"A12J-02076","precision":"street","provider":"mapbox"}},{"type":"Feature","geometry":{"type":"Point","coordinates":[-2.92089,42.68625]},"properties":{"id":"1086","registryId":"A12L-00654","precision":"street","provider":"mapbox"}},{"type":"Feature","geometry":{"type":"Point","coordinates":[-4.77806,41.62439]},"properties":{"id":"1088","registryId":"A13I-07822","precision":"street","provider":"nominatim"}},{"type":"Feature","geometry":{"type":"Point","coordinates":[-6.58666,42.54114]},"properties":{"id":"1089","registryId":"A14A-00841","precision":"street","provider":"nominatim"}},{"type":"Feature","geometry":{"type":"Point","coordinates":[-5.40753,41.37826]},"properties":{"id":"1090","registryId":"A14A-01988","precision":"street","provider":"mapbox"}},{"type":"Feature","geometry":{"type":"Point","coordinates":[-5.02351,41.30593]},"properties":{"id":"1091","registryId":"A14B-00318","precision":"street","provider":"nominatim"}},{"type":"Feature","geometry":{"type":"Point","coordinates":[-4.71747,41.65428]},"properties":{"id":"1092","registryId":"A14B-00341","precision":"unknown","provider":"cartociudad"}},{"type":"Feature","geometry":{"type":"Point","coordinates":[-4.84462,41.654]},"properties":{"id":"1093","registryId":"A14B-00428","precision":"street","provider":"mapbox"}},{"type":"Feature","geometry":{"type":"Point","coordinates":[-4.91055,41.29648]},"properties":{"id":"1094","registryId":"A14B-06604","precision":"unknown","provider":"cartociudad"}},{"type":"Feature","geometry":{"type":"Point","coordinates":[-4.91055,41.29648]},"properties":{"id":"1095","registryId":"A14B-06622","precision":"unknown","provider":"cartociudad"}},{"type":"Feature","geometry":{"type":"Point","coordinates":[-6.61771,42.54372]},"properties":{"id":"1096","registryId":"A14B-06691","precision":"street","provider":"mapbox"}},{"type":"Feature","geometry":{"type":"Point","coordinates":[-6.5985,42.55644]},"properties":{"id":"1097","registryId":"A14B-06694","precision":"street","provider":"mapbox"}},{"type":"Feature","geometry":{"type":"Point","coordinates":[-3.621,42.36457]},"properties":{"id":"1099","registryId":"A14H-07658","precision":"street","provider":"mapbox"}},{"type":"Feature","geometry":{"type":"Point","coordinates":[-5.5776,42.59136]},"properties":{"id":"1100","registryId":"A14H-07659","precision":"street","provider":"mapbox"}},{"type":"Feature","geometry":{"type":"Point","coordinates":[-5.5776,42.59136]},"properties":{"id":"1101","registryId":"A14H-07659","precision":"street","provider":"mapbox"}},{"type":"Feature","geometry":{"type":"Point","coordinates":[-4.00578,40.89843]},"properties":{"id":"1102","registryId":"A14H-09429","precision":"street","provider":"nominatim"}},{"type":"Feature","geometry":{"type":"Point","coordinates":[-4.36223,41.6238]},"properties":{"id":"1103","registryId":"A14I-06594","precision":"street","provider":"nominatim"}},{"type":"Feature","geometry":{"type":"Point","coordinates":[-4.71583,41.62656]},"properties":{"id":"1104","registryId":"A14I00164","precision":"unknown","provider":"cartociudad"}},{"type":"Feature","geometry":{"type":"Point","coordinates":[-4.68926,41.69662]},"properties":{"id":"1105","registryId":"A14J-04031","precision":"exact","provider":"nominatim"}},{"type":"Feature","geometry":{"type":"Point","coordinates":[-4.68668,41.6926]},"properties":{"id":"1106","registryId":"A14J-04032","precision":"facility","provider":"local_osm"}},{"type":"Feature","geometry":{"type":"Point","coordinates":[-4.82003,41.58804]},"properties":{"id":"1107","registryId":"A14J-04201","precision":"street","provider":"mapbox"}},{"type":"Feature","geometry":{"type":"Point","coordinates":[-4.31658,41.51021]},"properties":{"id":"1108","registryId":"A14J-04870","precision":"exact","provider":"nominatim"}},{"type":"Feature","geometry":{"type":"Point","coordinates":[-3.74082,42.36884]},"properties":{"id":"1109","registryId":"A14J-05509","precision":"unknown","provider":"cartociudad"}},{"type":"Feature","geometry":{"type":"Point","coordinates":[-2.2058,41.7824]},"properties":{"id":"1111","registryId":"A15D-00838","precision":"street","provider":"mapbox"}},{"type":"Feature","geometry":{"type":"Point","coordinates":[-4.69558,40.65452]},"properties":{"id":"1112","registryId":"A15D-04572","precision":"unknown","provider":"cartociudad"}},{"type":"Feature","geometry":{"type":"Point","coordinates":[-5.4665,42.25432]},"properties":{"id":"1113","registryId":"A15D-05418","precision":"street","provider":"mapbox"}},{"type":"Feature","geometry":{"type":"Point","coordinates":[-4.73136,41.65251]},"properties":{"id":"1114","registryId":"A15F-03825","precision":"unknown","provider":"cartociudad"}},{"type":"Feature","geometry":{"type":"Point","coordinates":[-5.56495,42.58395]},"properties":{"id":"1115","registryId":"A15G-10107","precision":"unknown","provider":"cartociudad"}},{"type":"Feature","geometry":{"type":"Point","coordinates":[-4.73947,41.63618]},"properties":{"id":"1116","registryId":"A15G-12114","precision":"street","provider":"nominatim"}},{"type":"Feature","geometry":{"type":"Point","coordinates":[-5.65611,40.9798]},"properties":{"id":"1117","registryId":"A15J-06247","precision":"unknown","provider":"cartociudad"}},{"type":"Feature","geometry":{"type":"Point","coordinates":[-5.65561,40.96765]},"properties":{"id":"1118","registryId":"A15J-06297","precision":"street","provider":"nominatim"}},{"type":"Feature","geometry":{"type":"Point","coordinates":[-4.70421,40.66106]},"properties":{"id":"1119","registryId":"A15K-09667","precision":"unknown","provider":"cartociudad"}},{"type":"Feature","geometry":{"type":"Point","coordinates":[-2.46688,41.76244]},"properties":{"id":"1120","registryId":"A16A-01607","precision":"unknown","provider":"cartociudad"}},{"type":"Feature","geometry":{"type":"Point","coordinates":[-4.9154,41.31224]},"properties":{"id":"1121","registryId":"A16B-04901","precision":"exact","provider":"nominatim"}},{"type":"Feature","geometry":{"type":"Point","coordinates":[-4.90919,41.30068]},"properties":{"id":"1122","registryId":"A16B-04901","precision":"exact","provider":"nominatim"}},{"type":"Feature","geometry":{"type":"Point","coordinates":[-4.70924,41.63802]},"properties":{"id":"1123","registryId":"A16D-03544","precision":"exact","provider":"cartociudad"}},{"type":"Feature","geometry":{"type":"Point","coordinates":[-4.70924,41.63802]},"properties":{"id":"1124","registryId":"A16D-03545","precision":"exact","provider":"cartociudad"}},{"type":"Feature","geometry":{"type":"Point","coordinates":[-2.48259,41.7835]},"properties":{"id":"1125","registryId":"A16D-03587","precision":"street","provider":"mapbox"}},{"type":"Feature","geometry":{"type":"Point","coordinates":[-6.60406,42.54986]},"properties":{"id":"1127","registryId":"A16E-04308","precision":"unknown","provider":"cartociudad"}},{"type":"Feature","geometry":{"type":"Point","coordinates":[-4.77693,40.67364]},"properties":{"id":"1128","registryId":"A16E-07421","precision":"street","provider":"mapbox"}},{"type":"Feature","geometry":{"type":"Point","coordinates":[-4.7685,40.70696]},"properties":{"id":"1129","registryId":"A16E-07421","precision":"street","provider":"mapbox"}},{"type":"Feature","geometry":{"type":"Point","coordinates":[-3.68987,41.6653]},"properties":{"id":"1130","registryId":"A16J-05713","precision":"street","provider":"nominatim"}},{"type":"Feature","geometry":{"type":"Point","coordinates":[-5.75461,41.51284]},"properties":{"id":"1131","registryId":"A16K-04751","precision":"street","provider":"mapbox"}},{"type":"Feature","geometry":{"type":"Point","coordinates":[-5.73709,41.50342]},"properties":{"id":"1132","registryId":"A16K-04753","precision":"unknown","provider":"cartociudad"}},{"type":"Feature","geometry":{"type":"Point","coordinates":[-5.74605,41.5106]},"properties":{"id":"1133","registryId":"A16K-04754","precision":"street","provider":"nominatim"}},{"type":"Feature","geometry":{"type":"Point","coordinates":[-5.74247,41.48368]},"properties":{"id":"1134","registryId":"A16K-09752","precision":"street","provider":"mapbox"}},{"type":"Feature","geometry":{"type":"Point","coordinates":[-4.72587,41.61841]},"properties":{"id":"1135","registryId":"A16K-09912","precision":"street","provider":"mapbox"}},{"type":"Feature","geometry":{"type":"Point","coordinates":[-5.74386,41.51047]},"properties":{"id":"1136","registryId":"A17-B02467","precision":"unknown","provider":"cartociudad"}},{"type":"Feature","geometry":{"type":"Point","coordinates":[-3.71001,42.36998]},"properties":{"id":"1137","registryId":"A17A-06112","precision":"unknown","provider":"cartociudad"}},{"type":"Feature","geometry":{"type":"Point","coordinates":[-3.68819,42.34409]},"properties":{"id":"1138","registryId":"A17B-01984","precision":"unknown","provider":"cartociudad"}},{"type":"Feature","geometry":{"type":"Point","coordinates":[-4.65394,40.63642]},"properties":{"id":"1139","registryId":"A17B-019999","precision":"street","provider":"nominatim"}},{"type":"Feature","geometry":{"type":"Point","coordinates":[-1.98379,41.78156]},"properties":{"id":"1140","registryId":"A17B-05810","precision":"street","provider":"mapbox"}},{"type":"Feature","geometry":{"type":"Point","coordinates":[-3.56547,42.3328]},"properties":{"id":"1141","registryId":"A17C-06804","precision":"street","provider":"mapbox"}},{"type":"Feature","geometry":{"type":"Point","coordinates":[-5.58875,42.5316]},"properties":{"id":"1142","registryId":"A17D-01034","precision":"street","provider":"mapbox"}},{"type":"Feature","geometry":{"type":"Point","coordinates":[-2.48259,41.7835]},"properties":{"id":"1143","registryId":"A17D-01303","precision":"street","provider":"mapbox"}},{"type":"Feature","geometry":{"type":"Point","coordinates":[-4.68463,41.68144]},"properties":{"id":"1144","registryId":"A17D-09636","precision":"exact","provider":"mapbox"}},{"type":"Feature","geometry":{"type":"Point","coordinates":[-4.7801,41.66121]},"properties":{"id":"1145","registryId":"A17D-09651","precision":"street","provider":"nominatim"}},{"type":"Feature","geometry":{"type":"Point","coordinates":[-5.0136,40.26149]},"properties":{"id":"1146","registryId":"A17D-09706","precision":"street","provider":"mapbox"}},{"type":"Feature","geometry":{"type":"Point","coordinates":[-3.69291,41.67263]},"properties":{"id":"1147","registryId":"A17D-10145","precision":"street","provider":"mapbox"}},{"type":"Feature","geometry":{"type":"Point","coordinates":[-3.71178,41.65489]},"properties":{"id":"1148","registryId":"A17D-10278","precision":"street","provider":"nominatim"}},{"type":"Feature","geometry":{"type":"Point","coordinates":[-5.95402,42.11753]},"properties":{"id":"1149","registryId":"A17E-10156","precision":"street","provider":"nominatim"}},{"type":"Feature","geometry":{"type":"Point","coordinates":[-4.30841,40.74447]},"properties":{"id":"1150","registryId":"A17F-05478","precision":"street","provider":"mapbox"}},{"type":"Feature","geometry":{"type":"Point","coordinates":[-4.24005,40.71907]},"properties":{"id":"1151","registryId":"A17F-05497","precision":"street","provider":"mapbox"}},{"type":"Feature","geometry":{"type":"Point","coordinates":[-5.75886,42.52643]},"properties":{"id":"1152","registryId":"A17F-06026","precision":"exact","provider":"mapbox"}},{"type":"Feature","geometry":{"type":"Point","coordinates":[-4.76838,41.63994]},"properties":{"id":"1153","registryId":"A17G-00395","precision":"unknown","provider":"cartociudad"}},{"type":"Feature","geometry":{"type":"Point","coordinates":[-5.68519,41.48984]},"properties":{"id":"1154","registryId":"A17G-01105","precision":"street","provider":"mapbox"}},{"type":"Feature","geometry":{"type":"Point","coordinates":[-5.38848,41.52547]},"properties":{"id":"1155","registryId":"A17G-01121","precision":"street","provider":"nominatim"}},{"type":"Feature","geometry":{"type":"Point","coordinates":[-4.7494,41.6121]},"properties":{"id":"1156","registryId":"A17G-01264","precision":"street","provider":"mapbox"}},{"type":"Feature","geometry":{"type":"Point","coordinates":[-4.19404,41.49155]},"properties":{"id":"1157","registryId":"A17G01122","precision":"exact","provider":"nominatim"}},{"type":"Feature","geometry":{"type":"Point","coordinates":[-4.72587,41.61841]},"properties":{"id":"1158","registryId":"A17L-05790","precision":"street","provider":"mapbox"}},{"type":"Feature","geometry":{"type":"Point","coordinates":[-4.74105,41.65387]},"properties":{"id":"1159","registryId":"A17L-05808","precision":"unknown","provider":"cartociudad"}},{"type":"Feature","geometry":{"type":"Point","coordinates":[-5.65396,40.96247]},"properties":{"id":"1160","registryId":"A17L-05830","precision":"unknown","provider":"cartociudad"}},{"type":"Feature","geometry":{"type":"Point","coordinates":[-4.75337,41.6421]},"properties":{"id":"1161","registryId":"A17L-05835","precision":"street","provider":"mapbox"}},{"type":"Feature","geometry":{"type":"Point","coordinates":[-5.55962,42.5885]},"properties":{"id":"1162","registryId":"A17L-05837","precision":"street","provider":"mapbox"}},{"type":"Feature","geometry":{"type":"Point","coordinates":[-5.73935,41.50678]},"properties":{"id":"1163","registryId":"A17L-05841","precision":"exact","provider":"nominatim"}},{"type":"Feature","geometry":{"type":"Point","coordinates":[-4.53036,42.01216]},"properties":{"id":"1164","registryId":"A17L-05844","precision":"unknown","provider":"cartociudad"}},{"type":"Feature","geometry":{"type":"Point","coordinates":[-4.75337,41.6421]},"properties":{"id":"1165","registryId":"A17L-05851","precision":"street","provider":"mapbox"}},{"type":"Feature","geometry":{"type":"Point","coordinates":[-3.68664,42.34714]},"properties":{"id":"1166","registryId":"A17L-05853","precision":"unknown","provider":"cartociudad"}},{"type":"Feature","geometry":{"type":"Point","coordinates":[-4.73922,41.64853]},"properties":{"id":"1167","registryId":"A17L-05854","precision":"unknown","provider":"cartociudad"}},{"type":"Feature","geometry":{"type":"Point","coordinates":[-4.72683,41.65084]},"properties":{"id":"1168","registryId":"A17L-05855","precision":"unknown","provider":"cartociudad"}},{"type":"Feature","geometry":{"type":"Point","coordinates":[-4.73407,41.64445]},"properties":{"id":"1169","registryId":"A17L-05862","precision":"unknown","provider":"cartociudad"}},{"type":"Feature","geometry":{"type":"Point","coordinates":[-4.52128,41.20654]},"properties":{"id":"1170","registryId":"A17L-05969","precision":"street","provider":"mapbox"}},{"type":"Feature","geometry":{"type":"Point","coordinates":[-5.59732,41.98864]},"properties":{"id":"1171","registryId":"A17L-07498","precision":"street","provider":"mapbox"}},{"type":"Feature","geometry":{"type":"Point","coordinates":[-4.70557,41.55378]},"properties":{"id":"1172","registryId":"A17L-07502","precision":"street","provider":"mapbox"}},{"type":"Feature","geometry":{"type":"Point","coordinates":[-4.739,41.63926]},"properties":{"id":"1173","registryId":"A17L-07507","precision":"unknown","provider":"cartociudad"}},{"type":"Feature","geometry":{"type":"Point","coordinates":[-4.26227,42.79312]},"properties":{"id":"1174","registryId":"A17L-07509","precision":"exact","provider":"nominatim"}},{"type":"Feature","geometry":{"type":"Point","coordinates":[-4.50432,41.17864]},"properties":{"id":"1175","registryId":"A17L-07515","precision":"street","provider":"mapbox"}},{"type":"Feature","geometry":{"type":"Point","coordinates":[-2.46696,41.75692]},"properties":{"id":"1176","registryId":"A17L-10386","precision":"street","provider":"mapbox"}},{"type":"Feature","geometry":{"type":"Point","coordinates":[-2.48259,41.7835]},"properties":{"id":"1177","registryId":"A17L-11012","precision":"street","provider":"mapbox"}},{"type":"Feature","geometry":{"type":"Point","coordinates":[-4.49861,41.93011]},"properties":{"id":"1178","registryId":"A17L03444","precision":"street","provider":"mapbox"}},{"type":"Feature","geometry":{"type":"Point","coordinates":[-4.30841,40.74447]},"properties":{"id":"1179","registryId":"A18A-08042","precision":"street","provider":"mapbox"}},{"type":"Feature","geometry":{"type":"Point","coordinates":[-5.80768,42.49361]},"properties":{"id":"1180","registryId":"A18A-08058","precision":"street","provider":"mapbox"}},{"type":"Feature","geometry":{"type":"Point","coordinates":[-5.75886,42.52643]},"properties":{"id":"1181","registryId":"A18A-08299","precision":"exact","provider":"mapbox"}},{"type":"Feature","geometry":{"type":"Point","coordinates":[-5.57498,42.60069]},"properties":{"id":"1182","registryId":"A18A-08375","precision":"unknown","provider":"cartociudad"}},{"type":"Feature","geometry":{"type":"Point","coordinates":[-2.48274,41.78358]},"properties":{"id":"1183","registryId":"A18A-08433","precision":"exact","provider":"mapbox"}},{"type":"Feature","geometry":{"type":"Point","coordinates":[-4.72352,41.65578]},"properties":{"id":"1184","registryId":"A18A-13691","precision":"unknown","provider":"cartociudad"}},{"type":"Feature","geometry":{"type":"Point","coordinates":[-5.64829,40.97253]},"properties":{"id":"1185","registryId":"A18A-13931","precision":"unknown","provider":"cartociudad"}},{"type":"Feature","geometry":{"type":"Point","coordinates":[-5.64829,40.97253]},"properties":{"id":"1186","registryId":"A18A-13931","precision":"unknown","provider":"cartociudad"}},{"type":"Feature","geometry":{"type":"Point","coordinates":[-4.10814,40.92999]},"properties":{"id":"1187","registryId":"A18A-13932","precision":"street","provider":"nominatim"}},{"type":"Feature","geometry":{"type":"Point","coordinates":[-4.65834,40.66855]},"properties":{"id":"1188","registryId":"A18A-13983","precision":"unknown","provider":"cartociudad"}},{"type":"Feature","geometry":{"type":"Point","coordinates":[-4.76622,40.70667]},"properties":{"id":"1189","registryId":"A18A-13983","precision":"unknown","provider":"cartociudad"}},{"type":"Feature","geometry":{"type":"Point","coordinates":[-2.46785,41.76699]},"properties":{"id":"1190","registryId":"A18A-13992","precision":"street","provider":"mapbox"}},{"type":"Feature","geometry":{"type":"Point","coordinates":[-4.57902,41.34337]},"properties":{"id":"1191","registryId":"A18A-13998","precision":"street","provider":"mapbox"}},{"type":"Feature","geometry":{"type":"Point","coordinates":[-2.48899,41.77198]},"properties":{"id":"1192","registryId":"A18A-13999","precision":"street","provider":"mapbox"}},{"type":"Feature","geometry":{"type":"Point","coordinates":[-4.52788,42.01972]},"properties":{"id":"1193","registryId":"A18B-08526","precision":"unknown","provider":"cartociudad"}},{"type":"Feature","geometry":{"type":"Point","coordinates":[-5.5664,42.59913]},"properties":{"id":"1195","registryId":"A18D-00669","precision":"street","provider":"nominatim"}},{"type":"Feature","geometry":{"type":"Point","coordinates":[-4.72062,41.65184]},"properties":{"id":"1196","registryId":"A18D-01826","precision":"unknown","provider":"cartociudad"}},{"type":"Feature","geometry":{"type":"Point","coordinates":[-5.56006,42.60515]},"properties":{"id":"1197","registryId":"A18D-03982","precision":"street","provider":"nominatim"}},{"type":"Feature","geometry":{"type":"Point","coordinates":[-5.31911,42.86398]},"properties":{"id":"1198","registryId":"A18D-08291","precision":"street","provider":"nominatim"}},{"type":"Feature","geometry":{"type":"Point","coordinates":[-5.57219,42.59671]},"properties":{"id":"1199","registryId":"A18D-08459","precision":"unknown","provider":"cartociudad"}},{"type":"Feature","geometry":{"type":"Point","coordinates":[-5.57219,42.59671]},"properties":{"id":"1200","registryId":"A18D-08459","precision":"unknown","provider":"cartociudad"}},{"type":"Feature","geometry":{"type":"Point","coordinates":[-4.52788,42.01972]},"properties":{"id":"1201","registryId":"A18D-08526","precision":"unknown","provider":"cartociudad"}},{"type":"Feature","geometry":{"type":"Point","coordinates":[-5.57055,42.61719]},"properties":{"id":"1202","registryId":"A18D-08690","precision":"street","provider":"mapbox"}},{"type":"Feature","geometry":{"type":"Point","coordinates":[-5.65611,40.9798]},"properties":{"id":"1203","registryId":"A18D09245","precision":"unknown","provider":"cartociudad"}},{"type":"Feature","geometry":{"type":"Point","coordinates":[-5.80856,42.51954]},"properties":{"id":"1204","registryId":"A18E-07319","precision":"exact","provider":"mapbox"}},{"type":"Feature","geometry":{"type":"Point","coordinates":[-4.74962,41.52922]},"properties":{"id":"1205","registryId":"A18F-08870","precision":"unknown","provider":"cartociudad"}},{"type":"Feature","geometry":{"type":"Point","coordinates":[-4.13014,40.9524]},"properties":{"id":"1206","registryId":"A18G-01082","precision":"street","provider":"mapbox"}},{"type":"Feature","geometry":{"type":"Point","coordinates":[-4.73259,41.64993]},"properties":{"id":"1207","registryId":"A18G-01147","precision":"unknown","provider":"cartociudad"}},{"type":"Feature","geometry":{"type":"Point","coordinates":[-3.06551,41.58776]},"properties":{"id":"1208","registryId":"A18H-00045","precision":"exact","provider":"mapbox"}},{"type":"Feature","geometry":{"type":"Point","coordinates":[-4.68021,41.28884]},"properties":{"id":"1209","registryId":"A18H-00097","precision":"facility","provider":"local_osm"}},{"type":"Feature","geometry":{"type":"Point","coordinates":[-4.72664,41.58652]},"properties":{"id":"1210","registryId":"A18H-00138","precision":"unknown","provider":"cartociudad"}},{"type":"Feature","geometry":{"type":"Point","coordinates":[-4.26138,41.62957]},"properties":{"id":"1211","registryId":"A18H-00284","precision":"facility","provider":"local_osm"}},{"type":"Feature","geometry":{"type":"Point","coordinates":[-2.48433,41.76831]},"properties":{"id":"1212","registryId":"A18H-09529","precision":"exact","provider":"mapbox"}},{"type":"Feature","geometry":{"type":"Point","coordinates":[-2.48433,41.76831]},"properties":{"id":"1213","registryId":"A18H-09548","precision":"exact","provider":"mapbox"}},{"type":"Feature","geometry":{"type":"Point","coordinates":[-5.58948,42.59944]},"properties":{"id":"1214","registryId":"A18H00335","precision":"unknown","provider":"cartociudad"}},{"type":"Feature","geometry":{"type":"Point","coordinates":[-4.91116,41.50872]},"properties":{"id":"1215","registryId":"A18H09537","precision":"exact","provider":"nominatim"}},{"type":"Feature","geometry":{"type":"Point","coordinates":[-3.67514,42.36539]},"properties":{"id":"1216","registryId":"A18I-01530","precision":"unknown","provider":"cartociudad"}},{"type":"Feature","geometry":{"type":"Point","coordinates":[-4.68704,40.65939]},"properties":{"id":"1217","registryId":"A18J-03826","precision":"exact","provider":"mapbox"}},{"type":"Feature","geometry":{"type":"Point","coordinates":[-3.5342,42.33166]},"properties":{"id":"1218","registryId":"A18J-03875","precision":"street","provider":"mapbox"}},{"type":"Feature","geometry":{"type":"Point","coordinates":[-4.71518,41.6515]},"properties":{"id":"1219","registryId":"A18J-05473","precision":"unknown","provider":"cartociudad"}},{"type":"Feature","geometry":{"type":"Point","coordinates":[-5.74407,41.50939]},"properties":{"id":"1220","registryId":"A18J-05499","precision":"unknown","provider":"cartociudad"}},{"type":"Feature","geometry":{"type":"Point","coordinates":[-5.67982,42.00518]},"properties":{"id":"1221","registryId":"A18J-05521","precision":"exact","provider":"nominatim"}},{"type":"Feature","geometry":{"type":"Point","coordinates":[-4.70724,41.62229]},"properties":{"id":"1222","registryId":"A18J-05782","precision":"exact","provider":"mapbox"}},{"type":"Feature","geometry":{"type":"Point","coordinates":[-4.70724,41.62229]},"properties":{"id":"1223","registryId":"A18J-05782","precision":"exact","provider":"mapbox"}},{"type":"Feature","geometry":{"type":"Point","coordinates":[-4.69894,41.60527]},"properties":{"id":"1224","registryId":"A18J-05782","precision":"unknown","provider":"cartociudad"}},{"type":"Feature","geometry":{"type":"Point","coordinates":[-2.47691,41.72481]},"properties":{"id":"1225","registryId":"A18J-05790","precision":"street","provider":"nominatim"}},{"type":"Feature","geometry":{"type":"Point","coordinates":[-4.70814,41.62282]},"properties":{"id":"1226","registryId":"A18J-05979","precision":"unknown","provider":"cartociudad"}},{"type":"Feature","geometry":{"type":"Point","coordinates":[-4.73479,41.65046]},"properties":{"id":"1227","registryId":"A18J-08722","precision":"unknown","provider":"cartociudad"}},{"type":"Feature","geometry":{"type":"Point","coordinates":[-5.58139,42.60443]},"properties":{"id":"1228","registryId":"A18J-09378","precision":"unknown","provider":"cartociudad"}},{"type":"Feature","geometry":{"type":"Point","coordinates":[-4.72675,41.65097]},"properties":{"id":"1229","registryId":"A18J-09441","precision":"unknown","provider":"cartociudad"}},{"type":"Feature","geometry":{"type":"Point","coordinates":[-4.66723,41.5397]},"properties":{"id":"1231","registryId":"A18J-09552","precision":"street","provider":"mapbox"}},{"type":"Feature","geometry":{"type":"Point","coordinates":[-5.58139,42.60443]},"properties":{"id":"1233","registryId":"A18J09378","precision":"unknown","provider":"cartociudad"}},{"type":"Feature","geometry":{"type":"Point","coordinates":[-6.53291,40.59679]},"properties":{"id":"1234","registryId":"A18K-001588","precision":"exact","provider":"nominatim"}},{"type":"Feature","geometry":{"type":"Point","coordinates":[-4.31353,41.39828]},"properties":{"id":"1235","registryId":"A18K-01326","precision":"street","provider":"mapbox"}},{"type":"Feature","geometry":{"type":"Point","coordinates":[-5.76717,40.38659]},"properties":{"id":"1236","registryId":"A18K-01476","precision":"unknown","provider":"cartociudad"}},{"type":"Feature","geometry":{"type":"Point","coordinates":[-5.20188,40.90055]},"properties":{"id":"1237","registryId":"A18K-01484","precision":"exact","provider":"nominatim"}},{"type":"Feature","geometry":{"type":"Point","coordinates":[-4.31353,41.39828]},"properties":{"id":"1238","registryId":"A18K-01596","precision":"street","provider":"mapbox"}},{"type":"Feature","geometry":{"type":"Point","coordinates":[-6.42353,41.03463]},"properties":{"id":"1239","registryId":"A18K-01612","precision":"exact","provider":"mapbox"}},{"type":"Feature","geometry":{"type":"Point","coordinates":[-5.67307,40.97462]},"properties":{"id":"1240","registryId":"A18K-01813","precision":"unknown","provider":"cartociudad"}},{"type":"Feature","geometry":{"type":"Point","coordinates":[-4.69192,40.66047]},"properties":{"id":"1241","registryId":"A18K-01835","precision":"unknown","provider":"cartociudad"}},{"type":"Feature","geometry":{"type":"Point","coordinates":[-5.62708,40.93727]},"properties":{"id":"1242","registryId":"A18K01347","precision":"street","provider":"nominatim"}},{"type":"Feature","geometry":{"type":"Point","coordinates":[-4.72629,41.66697]},"properties":{"id":"1243","registryId":"A18L-00472","precision":"unknown","provider":"cartociudad"}},{"type":"Feature","geometry":{"type":"Point","coordinates":[-4.10108,40.91772]},"properties":{"id":"1244","registryId":"A18L-00650","precision":"street","provider":"mapbox"}},{"type":"Feature","geometry":{"type":"Point","coordinates":[-5.67606,40.96766]},"properties":{"id":"1245","registryId":"A18L-00699","precision":"unknown","provider":"cartociudad"}},{"type":"Feature","geometry":{"type":"Point","coordinates":[-4.78725,41.66488]},"properties":{"id":"1246","registryId":"A18L-03792","precision":"street","provider":"mapbox"}},{"type":"Feature","geometry":{"type":"Point","coordinates":[-4.75453,41.63612]},"properties":{"id":"1247","registryId":"A18L-03830","precision":"unknown","provider":"cartociudad"}},{"type":"Feature","geometry":{"type":"Point","coordinates":[-4.49181,41.1519]},"properties":{"id":"1248","registryId":"A18L-03872","precision":"street","provider":"nominatim"}},{"type":"Feature","geometry":{"type":"Point","coordinates":[-4.71975,41.67362]},"properties":{"id":"1249","registryId":"A18L-03901","precision":"unknown","provider":"cartociudad"}},{"type":"Feature","geometry":{"type":"Point","coordinates":[-5.64783,40.97682]},"properties":{"id":"1250","registryId":"A196-092202","precision":"street","provider":"nominatim"}},{"type":"Feature","geometry":{"type":"Point","coordinates":[-3.69069,42.34886]},"properties":{"id":"1252","registryId":"A19C-00908","precision":"unknown","provider":"cartociudad"}},{"type":"Feature","geometry":{"type":"Point","coordinates":[42.57013,-6.5534]},"properties":{"id":"1254","registryId":"A19C-01173","precision":"street","provider":"mapbox"}},{"type":"Feature","geometry":{"type":"Point","coordinates":[-6.02611,42.42396]},"properties":{"id":"1255","registryId":"A19C-01179","precision":"street","provider":"mapbox"}},{"type":"Feature","geometry":{"type":"Point","coordinates":[-5.66973,40.96662]},"properties":{"id":"1256","registryId":"A19C-04568","precision":"unknown","provider":"cartociudad"}},{"type":"Feature","geometry":{"type":"Point","coordinates":[-3.65404,42.35269]},"properties":{"id":"1257","registryId":"A19C-04603","precision":"unknown","provider":"cartociudad"}},{"type":"Feature","geometry":{"type":"Point","coordinates":[-4.78797,41.61768]},"properties":{"id":"1258","registryId":"A19C-10507","precision":"exact","provider":"nominatim"}},{"type":"Feature","geometry":{"type":"Point","coordinates":[-6.39983,41.31933]},"properties":{"id":"1259","registryId":"A19C-10871","precision":"exact","provider":"nominatim"}},{"type":"Feature","geometry":{"type":"Point","coordinates":[-3.68931,42.35366]},"properties":{"id":"1260","registryId":"A19D-00716","precision":"unknown","provider":"cartociudad"}},{"type":"Feature","geometry":{"type":"Point","coordinates":[-5.65611,40.9798]},"properties":{"id":"1261","registryId":"A19F130390","precision":"unknown","provider":"cartociudad"}},{"type":"Feature","geometry":{"type":"Point","coordinates":[-4.73789,41.64771]},"properties":{"id":"1262","registryId":"A19G-09232","precision":"unknown","provider":"cartociudad"}},{"type":"Feature","geometry":{"type":"Point","coordinates":[-5.66232,40.97889]},"properties":{"id":"1263","registryId":"A19G-09248","precision":"exact","provider":"nominatim"}},{"type":"Feature","geometry":{"type":"Point","coordinates":[-2.50091,41.77371]},"properties":{"id":"1264","registryId":"A19H-00976","precision":"street","provider":"mapbox"}},{"type":"Feature","geometry":{"type":"Point","coordinates":[-4.72812,41.65103]},"properties":{"id":"1265","registryId":"A19H-01018","precision":"unknown","provider":"cartociudad"}},{"type":"Feature","geometry":{"type":"Point","coordinates":[-6.6037,42.55659]},"properties":{"id":"1266","registryId":"A19H-01122","precision":"exact","provider":"nominatim"}},{"type":"Feature","geometry":{"type":"Point","coordinates":[-4.71936,41.58513]},"properties":{"id":"1267","registryId":"A19K-06216","precision":"exact","provider":"mapbox"}},{"type":"Feature","geometry":{"type":"Point","coordinates":[-5.66006,40.9518]},"properties":{"id":"1268","registryId":"A19K03940","precision":"unknown","provider":"cartociudad"}},{"type":"Feature","geometry":{"type":"Point","coordinates":[-5.54429,41.60989]},"properties":{"id":"1269","registryId":"A19L-01909","precision":"street","provider":"mapbox"}},{"type":"Feature","geometry":{"type":"Point","coordinates":[-5.73965,41.57532]},"properties":{"id":"1270","registryId":"A19L-01912","precision":"exact","provider":"nominatim"}},{"type":"Feature","geometry":{"type":"Point","coordinates":[-3.70977,42.33057]},"properties":{"id":"1272","registryId":"A19L-02209","precision":"unknown","provider":"cartociudad"}},{"type":"Feature","geometry":{"type":"Point","coordinates":[-4.77216,41.62718]},"properties":{"id":"1273","registryId":"A19L-02221","precision":"exact","provider":"nominatim"}},{"type":"Feature","geometry":{"type":"Point","coordinates":[-3.73842,42.34921]},"properties":{"id":"1274","registryId":"A19L-04519","precision":"street","provider":"mapbox"}},{"type":"Feature","geometry":{"type":"Point","coordinates":[-3.73019,42.34666]},"properties":{"id":"1275","registryId":"A19L-04526","precision":"unknown","provider":"cartociudad"}},{"type":"Feature","geometry":{"type":"Point","coordinates":[-4.86255,41.45692]},"properties":{"id":"1277","registryId":"A19L-05621","precision":"street","provider":"nominatim"}},{"type":"Feature","geometry":{"type":"Point","coordinates":[-5.64775,40.97491]},"properties":{"id":"1278","registryId":"A19L-05663","precision":"street","provider":"nominatim"}},{"type":"Feature","geometry":{"type":"Point","coordinates":[-5.02879,41.30679]},"properties":{"id":"1279","registryId":"A19L-05803","precision":"street","provider":"nominatim"}},{"type":"Feature","geometry":{"type":"Point","coordinates":[-5.02614,41.30815]},"properties":{"id":"1280","registryId":"A19L-05803","precision":"street","provider":"mapbox"}},{"type":"Feature","geometry":{"type":"Point","coordinates":[-5.02614,41.30815]},"properties":{"id":"1281","registryId":"A19L-05803","precision":"street","provider":"mapbox"}},{"type":"Feature","geometry":{"type":"Point","coordinates":[-5.04633,41.88642]},"properties":{"id":"1282","registryId":"A19L-05804","precision":"street","provider":"nominatim"}},{"type":"Feature","geometry":{"type":"Point","coordinates":[-4.64734,41.47173]},"properties":{"id":"1283","registryId":"A19L-05837","precision":"exact","provider":"nominatim"}},{"type":"Feature","geometry":{"type":"Point","coordinates":[-4.77542,41.48026]},"properties":{"id":"1284","registryId":"A19L-05841","precision":"street","provider":"mapbox"}},{"type":"Feature","geometry":{"type":"Point","coordinates":[-6.63855,42.0539]},"properties":{"id":"1285","registryId":"A19L-05869","precision":"exact","provider":"mapbox"}},{"type":"Feature","geometry":{"type":"Point","coordinates":[-4.72436,41.64415]},"properties":{"id":"1286","registryId":"A19L-05988","precision":"unknown","provider":"cartociudad"}},{"type":"Feature","geometry":{"type":"Point","coordinates":[-5.65561,40.96765]},"properties":{"id":"1287","registryId":"A19L04546","precision":"street","provider":"nominatim"}},{"type":"Feature","geometry":{"type":"Point","coordinates":[-4.7841,41.65927]},"properties":{"id":"1288","registryId":"A19L05818","precision":"exact","provider":"nominatim"}},{"type":"Feature","geometry":{"type":"Point","coordinates":[-4.00572,40.90567]},"properties":{"id":"1289","registryId":"A1D50M296ES","precision":"street","provider":"nominatim"}},{"type":"Feature","geometry":{"type":"Point","coordinates":[-5.87901,41.4155]},"properties":{"id":"1290","registryId":"A201-03215","precision":"exact","provider":"nominatim"}},{"type":"Feature","geometry":{"type":"Point","coordinates":[-5.40981,41.34246]},"properties":{"id":"1291","registryId":"A201-03267","precision":"street","provider":"mapbox"}},{"type":"Feature","geometry":{"type":"Point","coordinates":[-5.81756,41.95455]},"properties":{"id":"1292","registryId":"A201-04087","precision":"unknown","provider":"cartociudad"}},{"type":"Feature","geometry":{"type":"Point","coordinates":[-6.33486,42.12835]},"properties":{"id":"1293","registryId":"A201-04145","precision":"unknown","provider":"cartociudad"}},{"type":"Feature","geometry":{"type":"Point","coordinates":[-6.49329,41.74524]},"properties":{"id":"1294","registryId":"A201-04156","precision":"street","provider":"nominatim"}},{"type":"Feature","geometry":{"type":"Point","coordinates":[-6.1767,41.81623]},"properties":{"id":"1295","registryId":"A201-04177","precision":"unknown","provider":"cartociudad"}},{"type":"Feature","geometry":{"type":"Point","coordinates":[-5.40771,41.9859]},"properties":{"id":"1296","registryId":"A201-04239","precision":"street","provider":"nominatim"}},{"type":"Feature","geometry":{"type":"Point","coordinates":[-5.83085,42.01679]},"properties":{"id":"1297","registryId":"A201-04389","precision":"unknown","provider":"cartociudad"}},{"type":"Feature","geometry":{"type":"Point","coordinates":[-5.73797,42.10904]},"properties":{"id":"1298","registryId":"A201-04391","precision":"street","provider":"nominatim"}},{"type":"Feature","geometry":{"type":"Point","coordinates":[-3.67091,42.34777]},"properties":{"id":"1299","registryId":"A20E-00114","precision":"street","provider":"nominatim"}},{"type":"Feature","geometry":{"type":"Point","coordinates":[-3.67091,42.34777]},"properties":{"id":"1300","registryId":"A20E-00114","precision":"street","provider":"nominatim"}},{"type":"Feature","geometry":{"type":"Point","coordinates":[-3.65303,42.3453]},"properties":{"id":"1301","registryId":"A20E-00197","precision":"street","provider":"nominatim"}},{"type":"Feature","geometry":{"type":"Point","coordinates":[-3.67091,42.34777]},"properties":{"id":"1302","registryId":"A20E-00322","precision":"street","provider":"nominatim"}},{"type":"Feature","geometry":{"type":"Point","coordinates":[-5.78222,41.92225]},"properties":{"id":"1303","registryId":"A20I-02428","precision":"unknown","provider":"cartociudad"}},{"type":"Feature","geometry":{"type":"Point","coordinates":[-5.89334,42.10612]},"properties":{"id":"1304","registryId":"A20I-04085","precision":"unknown","provider":"cartociudad"}},{"type":"Feature","geometry":{"type":"Point","coordinates":[-5.74098,41.49698]},"properties":{"id":"1305","registryId":"A20I-04104","precision":"unknown","provider":"cartociudad"}},{"type":"Feature","geometry":{"type":"Point","coordinates":[-6.19857,41.38781]},"properties":{"id":"1306","registryId":"A20I-04176","precision":"exact","provider":"nominatim"}},{"type":"Feature","geometry":{"type":"Point","coordinates":[-5.54037,41.39001]},"properties":{"id":"1307","registryId":"A20I-04274","precision":"street","provider":"nominatim"}},{"type":"Feature","geometry":{"type":"Point","coordinates":[-6.89898,42.16772]},"properties":{"id":"1308","registryId":"A20I-04279","precision":"street","provider":"nominatim"}},{"type":"Feature","geometry":{"type":"Point","coordinates":[-6.53829,42.09251]},"properties":{"id":"1309","registryId":"A20I-04378","precision":"unknown","provider":"cartociudad"}},{"type":"Feature","geometry":{"type":"Point","coordinates":[-6.13988,41.63559]},"properties":{"id":"1310","registryId":"A20I-04380","precision":"exact","provider":"nominatim"}},{"type":"Feature","geometry":{"type":"Point","coordinates":[-6.53311,42.75347]},"properties":{"id":"1311","registryId":"A20K-01787","precision":"street","provider":"nominatim"}},{"type":"Feature","geometry":{"type":"Point","coordinates":[-6.61778,42.55305]},"properties":{"id":"1312","registryId":"A20K-04348","precision":"street","provider":"mapbox"}},{"type":"Feature","geometry":{"type":"Point","coordinates":[-6.61865,42.5523]},"properties":{"id":"1313","registryId":"A20K04348","precision":"street","provider":"nominatim"}},{"type":"Feature","geometry":{"type":"Point","coordinates":[-5.58983,41.35193]},"properties":{"id":"1314","registryId":"A21.I-09651","precision":"street","provider":"nominatim"}},{"type":"Feature","geometry":{"type":"Point","coordinates":[-5.38217,41.25285]},"properties":{"id":"1315","registryId":"A21.I-09682","precision":"street","provider":"nominatim"}},{"type":"Feature","geometry":{"type":"Point","coordinates":[-5.92331,41.98161]},"properties":{"id":"1316","registryId":"A21.I-09693","precision":"street","provider":"nominatim"}},{"type":"Feature","geometry":{"type":"Point","coordinates":[-6.69477,42.02582]},"properties":{"id":"1317","registryId":"A21.I-09724","precision":"unknown","provider":"cartociudad"}},{"type":"Feature","geometry":{"type":"Point","coordinates":[-6.39555,42.11704]},"properties":{"id":"1318","registryId":"A21.I-09783","precision":"unknown","provider":"cartociudad"}},{"type":"Feature","geometry":{"type":"Point","coordinates":[-6.0713,41.76621]},"properties":{"id":"1319","registryId":"A21.I-09784","precision":"street","provider":"nominatim"}},{"type":"Feature","geometry":{"type":"Point","coordinates":[-5.81277,42.11573]},"properties":{"id":"1320","registryId":"A21.I-10055","precision":"exact","provider":"nominatim"}},{"type":"Feature","geometry":{"type":"Point","coordinates":[-6.57734,42.05039]},"properties":{"id":"1321","registryId":"A21.I-10120","precision":"street","provider":"mapbox"}},{"type":"Feature","geometry":{"type":"Point","coordinates":[-6.97521,42.00173]},"properties":{"id":"1322","registryId":"A21.I-10129","precision":"street","provider":"nominatim"}},{"type":"Feature","geometry":{"type":"Point","coordinates":[-6.24221,41.71406]},"properties":{"id":"1323","registryId":"A21.I-10150","precision":"street","provider":"nominatim"}},{"type":"Feature","geometry":{"type":"Point","coordinates":[-4.7063,41.64271]},"properties":{"id":"1324","registryId":"A2135C497","precision":"unknown","provider":"cartociudad"}},{"type":"Feature","geometry":{"type":"Point","coordinates":[-6.60412,42.54926]},"properties":{"id":"1325","registryId":"A218-10103","precision":"street","provider":"nominatim"}},{"type":"Feature","geometry":{"type":"Point","coordinates":[-6.76818,42.46044]},"properties":{"id":"1326","registryId":"A218-10109","precision":"street","provider":"nominatim"}},{"type":"Feature","geometry":{"type":"Point","coordinates":[-6.76818,42.46044]},"properties":{"id":"1327","registryId":"A218-10109","precision":"street","provider":"nominatim"}},{"type":"Feature","geometry":{"type":"Point","coordinates":[-5.63305,40.94961]},"properties":{"id":"1328","registryId":"A21B-08306","precision":"street","provider":"mapbox"}},{"type":"Feature","geometry":{"type":"Point","coordinates":[-4.70939,41.61452]},"properties":{"id":"1329","registryId":"A21B-10056","precision":"unknown","provider":"cartociudad"}},{"type":"Feature","geometry":{"type":"Point","coordinates":[-6.60412,42.54926]},"properties":{"id":"1330","registryId":"A21B-10103","precision":"street","provider":"nominatim"}},{"type":"Feature","geometry":{"type":"Point","coordinates":[-1.98848,41.78101]},"properties":{"id":"1331","registryId":"A21B-10727","precision":"unknown","provider":"cartociudad"}},{"type":"Feature","geometry":{"type":"Point","coordinates":[-4.71019,41.69164]},"properties":{"id":"1332","registryId":"A21B100416","precision":"exact","provider":"cartociudad"}},{"type":"Feature","geometry":{"type":"Point","coordinates":[-4.73144,41.64758]},"properties":{"id":"1333","registryId":"A21B10577","precision":"unknown","provider":"cartociudad"}},{"type":"Feature","geometry":{"type":"Point","coordinates":[-4.10835,40.95379]},"properties":{"id":"1334","registryId":"A21C-00091","precision":"unknown","provider":"cartociudad"}},{"type":"Feature","geometry":{"type":"Point","coordinates":[-6.61254,42.54905]},"properties":{"id":"1335","registryId":"A21C-04540","precision":"exact","provider":"nominatim"}},{"type":"Feature","geometry":{"type":"Point","coordinates":[-5.01579,41.48977]},"properties":{"id":"1336","registryId":"A21D-04098","precision":"street","provider":"nominatim"}},{"type":"Feature","geometry":{"type":"Point","coordinates":[-5.91484,41.4742]},"properties":{"id":"1337","registryId":"A21D-04339","precision":"exact","provider":"nominatim"}},{"type":"Feature","geometry":{"type":"Point","coordinates":[-4.5342,41.53698]},"properties":{"id":"1338","registryId":"A21D-05102","precision":"exact","provider":"nominatim"}},{"type":"Feature","geometry":{"type":"Point","coordinates":[-4.43381,41.60872]},"properties":{"id":"1339","registryId":"A21D-05115","precision":"exact","provider":"nominatim"}},{"type":"Feature","geometry":{"type":"Point","coordinates":[-4.19917,41.56854]},"properties":{"id":"1340","registryId":"A21D-05116","precision":"street","provider":"nominatim"}},{"type":"Feature","geometry":{"type":"Point","coordinates":[-4.21824,41.62007]},"properties":{"id":"1341","registryId":"A21D-05206","precision":"exact","provider":"mapbox"}},{"type":"Feature","geometry":{"type":"Point","coordinates":[-4.50752,41.47207]},"properties":{"id":"1342","registryId":"A21D-05214","precision":"unknown","provider":"cartociudad"}},{"type":"Feature","geometry":{"type":"Point","coordinates":[-5.26143,42.16579]},"properties":{"id":"1343","registryId":"A21D-05217","precision":"unknown","provider":"cartociudad"}},{"type":"Feature","geometry":{"type":"Point","coordinates":[-4.78801,41.6309]},"properties":{"id":"1344","registryId":"A21G-06810","precision":"street","provider":"mapbox"}},{"type":"Feature","geometry":{"type":"Point","coordinates":[-6.18969,41.32815]},"properties":{"id":"1345","registryId":"A21I-09771","precision":"street","provider":"nominatim"}},{"type":"Feature","geometry":{"type":"Point","coordinates":[-5.56439,41.433]},"properties":{"id":"1346","registryId":"A21J-09701","precision":"unknown","provider":"cartociudad"}},{"type":"Feature","geometry":{"type":"Point","coordinates":[-4.11311,41.61216]},"properties":{"id":"1347","registryId":"A21J-09796","precision":"street","provider":"nominatim"}},{"type":"Feature","geometry":{"type":"Point","coordinates":[-6.99626,42.08607]},"properties":{"id":"1348","registryId":"A21J-10137","precision":"street","provider":"nominatim"}},{"type":"Feature","geometry":{"type":"Point","coordinates":[-5.98618,41.53442]},"properties":{"id":"1349","registryId":"A21J-10143","precision":"street","provider":"nominatim"}},{"type":"Feature","geometry":{"type":"Point","coordinates":[-5.78686,42.06807]},"properties":{"id":"1350","registryId":"A21J-10160","precision":"unknown","provider":"cartociudad"}},{"type":"Feature","geometry":{"type":"Point","coordinates":[-6.22821,41.78829]},"properties":{"id":"1351","registryId":"A21J-10271","precision":"exact","provider":"mapbox"}},{"type":"Feature","geometry":{"type":"Point","coordinates":[-5.87259,42.03719]},"properties":{"id":"1352","registryId":"A21J-10272","precision":"exact","provider":"nominatim"}},{"type":"Feature","geometry":{"type":"Point","coordinates":[-4.78446,41.65999]},"properties":{"id":"1353","registryId":"A23A-00094","precision":"street","provider":"mapbox"}},{"type":"Feature","geometry":{"type":"Point","coordinates":[-4.68429,40.66937]},"properties":{"id":"1354","registryId":"A23A-02779","precision":"unknown","provider":"cartociudad"}},{"type":"Feature","geometry":{"type":"Point","coordinates":[-3.24336,41.37968]},"properties":{"id":"1355","registryId":"A23A-07824","precision":"exact","provider":"mapbox"}},{"type":"Feature","geometry":{"type":"Point","coordinates":[-5.98375,41.78322]},"properties":{"id":"1356","registryId":"A23A-07832","precision":"street","provider":"nominatim"}},{"type":"Feature","geometry":{"type":"Point","coordinates":[-5.42742,40.97222]},"properties":{"id":"1357","registryId":"A23B-00205","precision":"street","provider":"mapbox"}},{"type":"Feature","geometry":{"type":"Point","coordinates":[-5.67667,42.00743]},"properties":{"id":"1358","registryId":"A23B-00987","precision":"street","provider":"nominatim"}},{"type":"Feature","geometry":{"type":"Point","coordinates":[-5.59119,42.61982]},"properties":{"id":"1359","registryId":"A23B-08086","precision":"street","provider":"mapbox"}},{"type":"Feature","geometry":{"type":"Point","coordinates":[-6.51999,42.53822]},"properties":{"id":"1360","registryId":"A23B-08341","precision":"street","provider":"nominatim"}},{"type":"Feature","geometry":{"type":"Point","coordinates":[-6.51999,42.53822]},"properties":{"id":"1361","registryId":"A23B-08341","precision":"street","provider":"nominatim"}},{"type":"Feature","geometry":{"type":"Point","coordinates":[-6.44481,42.66392]},"properties":{"id":"1362","registryId":"A23B-08342","precision":"street","provider":"nominatim"}},{"type":"Feature","geometry":{"type":"Point","coordinates":[-6.63649,42.6654]},"properties":{"id":"1363","registryId":"A23B-08352","precision":"street","provider":"nominatim"}},{"type":"Feature","geometry":{"type":"Point","coordinates":[-6.6336,42.87752]},"properties":{"id":"1364","registryId":"A23B-08526","precision":"exact","provider":"mapbox"}},{"type":"Feature","geometry":{"type":"Point","coordinates":[-6.00837,42.45574]},"properties":{"id":"1365","registryId":"A23B-08536","precision":"exact","provider":"mapbox"}},{"type":"Feature","geometry":{"type":"Point","coordinates":[-6.05226,42.45497]},"properties":{"id":"1366","registryId":"A23B-08584","precision":"street","provider":"nominatim"}},{"type":"Feature","geometry":{"type":"Point","coordinates":[-4.50767,42.00658]},"properties":{"id":"1367","registryId":"A23B-08992","precision":"unknown","provider":"cartociudad"}},{"type":"Feature","geometry":{"type":"Point","coordinates":[-5.34782,43.06041]},"properties":{"id":"1368","registryId":"A23B-09011","precision":"street","provider":"mapbox"}},{"type":"Feature","geometry":{"type":"Point","coordinates":[-5.00573,42.97603]},"properties":{"id":"1369","registryId":"A23B-09187","precision":"street","provider":"nominatim"}},{"type":"Feature","geometry":{"type":"Point","coordinates":[-5.56455,42.62531]},"properties":{"id":"1370","registryId":"A23B-09202","precision":"exact","provider":"mapbox"}},{"type":"Feature","geometry":{"type":"Point","coordinates":[-6.41537,42.61998]},"properties":{"id":"1371","registryId":"A23B-09208","precision":"street","provider":"mapbox"}},{"type":"Feature","geometry":{"type":"Point","coordinates":[-5.59107,42.59855]},"properties":{"id":"1372","registryId":"A23B-09222","precision":"exact","provider":"mapbox"}},{"type":"Feature","geometry":{"type":"Point","coordinates":[-5.58677,42.8066]},"properties":{"id":"1373","registryId":"A23B-09304","precision":"street","provider":"mapbox"}},{"type":"Feature","geometry":{"type":"Point","coordinates":[-5.58679,42.80659]},"properties":{"id":"1374","registryId":"A23B-09304","precision":"street","provider":"nominatim"}},{"type":"Feature","geometry":{"type":"Point","coordinates":[-6.00539,42.42109]},"properties":{"id":"1375","registryId":"A23B-09415","precision":"street","provider":"nominatim"}},{"type":"Feature","geometry":{"type":"Point","coordinates":[-5.99859,42.99124]},"properties":{"id":"1376","registryId":"A23B-09593","precision":"street","provider":"mapbox"}},{"type":"Feature","geometry":{"type":"Point","coordinates":[-6.44301,42.64486]},"properties":{"id":"1378","registryId":"A23B-10685","precision":"street","provider":"nominatim"}},{"type":"Feature","geometry":{"type":"Point","coordinates":[-6.60495,42.73]},"properties":{"id":"1379","registryId":"A23B-10688","precision":"street","provider":"mapbox"}},{"type":"Feature","geometry":{"type":"Point","coordinates":[-6.62796,42.7692]},"properties":{"id":"1380","registryId":"A23B-10689","precision":"street","provider":"nominatim"}},{"type":"Feature","geometry":{"type":"Point","coordinates":[-6.78004,42.54093]},"properties":{"id":"1381","registryId":"A23B-11088","precision":"street","provider":"mapbox"}},{"type":"Feature","geometry":{"type":"Point","coordinates":[-5.51687,42.73356]},"properties":{"id":"1382","registryId":"A23B-11094","precision":"street","provider":"nominatim"}},{"type":"Feature","geometry":{"type":"Point","coordinates":[-5.91884,42.78772]},"properties":{"id":"1383","registryId":"A23B-11113","precision":"street","provider":"mapbox"}},{"type":"Feature","geometry":{"type":"Point","coordinates":[-6.60248,42.55554]},"properties":{"id":"1384","registryId":"A23C-03925","precision":"exact","provider":"mapbox"}},{"type":"Feature","geometry":{"type":"Point","coordinates":[-6.17125,41.25257]},"properties":{"id":"1385","registryId":"A23D-00905","precision":"exact","provider":"nominatim"}},{"type":"Feature","geometry":{"type":"Point","coordinates":[-4.79465,41.55144]},"properties":{"id":"1386","registryId":"A23D-00910","precision":"street","provider":"mapbox"}},{"type":"Feature","geometry":{"type":"Point","coordinates":[-5.08617,40.20953]},"properties":{"id":"1387","registryId":"A23D-00911","precision":"street","provider":"nominatim"}},{"type":"Feature","geometry":{"type":"Point","coordinates":[-5.3601,41.89895]},"properties":{"id":"1388","registryId":"A23D-00936","precision":"exact","provider":"mapbox"}},{"type":"Feature","geometry":{"type":"Point","coordinates":[-4.69658,41.28856]},"properties":{"id":"1389","registryId":"A23D-00953","precision":"street","provider":"mapbox"}},{"type":"Feature","geometry":{"type":"Point","coordinates":[-6.27464,41.82184]},"properties":{"id":"1390","registryId":"A23D-00983","precision":"street","provider":"nominatim"}},{"type":"Feature","geometry":{"type":"Point","coordinates":[-5.73949,41.87972]},"properties":{"id":"1391","registryId":"A23D-00990","precision":"street","provider":"nominatim"}},{"type":"Feature","geometry":{"type":"Point","coordinates":[-5.44179,41.28873]},"properties":{"id":"1392","registryId":"A23D-00991","precision":"street","provider":"nominatim"}},{"type":"Feature","geometry":{"type":"Point","coordinates":[-6.01813,42.10072]},"properties":{"id":"1393","registryId":"A23D-00993","precision":"exact","provider":"mapbox"}},{"type":"Feature","geometry":{"type":"Point","coordinates":[-5.86929,41.79902]},"properties":{"id":"1394","registryId":"A23D-01118","precision":"street","provider":"nominatim"}},{"type":"Feature","geometry":{"type":"Point","coordinates":[-5.35293,41.28185]},"properties":{"id":"1395","registryId":"A23D-01127","precision":"exact","provider":"nominatim"}},{"type":"Feature","geometry":{"type":"Point","coordinates":[-4.71004,41.63978]},"properties":{"id":"1396","registryId":"A23D-01135","precision":"street","provider":"mapbox"}},{"type":"Feature","geometry":{"type":"Point","coordinates":[-6.05153,42.45305]},"properties":{"id":"1397","registryId":"A23D-03323","precision":"street","provider":"nominatim"}},{"type":"Feature","geometry":{"type":"Point","coordinates":[-6.63394,42.0543]},"properties":{"id":"1400","registryId":"A23D-03567","precision":"exact","provider":"nominatim"}},{"type":"Feature","geometry":{"type":"Point","coordinates":[-6.05326,42.45458]},"properties":{"id":"1401","registryId":"A23D-03928","precision":"street","provider":"mapbox"}},{"type":"Feature","geometry":{"type":"Point","coordinates":[-6.05625,42.45761]},"properties":{"id":"1402","registryId":"A23D-03944","precision":"street","provider":"nominatim"}},{"type":"Feature","geometry":{"type":"Point","coordinates":[-4.68897,40.6677]},"properties":{"id":"1403","registryId":"A23D-03967","precision":"unknown","provider":"cartociudad"}},{"type":"Feature","geometry":{"type":"Point","coordinates":[-6.05328,42.45461]},"properties":{"id":"1404","registryId":"A23I-01085","precision":"street","provider":"mapbox"}},{"type":"Feature","geometry":{"type":"Point","coordinates":[-4.74513,41.64289]},"properties":{"id":"1405","registryId":"A28B-02337","precision":"unknown","provider":"cartociudad"}},{"type":"Feature","geometry":{"type":"Point","coordinates":[-4.10254,40.93305]},"properties":{"id":"1406","registryId":"A2F41A625","precision":"unknown","provider":"cartociudad"}},{"type":"Feature","geometry":{"type":"Point","coordinates":[-4.1105,40.93835]},"properties":{"id":"1407","registryId":"A2H15B096","precision":"unknown","provider":"cartociudad"}},{"type":"Feature","geometry":{"type":"Point","coordinates":[-5.38747,41.52252]},"properties":{"id":"1408","registryId":"A2J06B182","precision":"unknown","provider":"cartociudad"}},{"type":"Feature","geometry":{"type":"Point","coordinates":[-5.4341,40.86168]},"properties":{"id":"1409","registryId":"AE7-18021472","precision":"exact","provider":"nominatim"}},{"type":"Feature","geometry":{"type":"Point","coordinates":[-4.44878,41.57003]},"properties":{"id":"1410","registryId":"AF 1-34065832","precision":"unknown","provider":"cartociudad"}},{"type":"Feature","geometry":{"type":"Point","coordinates":[-5.65292,41.46325]},"properties":{"id":"1411","registryId":"AF-2C061142","precision":"street","provider":"mapbox"}},{"type":"Feature","geometry":{"type":"Point","coordinates":[-4.52215,41.68812]},"properties":{"id":"1412","registryId":"AF1-03002221","precision":"exact","provider":"nominatim"}},{"type":"Feature","geometry":{"type":"Point","coordinates":[-3.69431,42.34419]},"properties":{"id":"1413","registryId":"AF1-03002248","precision":"unknown","provider":"cartociudad"}},{"type":"Feature","geometry":{"type":"Point","coordinates":[-4.71726,41.51927]},"properties":{"id":"1415","registryId":"AF1-19022502","precision":"exact","provider":"mapbox"}},{"type":"Feature","geometry":{"type":"Point","coordinates":[-4.91684,41.307]},"properties":{"id":"1416","registryId":"AF1-1A022895","precision":"street","provider":"nominatim"}},{"type":"Feature","geometry":{"type":"Point","coordinates":[-5.67764,41.9968]},"properties":{"id":"1417","registryId":"AF1-1B025085","precision":"unknown","provider":"cartociudad"}},{"type":"Feature","geometry":{"type":"Point","coordinates":[-5.67577,42.00208]},"properties":{"id":"1418","registryId":"AF1-1B025093","precision":"unknown","provider":"cartociudad"}},{"type":"Feature","geometry":{"type":"Point","coordinates":[-5.65161,40.94169]},"properties":{"id":"1419","registryId":"AF1-22028035","precision":"street","provider":"mapbox"}},{"type":"Feature","geometry":{"type":"Point","coordinates":[-5.2635,41.38943]},"properties":{"id":"1420","registryId":"AF1-22029801","precision":"unknown","provider":"cartociudad"}},{"type":"Feature","geometry":{"type":"Point","coordinates":[-5.66138,42.00198]},"properties":{"id":"1421","registryId":"AF1-22030644","precision":"street","provider":"mapbox"}},{"type":"Feature","geometry":{"type":"Point","coordinates":[-3.71001,42.36998]},"properties":{"id":"1422","registryId":"AF1-24040503","precision":"unknown","provider":"cartociudad"}},{"type":"Feature","geometry":{"type":"Point","coordinates":[-2.91904,42.66196]},"properties":{"id":"1423","registryId":"AF1-24040527","precision":"unknown","provider":"cartociudad"}},{"type":"Feature","geometry":{"type":"Point","coordinates":[-4.68535,40.66723]},"properties":{"id":"1424","registryId":"AF1-25043028","precision":"unknown","provider":"cartociudad"}},{"type":"Feature","geometry":{"type":"Point","coordinates":[-4.83297,41.69531]},"properties":{"id":"1425","registryId":"AF1-25043559","precision":"exact","provider":"nominatim"}},{"type":"Feature","geometry":{"type":"Point","coordinates":[-4.38406,40.89414]},"properties":{"id":"1426","registryId":"AF1-25043573","precision":"street","provider":"mapbox"}},{"type":"Feature","geometry":{"type":"Point","coordinates":[-4.77119,41.47553]},"properties":{"id":"1427","registryId":"AF1-25043649","precision":"exact","provider":"nominatim"}},{"type":"Feature","geometry":{"type":"Point","coordinates":[-5.18984,42.17476]},"properties":{"id":"1428","registryId":"AF1-25043756","precision":"exact","provider":"nominatim"}},{"type":"Feature","geometry":{"type":"Point","coordinates":[-5.66023,42.00356]},"properties":{"id":"1429","registryId":"AF1-26044335","precision":"street","provider":"mapbox"}},{"type":"Feature","geometry":{"type":"Point","coordinates":[-4.97181,41.22965]},"properties":{"id":"1430","registryId":"AF1-26045234","precision":"street","provider":"nominatim"}},{"type":"Feature","geometry":{"type":"Point","coordinates":[-3.75715,42.36238]},"properties":{"id":"1431","registryId":"AF1-26045551","precision":"unknown","provider":"cartociudad"}},{"type":"Feature","geometry":{"type":"Point","coordinates":[-5.08096,41.33004]},"properties":{"id":"1432","registryId":"AF1-26045559","precision":"exact","provider":"nominatim"}},{"type":"Feature","geometry":{"type":"Point","coordinates":[-4.72645,41.57916]},"properties":{"id":"1433","registryId":"AF1-26046277","precision":"street","provider":"mapbox"}},{"type":"Feature","geometry":{"type":"Point","coordinates":[-4.75241,41.5289]},"properties":{"id":"1434","registryId":"AF1-26046296","precision":"street","provider":"nominatim"}},{"type":"Feature","geometry":{"type":"Point","coordinates":[-4.58763,41.68204]},"properties":{"id":"1435","registryId":"AF1-26046349","precision":"exact","provider":"nominatim"}},{"type":"Feature","geometry":{"type":"Point","coordinates":[-4.72864,41.6523]},"properties":{"id":"1436","registryId":"AF1-26046468","precision":"unknown","provider":"cartociudad"}},{"type":"Feature","geometry":{"type":"Point","coordinates":[-4.69348,40.65962]},"properties":{"id":"1437","registryId":"AF1-27049676","precision":"unknown","provider":"cartociudad"}},{"type":"Feature","geometry":{"type":"Point","coordinates":[-4.69067,40.65382]},"properties":{"id":"1438","registryId":"AF1-28053247","precision":"unknown","provider":"cartociudad"}},{"type":"Feature","geometry":{"type":"Point","coordinates":[-5.39982,41.52661]},"properties":{"id":"1439","registryId":"AF1-29059101","precision":"street","provider":"nominatim"}},{"type":"Feature","geometry":{"type":"Point","coordinates":[-6.39903,41.31874]},"properties":{"id":"1440","registryId":"AF1-29059110","precision":"street","provider":"nominatim"}},{"type":"Feature","geometry":{"type":"Point","coordinates":[-5.65292,41.46325]},"properties":{"id":"1442","registryId":"AF1-2C061130","precision":"street","provider":"mapbox"}},{"type":"Feature","geometry":{"type":"Point","coordinates":[-5.67751,42.00068]},"properties":{"id":"1443","registryId":"AF1-2C061228","precision":"exact","provider":"mapbox"}},{"type":"Feature","geometry":{"type":"Point","coordinates":[-5.59707,42.5752]},"properties":{"id":"1444","registryId":"AF1-2C061316","precision":"street","provider":"nominatim"}},{"type":"Feature","geometry":{"type":"Point","coordinates":[-5.59707,42.5752]},"properties":{"id":"1445","registryId":"AF1-2C061316","precision":"street","provider":"nominatim"}},{"type":"Feature","geometry":{"type":"Point","coordinates":[-6.75134,42.5644]},"properties":{"id":"1446","registryId":"AF1-2C061473","precision":"street","provider":"nominatim"}},{"type":"Feature","geometry":{"type":"Point","coordinates":[-4.7268,41.07328]},"properties":{"id":"1447","registryId":"AF1-2C061848","precision":"unknown","provider":"cartociudad"}},{"type":"Feature","geometry":{"type":"Point","coordinates":[-4.70557,41.55378]},"properties":{"id":"1448","registryId":"AF1-32062466","precision":"street","provider":"mapbox"}},{"type":"Feature","geometry":{"type":"Point","coordinates":[-4.18823,41.5866]},"properties":{"id":"1449","registryId":"AF1-32062467","precision":"unknown","provider":"cartociudad"}},{"type":"Feature","geometry":{"type":"Point","coordinates":[-4.85587,41.64026]},"properties":{"id":"1450","registryId":"AF1-32062639","precision":"street","provider":"nominatim"}},{"type":"Feature","geometry":{"type":"Point","coordinates":[-5.74394,41.5049]},"properties":{"id":"1451","registryId":"AF1-34065525","precision":"unknown","provider":"cartociudad"}},{"type":"Feature","geometry":{"type":"Point","coordinates":[-5.11629,43.03724]},"properties":{"id":"1452","registryId":"AF1-34065693","precision":"street","provider":"mapbox"}},{"type":"Feature","geometry":{"type":"Point","coordinates":[-4.56598,41.40763]},"properties":{"id":"1453","registryId":"AF1-34065768","precision":"street","provider":"nominatim"}},{"type":"Feature","geometry":{"type":"Point","coordinates":[-4.72286,41.6568]},"properties":{"id":"1454","registryId":"AF1-34065864","precision":"unknown","provider":"cartociudad"}},{"type":"Feature","geometry":{"type":"Point","coordinates":[-4.69927,41.54169]},"properties":{"id":"1455","registryId":"AF1-36070406","precision":"unknown","provider":"cartociudad"}},{"type":"Feature","geometry":{"type":"Point","coordinates":[-4.69981,41.54091]},"properties":{"id":"1456","registryId":"AF1-36070408","precision":"exact","provider":"nominatim"}},{"type":"Feature","geometry":{"type":"Point","coordinates":[-4.7025,41.54503]},"properties":{"id":"1457","registryId":"AF1-36070416","precision":"street","provider":"mapbox"}},{"type":"Feature","geometry":{"type":"Point","coordinates":[-4.41793,41.25944]},"properties":{"id":"1458","registryId":"AF1-36070431","precision":"unknown","provider":"cartociudad"}},{"type":"Feature","geometry":{"type":"Point","coordinates":[-6.68043,42.60078]},"properties":{"id":"1459","registryId":"AF1-36070452","precision":"street","provider":"nominatim"}},{"type":"Feature","geometry":{"type":"Point","coordinates":[-4.74404,41.62833]},"properties":{"id":"1460","registryId":"AF1-36070461","precision":"unknown","provider":"cartociudad"}},{"type":"Feature","geometry":{"type":"Point","coordinates":[-4.40583,41.29957]},"properties":{"id":"1461","registryId":"AF1-36070502","precision":"exact","provider":"mapbox"}},{"type":"Feature","geometry":{"type":"Point","coordinates":[-4.57856,41.25207]},"properties":{"id":"1462","registryId":"AF1-36070695","precision":"exact","provider":"nominatim"}},{"type":"Feature","geometry":{"type":"Point","coordinates":[-4.72966,41.63871]},"properties":{"id":"1463","registryId":"AF1-36070754","precision":"unknown","provider":"cartociudad"}},{"type":"Feature","geometry":{"type":"Point","coordinates":[-4.77667,41.65605]},"properties":{"id":"1464","registryId":"AF1-36070994","precision":"facility","provider":"local_osm"}},{"type":"Feature","geometry":{"type":"Point","coordinates":[-4.73416,41.64586]},"properties":{"id":"1465","registryId":"AF1-36070997","precision":"unknown","provider":"cartociudad"}},{"type":"Feature","geometry":{"type":"Point","coordinates":[-4.49492,41.15154]},"properties":{"id":"1466","registryId":"AF1-36071011","precision":"unknown","provider":"cartociudad"}},{"type":"Feature","geometry":{"type":"Point","coordinates":[-4.78195,41.66078]},"properties":{"id":"1467","registryId":"AF1-36071028","precision":"street","provider":"mapbox"}},{"type":"Feature","geometry":{"type":"Point","coordinates":[-4.06563,41.68559]},"properties":{"id":"1468","registryId":"AF1-36071036","precision":"exact","provider":"mapbox"}},{"type":"Feature","geometry":{"type":"Point","coordinates":[-4.72415,41.647]},"properties":{"id":"1469","registryId":"AF1-37073675","precision":"unknown","provider":"cartociudad"}},{"type":"Feature","geometry":{"type":"Point","coordinates":[-4.79115,41.41603]},"properties":{"id":"1470","registryId":"AF1-42088867","precision":"street","provider":"nominatim"}},{"type":"Feature","geometry":{"type":"Point","coordinates":[-4.75925,41.60917]},"properties":{"id":"1471","registryId":"AF126046383","precision":"unknown","provider":"cartociudad"}},{"type":"Feature","geometry":{"type":"Point","coordinates":[-2.94568,42.68668]},"properties":{"id":"1472","registryId":"AF127049609","precision":"unknown","provider":"cartociudad"}},{"type":"Feature","geometry":{"type":"Point","coordinates":[-4.18529,41.14495]},"properties":{"id":"1473","registryId":"AI7A-06330","precision":"unknown","provider":"cartociudad"}},{"type":"Feature","geometry":{"type":"Point","coordinates":[-4.70332,41.6201]},"properties":{"id":"1474","registryId":"AX17K008455","precision":"unknown","provider":"cartociudad"}},{"type":"Feature","geometry":{"type":"Point","coordinates":[-5.71613,40.39952]},"properties":{"id":"1475","registryId":"AX19D029016","precision":"street","provider":"nominatim"}},{"type":"Feature","geometry":{"type":"Point","coordinates":[-5.67777,40.44401]},"properties":{"id":"1476","registryId":"AX19D02904919","precision":"street","provider":"nominatim"}},{"type":"Feature","geometry":{"type":"Point","coordinates":[-4.73329,42.52393]},"properties":{"id":"1478","registryId":"AX19E0229617","precision":"street","provider":"mapbox"}},{"type":"Feature","geometry":{"type":"Point","coordinates":[-3.72051,41.65812]},"properties":{"id":"1479","registryId":"AX19E029325","precision":"unknown","provider":"cartociudad"}},{"type":"Feature","geometry":{"type":"Point","coordinates":[-5.5796,42.60375]},"properties":{"id":"1481","registryId":"AX21C075936","precision":"unknown","provider":"cartociudad"}},{"type":"Feature","geometry":{"type":"Point","coordinates":[-6.6318,40.66793]},"properties":{"id":"1482","registryId":"B03201610","precision":"street","provider":"mapbox"}},{"type":"Feature","geometry":{"type":"Point","coordinates":[-4.12496,40.94604]},"properties":{"id":"1483","registryId":"B09G01030","precision":"unknown","provider":"cartociudad"}},{"type":"Feature","geometry":{"type":"Point","coordinates":[-5.59435,42.14522]},"properties":{"id":"1484","registryId":"B1001","precision":"street","provider":"mapbox"}},{"type":"Feature","geometry":{"type":"Point","coordinates":[-5.99329,41.0922]},"properties":{"id":"1486","registryId":"B10C 02799","precision":"street","provider":"mapbox"}},{"type":"Feature","geometry":{"type":"Point","coordinates":[-5.99329,41.0922]},"properties":{"id":"1487","registryId":"B10C 02902","precision":"street","provider":"mapbox"}},{"type":"Feature","geometry":{"type":"Point","coordinates":[-5.99329,41.0922]},"properties":{"id":"1488","registryId":"B10C 03149","precision":"street","provider":"mapbox"}},{"type":"Feature","geometry":{"type":"Point","coordinates":[-5.99329,41.0922]},"properties":{"id":"1489","registryId":"B10K 02190","precision":"street","provider":"mapbox"}},{"type":"Feature","geometry":{"type":"Point","coordinates":[-3.63604,41.5201]},"properties":{"id":"1490","registryId":"B11A-05291","precision":"exact","provider":"mapbox"}},{"type":"Feature","geometry":{"type":"Point","coordinates":[-4.78794,40.29849]},"properties":{"id":"1491","registryId":"B11J-00435","precision":"street","provider":"nominatim"}},{"type":"Feature","geometry":{"type":"Point","coordinates":[-6.62313,42.55879]},"properties":{"id":"1492","registryId":"B16C-00734","precision":"street","provider":"mapbox"}},{"type":"Feature","geometry":{"type":"Point","coordinates":[-4.09275,41.59367]},"properties":{"id":"1493","registryId":"B16K-02799","precision":"street","provider":"nominatim"}},{"type":"Feature","geometry":{"type":"Point","coordinates":[-4.78794,40.29849]},"properties":{"id":"1494","registryId":"B17C-02572","precision":"street","provider":"nominatim"}},{"type":"Feature","geometry":{"type":"Point","coordinates":[-4.97661,42.78476]},"properties":{"id":"1495","registryId":"B17G-01043","precision":"street","provider":"nominatim"}},{"type":"Feature","geometry":{"type":"Point","coordinates":[-3.74081,42.36853]},"properties":{"id":"1496","registryId":"B18J-01670","precision":"unknown","provider":"cartociudad"}},{"type":"Feature","geometry":{"type":"Point","coordinates":[-5.72952,42.13022]},"properties":{"id":"1497","registryId":"B18J-03838","precision":"street","provider":"nominatim"}},{"type":"Feature","geometry":{"type":"Point","coordinates":[-6.42867,42.61042]},"properties":{"id":"1498","registryId":"B18K-02088","precision":"street","provider":"mapbox"}},{"type":"Feature","geometry":{"type":"Point","coordinates":[-6.53132,42.7576]},"properties":{"id":"1499","registryId":"B21E-01206","precision":"exact","provider":"mapbox"}},{"type":"Feature","geometry":{"type":"Point","coordinates":[-5.63519,42.04665]},"properties":{"id":"1500","registryId":"B221-00543","precision":"exact","provider":"nominatim"}},{"type":"Feature","geometry":{"type":"Point","coordinates":[-5.34244,41.57716]},"properties":{"id":"1501","registryId":"B22L-00530","precision":"exact","provider":"mapbox"}},{"type":"Feature","geometry":{"type":"Point","coordinates":[-5.68777,41.39274]},"properties":{"id":"1502","registryId":"B22L-00533","precision":"unknown","provider":"cartociudad"}},{"type":"Feature","geometry":{"type":"Point","coordinates":[-5.69434,41.71565]},"properties":{"id":"1503","registryId":"B22L-00596","precision":"exact","provider":"nominatim"}},{"type":"Feature","geometry":{"type":"Point","coordinates":[-6.25323,41.6824]},"properties":{"id":"1504","registryId":"B22L-00598","precision":"street","provider":"nominatim"}},{"type":"Feature","geometry":{"type":"Point","coordinates":[-6.34889,41.7783]},"properties":{"id":"1505","registryId":"B22L-00599","precision":"street","provider":"nominatim"}},{"type":"Feature","geometry":{"type":"Point","coordinates":[-6.07595,41.80573]},"properties":{"id":"1506","registryId":"B22L-00600","precision":"exact","provider":"mapbox"}},{"type":"Feature","geometry":{"type":"Point","coordinates":[-5.36751,41.16731]},"properties":{"id":"1507","registryId":"B22L-08286","precision":"street","provider":"nominatim"}},{"type":"Feature","geometry":{"type":"Point","coordinates":[-5.32609,41.13542]},"properties":{"id":"1508","registryId":"B22L-08835","precision":"exact","provider":"nominatim"}},{"type":"Feature","geometry":{"type":"Point","coordinates":[-5.7903,41.33201]},"properties":{"id":"1509","registryId":"B22L-08838","precision":"street","provider":"nominatim"}},{"type":"Feature","geometry":{"type":"Point","coordinates":[-5.89569,42.30495]},"properties":{"id":"1510","registryId":"B91903203","precision":"exact","provider":"mapbox"}},{"type":"Feature","geometry":{"type":"Point","coordinates":[-5.04633,41.88642]},"properties":{"id":"1511","registryId":"CAN/CSA STDC22.20001","precision":"street","provider":"nominatim"}},{"type":"Feature","geometry":{"type":"Point","coordinates":[-5.04633,41.88642]},"properties":{"id":"1512","registryId":"CAN/CSA STDC22.20001","precision":"street","provider":"nominatim"}},{"type":"Feature","geometry":{"type":"Point","coordinates":[-4.65394,40.63642]},"properties":{"id":"1513","registryId":"D000000145908","precision":"street","provider":"nominatim"}},{"type":"Feature","geometry":{"type":"Point","coordinates":[-4.65394,40.63642]},"properties":{"id":"1514","registryId":"D000000145909","precision":"street","provider":"nominatim"}},{"type":"Feature","geometry":{"type":"Point","coordinates":[-3.65584,42.34584]},"properties":{"id":"1515","registryId":"D00000015903","precision":"unknown","provider":"cartociudad"}},{"type":"Feature","geometry":{"type":"Point","coordinates":[-4.30572,41.32017]},"properties":{"id":"1516","registryId":"D00000023483","precision":"street","provider":"mapbox"}},{"type":"Feature","geometry":{"type":"Point","coordinates":[-4.5151,42.00109]},"properties":{"id":"1517","registryId":"D00000027060","precision":"unknown","provider":"cartociudad"}},{"type":"Feature","geometry":{"type":"Point","coordinates":[-4.5161,42.00291]},"properties":{"id":"1518","registryId":"D00000027060","precision":"unknown","provider":"cartociudad"}},{"type":"Feature","geometry":{"type":"Point","coordinates":[-4.78903,40.41572]},"properties":{"id":"1519","registryId":"D00000029248","precision":"unknown","provider":"cartociudad"}},{"type":"Feature","geometry":{"type":"Point","coordinates":[-4.18791,40.73566]},"properties":{"id":"1520","registryId":"D0000003483","precision":"street","provider":"mapbox"}},{"type":"Feature","geometry":{"type":"Point","coordinates":[-4.70034,40.65375]},"properties":{"id":"1521","registryId":"D00000080318","precision":"unknown","provider":"cartociudad"}},{"type":"Feature","geometry":{"type":"Point","coordinates":[-4.6838,40.64267]},"properties":{"id":"1522","registryId":"D00000080318","precision":"unknown","provider":"cartociudad"}},{"type":"Feature","geometry":{"type":"Point","coordinates":[-3.64465,42.35333]},"properties":{"id":"1523","registryId":"D00000081418","precision":"unknown","provider":"cartociudad"}},{"type":"Feature","geometry":{"type":"Point","coordinates":[-5.71011,41.55245]},"properties":{"id":"1524","registryId":"D000000866874","precision":"exact","provider":"mapbox"}},{"type":"Feature","geometry":{"type":"Point","coordinates":[-5.72954,41.44624]},"properties":{"id":"1525","registryId":"D00000086873","precision":"exact","provider":"mapbox"}},{"type":"Feature","geometry":{"type":"Point","coordinates":[-6.54263,40.41518]},"properties":{"id":"1526","registryId":"D00000086946","precision":"facility","provider":"local_osm"}},{"type":"Feature","geometry":{"type":"Point","coordinates":[-4.12253,40.94557]},"properties":{"id":"1527","registryId":"D0000012510","precision":"unknown","provider":"cartociudad"}},{"type":"Feature","geometry":{"type":"Point","coordinates":[-4.6722,40.6495]},"properties":{"id":"1528","registryId":"D00000154259","precision":"street","provider":"mapbox"}},{"type":"Feature","geometry":{"type":"Point","coordinates":[-5.53826,40.39252]},"properties":{"id":"1529","registryId":"D00000154726","precision":"street","provider":"nominatim"}},{"type":"Feature","geometry":{"type":"Point","coordinates":[-5.6205,42.63526]},"properties":{"id":"1530","registryId":"D00000188505","precision":"street","provider":"mapbox"}},{"type":"Feature","geometry":{"type":"Point","coordinates":[-5.6205,42.63526]},"properties":{"id":"1531","registryId":"D00000188505","precision":"street","provider":"mapbox"}},{"type":"Feature","geometry":{"type":"Point","coordinates":[-5.75412,41.49279]},"properties":{"id":"1532","registryId":"D00000188585","precision":"unknown","provider":"cartociudad"}},{"type":"Feature","geometry":{"type":"Point","coordinates":[-5.74551,41.50964]},"properties":{"id":"1533","registryId":"D00000188586","precision":"street","provider":"mapbox"}},{"type":"Feature","geometry":{"type":"Point","coordinates":[-4.69272,40.65315]},"properties":{"id":"1534","registryId":"D00000228311","precision":"unknown","provider":"cartociudad"}},{"type":"Feature","geometry":{"type":"Point","coordinates":[-5.6735,40.97426]},"properties":{"id":"1535","registryId":"D01218020135","precision":"exact","provider":"cartociudad"}},{"type":"Feature","geometry":{"type":"Point","coordinates":[-5.05056,40.18394]},"properties":{"id":"1536","registryId":"D051413-03","precision":"street","provider":"mapbox"}},{"type":"Feature","geometry":{"type":"Point","coordinates":[-5.07593,40.20649]},"properties":{"id":"1537","registryId":"D051413-04","precision":"street","provider":"mapbox"}},{"type":"Feature","geometry":{"type":"Point","coordinates":[-4.7198,41.68379]},"properties":{"id":"1538","registryId":"DAC-510 E-SP","precision":"street","provider":"nominatim"}},{"type":"Feature","geometry":{"type":"Point","coordinates":[-3.74993,42.71639]},"properties":{"id":"1539","registryId":"DAC-510E-SP","precision":"street","provider":"nominatim"}},{"type":"Feature","geometry":{"type":"Point","coordinates":[-3.409,42.01862]},"properties":{"id":"1540","registryId":"DDU-120E-SP","precision":"street","provider":"nominatim"}},{"type":"Feature","geometry":{"type":"Point","coordinates":[-5.58792,42.60291]},"properties":{"id":"1541","registryId":"DX19DO29153","precision":"exact","provider":"nominatim"}},{"type":"Feature","geometry":{"type":"Point","coordinates":[-5.75078,41.50868]},"properties":{"id":"1542","registryId":"ER57497/17","precision":"unknown","provider":"cartociudad"}},{"type":"Feature","geometry":{"type":"Point","coordinates":[-4.72791,41.64835]},"properties":{"id":"1543","registryId":"G1002A0414","precision":"unknown","provider":"cartociudad"}},{"type":"Feature","geometry":{"type":"Point","coordinates":[-4.59234,42.05576]},"properties":{"id":"1544","registryId":"G1018100556","precision":"street","provider":"nominatim"}},{"type":"Feature","geometry":{"type":"Point","coordinates":[-4.708,40.41023]},"properties":{"id":"1545","registryId":"G1043W0255","precision":"street","provider":"nominatim"}},{"type":"Feature","geometry":{"type":"Point","coordinates":[-4.72567,41.64343]},"properties":{"id":"1546","registryId":"G1160278838006","precision":"street","provider":"nominatim"}},{"type":"Feature","geometry":{"type":"Point","coordinates":[-5.57402,42.59868]},"properties":{"id":"1547","registryId":"G1J48E0323","precision":"unknown","provider":"cartociudad"}},{"type":"Feature","geometry":{"type":"Point","coordinates":[-5.66333,40.96157]},"properties":{"id":"1548","registryId":"G1L25H0053","precision":"unknown","provider":"cartociudad"}},{"type":"Feature","geometry":{"type":"Point","coordinates":[-5.66151,40.97014]},"properties":{"id":"1549","registryId":"G1L25H0156","precision":"unknown","provider":"cartociudad"}},{"type":"Feature","geometry":{"type":"Point","coordinates":[-5.64953,40.96616]},"properties":{"id":"1550","registryId":"G1L25H0172","precision":"unknown","provider":"cartociudad"}},{"type":"Feature","geometry":{"type":"Point","coordinates":[-5.65821,40.974]},"properties":{"id":"1551","registryId":"G1L25H0174","precision":"street","provider":"nominatim"}},{"type":"Feature","geometry":{"type":"Point","coordinates":[-5.6689,40.97479]},"properties":{"id":"1552","registryId":"G1L25H0175","precision":"unknown","provider":"cartociudad"}},{"type":"Feature","geometry":{"type":"Point","coordinates":[-5.66387,40.96544]},"properties":{"id":"1553","registryId":"G1L25H0176","precision":"exact","provider":"cartociudad"}},{"type":"Feature","geometry":{"type":"Point","coordinates":[-5.66581,40.96611]},"properties":{"id":"1554","registryId":"G1L25H0177","precision":"unknown","provider":"cartociudad"}},{"type":"Feature","geometry":{"type":"Point","coordinates":[-5.67255,40.97654]},"properties":{"id":"1555","registryId":"G1L25H0180","precision":"unknown","provider":"cartociudad"}},{"type":"Feature","geometry":{"type":"Point","coordinates":[-5.66606,40.96698]},"properties":{"id":"1556","registryId":"G1L25H0182","precision":"unknown","provider":"cartociudad"}},{"type":"Feature","geometry":{"type":"Point","coordinates":[-5.68002,40.94813]},"properties":{"id":"1557","registryId":"G1L25H0185","precision":"unknown","provider":"cartociudad"}},{"type":"Feature","geometry":{"type":"Point","coordinates":[-5.69538,40.99761]},"properties":{"id":"1558","registryId":"G1L36M0127","precision":"street","provider":"mapbox"}},{"type":"Feature","geometry":{"type":"Point","coordinates":[-5.64779,40.95998]},"properties":{"id":"1559","registryId":"G1N01A0436","precision":"street","provider":"nominatim"}},{"type":"Feature","geometry":{"type":"Point","coordinates":[-5.64779,40.95998]},"properties":{"id":"1560","registryId":"G1N01A0436","precision":"street","provider":"nominatim"}},{"type":"Feature","geometry":{"type":"Point","coordinates":[-3.2905,42.01659]},"properties":{"id":"1561","registryId":"G1N09F0474","precision":"exact","provider":"mapbox"}},{"type":"Feature","geometry":{"type":"Point","coordinates":[-3.71669,42.39373]},"properties":{"id":"1562","registryId":"G1N09F0475","precision":"street","provider":"mapbox"}},{"type":"Feature","geometry":{"type":"Point","coordinates":[-3.6755,42.36111]},"properties":{"id":"1563","registryId":"G1N09F0476","precision":"unknown","provider":"cartociudad"}},{"type":"Feature","geometry":{"type":"Point","coordinates":[-3.71669,42.39373]},"properties":{"id":"1564","registryId":"G1N09F0477","precision":"street","provider":"mapbox"}},{"type":"Feature","geometry":{"type":"Point","coordinates":[-3.6755,42.36111]},"properties":{"id":"1565","registryId":"G1N09F0478","precision":"unknown","provider":"cartociudad"}},{"type":"Feature","geometry":{"type":"Point","coordinates":[-3.69352,42.34878]},"properties":{"id":"1566","registryId":"G1N09F0479","precision":"unknown","provider":"cartociudad"}},{"type":"Feature","geometry":{"type":"Point","coordinates":[-3.28936,42.01778]},"properties":{"id":"1567","registryId":"G1N09F0480","precision":"street","provider":"nominatim"}},{"type":"Feature","geometry":{"type":"Point","coordinates":[-3.71934,42.34592]},"properties":{"id":"1568","registryId":"G1N09F0482","precision":"unknown","provider":"cartociudad"}},{"type":"Feature","geometry":{"type":"Point","coordinates":[-3.69586,42.38964]},"properties":{"id":"1569","registryId":"G1N09F081","precision":"street","provider":"mapbox"}},{"type":"Feature","geometry":{"type":"Point","coordinates":[-5.66698,40.96022]},"properties":{"id":"1570","registryId":"G1P11G164","precision":"unknown","provider":"cartociudad"}},{"type":"Feature","geometry":{"type":"Point","coordinates":[-5.66611,40.96265]},"properties":{"id":"1572","registryId":"G1P11G167","precision":"unknown","provider":"cartociudad"}},{"type":"Feature","geometry":{"type":"Point","coordinates":[-5.66158,40.96453]},"properties":{"id":"1573","registryId":"G1P11G420","precision":"unknown","provider":"cartociudad"}},{"type":"Feature","geometry":{"type":"Point","coordinates":[-5.52478,42.73258]},"properties":{"id":"1574","registryId":"G1P45D088","precision":"exact","provider":"mapbox"}},{"type":"Feature","geometry":{"type":"Point","coordinates":[-5.74917,42.35355]},"properties":{"id":"1576","registryId":"G1Q20R002","precision":"street","provider":"nominatim"}},{"type":"Feature","geometry":{"type":"Point","coordinates":[-5.74917,42.35355]},"properties":{"id":"1577","registryId":"G1Q20R002","precision":"street","provider":"nominatim"}},{"type":"Feature","geometry":{"type":"Point","coordinates":[-5.68088,41.49062]},"properties":{"id":"1578","registryId":"G1Q34F121","precision":"street","provider":"nominatim"}},{"type":"Feature","geometry":{"type":"Point","coordinates":[-5.56707,41.43082]},"properties":{"id":"1579","registryId":"G1Q34F169","precision":"street","provider":"nominatim"}},{"type":"Feature","geometry":{"type":"Point","coordinates":[-5.53464,41.39059]},"properties":{"id":"1580","registryId":"G1Q480164","precision":"street","provider":"nominatim"}},{"type":"Feature","geometry":{"type":"Point","coordinates":[-5.675,40.97984]},"properties":{"id":"1581","registryId":"G1R25N431","precision":"street","provider":"nominatim"}},{"type":"Feature","geometry":{"type":"Point","coordinates":[-5.65332,40.96001]},"properties":{"id":"1582","registryId":"G1R25N432","precision":"unknown","provider":"cartociudad"}},{"type":"Feature","geometry":{"type":"Point","coordinates":[-5.66272,40.96626]},"properties":{"id":"1583","registryId":"G1R25N433","precision":"street","provider":"nominatim"}},{"type":"Feature","geometry":{"type":"Point","coordinates":[-5.65332,40.96001]},"properties":{"id":"1584","registryId":"G1R25N435","precision":"unknown","provider":"cartociudad"}},{"type":"Feature","geometry":{"type":"Point","coordinates":[-5.6634,40.96565]},"properties":{"id":"1585","registryId":"G1R36A383","precision":"unknown","provider":"cartociudad"}},{"type":"Feature","geometry":{"type":"Point","coordinates":[-5.65528,40.96561]},"properties":{"id":"1586","registryId":"G1R36A384","precision":"street","provider":"nominatim"}},{"type":"Feature","geometry":{"type":"Point","coordinates":[-5.66438,40.96003]},"properties":{"id":"1587","registryId":"G1R36A386","precision":"unknown","provider":"cartociudad"}},{"type":"Feature","geometry":{"type":"Point","coordinates":[-5.66456,40.96507]},"properties":{"id":"1588","registryId":"G1R36A387","precision":"unknown","provider":"cartociudad"}},{"type":"Feature","geometry":{"type":"Point","coordinates":[-4.9751,40.39915]},"properties":{"id":"1589","registryId":"G1R45H032","precision":"exact","provider":"nominatim"}},{"type":"Feature","geometry":{"type":"Point","coordinates":[-4.91068,41.30523]},"properties":{"id":"1590","registryId":"G1S14M444","precision":"exact","provider":"mapbox"}},{"type":"Feature","geometry":{"type":"Point","coordinates":[-5.5614,42.59154]},"properties":{"id":"1591","registryId":"G1T16J490","precision":"unknown","provider":"cartociudad"}},{"type":"Feature","geometry":{"type":"Point","coordinates":[-4.74596,41.63348]},"properties":{"id":"1592","registryId":"G1T18L148","precision":"unknown","provider":"cartociudad"}},{"type":"Feature","geometry":{"type":"Point","coordinates":[-4.34661,41.29136]},"properties":{"id":"1593","registryId":"G1T18L179","precision":"street","provider":"nominatim"}},{"type":"Feature","geometry":{"type":"Point","coordinates":[-5.21699,42.09884]},"properties":{"id":"1594","registryId":"G1T51B199","precision":"street","provider":"nominatim"}},{"type":"Feature","geometry":{"type":"Point","coordinates":[-5.65101,40.93267]},"properties":{"id":"1595","registryId":"G1T51B208","precision":"exact","provider":"nominatim"}},{"type":"Feature","geometry":{"type":"Point","coordinates":[-3.66803,42.35327]},"properties":{"id":"1596","registryId":"G1T51B307","precision":"unknown","provider":"cartociudad"}},{"type":"Feature","geometry":{"type":"Point","coordinates":[-4.70081,41.64522]},"properties":{"id":"1597","registryId":"G1U110195","precision":"unknown","provider":"cartociudad"}},{"type":"Feature","geometry":{"type":"Point","coordinates":[-4.70025,40.65805]},"properties":{"id":"1598","registryId":"G1U110293","precision":"unknown","provider":"cartociudad"}},{"type":"Feature","geometry":{"type":"Point","coordinates":[-3.71817,42.34672]},"properties":{"id":"1599","registryId":"G1U110460","precision":"unknown","provider":"cartociudad"}},{"type":"Feature","geometry":{"type":"Point","coordinates":[-3.73108,42.36709]},"properties":{"id":"1600","registryId":"G1U19A056","precision":"unknown","provider":"cartociudad"}},{"type":"Feature","geometry":{"type":"Point","coordinates":[-5.76642,41.50091]},"properties":{"id":"1601","registryId":"G1U19X347","precision":"unknown","provider":"cartociudad"}},{"type":"Feature","geometry":{"type":"Point","coordinates":[-5.4009,42.87033]},"properties":{"id":"1602","registryId":"G1U31U068","precision":"facility","provider":"local_osm"}},{"type":"Feature","geometry":{"type":"Point","coordinates":[-5.44404,42.8593]},"properties":{"id":"1603","registryId":"G1U31U081","precision":"street","provider":"nominatim"}},{"type":"Feature","geometry":{"type":"Point","coordinates":[-4.3535,41.62682]},"properties":{"id":"1605","registryId":"G1U31U221","precision":"street","provider":"mapbox"}},{"type":"Feature","geometry":{"type":"Point","coordinates":[-4.68611,40.64401]},"properties":{"id":"1606","registryId":"G1U32B219","precision":"street","provider":"mapbox"}},{"type":"Feature","geometry":{"type":"Point","coordinates":[-6.60339,42.56288]},"properties":{"id":"1607","registryId":"G1U351396","precision":"exact","provider":"mapbox"}},{"type":"Feature","geometry":{"type":"Point","coordinates":[-5.44868,40.73682]},"properties":{"id":"1608","registryId":"G1U35I414","precision":"street","provider":"mapbox"}},{"type":"Feature","geometry":{"type":"Point","coordinates":[-4.7198,41.68379]},"properties":{"id":"1609","registryId":"G1U35J027","precision":"street","provider":"nominatim"}},{"type":"Feature","geometry":{"type":"Point","coordinates":[-4.27978,40.99215]},"properties":{"id":"1610","registryId":"G1U39S030","precision":"street","provider":"mapbox"}},{"type":"Feature","geometry":{"type":"Point","coordinates":[-6.59751,42.55225]},"properties":{"id":"1611","registryId":"G1U39S082","precision":"unknown","provider":"cartociudad"}},{"type":"Feature","geometry":{"type":"Point","coordinates":[-3.68802,41.66207]},"properties":{"id":"1612","registryId":"G1U44E417","precision":"unknown","provider":"cartociudad"}},{"type":"Feature","geometry":{"type":"Point","coordinates":[-3.68802,41.66207]},"properties":{"id":"1613","registryId":"G1U44E425","precision":"unknown","provider":"cartociudad"}},{"type":"Feature","geometry":{"type":"Point","coordinates":[-3.68802,41.66207]},"properties":{"id":"1614","registryId":"G1U44E430","precision":"unknown","provider":"cartociudad"}},{"type":"Feature","geometry":{"type":"Point","coordinates":[-5.54238,42.57605]},"properties":{"id":"1615","registryId":"G1U481062","precision":"exact","provider":"mapbox"}},{"type":"Feature","geometry":{"type":"Point","coordinates":[-3.68802,41.66207]},"properties":{"id":"1617","registryId":"G1U48F032","precision":"unknown","provider":"cartociudad"}},{"type":"Feature","geometry":{"type":"Point","coordinates":[-3.68802,41.66207]},"properties":{"id":"1618","registryId":"G1U48F097","precision":"unknown","provider":"cartociudad"}},{"type":"Feature","geometry":{"type":"Point","coordinates":[-4.71642,41.67504]},"properties":{"id":"1619","registryId":"G1U48F098","precision":"unknown","provider":"cartociudad"}},{"type":"Feature","geometry":{"type":"Point","coordinates":[-4.71642,41.67504]},"properties":{"id":"1620","registryId":"G1U48F107","precision":"unknown","provider":"cartociudad"}},{"type":"Feature","geometry":{"type":"Point","coordinates":[-4.71642,41.67504]},"properties":{"id":"1621","registryId":"G1U48F154","precision":"unknown","provider":"cartociudad"}},{"type":"Feature","geometry":{"type":"Point","coordinates":[-4.71642,41.67504]},"properties":{"id":"1622","registryId":"G1U48F182","precision":"unknown","provider":"cartociudad"}},{"type":"Feature","geometry":{"type":"Point","coordinates":[-4.71642,41.67504]},"properties":{"id":"1623","registryId":"G1U48F185","precision":"unknown","provider":"cartociudad"}},{"type":"Feature","geometry":{"type":"Point","coordinates":[-4.71948,41.65319]},"properties":{"id":"1624","registryId":"G1U48G302","precision":"unknown","provider":"cartociudad"}},{"type":"Feature","geometry":{"type":"Point","coordinates":[-4.71642,41.67504]},"properties":{"id":"1625","registryId":"G1U48G341","precision":"unknown","provider":"cartociudad"}},{"type":"Feature","geometry":{"type":"Point","coordinates":[-5.74368,41.50973]},"properties":{"id":"1626","registryId":"G1U48G345","precision":"unknown","provider":"cartociudad"}},{"type":"Feature","geometry":{"type":"Point","coordinates":[-3.68802,41.66207]},"properties":{"id":"1627","registryId":"G1U48G348","precision":"unknown","provider":"cartociudad"}},{"type":"Feature","geometry":{"type":"Point","coordinates":[-4.71642,41.67504]},"properties":{"id":"1628","registryId":"G1U48G357","precision":"unknown","provider":"cartociudad"}},{"type":"Feature","geometry":{"type":"Point","coordinates":[-4.71642,41.67504]},"properties":{"id":"1629","registryId":"G1U48G360","precision":"unknown","provider":"cartociudad"}},{"type":"Feature","geometry":{"type":"Point","coordinates":[-3.6958,41.66331]},"properties":{"id":"1630","registryId":"G1U48G395","precision":"street","provider":"nominatim"}},{"type":"Feature","geometry":{"type":"Point","coordinates":[-3.6958,41.66331]},"properties":{"id":"1631","registryId":"G1U48G427","precision":"street","provider":"nominatim"}},{"type":"Feature","geometry":{"type":"Point","coordinates":[-3.68802,41.66207]},"properties":{"id":"1632","registryId":"G1U48G435","precision":"unknown","provider":"cartociudad"}},{"type":"Feature","geometry":{"type":"Point","coordinates":[-4.71642,41.67504]},"properties":{"id":"1633","registryId":"G1U48G479","precision":"unknown","provider":"cartociudad"}},{"type":"Feature","geometry":{"type":"Point","coordinates":[-4.71642,41.67504]},"properties":{"id":"1634","registryId":"G1U48G482","precision":"unknown","provider":"cartociudad"}},{"type":"Feature","geometry":{"type":"Point","coordinates":[-4.71642,41.67504]},"properties":{"id":"1635","registryId":"G1U48G494","precision":"unknown","provider":"cartociudad"}},{"type":"Feature","geometry":{"type":"Point","coordinates":[-4.71642,41.67504]},"properties":{"id":"1636","registryId":"G1U48G498","precision":"unknown","provider":"cartociudad"}},{"type":"Feature","geometry":{"type":"Point","coordinates":[-4.71642,41.67504]},"properties":{"id":"1637","registryId":"G1U48H002","precision":"unknown","provider":"cartociudad"}},{"type":"Feature","geometry":{"type":"Point","coordinates":[-4.71642,41.67504]},"properties":{"id":"1638","registryId":"G1U48H005","precision":"unknown","provider":"cartociudad"}},{"type":"Feature","geometry":{"type":"Point","coordinates":[-4.71642,41.67504]},"properties":{"id":"1639","registryId":"G1U48H008","precision":"unknown","provider":"cartociudad"}},{"type":"Feature","geometry":{"type":"Point","coordinates":[-5.57443,42.59106]},"properties":{"id":"1640","registryId":"G1V01A01504","precision":"unknown","provider":"cartociudad"}},{"type":"Feature","geometry":{"type":"Point","coordinates":[-2.04364,41.84122]},"properties":{"id":"1641","registryId":"G1V01A01565","precision":"street","provider":"mapbox"}},{"type":"Feature","geometry":{"type":"Point","coordinates":[-4.38031,40.80003]},"properties":{"id":"1642","registryId":"G1V01A01830","precision":"street","provider":"mapbox"}},{"type":"Feature","geometry":{"type":"Point","coordinates":[-2.04364,41.84122]},"properties":{"id":"1643","registryId":"G1V14E00233","precision":"street","provider":"mapbox"}},{"type":"Feature","geometry":{"type":"Point","coordinates":[-5.59086,42.60129]},"properties":{"id":"1644","registryId":"G1V14E00256","precision":"street","provider":"mapbox"}},{"type":"Feature","geometry":{"type":"Point","coordinates":[-5.66219,40.94849]},"properties":{"id":"1645","registryId":"G1V14E00306","precision":"unknown","provider":"cartociudad"}},{"type":"Feature","geometry":{"type":"Point","coordinates":[-2.04364,41.84122]},"properties":{"id":"1646","registryId":"G1V14E00406","precision":"street","provider":"mapbox"}},{"type":"Feature","geometry":{"type":"Point","coordinates":[-5.66369,40.94455]},"properties":{"id":"1647","registryId":"G1V14E00605","precision":"exact","provider":"mapbox"}},{"type":"Feature","geometry":{"type":"Point","coordinates":[-5.68629,40.95469]},"properties":{"id":"1648","registryId":"G1V14E00614","precision":"unknown","provider":"cartociudad"}},{"type":"Feature","geometry":{"type":"Point","coordinates":[-5.70012,40.95523]},"properties":{"id":"1649","registryId":"G1V14E00633","precision":"street","provider":"nominatim"}},{"type":"Feature","geometry":{"type":"Point","coordinates":[-5.69057,40.91834]},"properties":{"id":"1650","registryId":"G1V18F01456","precision":"street","provider":"nominatim"}},{"type":"Feature","geometry":{"type":"Point","coordinates":[-4.31388,42.78566]},"properties":{"id":"1651","registryId":"G1V18F01746","precision":"street","provider":"mapbox"}},{"type":"Feature","geometry":{"type":"Point","coordinates":[-4.51745,41.98893]},"properties":{"id":"1652","registryId":"G1V23G00465","precision":"unknown","provider":"cartociudad"}},{"type":"Feature","geometry":{"type":"Point","coordinates":[-5.58631,42.48051]},"properties":{"id":"1653","registryId":"G1V35K00506","precision":"exact","provider":"mapbox"}},{"type":"Feature","geometry":{"type":"Point","coordinates":[-5.97626,42.37554]},"properties":{"id":"1654","registryId":"G1V35K00517","precision":"street","provider":"mapbox"}},{"type":"Feature","geometry":{"type":"Point","coordinates":[-4.91668,41.30989]},"properties":{"id":"1655","registryId":"G1V48N01125","precision":"exact","provider":"nominatim"}},{"type":"Feature","geometry":{"type":"Point","coordinates":[-4.71611,41.52056]},"properties":{"id":"1656","registryId":"G1V48N01535","precision":"street","provider":"mapbox"}},{"type":"Feature","geometry":{"type":"Point","coordinates":[-4.76,41.63035]},"properties":{"id":"1657","registryId":"G1V48N01599","precision":"unknown","provider":"cartociudad"}},{"type":"Feature","geometry":{"type":"Point","coordinates":[-4.46224,40.46221]},"properties":{"id":"1659","registryId":"H032-019-003-L","precision":"unknown","provider":"cartociudad"}},{"type":"Feature","geometry":{"type":"Point","coordinates":[-4.74513,41.64289]},"properties":{"id":"1660","registryId":"HD600072860001","precision":"unknown","provider":"cartociudad"}},{"type":"Feature","geometry":{"type":"Point","coordinates":[-4.74513,41.64289]},"properties":{"id":"1661","registryId":"HD600072860001","precision":"unknown","provider":"cartociudad"}},{"type":"Feature","geometry":{"type":"Point","coordinates":[-3.57132,42.93848]},"properties":{"id":"1662","registryId":"HD60112650001","precision":"exact","provider":"mapbox"}},{"type":"Feature","geometry":{"type":"Point","coordinates":[-5.65862,42.41825]},"properties":{"id":"1663","registryId":"M1-B1001","precision":"street","provider":"mapbox"}},{"type":"Feature","geometry":{"type":"Point","coordinates":[-3.74801,42.36738]},"properties":{"id":"1664","registryId":"NE-180-S13-00010","precision":"unknown","provider":"cartociudad"}},{"type":"Feature","geometry":{"type":"Point","coordinates":[-3.6648,42.3544]},"properties":{"id":"1665","registryId":"NO CONSTA","precision":"exact","provider":"mapbox"}},{"type":"Feature","geometry":{"type":"Point","coordinates":[-3.75756,42.36456]},"properties":{"id":"1666","registryId":"NT-180-S14-00017","precision":"unknown","provider":"cartociudad"}},{"type":"Feature","geometry":{"type":"Point","coordinates":[-3.75417,42.36863]},"properties":{"id":"1667","registryId":"NT180-S13-00015","precision":"unknown","provider":"cartociudad"}},{"type":"Feature","geometry":{"type":"Point","coordinates":[-3.75756,42.36456]},"properties":{"id":"1668","registryId":"NT180-S3-00009","precision":"unknown","provider":"cartociudad"}},{"type":"Feature","geometry":{"type":"Point","coordinates":[-4.6827,40.64319]},"properties":{"id":"1669","registryId":"P1/32D0248","precision":"street","provider":"nominatim"}},{"type":"Feature","geometry":{"type":"Point","coordinates":[-4.12349,41.59285]},"properties":{"id":"1670","registryId":"P1/4760474","precision":"street","provider":"nominatim"}},{"type":"Feature","geometry":{"type":"Point","coordinates":[-1.98613,41.77765]},"properties":{"id":"1671","registryId":"P114760375","precision":"street","provider":"nominatim"}},{"type":"Feature","geometry":{"type":"Point","coordinates":[-4.23495,40.95703]},"properties":{"id":"1672","registryId":"P165L0509","precision":"street","provider":"nominatim"}},{"type":"Feature","geometry":{"type":"Point","coordinates":[-5.58173,42.61136]},"properties":{"id":"1673","registryId":"P1H08A0562","precision":"street","provider":"mapbox"}},{"type":"Feature","geometry":{"type":"Point","coordinates":[-5.56978,42.58477]},"properties":{"id":"1674","registryId":"P1H48F1062","precision":"exact","provider":"mapbox"}},{"type":"Feature","geometry":{"type":"Point","coordinates":[-3.698,42.3486]},"properties":{"id":"1675","registryId":"P1I32D0201","precision":"unknown","provider":"cartociudad"}},{"type":"Feature","geometry":{"type":"Point","coordinates":[-3.69747,42.34837]},"properties":{"id":"1676","registryId":"P1I32D0201","precision":"unknown","provider":"cartociudad"}},{"type":"Feature","geometry":{"type":"Point","coordinates":[-4.74196,41.67972]},"properties":{"id":"1677","registryId":"P1I32D0262","precision":"street","provider":"nominatim"}},{"type":"Feature","geometry":{"type":"Point","coordinates":[-1.98581,41.77843]},"properties":{"id":"1678","registryId":"PPK73237007522","precision":"street","provider":"mapbox"}},{"type":"Feature","geometry":{"type":"Point","coordinates":[-3.71588,42.37192]},"properties":{"id":"1679","registryId":"PPK73237007905","precision":"unknown","provider":"cartociudad"}},{"type":"Feature","geometry":{"type":"Point","coordinates":[-4.78801,41.6309]},"properties":{"id":"1680","registryId":"PPK7344001141","precision":"street","provider":"mapbox"}},{"type":"Feature","geometry":{"type":"Point","coordinates":[-3.69365,41.67329]},"properties":{"id":"1681","registryId":"PPK73654004905","precision":"street","provider":"nominatim"}},{"type":"Feature","geometry":{"type":"Point","coordinates":[-3.7075,41.66859]},"properties":{"id":"1682","registryId":"PPK73944005195","precision":"street","provider":"mapbox"}},{"type":"Feature","geometry":{"type":"Point","coordinates":[-5.65185,40.96674]},"properties":{"id":"1683","registryId":"PPK73944005789","precision":"unknown","provider":"cartociudad"}},{"type":"Feature","geometry":{"type":"Point","coordinates":[-4.72599,41.59473]},"properties":{"id":"1684","registryId":"PPK73944006100","precision":"street","provider":"nominatim"}},{"type":"Feature","geometry":{"type":"Point","coordinates":[-5.4901,42.5648]},"properties":{"id":"1685","registryId":"PPK73944006106","precision":"street","provider":"mapbox"}},{"type":"Feature","geometry":{"type":"Point","coordinates":[-3.70262,42.3704]},"properties":{"id":"1686","registryId":"PPK73944006722","precision":"unknown","provider":"cartociudad"}},{"type":"Feature","geometry":{"type":"Point","coordinates":[-4.51875,42.01132]},"properties":{"id":"1687","registryId":"PPK73944007357","precision":"unknown","provider":"cartociudad"}},{"type":"Feature","geometry":{"type":"Point","coordinates":[-5.71906,41.52203]},"properties":{"id":"1688","registryId":"PPK73944008073","precision":"unknown","provider":"cartociudad"}},{"type":"Feature","geometry":{"type":"Point","coordinates":[-3.74801,42.36738]},"properties":{"id":"1689","registryId":"PPK73944100733","precision":"unknown","provider":"cartociudad"}},{"type":"Feature","geometry":{"type":"Point","coordinates":[-3.74801,42.36738]},"properties":{"id":"1690","registryId":"PPK73944100758","precision":"unknown","provider":"cartociudad"}},{"type":"Feature","geometry":{"type":"Point","coordinates":[-3.70968,42.17355]},"properties":{"id":"1691","registryId":"PPK73944101363","precision":"street","provider":"mapbox"}},{"type":"Feature","geometry":{"type":"Point","coordinates":[-3.70968,42.17355]},"properties":{"id":"1692","registryId":"PPK73944101385","precision":"street","provider":"mapbox"}},{"type":"Feature","geometry":{"type":"Point","coordinates":[-3.69556,42.34182]},"properties":{"id":"1693","registryId":"PPK73944101787","precision":"unknown","provider":"cartociudad"}},{"type":"Feature","geometry":{"type":"Point","coordinates":[-1.98339,41.79141]},"properties":{"id":"1694","registryId":"PPK73946001548","precision":"exact","provider":"mapbox"}},{"type":"Feature","geometry":{"type":"Point","coordinates":[-3.69072,41.13408]},"properties":{"id":"1695","registryId":"SAN/2008/20011768","precision":"unknown","provider":"cartociudad"}},{"type":"Feature","geometry":{"type":"Point","coordinates":[-3.97284,42.44193]},"properties":{"id":"1696","registryId":"SIN NUMERO","precision":"unknown","provider":"cartociudad"}},{"type":"Feature","geometry":{"type":"Point","coordinates":[-5.14099,41.20063]},"properties":{"id":"1697","registryId":"SIN NUMERO","precision":"exact","provider":"mapbox"}},{"type":"Feature","geometry":{"type":"Point","coordinates":[-5.83282,42.58423]},"properties":{"id":"1699","registryId":"SN 06SM107022300010","precision":"street","provider":"mapbox"}},{"type":"Feature","geometry":{"type":"Point","coordinates":[-4.11153,40.92806]},"properties":{"id":"1700","registryId":"SN 15D00936147","precision":"unknown","provider":"cartociudad"}},{"type":"Feature","geometry":{"type":"Point","coordinates":[-2.76647,41.91256]},"properties":{"id":"1701","registryId":"SN-058997070181","precision":"street","provider":"mapbox"}},{"type":"Feature","geometry":{"type":"Point","coordinates":[-2.43374,41.17263]},"properties":{"id":"1702","registryId":"SN-058997070188","precision":"street","provider":"nominatim"}},{"type":"Feature","geometry":{"type":"Point","coordinates":[-2.88303,41.93456]},"properties":{"id":"1703","registryId":"SN-058997070193","precision":"street","provider":"nominatim"}},{"type":"Feature","geometry":{"type":"Point","coordinates":[-3.69072,41.13408]},"properties":{"id":"1704","registryId":"SN2008/20011768","precision":"unknown","provider":"cartociudad"}},{"type":"Feature","geometry":{"type":"Point","coordinates":[-3.42643,42.06938]},"properties":{"id":"1705","registryId":"SN310001875","precision":"unknown","provider":"cartociudad"}},{"type":"Feature","geometry":{"type":"Point","coordinates":[-5.63126,42.04633]},"properties":{"id":"1706","registryId":"SNA15F-03820","precision":"street","provider":"nominatim"}},{"type":"Feature","geometry":{"type":"Point","coordinates":[-4.70731,41.66048]},"properties":{"id":"1707","registryId":"SNA15K-05072","precision":"street","provider":"mapbox"}},{"type":"Feature","geometry":{"type":"Point","coordinates":[-4.30829,41.33044]},"properties":{"id":"1708","registryId":"SNA16E-04020","precision":"site","provider":"local_osm"}},{"type":"Feature","geometry":{"type":"Point","coordinates":[-5.66344,40.96322]},"properties":{"id":"1709","registryId":"SNA16K-09782","precision":"street","provider":"mapbox"}},{"type":"Feature","geometry":{"type":"Point","coordinates":[-5.66344,40.96322]},"properties":{"id":"1710","registryId":"SNA16K-09783","precision":"street","provider":"mapbox"}},{"type":"Feature","geometry":{"type":"Point","coordinates":[-5.59762,42.58181]},"properties":{"id":"1711","registryId":"SNAISF-03812","precision":"street","provider":"nominatim"}},{"type":"Feature","geometry":{"type":"Point","coordinates":[-4.36937,40.45426]},"properties":{"id":"1712","registryId":"SNX17C908409","precision":"site","provider":"local_osm"}},{"type":"Feature","geometry":{"type":"Point","coordinates":[-6.59579,42.55524]},"properties":{"id":"1713","registryId":"SVO-B0001","precision":"unknown","provider":"cartociudad"}},{"type":"Feature","geometry":{"type":"Point","coordinates":[-2.94138,42.68663]},"properties":{"id":"1714","registryId":"X07B107573","precision":"unknown","provider":"cartociudad"}},{"type":"Feature","geometry":{"type":"Point","coordinates":[-4.1513,41.64281]},"properties":{"id":"1715","registryId":"X07E114452","precision":"street","provider":"mapbox"}},{"type":"Feature","geometry":{"type":"Point","coordinates":[-2.95857,42.68749]},"properties":{"id":"1716","registryId":"X08L183289","precision":"street","provider":"nominatim"}},{"type":"Feature","geometry":{"type":"Point","coordinates":[-3.62758,42.34374]},"properties":{"id":"1717","registryId":"X08L183315","precision":"street","provider":"mapbox"}},{"type":"Feature","geometry":{"type":"Point","coordinates":[-2.94237,42.68878]},"properties":{"id":"1718","registryId":"X08L183987","precision":"street","provider":"nominatim"}},{"type":"Feature","geometry":{"type":"Point","coordinates":[-2.94237,42.68878]},"properties":{"id":"1719","registryId":"X08L183987","precision":"street","provider":"nominatim"}},{"type":"Feature","geometry":{"type":"Point","coordinates":[-2.94383,42.68149]},"properties":{"id":"1720","registryId":"X08L184034","precision":"unknown","provider":"cartociudad"}},{"type":"Feature","geometry":{"type":"Point","coordinates":[-2.92391,42.68921]},"properties":{"id":"1721","registryId":"X08L184044","precision":"street","provider":"nominatim"}},{"type":"Feature","geometry":{"type":"Point","coordinates":[-5.65456,40.97841]},"properties":{"id":"1722","registryId":"X08L184177","precision":"unknown","provider":"cartociudad"}},{"type":"Feature","geometry":{"type":"Point","coordinates":[-5.65456,40.97841]},"properties":{"id":"1723","registryId":"X08L184177","precision":"unknown","provider":"cartociudad"}},{"type":"Feature","geometry":{"type":"Point","coordinates":[-5.57626,42.60554]},"properties":{"id":"1724","registryId":"X091422855","precision":"exact","provider":"cartociudad"}},{"type":"Feature","geometry":{"type":"Point","coordinates":[-6.59382,42.56393]},"properties":{"id":"1725","registryId":"X09F413267","precision":"unknown","provider":"cartociudad"}},{"type":"Feature","geometry":{"type":"Point","coordinates":[-2.94329,42.6832]},"properties":{"id":"1726","registryId":"X10E450588","precision":"street","provider":"mapbox"}},{"type":"Feature","geometry":{"type":"Point","coordinates":[-2.94329,42.6832]},"properties":{"id":"1727","registryId":"X10E450588","precision":"street","provider":"mapbox"}},{"type":"Feature","geometry":{"type":"Point","coordinates":[-2.78518,41.80836]},"properties":{"id":"1728","registryId":"X10E451881","precision":"street","provider":"mapbox"}},{"type":"Feature","geometry":{"type":"Point","coordinates":[-3.6974,42.34121]},"properties":{"id":"1729","registryId":"X10L479841","precision":"unknown","provider":"cartociudad"}},{"type":"Feature","geometry":{"type":"Point","coordinates":[-4.77974,41.66368]},"properties":{"id":"1730","registryId":"X10L479936","precision":"street","provider":"nominatim"}},{"type":"Feature","geometry":{"type":"Point","coordinates":[-4.77974,41.66368]},"properties":{"id":"1731","registryId":"X10L479936","precision":"street","provider":"nominatim"}},{"type":"Feature","geometry":{"type":"Point","coordinates":[-2.98254,42.66919]},"properties":{"id":"1732","registryId":"X10L480155","precision":"unknown","provider":"cartociudad"}},{"type":"Feature","geometry":{"type":"Point","coordinates":[-2.98254,42.66919]},"properties":{"id":"1733","registryId":"X10L480155","precision":"unknown","provider":"cartociudad"}},{"type":"Feature","geometry":{"type":"Point","coordinates":[-2.91543,42.69243]},"properties":{"id":"1734","registryId":"X10L480434","precision":"street","provider":"nominatim"}},{"type":"Feature","geometry":{"type":"Point","coordinates":[-2.91543,42.69243]},"properties":{"id":"1735","registryId":"X10L480434","precision":"street","provider":"nominatim"}},{"type":"Feature","geometry":{"type":"Point","coordinates":[-2.91543,42.69243]},"properties":{"id":"1736","registryId":"X10L480494","precision":"street","provider":"nominatim"}},{"type":"Feature","geometry":{"type":"Point","coordinates":[-2.91543,42.69243]},"properties":{"id":"1737","registryId":"X10L480494","precision":"street","provider":"nominatim"}},{"type":"Feature","geometry":{"type":"Point","coordinates":[-4.53662,42.00937]},"properties":{"id":"1738","registryId":"X11D495210","precision":"unknown","provider":"cartociudad"}},{"type":"Feature","geometry":{"type":"Point","coordinates":[-4.10279,40.94008]},"properties":{"id":"1739","registryId":"X11D496101","precision":"unknown","provider":"cartociudad"}},{"type":"Feature","geometry":{"type":"Point","coordinates":[-5.67971,41.49142]},"properties":{"id":"1740","registryId":"X11F503547","precision":"street","provider":"nominatim"}},{"type":"Feature","geometry":{"type":"Point","coordinates":[-5.66279,40.9692]},"properties":{"id":"1741","registryId":"X11G508079","precision":"unknown","provider":"cartociudad"}},{"type":"Feature","geometry":{"type":"Point","coordinates":[-5.66279,40.96846]},"properties":{"id":"1742","registryId":"X11G508933","precision":"unknown","provider":"cartociudad"}},{"type":"Feature","geometry":{"type":"Point","coordinates":[-5.65101,40.93267]},"properties":{"id":"1743","registryId":"X11H513159","precision":"exact","provider":"nominatim"}},{"type":"Feature","geometry":{"type":"Point","coordinates":[-5.6761,40.9653]},"properties":{"id":"1744","registryId":"X11H513188","precision":"street","provider":"mapbox"}},{"type":"Feature","geometry":{"type":"Point","coordinates":[-5.68088,40.97309]},"properties":{"id":"1745","registryId":"X11H513190","precision":"street","provider":"nominatim"}},{"type":"Feature","geometry":{"type":"Point","coordinates":[-4.68156,40.66292]},"properties":{"id":"1746","registryId":"X11H513199","precision":"unknown","provider":"cartociudad"}},{"type":"Feature","geometry":{"type":"Point","coordinates":[-5.66563,41.00043]},"properties":{"id":"1747","registryId":"X11H513202","precision":"street","provider":"nominatim"}},{"type":"Feature","geometry":{"type":"Point","coordinates":[-5.65035,40.9588]},"properties":{"id":"1748","registryId":"X11H513203","precision":"street","provider":"nominatim"}},{"type":"Feature","geometry":{"type":"Point","coordinates":[-2.93565,42.6888]},"properties":{"id":"1749","registryId":"X11H514851","precision":"street","provider":"mapbox"}},{"type":"Feature","geometry":{"type":"Point","coordinates":[-2.93645,42.68565]},"properties":{"id":"1750","registryId":"X11I517804","precision":"unknown","provider":"cartociudad"}},{"type":"Feature","geometry":{"type":"Point","coordinates":[-3.72695,42.3688]},"properties":{"id":"1751","registryId":"X11J522476","precision":"unknown","provider":"cartociudad"}},{"type":"Feature","geometry":{"type":"Point","coordinates":[-2.94784,42.68742]},"properties":{"id":"1752","registryId":"X11J522481","precision":"unknown","provider":"cartociudad"}},{"type":"Feature","geometry":{"type":"Point","coordinates":[-2.96735,42.67931]},"properties":{"id":"1753","registryId":"X11J522482","precision":"unknown","provider":"cartociudad"}},{"type":"Feature","geometry":{"type":"Point","coordinates":[-2.95227,42.68286]},"properties":{"id":"1754","registryId":"X11J522486","precision":"exact","provider":"nominatim"}},{"type":"Feature","geometry":{"type":"Point","coordinates":[-2.95195,42.68169]},"properties":{"id":"1755","registryId":"X11J522489","precision":"unknown","provider":"cartociudad"}},{"type":"Feature","geometry":{"type":"Point","coordinates":[-3.77611,42.58526]},"properties":{"id":"1756","registryId":"X12B538869","precision":"street","provider":"nominatim"}},{"type":"Feature","geometry":{"type":"Point","coordinates":[-2.9532,42.68385]},"properties":{"id":"1757","registryId":"X12C543642","precision":"street","provider":"nominatim"}},{"type":"Feature","geometry":{"type":"Point","coordinates":[-3.69849,42.33973]},"properties":{"id":"1758","registryId":"X12H563961","precision":"unknown","provider":"cartociudad"}},{"type":"Feature","geometry":{"type":"Point","coordinates":[-3.69069,42.34886]},"properties":{"id":"1759","registryId":"X14B654743","precision":"unknown","provider":"cartociudad"}},{"type":"Feature","geometry":{"type":"Point","coordinates":[-5.9698,42.3698]},"properties":{"id":"1760","registryId":"X14B654912","precision":"street","provider":"mapbox"}},{"type":"Feature","geometry":{"type":"Point","coordinates":[-4.69419,40.65829]},"properties":{"id":"1761","registryId":"X14E679429","precision":"unknown","provider":"cartociudad"}},{"type":"Feature","geometry":{"type":"Point","coordinates":[-5.56938,42.60183]},"properties":{"id":"1762","registryId":"X14K722373","precision":"unknown","provider":"cartociudad"}},{"type":"Feature","geometry":{"type":"Point","coordinates":[-5.66006,40.9518]},"properties":{"id":"1763","registryId":"X14K722386","precision":"unknown","provider":"cartociudad"}},{"type":"Feature","geometry":{"type":"Point","coordinates":[-5.58374,42.58156]},"properties":{"id":"1764","registryId":"X150753308","precision":"unknown","provider":"cartociudad"}},{"type":"Feature","geometry":{"type":"Point","coordinates":[-4.71198,41.5234]},"properties":{"id":"1765","registryId":"X15D752059","precision":"street","provider":"mapbox"}},{"type":"Feature","geometry":{"type":"Point","coordinates":[-4.71198,41.5234]},"properties":{"id":"1766","registryId":"X15D752105","precision":"street","provider":"nominatim"}},{"type":"Feature","geometry":{"type":"Point","coordinates":[-5.74114,40.96026]},"properties":{"id":"1767","registryId":"X15D752135","precision":"street","provider":"mapbox"}},{"type":"Feature","geometry":{"type":"Point","coordinates":[-2.95273,42.69006]},"properties":{"id":"1768","registryId":"X15D752153","precision":"unknown","provider":"cartociudad"}},{"type":"Feature","geometry":{"type":"Point","coordinates":[-2.92054,42.68685]},"properties":{"id":"1769","registryId":"X15D752154","precision":"exact","provider":"mapbox"}},{"type":"Feature","geometry":{"type":"Point","coordinates":[-5.74795,40.95965]},"properties":{"id":"1770","registryId":"X15D752173","precision":"street","provider":"nominatim"}},{"type":"Feature","geometry":{"type":"Point","coordinates":[-5.74598,40.95919]},"properties":{"id":"1771","registryId":"X15D753327","precision":"unknown","provider":"cartociudad"}},{"type":"Feature","geometry":{"type":"Point","coordinates":[-4.72804,41.6443]},"properties":{"id":"1772","registryId":"X15D753391","precision":"unknown","provider":"cartociudad"}},{"type":"Feature","geometry":{"type":"Point","coordinates":[-5.6739,40.97865]},"properties":{"id":"1773","registryId":"X15D753614","precision":"unknown","provider":"cartociudad"}},{"type":"Feature","geometry":{"type":"Point","coordinates":[-4.18649,40.71096]},"properties":{"id":"1774","registryId":"X15D753675","precision":"street","provider":"mapbox"}},{"type":"Feature","geometry":{"type":"Point","coordinates":[-2.51086,41.64409]},"properties":{"id":"1775","registryId":"X15D753683","precision":"site","provider":"local_osm"}},{"type":"Feature","geometry":{"type":"Point","coordinates":[-4.69419,40.65829]},"properties":{"id":"1776","registryId":"X15D753733","precision":"unknown","provider":"cartociudad"}},{"type":"Feature","geometry":{"type":"Point","coordinates":[-4.19211,40.74086]},"properties":{"id":"1777","registryId":"X15D753772","precision":"street","provider":"mapbox"}},{"type":"Feature","geometry":{"type":"Point","coordinates":[-5.57243,42.59807]},"properties":{"id":"1778","registryId":"X15D75384Z","precision":"unknown","provider":"cartociudad"}},{"type":"Feature","geometry":{"type":"Point","coordinates":[-3.56789,42.94355]},"properties":{"id":"1779","registryId":"X15H774909","precision":"street","provider":"mapbox"}},{"type":"Feature","geometry":{"type":"Point","coordinates":[-5.56719,42.58586]},"properties":{"id":"1780","registryId":"X15H775013","precision":"exact","provider":"mapbox"}},{"type":"Feature","geometry":{"type":"Point","coordinates":[-3.56823,42.94687]},"properties":{"id":"1781","registryId":"X15H798725","precision":"site","provider":"local_osm"}},{"type":"Feature","geometry":{"type":"Point","coordinates":[-5.69679,40.95494]},"properties":{"id":"1782","registryId":"X15K799159","precision":"unknown","provider":"cartociudad"}},{"type":"Feature","geometry":{"type":"Point","coordinates":[-5.58177,42.55801]},"properties":{"id":"1783","registryId":"X15L803621","precision":"exact","provider":"mapbox"}},{"type":"Feature","geometry":{"type":"Point","coordinates":[-3.69891,42.33763]},"properties":{"id":"1784","registryId":"X15L803702","precision":"unknown","provider":"cartociudad"}},{"type":"Feature","geometry":{"type":"Point","coordinates":[-4.30553,41.31877]},"properties":{"id":"1785","registryId":"X15L803738","precision":"unknown","provider":"cartociudad"}},{"type":"Feature","geometry":{"type":"Point","coordinates":[-5.6577,40.99434]},"properties":{"id":"1786","registryId":"X15L803754","precision":"street","provider":"mapbox"}},{"type":"Feature","geometry":{"type":"Point","coordinates":[-6.55353,42.57134]},"properties":{"id":"1787","registryId":"X161860785","precision":"street","provider":"nominatim"}},{"type":"Feature","geometry":{"type":"Point","coordinates":[-5.57245,42.60046]},"properties":{"id":"1788","registryId":"X165869595","precision":"unknown","provider":"cartociudad"}},{"type":"Feature","geometry":{"type":"Point","coordinates":[-5.6656,40.99209]},"properties":{"id":"1789","registryId":"X16888316","precision":"street","provider":"mapbox"}},{"type":"Feature","geometry":{"type":"Point","coordinates":[-4.56193,40.8604]},"properties":{"id":"1790","registryId":"X16B816665","precision":"street","provider":"mapbox"}},{"type":"Feature","geometry":{"type":"Point","coordinates":[-3.57223,42.93877]},"properties":{"id":"1791","registryId":"X16D128101","precision":"street","provider":"nominatim"}},{"type":"Feature","geometry":{"type":"Point","coordinates":[-5.66803,40.96744]},"properties":{"id":"1792","registryId":"X16D826548","precision":"unknown","provider":"cartociudad"}},{"type":"Feature","geometry":{"type":"Point","coordinates":[-5.57973,42.59472]},"properties":{"id":"1793","registryId":"X16D826618","precision":"exact","provider":"nominatim"}},{"type":"Feature","geometry":{"type":"Point","coordinates":[-3.8413,41.24407]},"properties":{"id":"1794","registryId":"X16D826635","precision":"street","provider":"nominatim"}},{"type":"Feature","geometry":{"type":"Point","coordinates":[-3.92618,41.2566]},"properties":{"id":"1795","registryId":"X16D826636","precision":"street","provider":"nominatim"}},{"type":"Feature","geometry":{"type":"Point","coordinates":[-4.24654,40.71505]},"properties":{"id":"1796","registryId":"X16D828529","precision":"street","provider":"mapbox"}},{"type":"Feature","geometry":{"type":"Point","coordinates":[-5.57081,42.59738]},"properties":{"id":"1797","registryId":"X16D828656","precision":"unknown","provider":"cartociudad"}},{"type":"Feature","geometry":{"type":"Point","coordinates":[-6.57687,42.55493]},"properties":{"id":"1798","registryId":"X16I860785","precision":"street","provider":"nominatim"}},{"type":"Feature","geometry":{"type":"Point","coordinates":[-5.65796,40.9664]},"properties":{"id":"1799","registryId":"X16I860811","precision":"unknown","provider":"cartociudad"}},{"type":"Feature","geometry":{"type":"Point","coordinates":[-5.74946,41.50812]},"properties":{"id":"1800","registryId":"X16I860834","precision":"unknown","provider":"cartociudad"}},{"type":"Feature","geometry":{"type":"Point","coordinates":[-5.66296,40.94234]},"properties":{"id":"1801","registryId":"X16J869524","precision":"street","provider":"mapbox"}},{"type":"Feature","geometry":{"type":"Point","coordinates":[-4.73622,41.62518]},"properties":{"id":"1802","registryId":"X16L888239","precision":"unknown","provider":"cartociudad"}},{"type":"Feature","geometry":{"type":"Point","coordinates":[-4.24768,42.79055]},"properties":{"id":"1803","registryId":"X16L888303","precision":"street","provider":"nominatim"}},{"type":"Feature","geometry":{"type":"Point","coordinates":[-4.67412,40.66242]},"properties":{"id":"1804","registryId":"X16L888324","precision":"unknown","provider":"cartociudad"}},{"type":"Feature","geometry":{"type":"Point","coordinates":[-3.6671,42.30231]},"properties":{"id":"1805","registryId":"X16L888327","precision":"street","provider":"mapbox"}},{"type":"Feature","geometry":{"type":"Point","coordinates":[-4.7286,41.65335]},"properties":{"id":"1806","registryId":"X16L888332","precision":"unknown","provider":"cartociudad"}},{"type":"Feature","geometry":{"type":"Point","coordinates":[-5.69679,40.95494]},"properties":{"id":"1807","registryId":"X16L888337","precision":"unknown","provider":"cartociudad"}},{"type":"Feature","geometry":{"type":"Point","coordinates":[-5.74594,40.96006]},"properties":{"id":"1808","registryId":"X16L888346","precision":"street","provider":"mapbox"}},{"type":"Feature","geometry":{"type":"Point","coordinates":[-3.67741,41.67207]},"properties":{"id":"1809","registryId":"X16L888347","precision":"unknown","provider":"cartociudad"}},{"type":"Feature","geometry":{"type":"Point","coordinates":[-5.5724,42.59838]},"properties":{"id":"1810","registryId":"X1717889512","precision":"exact","provider":"mapbox"}},{"type":"Feature","geometry":{"type":"Point","coordinates":[-5.59108,42.61993]},"properties":{"id":"1811","registryId":"X17A893284","precision":"street","provider":"mapbox"}},{"type":"Feature","geometry":{"type":"Point","coordinates":[-5.6527,40.94519]},"properties":{"id":"1812","registryId":"X17A893324","precision":"street","provider":"mapbox"}},{"type":"Feature","geometry":{"type":"Point","coordinates":[-4.73397,41.62216]},"properties":{"id":"1813","registryId":"X17A893367","precision":"unknown","provider":"cartociudad"}},{"type":"Feature","geometry":{"type":"Point","coordinates":[-5.66731,40.96963]},"properties":{"id":"1814","registryId":"X17A893378","precision":"unknown","provider":"cartociudad"}},{"type":"Feature","geometry":{"type":"Point","coordinates":[-5.65567,40.95834]},"properties":{"id":"1815","registryId":"X17C908480","precision":"unknown","provider":"cartociudad"}},{"type":"Feature","geometry":{"type":"Point","coordinates":[-4.7239,41.59912]},"properties":{"id":"1816","registryId":"X17D912310","precision":"unknown","provider":"cartociudad"}},{"type":"Feature","geometry":{"type":"Point","coordinates":[-4.7239,41.59912]},"properties":{"id":"1817","registryId":"X17D913358","precision":"unknown","provider":"cartociudad"}},{"type":"Feature","geometry":{"type":"Point","coordinates":[-4.7239,41.59912]},"properties":{"id":"1819","registryId":"X17F924274","precision":"unknown","provider":"cartociudad"}},{"type":"Feature","geometry":{"type":"Point","coordinates":[-4.7239,41.59912]},"properties":{"id":"1820","registryId":"X17F924311","precision":"unknown","provider":"cartociudad"}},{"type":"Feature","geometry":{"type":"Point","coordinates":[-4.6618,41.64385]},"properties":{"id":"1821","registryId":"X17F924321","precision":"street","provider":"mapbox"}},{"type":"Feature","geometry":{"type":"Point","coordinates":[-4.7239,41.59912]},"properties":{"id":"1822","registryId":"X17F924370","precision":"unknown","provider":"cartociudad"}},{"type":"Feature","geometry":{"type":"Point","coordinates":[-4.7239,41.59912]},"properties":{"id":"1823","registryId":"X17F924411","precision":"unknown","provider":"cartociudad"}},{"type":"Feature","geometry":{"type":"Point","coordinates":[-4.7239,41.59912]},"properties":{"id":"1824","registryId":"X17F924422","precision":"unknown","provider":"cartociudad"}},{"type":"Feature","geometry":{"type":"Point","coordinates":[-4.7239,41.59912]},"properties":{"id":"1825","registryId":"X17G936818","precision":"unknown","provider":"cartociudad"}},{"type":"Feature","geometry":{"type":"Point","coordinates":[-4.7239,41.59912]},"properties":{"id":"1826","registryId":"X17G936829","precision":"unknown","provider":"cartociudad"}},{"type":"Feature","geometry":{"type":"Point","coordinates":[-4.7239,41.59912]},"properties":{"id":"1827","registryId":"X17G936838","precision":"unknown","provider":"cartociudad"}},{"type":"Feature","geometry":{"type":"Point","coordinates":[-4.7239,41.59912]},"properties":{"id":"1828","registryId":"X17G936842","precision":"unknown","provider":"cartociudad"}},{"type":"Feature","geometry":{"type":"Point","coordinates":[-4.7239,41.59912]},"properties":{"id":"1829","registryId":"X17G936855","precision":"unknown","provider":"cartociudad"}},{"type":"Feature","geometry":{"type":"Point","coordinates":[-4.7239,41.59912]},"properties":{"id":"1830","registryId":"X17G936856","precision":"unknown","provider":"cartociudad"}},{"type":"Feature","geometry":{"type":"Point","coordinates":[-4.7239,41.59912]},"properties":{"id":"1831","registryId":"X17G936858","precision":"unknown","provider":"cartociudad"}},{"type":"Feature","geometry":{"type":"Point","coordinates":[-4.7239,41.59912]},"properties":{"id":"1832","registryId":"X17G936880","precision":"unknown","provider":"cartociudad"}},{"type":"Feature","geometry":{"type":"Point","coordinates":[-4.7239,41.59912]},"properties":{"id":"1833","registryId":"X17G936888","precision":"unknown","provider":"cartociudad"}},{"type":"Feature","geometry":{"type":"Point","coordinates":[-4.7239,41.59912]},"properties":{"id":"1834","registryId":"X17G936896","precision":"unknown","provider":"cartociudad"}},{"type":"Feature","geometry":{"type":"Point","coordinates":[-3.69414,41.7774]},"properties":{"id":"1835","registryId":"X17G936928","precision":"street","provider":"mapbox"}},{"type":"Feature","geometry":{"type":"Point","coordinates":[-4.7239,41.59912]},"properties":{"id":"1836","registryId":"X17G936930","precision":"unknown","provider":"cartociudad"}},{"type":"Feature","geometry":{"type":"Point","coordinates":[-4.7239,41.59912]},"properties":{"id":"1837","registryId":"X17G936941","precision":"unknown","provider":"cartociudad"}},{"type":"Feature","geometry":{"type":"Point","coordinates":[-4.7239,41.59912]},"properties":{"id":"1838","registryId":"X17G936959","precision":"unknown","provider":"cartociudad"}},{"type":"Feature","geometry":{"type":"Point","coordinates":[-4.7239,41.59912]},"properties":{"id":"1839","registryId":"X17G936962","precision":"unknown","provider":"cartociudad"}},{"type":"Feature","geometry":{"type":"Point","coordinates":[-4.7239,41.59912]},"properties":{"id":"1840","registryId":"X17G936965","precision":"unknown","provider":"cartociudad"}},{"type":"Feature","geometry":{"type":"Point","coordinates":[-4.7239,41.59912]},"properties":{"id":"1841","registryId":"X17G936970","precision":"unknown","provider":"cartociudad"}},{"type":"Feature","geometry":{"type":"Point","coordinates":[-4.7239,41.59912]},"properties":{"id":"1842","registryId":"X17G936977","precision":"unknown","provider":"cartociudad"}},{"type":"Feature","geometry":{"type":"Point","coordinates":[-4.7239,41.59912]},"properties":{"id":"1843","registryId":"X17G936982","precision":"unknown","provider":"cartociudad"}},{"type":"Feature","geometry":{"type":"Point","coordinates":[-6.58984,42.5489]},"properties":{"id":"1844","registryId":"X17G936983","precision":"unknown","provider":"cartociudad"}},{"type":"Feature","geometry":{"type":"Point","coordinates":[-4.7239,41.59912]},"properties":{"id":"1845","registryId":"X17G936990","precision":"unknown","provider":"cartociudad"}},{"type":"Feature","geometry":{"type":"Point","coordinates":[-4.7239,41.59912]},"properties":{"id":"1846","registryId":"X17G936991","precision":"unknown","provider":"cartociudad"}},{"type":"Feature","geometry":{"type":"Point","coordinates":[-4.7239,41.59912]},"properties":{"id":"1847","registryId":"X17G937027","precision":"unknown","provider":"cartociudad"}},{"type":"Feature","geometry":{"type":"Point","coordinates":[-5.67491,40.96463]},"properties":{"id":"1848","registryId":"X17G937028","precision":"street","provider":"nominatim"}},{"type":"Feature","geometry":{"type":"Point","coordinates":[-4.7239,41.59912]},"properties":{"id":"1849","registryId":"X17G937039","precision":"unknown","provider":"cartociudad"}},{"type":"Feature","geometry":{"type":"Point","coordinates":[-4.7239,41.59912]},"properties":{"id":"1850","registryId":"X17G937044","precision":"unknown","provider":"cartociudad"}},{"type":"Feature","geometry":{"type":"Point","coordinates":[-4.7239,41.59912]},"properties":{"id":"1851","registryId":"X17G937045","precision":"unknown","provider":"cartociudad"}},{"type":"Feature","geometry":{"type":"Point","coordinates":[-4.7239,41.59912]},"properties":{"id":"1852","registryId":"X17G937058","precision":"unknown","provider":"cartociudad"}},{"type":"Feature","geometry":{"type":"Point","coordinates":[-4.7239,41.59912]},"properties":{"id":"1853","registryId":"X17G937069","precision":"unknown","provider":"cartociudad"}},{"type":"Feature","geometry":{"type":"Point","coordinates":[-4.7239,41.59912]},"properties":{"id":"1854","registryId":"X17G937082","precision":"unknown","provider":"cartociudad"}},{"type":"Feature","geometry":{"type":"Point","coordinates":[-4.7239,41.59912]},"properties":{"id":"1855","registryId":"X17G938994","precision":"unknown","provider":"cartociudad"}},{"type":"Feature","geometry":{"type":"Point","coordinates":[-5.98445,42.3837]},"properties":{"id":"1856","registryId":"X17G938997","precision":"exact","provider":"mapbox"}},{"type":"Feature","geometry":{"type":"Point","coordinates":[-5.66914,40.96566]},"properties":{"id":"1857","registryId":"X17G938998","precision":"unknown","provider":"cartociudad"}},{"type":"Feature","geometry":{"type":"Point","coordinates":[-4.7239,41.59912]},"properties":{"id":"1858","registryId":"X17G939015","precision":"unknown","provider":"cartociudad"}},{"type":"Feature","geometry":{"type":"Point","coordinates":[-4.7239,41.59912]},"properties":{"id":"1859","registryId":"X17G939244","precision":"unknown","provider":"cartociudad"}},{"type":"Feature","geometry":{"type":"Point","coordinates":[-4.7239,41.59912]},"properties":{"id":"1860","registryId":"X17G939248","precision":"unknown","provider":"cartociudad"}},{"type":"Feature","geometry":{"type":"Point","coordinates":[-4.7239,41.59912]},"properties":{"id":"1861","registryId":"X17G939254","precision":"unknown","provider":"cartociudad"}},{"type":"Feature","geometry":{"type":"Point","coordinates":[-4.7239,41.59912]},"properties":{"id":"1862","registryId":"X17G939263","precision":"unknown","provider":"cartociudad"}},{"type":"Feature","geometry":{"type":"Point","coordinates":[-4.7239,41.59912]},"properties":{"id":"1863","registryId":"X17G939274","precision":"unknown","provider":"cartociudad"}},{"type":"Feature","geometry":{"type":"Point","coordinates":[-4.7239,41.59912]},"properties":{"id":"1864","registryId":"X17G939275","precision":"unknown","provider":"cartociudad"}},{"type":"Feature","geometry":{"type":"Point","coordinates":[-4.7239,41.59912]},"properties":{"id":"1865","registryId":"X17G939282","precision":"unknown","provider":"cartociudad"}},{"type":"Feature","geometry":{"type":"Point","coordinates":[-4.7239,41.59912]},"properties":{"id":"1866","registryId":"X17G939286","precision":"unknown","provider":"cartociudad"}},{"type":"Feature","geometry":{"type":"Point","coordinates":[-4.7239,41.59912]},"properties":{"id":"1867","registryId":"X17G939292","precision":"unknown","provider":"cartociudad"}},{"type":"Feature","geometry":{"type":"Point","coordinates":[-4.7239,41.59912]},"properties":{"id":"1868","registryId":"X17G939296","precision":"unknown","provider":"cartociudad"}},{"type":"Feature","geometry":{"type":"Point","coordinates":[-4.7239,41.59912]},"properties":{"id":"1869","registryId":"X17G939313","precision":"unknown","provider":"cartociudad"}},{"type":"Feature","geometry":{"type":"Point","coordinates":[-4.7239,41.59912]},"properties":{"id":"1870","registryId":"X17G939405","precision":"unknown","provider":"cartociudad"}},{"type":"Feature","geometry":{"type":"Point","coordinates":[-4.7239,41.59912]},"properties":{"id":"1871","registryId":"X17G939434","precision":"unknown","provider":"cartociudad"}},{"type":"Feature","geometry":{"type":"Point","coordinates":[-4.7239,41.59912]},"properties":{"id":"1872","registryId":"X17G939437","precision":"unknown","provider":"cartociudad"}},{"type":"Feature","geometry":{"type":"Point","coordinates":[-4.7239,41.59912]},"properties":{"id":"1873","registryId":"X17H944176","precision":"unknown","provider":"cartociudad"}},{"type":"Feature","geometry":{"type":"Point","coordinates":[-4.7239,41.59912]},"properties":{"id":"1874","registryId":"X17H944177","precision":"unknown","provider":"cartociudad"}},{"type":"Feature","geometry":{"type":"Point","coordinates":[-4.7239,41.59912]},"properties":{"id":"1875","registryId":"X17H944225","precision":"unknown","provider":"cartociudad"}},{"type":"Feature","geometry":{"type":"Point","coordinates":[-4.96928,40.86969]},"properties":{"id":"1876","registryId":"X17H944240","precision":"street","provider":"mapbox"}},{"type":"Feature","geometry":{"type":"Point","coordinates":[-4.7239,41.59912]},"properties":{"id":"1877","registryId":"X17H944509","precision":"unknown","provider":"cartociudad"}},{"type":"Feature","geometry":{"type":"Point","coordinates":[-5.68013,40.96836]},"properties":{"id":"1878","registryId":"X17H944638","precision":"street","provider":"nominatim"}},{"type":"Feature","geometry":{"type":"Point","coordinates":[-3.17355,42.63844]},"properties":{"id":"1879","registryId":"X17H944748","precision":"street","provider":"nominatim"}},{"type":"Feature","geometry":{"type":"Point","coordinates":[-4.7239,41.59912]},"properties":{"id":"1880","registryId":"X17H944831","precision":"unknown","provider":"cartociudad"}},{"type":"Feature","geometry":{"type":"Point","coordinates":[-4.7239,41.59912]},"properties":{"id":"1881","registryId":"X17H944849","precision":"unknown","provider":"cartociudad"}},{"type":"Feature","geometry":{"type":"Point","coordinates":[-4.7239,41.59912]},"properties":{"id":"1882","registryId":"X17H944887","precision":"unknown","provider":"cartociudad"}},{"type":"Feature","geometry":{"type":"Point","coordinates":[-4.7239,41.59912]},"properties":{"id":"1883","registryId":"X17H944895","precision":"unknown","provider":"cartociudad"}},{"type":"Feature","geometry":{"type":"Point","coordinates":[-4.7239,41.59912]},"properties":{"id":"1884","registryId":"X17H944898","precision":"unknown","provider":"cartociudad"}},{"type":"Feature","geometry":{"type":"Point","coordinates":[-4.7239,41.59912]},"properties":{"id":"1885","registryId":"X17H944899","precision":"unknown","provider":"cartociudad"}},{"type":"Feature","geometry":{"type":"Point","coordinates":[-4.7239,41.59912]},"properties":{"id":"1886","registryId":"X17H944901","precision":"unknown","provider":"cartociudad"}},{"type":"Feature","geometry":{"type":"Point","coordinates":[-4.7239,41.59912]},"properties":{"id":"1887","registryId":"X17H944973","precision":"unknown","provider":"cartociudad"}},{"type":"Feature","geometry":{"type":"Point","coordinates":[-4.7239,41.59912]},"properties":{"id":"1888","registryId":"X17H944996","precision":"unknown","provider":"cartociudad"}},{"type":"Feature","geometry":{"type":"Point","coordinates":[-4.7239,41.59912]},"properties":{"id":"1889","registryId":"X17H945011","precision":"unknown","provider":"cartociudad"}},{"type":"Feature","geometry":{"type":"Point","coordinates":[-5.58126,42.60767]},"properties":{"id":"1890","registryId":"X17I958356","precision":"unknown","provider":"cartociudad"}},{"type":"Feature","geometry":{"type":"Point","coordinates":[-2.95099,42.69297]},"properties":{"id":"1891","registryId":"X17I960300","precision":"street","provider":"mapbox"}},{"type":"Feature","geometry":{"type":"Point","coordinates":[-2.95099,42.69297]},"properties":{"id":"1892","registryId":"X17J964927","precision":"street","provider":"mapbox"}},{"type":"Feature","geometry":{"type":"Point","coordinates":[-5.65382,40.94604]},"properties":{"id":"1893","registryId":"X17J964953","precision":"unknown","provider":"cartociudad"}},{"type":"Feature","geometry":{"type":"Point","coordinates":[-4.73534,41.61895]},"properties":{"id":"1894","registryId":"X181089957","precision":"unknown","provider":"cartociudad"}},{"type":"Feature","geometry":{"type":"Point","coordinates":[-5.69018,40.91775]},"properties":{"id":"1895","registryId":"X18A987452","precision":"street","provider":"mapbox"}},{"type":"Feature","geometry":{"type":"Point","coordinates":[-4.71048,41.66896]},"properties":{"id":"1897","registryId":"X18C012752","precision":"street","provider":"mapbox"}},{"type":"Feature","geometry":{"type":"Point","coordinates":[-5.80852,42.51924]},"properties":{"id":"1898","registryId":"X18C012765","precision":"exact","provider":"mapbox"}},{"type":"Feature","geometry":{"type":"Point","coordinates":[-4.88973,41.39645]},"properties":{"id":"1900","registryId":"X18E023354","precision":"street","provider":"nominatim"}},{"type":"Feature","geometry":{"type":"Point","coordinates":[-3.69964,42.34177]},"properties":{"id":"1901","registryId":"X18I089899","precision":"street","provider":"mapbox"}},{"type":"Feature","geometry":{"type":"Point","coordinates":[-5.58057,42.58593]},"properties":{"id":"1902","registryId":"X18J065751","precision":"unknown","provider":"cartociudad"}},{"type":"Feature","geometry":{"type":"Point","coordinates":[-2.91845,42.69903]},"properties":{"id":"1903","registryId":"X18J065918","precision":"street","provider":"mapbox"}},{"type":"Feature","geometry":{"type":"Point","coordinates":[-5.20167,40.90332]},"properties":{"id":"1904","registryId":"X18J071966","precision":"street","provider":"nominatim"}},{"type":"Feature","geometry":{"type":"Point","coordinates":[-4.69592,40.65571]},"properties":{"id":"1905","registryId":"X18J072003","precision":"unknown","provider":"cartociudad"}},{"type":"Feature","geometry":{"type":"Point","coordinates":[-3.67724,41.66994]},"properties":{"id":"1906","registryId":"X18J072076","precision":"street","provider":"nominatim"}},{"type":"Feature","geometry":{"type":"Point","coordinates":[-3.67724,41.66994]},"properties":{"id":"1907","registryId":"X18J072505","precision":"street","provider":"nominatim"}},{"type":"Feature","geometry":{"type":"Point","coordinates":[-4.7082,41.66167]},"properties":{"id":"1908","registryId":"X18J072614","precision":"exact","provider":"nominatim"}},{"type":"Feature","geometry":{"type":"Point","coordinates":[-5.75479,40.38784]},"properties":{"id":"1909","registryId":"X18K080166","precision":"street","provider":"nominatim"}},{"type":"Feature","geometry":{"type":"Point","coordinates":[-5.74848,40.3901]},"properties":{"id":"1910","registryId":"X18K080223","precision":"street","provider":"nominatim"}},{"type":"Feature","geometry":{"type":"Point","coordinates":[-5.73974,41.51764]},"properties":{"id":"1911","registryId":"X18K080319","precision":"unknown","provider":"cartociudad"}},{"type":"Feature","geometry":{"type":"Point","coordinates":[-5.7598,40.38495]},"properties":{"id":"1912","registryId":"X18K080369","precision":"street","provider":"nominatim"}},{"type":"Feature","geometry":{"type":"Point","coordinates":[-6.62551,42.54718]},"properties":{"id":"1914","registryId":"X18K080725","precision":"exact","provider":"mapbox"}},{"type":"Feature","geometry":{"type":"Point","coordinates":[-3.73235,42.26947]},"properties":{"id":"1915","registryId":"X18K080761","precision":"street","provider":"nominatim"}},{"type":"Feature","geometry":{"type":"Point","coordinates":[-2.48259,41.7835]},"properties":{"id":"1916","registryId":"X18K080764","precision":"street","provider":"mapbox"}},{"type":"Feature","geometry":{"type":"Point","coordinates":[-5.62904,41.32508]},"properties":{"id":"1917","registryId":"X18K081460","precision":"street","provider":"nominatim"}},{"type":"Feature","geometry":{"type":"Point","coordinates":[-6.56916,42.54621]},"properties":{"id":"1918","registryId":"X18K081470","precision":"exact","provider":"mapbox"}},{"type":"Feature","geometry":{"type":"Point","coordinates":[-5.7654,41.47042]},"properties":{"id":"1919","registryId":"X18K081605","precision":"street","provider":"nominatim"}},{"type":"Feature","geometry":{"type":"Point","coordinates":[-5.62296,41.28199]},"properties":{"id":"1920","registryId":"X18K081733","precision":"street","provider":"nominatim"}},{"type":"Feature","geometry":{"type":"Point","coordinates":[-4.73534,41.61895]},"properties":{"id":"1921","registryId":"X18L089957","precision":"unknown","provider":"cartociudad"}},{"type":"Feature","geometry":{"type":"Point","coordinates":[-5.90302,42.30048]},"properties":{"id":"1922","registryId":"X18L09","precision":"street","provider":"nominatim"}},{"type":"Feature","geometry":{"type":"Point","coordinates":[-6.32003,42.93681]},"properties":{"id":"1923","registryId":"X18L09","precision":"street","provider":"nominatim"}},{"type":"Feature","geometry":{"type":"Point","coordinates":[-5.67472,42.00474]},"properties":{"id":"1924","registryId":"X18L090015","precision":"street","provider":"nominatim"}},{"type":"Feature","geometry":{"type":"Point","coordinates":[-5.60083,42.63424]},"properties":{"id":"1925","registryId":"X18L090062","precision":"unknown","provider":"cartociudad"}},{"type":"Feature","geometry":{"type":"Point","coordinates":[-4.69419,40.65829]},"properties":{"id":"1926","registryId":"X18L090097","precision":"unknown","provider":"cartociudad"}},{"type":"Feature","geometry":{"type":"Point","coordinates":[-6.42023,42.61669]},"properties":{"id":"1927","registryId":"X18L094105","precision":"unknown","provider":"cartociudad"}},{"type":"Feature","geometry":{"type":"Point","coordinates":[-5.63858,40.94609]},"properties":{"id":"1928","registryId":"X191204579","precision":"exact","provider":"nominatim"}},{"type":"Feature","geometry":{"type":"Point","coordinates":[-6.89723,42.1677]},"properties":{"id":"1929","registryId":"X19C136532","precision":"street","provider":"nominatim"}},{"type":"Feature","geometry":{"type":"Point","coordinates":[-5.7475,40.40338]},"properties":{"id":"1930","registryId":"X19C136629","precision":"street","provider":"mapbox"}},{"type":"Feature","geometry":{"type":"Point","coordinates":[-6.88617,42.04699]},"properties":{"id":"1931","registryId":"X19C136773","precision":"exact","provider":"mapbox"}},{"type":"Feature","geometry":{"type":"Point","coordinates":[-5.60083,42.63424]},"properties":{"id":"1932","registryId":"X19D142723","precision":"unknown","provider":"cartociudad"}},{"type":"Feature","geometry":{"type":"Point","coordinates":[-5.5614,42.59154]},"properties":{"id":"1933","registryId":"X19D142900","precision":"unknown","provider":"cartociudad"}},{"type":"Feature","geometry":{"type":"Point","coordinates":[-2.38578,42.00657]},"properties":{"id":"1934","registryId":"X19D142903","precision":"exact","provider":"mapbox"}},{"type":"Feature","geometry":{"type":"Point","coordinates":[-4.69419,40.65829]},"properties":{"id":"1935","registryId":"X19D142987","precision":"unknown","provider":"cartociudad"}},{"type":"Feature","geometry":{"type":"Point","coordinates":[-6.91032,41.97431]},"properties":{"id":"1936","registryId":"X19D144346","precision":"exact","provider":"mapbox"}},{"type":"Feature","geometry":{"type":"Point","coordinates":[-2.35323,41.98692]},"properties":{"id":"1937","registryId":"X19D144390","precision":"exact","provider":"mapbox"}},{"type":"Feature","geometry":{"type":"Point","coordinates":[-2.38497,42.02073]},"properties":{"id":"1938","registryId":"X19D144636","precision":"street","provider":"nominatim"}},{"type":"Feature","geometry":{"type":"Point","coordinates":[-2.3409,42.03518]},"properties":{"id":"1939","registryId":"X19D144639","precision":"street","provider":"mapbox"}},{"type":"Feature","geometry":{"type":"Point","coordinates":[-2.46005,41.82986]},"properties":{"id":"1940","registryId":"X19D144675","precision":"street","provider":"mapbox"}},{"type":"Feature","geometry":{"type":"Point","coordinates":[-2.82949,42.76365]},"properties":{"id":"1941","registryId":"X19E152809","precision":"exact","provider":"nominatim"}},{"type":"Feature","geometry":{"type":"Point","coordinates":[-5.66896,42.00134]},"properties":{"id":"1942","registryId":"X19E153086","precision":"unknown","provider":"cartociudad"}},{"type":"Feature","geometry":{"type":"Point","coordinates":[-4.10838,40.9575]},"properties":{"id":"1943","registryId":"X19E153183","precision":"unknown","provider":"cartociudad"}},{"type":"Feature","geometry":{"type":"Point","coordinates":[-3.76222,42.36301]},"properties":{"id":"1944","registryId":"X19E153836","precision":"unknown","provider":"cartociudad"}},{"type":"Feature","geometry":{"type":"Point","coordinates":[-4.2036,40.96186]},"properties":{"id":"1947","registryId":"X19E155128","precision":"street","provider":"nominatim"}},{"type":"Feature","geometry":{"type":"Point","coordinates":[-6.8377,42.03374]},"properties":{"id":"1948","registryId":"X19E155327","precision":"exact","provider":"mapbox"}},{"type":"Feature","geometry":{"type":"Point","coordinates":[-6.95619,42.1188]},"properties":{"id":"1949","registryId":"X19H191329","precision":"street","provider":"nominatim"}},{"type":"Feature","geometry":{"type":"Point","coordinates":[-6.92709,42.03991]},"properties":{"id":"1951","registryId":"X19H191522","precision":"exact","provider":"mapbox"}},{"type":"Feature","geometry":{"type":"Point","coordinates":[-6.95478,42.04629]},"properties":{"id":"1952","registryId":"X19H191690","precision":"street","provider":"nominatim"}},{"type":"Feature","geometry":{"type":"Point","coordinates":[-6.89884,42.00165]},"properties":{"id":"1953","registryId":"X19H191753","precision":"exact","provider":"mapbox"}},{"type":"Feature","geometry":{"type":"Point","coordinates":[-6.84439,41.9658]},"properties":{"id":"1954","registryId":"X19H191774","precision":"street","provider":"mapbox"}},{"type":"Feature","geometry":{"type":"Point","coordinates":[-5.02109,41.20393]},"properties":{"id":"1955","registryId":"X19I200333","precision":"exact","provider":"mapbox"}},{"type":"Feature","geometry":{"type":"Point","coordinates":[-4.72904,41.65027]},"properties":{"id":"1956","registryId":"X19I204560","precision":"unknown","provider":"cartociudad"}},{"type":"Feature","geometry":{"type":"Point","coordinates":[-5.65101,40.93267]},"properties":{"id":"1957","registryId":"X20A237901","precision":"exact","provider":"nominatim"}},{"type":"Feature","geometry":{"type":"Point","coordinates":[-3.57318,42.93934]},"properties":{"id":"1958","registryId":"X20A238002","precision":"street","provider":"nominatim"}},{"type":"Feature","geometry":{"type":"Point","coordinates":[-4.70754,41.62497]},"properties":{"id":"1959","registryId":"X20A238153","precision":"unknown","provider":"cartociudad"}},{"type":"Feature","geometry":{"type":"Point","coordinates":[-4.9601,41.64985]},"properties":{"id":"1960","registryId":"X20A238155","precision":"street","provider":"mapbox"}},{"type":"Feature","geometry":{"type":"Point","coordinates":[-5.66006,40.9518]},"properties":{"id":"1961","registryId":"X20A238291","precision":"unknown","provider":"cartociudad"}},{"type":"Feature","geometry":{"type":"Point","coordinates":[-6.61852,41.94288]},"properties":{"id":"1962","registryId":"X20B251856","precision":"street","provider":"nominatim"}},{"type":"Feature","geometry":{"type":"Point","coordinates":[-5.65101,40.93267]},"properties":{"id":"1963","registryId":"X20B252397","precision":"exact","provider":"nominatim"}},{"type":"Feature","geometry":{"type":"Point","coordinates":[-5.6739,40.97865]},"properties":{"id":"1964","registryId":"X20B252414","precision":"unknown","provider":"cartociudad"}},{"type":"Feature","geometry":{"type":"Point","coordinates":[-5.12818,40.9967]},"properties":{"id":"1965","registryId":"X20B252536","precision":"street","provider":"nominatim"}},{"type":"Feature","geometry":{"type":"Point","coordinates":[-5.64302,40.96868]},"properties":{"id":"1966","registryId":"X20C262489","precision":"unknown","provider":"cartociudad"}},{"type":"Feature","geometry":{"type":"Point","coordinates":[-3.65864,42.26232]},"properties":{"id":"1968","registryId":"X21A328406","precision":"unknown","provider":"cartociudad"}},{"type":"Feature","geometry":{"type":"Point","coordinates":[-5.24094,41.57809]},"properties":{"id":"1969","registryId":"X21B338915","precision":"street","provider":"nominatim"}},{"type":"Feature","geometry":{"type":"Point","coordinates":[-6.40091,42.7093]},"properties":{"id":"1970","registryId":"X21B345061","precision":"street","provider":"mapbox"}},{"type":"Feature","geometry":{"type":"Point","coordinates":[-5.58309,42.57524]},"properties":{"id":"1971","registryId":"X21B345508","precision":"unknown","provider":"cartociudad"}},{"type":"Feature","geometry":{"type":"Point","coordinates":[-5.39628,41.52682]},"properties":{"id":"1972","registryId":"X21E369077","precision":"exact","provider":"mapbox"}},{"type":"Feature","geometry":{"type":"Point","coordinates":[-2.46897,41.76534]},"properties":{"id":"1973","registryId":"X21E369697","precision":"street","provider":"nominatim"}},{"type":"Feature","geometry":{"type":"Point","coordinates":[-6.34384,41.69803]},"properties":{"id":"1974","registryId":"X21E369738","precision":"unknown","provider":"cartociudad"}},{"type":"Feature","geometry":{"type":"Point","coordinates":[-6.71838,41.95542]},"properties":{"id":"1975","registryId":"X21F377405","precision":"facility","provider":"local_osm"}},{"type":"Feature","geometry":{"type":"Point","coordinates":[-5.65396,40.96247]},"properties":{"id":"1976","registryId":"X21K432891","precision":"unknown","provider":"cartociudad"}},{"type":"Feature","geometry":{"type":"Point","coordinates":[-2.91508,42.69195]},"properties":{"id":"1977","registryId":"X21K433140","precision":"street","provider":"nominatim"}},{"type":"Feature","geometry":{"type":"Point","coordinates":[-3.68664,42.34714]},"properties":{"id":"1978","registryId":"X21K433175","precision":"unknown","provider":"cartociudad"}},{"type":"Feature","geometry":{"type":"Point","coordinates":[-4.87013,40.802]},"properties":{"id":"1979","registryId":"X21K433724","precision":"exact","provider":"mapbox"}},{"type":"Feature","geometry":{"type":"Point","coordinates":[-5.58002,42.60206]},"properties":{"id":"1980","registryId":"X21K433825","precision":"street","provider":"mapbox"}},{"type":"Feature","geometry":{"type":"Point","coordinates":[-5.72029,40.99509]},"properties":{"id":"1981","registryId":"X21K433938","precision":"exact","provider":"nominatim"}},{"type":"Feature","geometry":{"type":"Point","coordinates":[-3.88656,41.70114]},"properties":{"id":"1982","registryId":"X21K433953","precision":"site","provider":"local_osm"}},{"type":"Feature","geometry":{"type":"Point","coordinates":[-5.65964,40.9775]},"properties":{"id":"1983","registryId":"X21L440684","precision":"unknown","provider":"cartociudad"}},{"type":"Feature","geometry":{"type":"Point","coordinates":[-5.5698,42.59577]},"properties":{"id":"1984","registryId":"X21L440758","precision":"unknown","provider":"cartociudad"}},{"type":"Feature","geometry":{"type":"Point","coordinates":[-6.60157,42.55046]},"properties":{"id":"1985","registryId":"X21L440791","precision":"street","provider":"nominatim"}},{"type":"Feature","geometry":{"type":"Point","coordinates":[-3.69929,42.33784]},"properties":{"id":"1986","registryId":"X21L440802","precision":"unknown","provider":"cartociudad"}},{"type":"Feature","geometry":{"type":"Point","coordinates":[-3.75637,42.32715]},"properties":{"id":"1987","registryId":"X21L440871","precision":"street","provider":"mapbox"}},{"type":"Feature","geometry":{"type":"Point","coordinates":[-4.70951,41.62217]},"properties":{"id":"1988","registryId":"X21L441005","precision":"unknown","provider":"cartociudad"}},{"type":"Feature","geometry":{"type":"Point","coordinates":[40.94161,-5.65941]},"properties":{"id":"1989","registryId":"X22G485716","precision":"exact","provider":"mapbox"}},{"type":"Feature","geometry":{"type":"Point","coordinates":[-5.49864,41.23002]},"properties":{"id":"1990","registryId":"X22G485721","precision":"unknown","provider":"cartociudad"}},{"type":"Feature","geometry":{"type":"Point","coordinates":[-6.10238,41.36863]},"properties":{"id":"1991","registryId":"X22G485785","precision":"unknown","provider":"cartociudad"}},{"type":"Feature","geometry":{"type":"Point","coordinates":[-6.28361,41.94553]},"properties":{"id":"1992","registryId":"X22G485790","precision":"street","provider":"mapbox"}},{"type":"Feature","geometry":{"type":"Point","coordinates":[-5.9627,41.82928]},"properties":{"id":"1993","registryId":"X22G486396","precision":"street","provider":"mapbox"}},{"type":"Feature","geometry":{"type":"Point","coordinates":[-5.71085,41.75154]},"properties":{"id":"1994","registryId":"X22G486447","precision":"exact","provider":"mapbox"}},{"type":"Feature","geometry":{"type":"Point","coordinates":[-5.94093,42.4425]},"properties":{"id":"1995","registryId":"X22G487266","precision":"street","provider":"mapbox"}},{"type":"Feature","geometry":{"type":"Point","coordinates":[-2.02661,41.93755]},"properties":{"id":"1996","registryId":"X22K540934","precision":"street","provider":"nominatim"}},{"type":"Feature","geometry":{"type":"Point","coordinates":[-4.70376,41.65353]},"properties":{"id":"1997","registryId":"X23E616089","precision":"unknown","provider":"cartociudad"}},{"type":"Feature","geometry":{"type":"Point","coordinates":[-4.71642,41.67504]},"properties":{"id":"1998","registryId":"X23H683563","precision":"unknown","provider":"cartociudad"}},{"type":"Feature","geometry":{"type":"Point","coordinates":[-5.01054,40.29415]},"properties":{"id":"1999","registryId":"X23H683597","precision":"street","provider":"nominatim"}},{"type":"Feature","geometry":{"type":"Point","coordinates":[-5.10371,40.25008]},"properties":{"id":"2000","registryId":"X23H683884","precision":"street","provider":"nominatim"}},{"type":"Feature","geometry":{"type":"Point","coordinates":[-4.55266,42.0143]},"properties":{"id":"2001","registryId":"X23H684383","precision":"unknown","provider":"cartociudad"}},{"type":"Feature","geometry":{"type":"Point","coordinates":[-5.57273,42.61188]},"properties":{"id":"2002","registryId":"X48K060185","precision":"unknown","provider":"cartociudad"}},{"type":"Feature","geometry":{"type":"Point","coordinates":[-5.38169,42.70965]},"properties":{"id":"2003","registryId":"XXX","precision":"street","provider":"mapbox"}},{"type":"Feature","geometry":{"type":"Point","coordinates":[-5.41322,42.97289]},"properties":{"id":"2004","registryId":"XXX","precision":"street","provider":"nominatim"}},{"type":"Feature","geometry":{"type":"Point","coordinates":[-6.0741,41.26686]},"properties":{"id":"2005","registryId":"a21J-10117","precision":"street","provider":"mapbox"}},{"type":"Feature","geometry":{"type":"Point","coordinates":[-6.58894,42.56092]},"properties":{"id":"2007","registryId":"af1-37073636","precision":"street","provider":"mapbox"}}]}