{"type":"FeatureCollection","features":[{"type":"Feature","geometry":{"type":"Point","coordinates":[-4.60377,40.94424]},"properties":{"id":"05001","name":"ADANERO","province":"05","population":207,"populationSource":"cadastre","status":"available","coverage":[0.0,0.0,0.0],"buildings":265,"coverage5":0.0,"coverage10":0.0,"coverage15":0.0}},{"type":"Feature","geometry":{"type":"Point","coordinates":[-4.63746,40.30136]},"properties":{"id":"05002","name":"LA ADRADA","province":"05","population":2853,"populationSource":"cadastre","status":"available","coverage":[0.0,0.0,0.0],"buildings":2632,"coverage5":0.0,"coverage10":0.0,"coverage15":0.0}},{"type":"Feature","geometry":{"type":"Point","coordinates":[-4.88627,40.83545]},"properties":{"id":"05005","name":"ALBORNOS","province":"05","population":170,"populationSource":"cadastre","status":"available","coverage":[0.0,0.0,0.0],"buildings":150,"coverage5":0.0,"coverage10":0.0,"coverage15":0.0}},{"type":"Feature","geometry":{"type":"Point","coordinates":[-5.41959,40.38196]},"properties":{"id":"05007","name":"ALDEANUEVA DE SANTA CRUZ","province":"05","population":100,"populationSource":"cadastre","status":"available","coverage":[0.0,0.0,0.0],"buildings":157,"coverage5":0.0,"coverage10":0.0,"coverage15":0.0}},{"type":"Feature","geometry":{"type":"Point","coordinates":[-4.81752,41.0492]},"properties":{"id":"05008","name":"ALDEASECA","province":"05","population":211,"populationSource":"cadastre","status":"available","coverage":[0.0,0.0,0.0],"buildings":155,"coverage5":0.0,"coverage10":0.0,"coverage15":0.0}},{"type":"Feature","geometry":{"type":"Point","coordinates":[-5.40843,40.40949]},"properties":{"id":"05010","name":"LA ALDEHUELA","province":"05","population":141,"populationSource":"cadastre","status":"available","coverage":[0.0,0.0,0.0],"buildings":297,"coverage5":0.0,"coverage10":0.0,"coverage15":0.0}},{"type":"Feature","geometry":{"type":"Point","coordinates":[-5.06123,40.57148]},"properties":{"id":"05012","name":"AMAVIDA","province":"05","population":131,"populationSource":"cadastre","status":"available","coverage":[0.0,0.0,0.0],"buildings":211,"coverage5":0.0,"coverage10":0.0,"coverage15":0.0}},{"type":"Feature","geometry":{"type":"Point","coordinates":[-5.08685,40.26521]},"properties":{"id":"05013","name":"EL ARENAL","province":"05","population":961,"populationSource":"cadastre","status":"available","coverage":[0.0,0.0,0.0],"buildings":1099,"coverage5":0.0,"coverage10":0.0,"coverage15":0.0}},{"type":"Feature","geometry":{"type":"Point","coordinates":[-5.09115,40.20869]},"properties":{"id":"05014","name":"ARENAS DE SAN PEDRO","province":"05","population":6460,"populationSource":"cadastre","status":"available","coverage":[26.76,59.28,68.68],"buildings":3592,"coverage5":26.76,"coverage10":59.28,"coverage15":68.68}},{"type":"Feature","geometry":{"type":"Point","coordinates":[-5.372,40.58706]},"properties":{"id":"05015","name":"AREVALILLO","province":"05","population":58,"populationSource":"cadastre","status":"available","coverage":[0.0,0.0,0.0],"buildings":311,"coverage5":0.0,"coverage10":0.0,"coverage15":0.0}},{"type":"Feature","geometry":{"type":"Point","coordinates":[-4.71892,41.06551]},"properties":{"id":"05016","name":"ARÉVALO","province":"05","population":7851,"populationSource":"cadastre","status":"available","coverage":[36.27,84.19,92.97],"buildings":1301,"coverage5":36.27,"coverage10":84.19,"coverage15":92.97}},{"type":"Feature","geometry":{"type":"Point","coordinates":[-4.8376,40.78315]},"properties":{"id":"05017","name":"AVEINTE","province":"05","population":67,"populationSource":"cadastre","status":"available","coverage":[0.0,0.0,0.0],"buildings":111,"coverage5":0.0,"coverage10":0.0,"coverage15":0.0}},{"type":"Feature","geometry":{"type":"Point","coordinates":[-5.38806,40.38866]},"properties":{"id":"05018","name":"AVELLANEDA","province":"05","population":23,"populationSource":"cadastre","status":"available","coverage":[0.0,0.0,0.0],"buildings":110,"coverage5":0.0,"coverage10":0.0,"coverage15":0.0}},{"type":"Feature","geometry":{"type":"Point","coordinates":[-4.69771,40.65587]},"properties":{"id":"05019","name":"ÁVILA","province":"05","population":59107,"populationSource":"cadastre","status":"available","coverage":[48.83,84.81,92.15],"buildings":6179,"coverage5":48.83,"coverage10":84.81,"coverage15":92.15}},{"type":"Feature","geometry":{"type":"Point","coordinates":[-5.52704,40.35576]},"properties":{"id":"05021","name":"EL BARCO DE ÁVILA","province":"05","population":2308,"populationSource":"cadastre","status":"available","coverage":[37.85,74.7,97.9],"buildings":975,"coverage5":37.85,"coverage10":74.7,"coverage15":97.9}},{"type":"Feature","geometry":{"type":"Point","coordinates":[-4.64114,40.47608]},"properties":{"id":"05022","name":"EL BARRACO","province":"05","population":2086,"populationSource":"cadastre","status":"available","coverage":[0.0,0.0,0.0],"buildings":1713,"coverage5":0.0,"coverage10":0.0,"coverage15":0.0}},{"type":"Feature","geometry":{"type":"Point","coordinates":[-4.93136,41.06568]},"properties":{"id":"05023","name":"BARROMÁN","province":"05","population":174,"populationSource":"cadastre","status":"available","coverage":[0.0,0.0,0.0],"buildings":207,"coverage5":0.0,"coverage10":0.0,"coverage15":0.0}},{"type":"Feature","geometry":{"type":"Point","coordinates":[-5.63456,40.40516]},"properties":{"id":"05024","name":"BECEDAS","province":"05","population":146,"populationSource":"cadastre","status":"available","coverage":[0.0,0.0,0.0],"buildings":898,"coverage5":0.0,"coverage10":0.0,"coverage15":0.0}},{"type":"Feature","geometry":{"type":"Point","coordinates":[-5.33091,40.53863]},"properties":{"id":"05025","name":"BECEDILLAS","province":"05","population":70,"populationSource":"cadastre","status":"available","coverage":[0.0,0.0,0.0],"buildings":182,"coverage5":0.0,"coverage10":0.0,"coverage15":0.0}},{"type":"Feature","geometry":{"type":"Point","coordinates":[-4.97073,41.04621]},"properties":{"id":"05026","name":"BERCIAL DE ZAPARDIEL","province":"05","population":166,"populationSource":"cadastre","status":"available","coverage":[0.0,0.0,0.0],"buildings":149,"coverage5":0.0,"coverage10":0.0,"coverage15":0.0}},{"type":"Feature","geometry":{"type":"Point","coordinates":[-4.76117,40.80356]},"properties":{"id":"05027","name":"LAS BERLANAS","province":"05","population":323,"populationSource":"cadastre","status":"available","coverage":[0.0,0.0,0.0],"buildings":286,"coverage5":0.0,"coverage10":0.0,"coverage15":0.0}},{"type":"Feature","geometry":{"type":"Point","coordinates":[-4.94335,40.97602]},"properties":{"id":"05029","name":"BERNUY-ZAPARDIEL","province":"05","population":79,"populationSource":"osm_fallback","status":"available","coverage":[0.0,0.0,0.0],"buildings":191,"coverage5":0.0,"coverage10":0.0,"coverage15":0.0}},{"type":"Feature","geometry":{"type":"Point","coordinates":[-4.59224,40.69953]},"properties":{"id":"05030","name":"BERROCALEJO DE ARAGONA","province":"05","population":55,"populationSource":"cadastre","status":"available","coverage":[0.0,0.0,0.0],"buildings":87,"coverage5":0.0,"coverage10":0.0,"coverage15":0.0}},{"type":"Feature","geometry":{"type":"Point","coordinates":[-5.08873,40.80165]},"properties":{"id":"05033","name":"BLASCOMILLÁN","province":"05","population":169,"populationSource":"cadastre","status":"available","coverage":[0.0,0.0,0.0],"buildings":191,"coverage5":0.0,"coverage10":0.0,"coverage15":0.0}},{"type":"Feature","geometry":{"type":"Point","coordinates":[-4.98988,41.12387]},"properties":{"id":"05034","name":"BLASCONUÑO DE MATACABRAS","province":"05","population":14,"populationSource":"cadastre","status":"available","coverage":[0.0,0.0,0.0],"buildings":20,"coverage5":0.0,"coverage10":0.0,"coverage15":0.0}},{"type":"Feature","geometry":{"type":"Point","coordinates":[-4.63735,40.87825]},"properties":{"id":"05035","name":"BLASCOSANCHO","province":"05","population":85,"populationSource":"cadastre","status":"available","coverage":[0.0,0.0,0.0],"buildings":294,"coverage5":0.0,"coverage10":0.0,"coverage15":0.0}},{"type":"Feature","geometry":{"type":"Point","coordinates":[-4.72984,40.91626]},"properties":{"id":"05036","name":"EL BOHODÓN","province":"05","population":104,"populationSource":"cadastre","status":"available","coverage":[0.0,0.0,0.0],"buildings":149,"coverage5":0.0,"coverage10":0.0,"coverage15":0.0}},{"type":"Feature","geometry":{"type":"Point","coordinates":[-5.44266,40.31665]},"properties":{"id":"05037","name":"BOHOYO","province":"05","population":205,"populationSource":"cadastre","status":"available","coverage":[0.0,0.0,0.0],"buildings":1177,"coverage5":0.0,"coverage10":0.0,"coverage15":0.0}},{"type":"Feature","geometry":{"type":"Point","coordinates":[-5.26499,40.53083]},"properties":{"id":"05038","name":"BONILLA DE LA SIERRA","province":"05","population":139,"populationSource":"cadastre","status":"available","coverage":[0.0,0.0,0.0],"buildings":328,"coverage5":0.0,"coverage10":0.0,"coverage15":0.0}},{"type":"Feature","geometry":{"type":"Point","coordinates":[-4.93951,40.78034]},"properties":{"id":"05039","name":"BRABOS","province":"05","population":34,"populationSource":"cadastre","status":"available","coverage":[0.0,0.0,0.0],"buildings":79,"coverage5":0.0,"coverage10":0.0,"coverage15":0.0}},{"type":"Feature","geometry":{"type":"Point","coordinates":[-4.86504,40.72401]},"properties":{"id":"05040","name":"BULARROS","province":"05","population":55,"populationSource":"cadastre","status":"available","coverage":[0.0,0.0,0.0],"buildings":271,"coverage5":0.0,"coverage10":0.0,"coverage15":0.0}},{"type":"Feature","geometry":{"type":"Point","coordinates":[-4.78593,40.41614]},"properties":{"id":"05041","name":"BURGOHONDO","province":"05","population":1269,"populationSource":"cadastre","status":"available","coverage":[29.62,80.28,87.94],"buildings":1738,"coverage5":29.62,"coverage10":80.28,"coverage15":87.94}},{"type":"Feature","geometry":{"type":"Point","coordinates":[-4.84058,40.94316]},"properties":{"id":"05042","name":"CABEZAS DE ALAMBRE","province":"05","population":152,"populationSource":"cadastre","status":"available","coverage":[0.0,0.0,0.0],"buildings":117,"coverage5":0.0,"coverage10":0.0,"coverage15":0.0}},{"type":"Feature","geometry":{"type":"Point","coordinates":[-4.95481,41.00123]},"properties":{"id":"05043","name":"CABEZAS DEL POZO","province":"05","population":80,"populationSource":"cadastre","status":"available","coverage":[0.0,0.0,0.0],"buildings":101,"coverage5":0.0,"coverage10":0.0,"coverage15":0.0}},{"type":"Feature","geometry":{"type":"Point","coordinates":[-5.21189,40.71628]},"properties":{"id":"05044","name":"CABEZAS DEL VILLAR","province":"05","population":217,"populationSource":"cadastre","status":"available","coverage":[0.0,0.0,0.0],"buildings":471,"coverage5":0.0,"coverage10":0.0,"coverage15":0.0}},{"type":"Feature","geometry":{"type":"Point","coordinates":[-4.80129,40.90119]},"properties":{"id":"05045","name":"CABIZUELA","province":"05","population":89,"populationSource":"cadastre","status":"available","coverage":[0.0,0.0,0.0],"buildings":92,"coverage5":0.0,"coverage10":0.0,"coverage15":0.0}},{"type":"Feature","geometry":{"type":"Point","coordinates":[-4.90117,41.00397]},"properties":{"id":"05046","name":"CANALES","province":"05","population":42,"populationSource":"cadastre","status":"available","coverage":[0.0,0.0,0.0],"buildings":33,"coverage5":0.0,"coverage10":0.0,"coverage15":0.0}},{"type":"Feature","geometry":{"type":"Point","coordinates":[-5.23915,40.15248]},"properties":{"id":"05047","name":"CANDELEDA","province":"05","population":5003,"populationSource":"cadastre","status":"available","coverage":[28.62,48.15,56.86],"buildings":3502,"coverage5":28.62,"coverage10":48.15,"coverage15":56.86}},{"type":"Feature","geometry":{"type":"Point","coordinates":[-4.95618,40.95193]},"properties":{"id":"05048","name":"CANTIVEROS","province":"05","population":102,"populationSource":"cadastre","status":"available","coverage":[0.0,0.0,0.0],"buildings":111,"coverage5":0.0,"coverage10":0.0,"coverage15":0.0}},{"type":"Feature","geometry":{"type":"Point","coordinates":[-4.74363,40.74228]},"properties":{"id":"05049","name":"CARDEÑOSA","province":"05","population":430,"populationSource":"cadastre","status":"available","coverage":[0.0,0.0,0.0],"buildings":386,"coverage5":0.0,"coverage10":0.0,"coverage15":0.0}},{"type":"Feature","geometry":{"type":"Point","coordinates":[-5.55515,40.34734]},"properties":{"id":"05051","name":"LA CARRERA","province":"05","population":155,"populationSource":"cadastre","status":"available","coverage":[0.0,0.0,1.58],"buildings":480,"coverage5":0.0,"coverage10":0.0,"coverage15":1.58}},{"type":"Feature","geometry":{"type":"Point","coordinates":[-5.19836,40.52857]},"properties":{"id":"05052","name":"CASAS DEL PUERTO","province":"05","population":80,"populationSource":"cadastre","status":"available","coverage":[0.0,0.0,0.0],"buildings":171,"coverage5":0.0,"coverage10":0.0,"coverage15":0.0}},{"type":"Feature","geometry":{"type":"Point","coordinates":[-4.82825,40.66686]},"properties":{"id":"05053","name":"CASASOLA","province":"05","population":67,"populationSource":"cadastre","status":"available","coverage":[0.0,0.0,0.0],"buildings":181,"coverage5":0.0,"coverage10":0.0,"coverage15":0.0}},{"type":"Feature","geometry":{"type":"Point","coordinates":[-4.76581,40.2793]},"properties":{"id":"05054","name":"CASAVIEJA","province":"05","population":1362,"populationSource":"cadastre","status":"available","coverage":[0.0,0.0,0.0],"buildings":1775,"coverage5":0.0,"coverage10":0.0,"coverage15":0.0}},{"type":"Feature","geometry":{"type":"Point","coordinates":[-4.57233,40.3232]},"properties":{"id":"05055","name":"CASILLAS","province":"05","population":673,"populationSource":"cadastre","status":"available","coverage":[60.67,88.57,99.23],"buildings":740,"coverage5":60.67,"coverage10":88.57,"coverage15":99.23}},{"type":"Feature","geometry":{"type":"Point","coordinates":[-4.9089,41.08472]},"properties":{"id":"05056","name":"CASTELLANOS DE ZAPARDIEL","province":"05","population":106,"populationSource":"cadastre","status":"available","coverage":[0.0,0.0,0.0],"buildings":83,"coverage5":0.0,"coverage10":0.0,"coverage15":0.0}},{"type":"Feature","geometry":{"type":"Point","coordinates":[-4.4644,40.45478]},"properties":{"id":"05057","name":"CEBREROS","province":"05","population":3345,"populationSource":"cadastre","status":"available","coverage":[13.42,41.09,77.95],"buildings":2371,"coverage5":13.42,"coverage10":41.09,"coverage15":77.95}},{"type":"Feature","geometry":{"type":"Point","coordinates":[-5.0492,40.45916]},"properties":{"id":"05058","name":"CEPEDA LA MORA","province":"05","population":63,"populationSource":"cadastre","status":"available","coverage":[0.0,0.0,0.0],"buildings":155,"coverage5":0.0,"coverage10":0.0,"coverage15":0.0}},{"type":"Feature","geometry":{"type":"Point","coordinates":[-4.97799,40.70437]},"properties":{"id":"05059","name":"CILLÁN","province":"05","population":84,"populationSource":"cadastre","status":"available","coverage":[0.0,0.0,0.0],"buildings":134,"coverage5":0.0,"coverage10":0.0,"coverage15":0.0}},{"type":"Feature","geometry":{"type":"Point","coordinates":[-5.01323,40.96529]},"properties":{"id":"05060","name":"CISLA","province":"05","population":107,"populationSource":"cadastre","status":"available","coverage":[0.0,0.0,0.0],"buildings":84,"coverage5":0.0,"coverage10":0.0,"coverage15":0.0}},{"type":"Feature","geometry":{"type":"Point","coordinates":[-4.7665,40.64674]},"properties":{"id":"05061","name":"LA COLILLA","province":"05","population":375,"populationSource":"cadastre","status":"available","coverage":[0.0,0.0,0.0],"buildings":276,"coverage5":0.0,"coverage10":0.0,"coverage15":0.0}},{"type":"Feature","geometry":{"type":"Point","coordinates":[-4.93002,40.88773]},"properties":{"id":"05062","name":"COLLADO DE CONTRERAS","province":"05","population":147,"populationSource":"cadastre","status":"available","coverage":[0.0,0.0,0.0],"buildings":172,"coverage5":0.0,"coverage10":0.0,"coverage15":0.0}},{"type":"Feature","geometry":{"type":"Point","coordinates":[-5.35356,40.55449]},"properties":{"id":"05063","name":"COLLADO DEL MIRÓN","province":"05","population":18,"populationSource":"cadastre","status":"available","coverage":[0.0,0.0,0.0],"buildings":69,"coverage5":0.0,"coverage10":0.0,"coverage15":0.0}},{"type":"Feature","geometry":{"type":"Point","coordinates":[-4.87406,40.93842]},"properties":{"id":"05064","name":"CONSTANZANA","province":"05","population":104,"populationSource":"cadastre","status":"available","coverage":[0.0,0.0,0.0],"buildings":80,"coverage5":0.0,"coverage10":0.0,"coverage15":0.0}},{"type":"Feature","geometry":{"type":"Point","coordinates":[-4.96995,40.8732]},"properties":{"id":"05065","name":"CRESPOS","province":"05","population":463,"populationSource":"cadastre","status":"available","coverage":[19.91,26.48,26.48],"buildings":472,"coverage5":19.91,"coverage10":26.48,"coverage15":26.48}},{"type":"Feature","geometry":{"type":"Point","coordinates":[-5.00939,40.2942]},"properties":{"id":"05066","name":"CUEVAS DEL VALLE","province":"05","population":506,"populationSource":"cadastre","status":"available","coverage":[56.39,92.09,95.41],"buildings":542,"coverage5":56.39,"coverage10":92.09,"coverage15":95.41}},{"type":"Feature","geometry":{"type":"Point","coordinates":[-4.95811,40.70161]},"properties":{"id":"05067","name":"CHAMARTÍN","province":"05","population":61,"populationSource":"cadastre","status":"available","coverage":[0.0,0.0,0.0],"buildings":130,"coverage5":0.0,"coverage10":0.0,"coverage15":0.0}},{"type":"Feature","geometry":{"type":"Point","coordinates":[-4.84498,40.96005]},"properties":{"id":"05069","name":"DONJIMENO","province":"05","population":69,"populationSource":"cadastre","status":"available","coverage":[0.0,0.0,0.0],"buildings":56,"coverage5":0.0,"coverage10":0.0,"coverage15":0.0}},{"type":"Feature","geometry":{"type":"Point","coordinates":[-4.80472,41.08864]},"properties":{"id":"05070","name":"DONVIDAS","province":"05","population":31,"populationSource":"cadastre","status":"available","coverage":[0.0,0.0,0.0],"buildings":30,"coverage5":0.0,"coverage10":0.0,"coverage15":0.0}},{"type":"Feature","geometry":{"type":"Point","coordinates":[-4.65097,41.00912]},"properties":{"id":"05072","name":"ESPINOSA DE LOS CABALLEROS","province":"05","population":104,"populationSource":"cadastre","status":"available","coverage":[0.0,0.0,0.0],"buildings":77,"coverage5":0.0,"coverage10":0.0,"coverage15":0.0}},{"type":"Feature","geometry":{"type":"Point","coordinates":[-5.0781,40.9342]},"properties":{"id":"05073","name":"FLORES DE ÁVILA","province":"05","population":262,"populationSource":"cadastre","status":"available","coverage":[0.0,0.0,0.0],"buildings":327,"coverage5":0.0,"coverage10":0.0,"coverage15":0.0}},{"type":"Feature","geometry":{"type":"Point","coordinates":[-4.96744,40.93027]},"properties":{"id":"05074","name":"FONTIVEROS","province":"05","population":715,"populationSource":"cadastre","status":"available","coverage":[83.96,92.65,99.36],"buildings":552,"coverage5":83.96,"coverage10":92.65,"coverage15":99.36}},{"type":"Feature","geometry":{"type":"Point","coordinates":[-4.62112,40.23196]},"properties":{"id":"05075","name":"FRESNEDILLA","province":"05","population":92,"populationSource":"cadastre","status":"available","coverage":[89.28,93.53,97.02],"buildings":195,"coverage5":89.28,"coverage10":93.53,"coverage15":97.02}},{"type":"Feature","geometry":{"type":"Point","coordinates":[-4.75729,40.61419]},"properties":{"id":"05076","name":"EL FRESNO","province":"05","population":579,"populationSource":"cadastre","status":"available","coverage":[0.0,0.0,0.0],"buildings":375,"coverage5":0.0,"coverage10":0.0,"coverage15":0.0}},{"type":"Feature","geometry":{"type":"Point","coordinates":[-4.90922,40.97751]},"properties":{"id":"05077","name":"FUENTE EL SAÚZ","province":"05","population":146,"populationSource":"cadastre","status":"available","coverage":[0.0,0.0,0.0],"buildings":122,"coverage5":0.0,"coverage10":0.0,"coverage15":0.0}},{"type":"Feature","geometry":{"type":"Point","coordinates":[-4.89801,41.01755]},"properties":{"id":"05078","name":"FUENTES DE AÑO","province":"05","population":90,"populationSource":"cadastre","status":"available","coverage":[0.0,0.0,0.0],"buildings":126,"coverage5":0.0,"coverage10":0.0,"coverage15":0.0}},{"type":"Feature","geometry":{"type":"Point","coordinates":[-4.89866,40.7096]},"properties":{"id":"05079","name":"GALLEGOS DE ALTAMIROS","province":"05","population":61,"populationSource":"cadastre","status":"available","coverage":[0.0,0.0,0.0],"buildings":229,"coverage5":0.0,"coverage10":0.0,"coverage15":0.0}},{"type":"Feature","geometry":{"type":"Point","coordinates":[-5.11209,40.71733]},"properties":{"id":"05080","name":"GALLEGOS DE SOBRINOS","province":"05","population":42,"populationSource":"cadastre","status":"available","coverage":[0.0,0.0,0.0],"buildings":168,"coverage5":0.0,"coverage10":0.0,"coverage15":0.0}},{"type":"Feature","geometry":{"type":"Point","coordinates":[-5.10524,40.44971]},"properties":{"id":"05081","name":"GARGANTA DEL VILLAR","province":"05","population":37,"populationSource":"cadastre","status":"available","coverage":[0.0,0.0,0.0],"buildings":62,"coverage5":0.0,"coverage10":0.0,"coverage15":0.0}},{"type":"Feature","geometry":{"type":"Point","coordinates":[-4.85384,40.27686]},"properties":{"id":"05082","name":"GAVILANES","province":"05","population":523,"populationSource":"cadastre","status":"available","coverage":[0.0,0.0,0.0],"buildings":716,"coverage5":0.0,"coverage10":0.0,"coverage15":0.0}},{"type":"Feature","geometry":{"type":"Point","coordinates":[-4.7823,40.59293]},"properties":{"id":"05083","name":"GEMUÑO","province":"05","population":147,"populationSource":"cadastre","status":"available","coverage":[0.0,0.0,0.0],"buildings":212,"coverage5":0.0,"coverage10":0.0,"coverage15":0.0}},{"type":"Feature","geometry":{"type":"Point","coordinates":[-5.60884,40.41429]},"properties":{"id":"05084","name":"GILBUENA","province":"05","population":45,"populationSource":"cadastre","status":"available","coverage":[0.0,0.0,0.0],"buildings":195,"coverage5":0.0,"coverage10":0.0,"coverage15":0.0}},{"type":"Feature","geometry":{"type":"Point","coordinates":[-5.59615,40.29722]},"properties":{"id":"05085","name":"GIL GARCÍA","province":"05","population":45,"populationSource":"cadastre","status":"available","coverage":[0.0,0.0,0.0],"buildings":97,"coverage5":0.0,"coverage10":0.0,"coverage15":0.0}},{"type":"Feature","geometry":{"type":"Point","coordinates":[-5.12294,40.87731]},"properties":{"id":"05086","name":"GIMIALCÓN","province":"05","population":73,"populationSource":"cadastre","status":"available","coverage":[0.0,0.0,0.0],"buildings":99,"coverage5":0.0,"coverage10":0.0,"coverage15":0.0}},{"type":"Feature","geometry":{"type":"Point","coordinates":[-4.73909,40.82714]},"properties":{"id":"05087","name":"GOTARRENDURA","province":"05","population":173,"populationSource":"cadastre","status":"available","coverage":[0.0,0.0,0.0],"buildings":193,"coverage5":0.0,"coverage10":0.0,"coverage15":0.0}},{"type":"Feature","geometry":{"type":"Point","coordinates":[-4.95878,40.755]},"properties":{"id":"05088","name":"GRANDES Y SAN MARTÍN","province":"05","population":34,"populationSource":"cadastre","status":"available","coverage":[0.0,0.0,0.0],"buildings":60,"coverage5":0.0,"coverage10":0.0,"coverage15":0.0}},{"type":"Feature","geometry":{"type":"Point","coordinates":[-5.14011,40.22196]},"properties":{"id":"05089","name":"GUISANDO","province":"05","population":458,"populationSource":"cadastre","status":"available","coverage":[0.0,0.0,0.0],"buildings":546,"coverage5":0.0,"coverage10":0.0,"coverage15":0.0}},{"type":"Feature","geometry":{"type":"Point","coordinates":[-4.63649,40.9827]},"properties":{"id":"05090","name":"GUTIERRE-MUÑOZ","province":"05","population":63,"populationSource":"osm_fallback","status":"available","coverage":[0.0,0.0,0.0],"buildings":6,"coverage5":0.0,"coverage10":0.0,"coverage15":0.0}},{"type":"Feature","geometry":{"type":"Point","coordinates":[-4.73034,40.85749]},"properties":{"id":"05092","name":"HERNANSANCHO","province":"05","population":140,"populationSource":"cadastre","status":"available","coverage":[0.0,0.0,0.0],"buildings":210,"coverage5":0.0,"coverage10":0.0,"coverage15":0.0}},{"type":"Feature","geometry":{"type":"Point","coordinates":[-4.56023,40.56531]},"properties":{"id":"05093","name":"HERRADÓN DE PINARES","province":"05","population":526,"populationSource":"cadastre","status":"available","coverage":[0.0,0.0,0.0],"buildings":1415,"coverage5":0.0,"coverage10":0.0,"coverage15":0.0}},{"type":"Feature","geometry":{"type":"Point","coordinates":[-5.03849,40.80253]},"properties":{"id":"05094","name":"HERREROS DE SUSO","province":"05","population":141,"populationSource":"cadastre","status":"available","coverage":[0.0,0.0,0.0],"buildings":177,"coverage5":0.0,"coverage10":0.0,"coverage15":0.0}},{"type":"Feature","geometry":{"type":"Point","coordinates":[-4.60112,40.23788]},"properties":{"id":"05095","name":"HIGUERA DE LAS DUEÑAS","province":"05","population":250,"populationSource":"cadastre","status":"available","coverage":[0.37,2.56,3.07],"buildings":486,"coverage5":0.37,"coverage10":2.56,"coverage15":3.07}},{"type":"Feature","geometry":{"type":"Point","coordinates":[-4.97267,40.53387]},"properties":{"id":"05096","name":"LA HIJA DE DIOS","province":"05","population":79,"populationSource":"cadastre","status":"available","coverage":[0.0,0.0,0.0],"buildings":170,"coverage5":0.0,"coverage10":0.0,"coverage15":0.0}},{"type":"Feature","geometry":{"type":"Point","coordinates":[-5.46643,40.4353]},"properties":{"id":"05097","name":"LA HORCAJADA","province":"05","population":434,"populationSource":"cadastre","status":"available","coverage":[0.0,0.0,0.0],"buildings":726,"coverage5":0.0,"coverage10":0.0,"coverage15":0.0}},{"type":"Feature","geometry":{"type":"Point","coordinates":[-5.09062,41.06488]},"properties":{"id":"05099","name":"HORCAJO DE LAS TORRES","province":"05","population":425,"populationSource":"cadastre","status":"available","coverage":[0.0,0.0,0.0],"buildings":415,"coverage5":0.0,"coverage10":0.0,"coverage15":0.0}},{"type":"Feature","geometry":{"type":"Point","coordinates":[-5.10365,40.24995]},"properties":{"id":"05100","name":"EL HORNILLO","province":"05","population":263,"populationSource":"cadastre","status":"available","coverage":[91.48,98.31,98.8],"buildings":299,"coverage5":91.48,"coverage10":98.31,"coverage15":98.8}},{"type":"Feature","geometry":{"type":"Point","coordinates":[-4.97561,40.39951]},"properties":{"id":"05101","name":"HOYOCASERO","province":"05","population":294,"populationSource":"cadastre","status":"available","coverage":[84.54,99.6,99.77],"buildings":473,"coverage5":84.54,"coverage10":99.6,"coverage15":99.77}},{"type":"Feature","geometry":{"type":"Point","coordinates":[-4.42271,40.50213]},"properties":{"id":"05102","name":"EL HOYO DE PINARES","province":"05","population":2179,"populationSource":"cadastre","status":"available","coverage":[48.72,85.41,99.36],"buildings":1951,"coverage5":48.72,"coverage10":85.41,"coverage15":99.36}},{"type":"Feature","geometry":{"type":"Point","coordinates":[-5.40982,40.46235]},"properties":{"id":"05103","name":"HOYORREDONDO","province":"05","population":57,"populationSource":"cadastre","status":"available","coverage":[0.0,0.0,0.0],"buildings":148,"coverage5":0.0,"coverage10":0.0,"coverage15":0.0}},{"type":"Feature","geometry":{"type":"Point","coordinates":[-5.19937,40.3587]},"properties":{"id":"05104","name":"HOYOS DEL COLLADO","province":"05","population":28,"populationSource":"cadastre","status":"available","coverage":[0.0,0.0,0.0],"buildings":58,"coverage5":0.0,"coverage10":0.0,"coverage15":0.0}},{"type":"Feature","geometry":{"type":"Point","coordinates":[-5.17905,40.36204]},"properties":{"id":"05105","name":"HOYOS DEL ESPINO","province":"05","population":350,"populationSource":"cadastre","status":"available","coverage":[0.0,0.0,0.0],"buildings":365,"coverage5":0.0,"coverage10":0.0,"coverage15":0.0}},{"type":"Feature","geometry":{"type":"Point","coordinates":[-5.0669,40.39343]},"properties":{"id":"05106","name":"HOYOS DE MIGUEL MUÑOZ","province":"05","population":24,"populationSource":"cadastre","status":"available","coverage":[0.0,0.0,0.0],"buildings":61,"coverage5":0.0,"coverage10":0.0,"coverage15":0.0}},{"type":"Feature","geometry":{"type":"Point","coordinates":[-5.11098,40.69276]},"properties":{"id":"05107","name":"HURTUMPASCUAL","province":"05","population":41,"populationSource":"cadastre","status":"available","coverage":[0.0,0.0,0.0],"buildings":162,"coverage5":0.0,"coverage10":0.0,"coverage15":0.0}},{"type":"Feature","geometry":{"type":"Point","coordinates":[-5.55741,40.41102]},"properties":{"id":"05108","name":"JUNCIANA","province":"05","population":40,"populationSource":"cadastre","status":"available","coverage":[0.0,0.0,0.0],"buildings":165,"coverage5":0.0,"coverage10":0.0,"coverage15":0.0}},{"type":"Feature","geometry":{"type":"Point","coordinates":[-4.85911,41.00755]},"properties":{"id":"05109","name":"LANGA","province":"05","population":441,"populationSource":"cadastre","status":"available","coverage":[0.0,0.0,0.0],"buildings":293,"coverage5":0.0,"coverage10":0.0,"coverage15":0.0}},{"type":"Feature","geometry":{"type":"Point","coordinates":[-4.93695,40.20368]},"properties":{"id":"05110","name":"LANZAHÍTA","province":"05","population":771,"populationSource":"cadastre","status":"available","coverage":[0.0,0.0,0.0],"buildings":821,"coverage5":0.0,"coverage10":0.0,"coverage15":0.0}},{"type":"Feature","geometry":{"type":"Point","coordinates":[-5.53902,40.39241]},"properties":{"id":"05112","name":"EL LOSAR DEL BARCO","province":"05","population":99,"populationSource":"cadastre","status":"available","coverage":[46.98,52.9,58.12],"buildings":289,"coverage5":46.98,"coverage10":52.9,"coverage15":58.12}},{"type":"Feature","geometry":{"type":"Point","coordinates":[-5.49868,40.32831]},"properties":{"id":"05113","name":"LOS LLANOS DE TORMES","province":"05","population":57,"populationSource":"cadastre","status":"available","coverage":[0.0,0.0,0.0],"buildings":233,"coverage5":0.0,"coverage10":0.0,"coverage15":0.0}},{"type":"Feature","geometry":{"type":"Point","coordinates":[-4.99833,41.08976]},"properties":{"id":"05114","name":"MADRIGAL DE LAS ALTAS TORRES","province":"05","population":1281,"populationSource":"cadastre","status":"available","coverage":[24.9,73.96,99.28],"buildings":1119,"coverage5":24.9,"coverage10":73.96,"coverage15":99.28}},{"type":"Feature","geometry":{"type":"Point","coordinates":[-4.50982,40.81103]},"properties":{"id":"05115","name":"MAELLO","province":"05","population":713,"populationSource":"cadastre","status":"available","coverage":[11.9,21.44,28.42],"buildings":2596,"coverage5":11.9,"coverage10":21.44,"coverage15":28.42}},{"type":"Feature","geometry":{"type":"Point","coordinates":[-5.35099,40.52069]},"properties":{"id":"05116","name":"MALPARTIDA DE CORNEJA","province":"05","population":89,"populationSource":"cadastre","status":"available","coverage":[0.0,0.0,0.0],"buildings":181,"coverage5":0.0,"coverage10":0.0,"coverage15":0.0}},{"type":"Feature","geometry":{"type":"Point","coordinates":[-5.00985,41.01919]},"properties":{"id":"05117","name":"MAMBLAS","province":"05","population":191,"populationSource":"cadastre","status":"available","coverage":[0.0,0.0,0.0],"buildings":171,"coverage5":0.0,"coverage10":0.0,"coverage15":0.0}},{"type":"Feature","geometry":{"type":"Point","coordinates":[-5.1483,40.79093]},"properties":{"id":"05118","name":"MANCERA DE ARRIBA","province":"05","population":66,"populationSource":"cadastre","status":"available","coverage":[0.0,0.0,0.0],"buildings":161,"coverage5":0.0,"coverage10":0.0,"coverage15":0.0}},{"type":"Feature","geometry":{"type":"Point","coordinates":[-5.07741,40.66562]},"properties":{"id":"05119","name":"MANJABÁLAGO Y ORTIGOSA DE RIOALMAR","province":"05","population":22,"populationSource":"osm_fallback","status":"available","coverage":[0.0,0.0,0.0],"buildings":3,"coverage5":0.0,"coverage10":0.0,"coverage15":0.0}},{"type":"Feature","geometry":{"type":"Point","coordinates":[-4.82938,40.71276]},"properties":{"id":"05120","name":"MARLÍN","province":"05","population":29,"populationSource":"cadastre","status":"available","coverage":[0.0,0.0,0.0],"buildings":61,"coverage5":0.0,"coverage10":0.0,"coverage15":0.0}},{"type":"Feature","geometry":{"type":"Point","coordinates":[-4.7818,40.67393]},"properties":{"id":"05121","name":"MARTIHERRERO","province":"05","population":372,"populationSource":"cadastre","status":"available","coverage":[36.79,65.79,66.31],"buildings":228,"coverage5":36.79,"coverage10":65.79,"coverage15":66.31}},{"type":"Feature","geometry":{"type":"Point","coordinates":[-5.34692,40.63081]},"properties":{"id":"05122","name":"MARTÍNEZ","province":"05","population":109,"populationSource":"cadastre","status":"available","coverage":[0.0,0.0,0.0],"buildings":451,"coverage5":0.0,"coverage10":0.0,"coverage15":0.0}},{"type":"Feature","geometry":{"type":"Point","coordinates":[-4.5626,40.70062]},"properties":{"id":"05123","name":"MEDIANA DE VOLTOYA","province":"05","population":117,"populationSource":"cadastre","status":"available","coverage":[0.0,0.0,0.0],"buildings":160,"coverage5":0.0,"coverage10":0.0,"coverage15":0.0}},{"type":"Feature","geometry":{"type":"Point","coordinates":[-5.61826,40.43975]},"properties":{"id":"05124","name":"MEDINILLA","province":"05","population":79,"populationSource":"cadastre","status":"available","coverage":[0.0,0.0,0.0],"buildings":411,"coverage5":0.0,"coverage10":0.0,"coverage15":0.0}},{"type":"Feature","geometry":{"type":"Point","coordinates":[-4.9991,40.50081]},"properties":{"id":"05125","name":"MENGAMUÑOZ","province":"05","population":60,"populationSource":"cadastre","status":"available","coverage":[0.0,0.0,0.0],"buildings":94,"coverage5":0.0,"coverage10":0.0,"coverage15":0.0}},{"type":"Feature","geometry":{"type":"Point","coordinates":[-5.30151,40.50157]},"properties":{"id":"05126","name":"MESEGAR DE CORNEJA","province":"05","population":62,"populationSource":"cadastre","status":"available","coverage":[0.0,0.0,0.0],"buildings":156,"coverage5":0.0,"coverage10":0.0,"coverage15":0.0}},{"type":"Feature","geometry":{"type":"Point","coordinates":[-4.83847,40.29777]},"properties":{"id":"05127","name":"MIJARES","province":"05","population":718,"populationSource":"cadastre","status":"available","coverage":[61.68,96.79,99.23],"buildings":668,"coverage5":61.68,"coverage10":96.79,"coverage15":99.23}},{"type":"Feature","geometry":{"type":"Point","coordinates":[-4.66517,40.75103]},"properties":{"id":"05128","name":"MINGORRÍA","province":"05","population":422,"populationSource":"cadastre","status":"available","coverage":[0.0,0.0,0.0],"buildings":453,"coverage5":0.0,"coverage10":0.0,"coverage15":0.0}},{"type":"Feature","geometry":{"type":"Point","coordinates":[-5.40519,40.53167]},"properties":{"id":"05129","name":"EL MIRÓN","province":"05","population":93,"populationSource":"cadastre","status":"available","coverage":[0.0,0.0,0.0],"buildings":194,"coverage5":0.0,"coverage10":0.0,"coverage15":0.0}},{"type":"Feature","geometry":{"type":"Point","coordinates":[-4.82535,40.55496]},"properties":{"id":"05130","name":"MIRONCILLO","province":"05","population":110,"populationSource":"cadastre","status":"available","coverage":[0.0,0.0,0.0],"buildings":310,"coverage5":0.0,"coverage10":0.0,"coverage15":0.0}},{"type":"Feature","geometry":{"type":"Point","coordinates":[-5.09372,40.7375]},"properties":{"id":"05131","name":"MIRUEÑA DE LOS INFANZONES","province":"05","population":86,"populationSource":"cadastre","status":"available","coverage":[0.0,0.0,0.0],"buildings":243,"coverage5":0.0,"coverage10":0.0,"coverage15":0.0}},{"type":"Feature","geometry":{"type":"Point","coordinates":[-5.01789,40.26017]},"properties":{"id":"05132","name":"MOMBELTRÁN","province":"05","population":922,"populationSource":"cadastre","status":"available","coverage":[9.78,62.28,79.37],"buildings":917,"coverage5":9.78,"coverage10":62.28,"coverage15":79.37}},{"type":"Feature","geometry":{"type":"Point","coordinates":[-4.7813,40.7692]},"properties":{"id":"05133","name":"MONSALUPE","province":"05","population":64,"populationSource":"cadastre","status":"available","coverage":[0.0,0.0,0.0],"buildings":126,"coverage5":0.0,"coverage10":0.0,"coverage15":0.0}},{"type":"Feature","geometry":{"type":"Point","coordinates":[-4.9571,41.1073]},"properties":{"id":"05134","name":"MORALEJA DE MATACABRAS","province":"05","population":55,"populationSource":"cadastre","status":"available","coverage":[0.0,0.0,0.0],"buildings":76,"coverage5":0.0,"coverage10":0.0,"coverage15":0.0}},{"type":"Feature","geometry":{"type":"Point","coordinates":[-5.01465,40.59096]},"properties":{"id":"05135","name":"MUÑANA","province":"05","population":499,"populationSource":"cadastre","status":"available","coverage":[0.0,0.0,0.0],"buildings":961,"coverage5":0.0,"coverage10":0.0,"coverage15":0.0}},{"type":"Feature","geometry":{"type":"Point","coordinates":[-5.02791,40.70663]},"properties":{"id":"05136","name":"MUÑICO","province":"05","population":77,"populationSource":"cadastre","status":"available","coverage":[0.0,0.0,0.0],"buildings":209,"coverage5":0.0,"coverage10":0.0,"coverage15":0.0}},{"type":"Feature","geometry":{"type":"Point","coordinates":[-4.9014,40.60386]},"properties":{"id":"05138","name":"MUÑOGALINDO","province":"05","population":299,"populationSource":"cadastre","status":"available","coverage":[0.0,0.0,0.0],"buildings":601,"coverage5":0.0,"coverage10":0.0,"coverage15":0.0}},{"type":"Feature","geometry":{"type":"Point","coordinates":[-4.92143,40.82158]},"properties":{"id":"05139","name":"MUÑOGRANDE","province":"05","population":76,"populationSource":"cadastre","status":"available","coverage":[0.0,0.0,0.0],"buildings":92,"coverage5":0.0,"coverage10":0.0,"coverage15":0.0}},{"type":"Feature","geometry":{"type":"Point","coordinates":[-4.88047,40.85957]},"properties":{"id":"05140","name":"MUÑOMER DEL PECO","province":"05","population":113,"populationSource":"cadastre","status":"available","coverage":[0.0,0.0,0.0],"buildings":56,"coverage5":0.0,"coverage10":0.0,"coverage15":0.0}},{"type":"Feature","geometry":{"type":"Point","coordinates":[-4.82058,40.63359]},"properties":{"id":"05141","name":"MUÑOPEPE","province":"05","population":95,"populationSource":"cadastre","status":"available","coverage":[0.0,0.0,0.0],"buildings":199,"coverage5":0.0,"coverage10":0.0,"coverage15":0.0}},{"type":"Feature","geometry":{"type":"Point","coordinates":[-5.03505,40.92197]},"properties":{"id":"05142","name":"MUÑOSANCHO","province":"05","population":87,"populationSource":"cadastre","status":"available","coverage":[0.0,0.0,0.0],"buildings":121,"coverage5":0.0,"coverage10":0.0,"coverage15":0.0}},{"type":"Feature","geometry":{"type":"Point","coordinates":[-5.04069,40.5427]},"properties":{"id":"05143","name":"MUÑOTELLO","province":"05","population":50,"populationSource":"cadastre","status":"available","coverage":[0.0,0.0,0.0],"buildings":196,"coverage5":0.0,"coverage10":0.0,"coverage15":0.0}},{"type":"Feature","geometry":{"type":"Point","coordinates":[-5.46669,40.56706]},"properties":{"id":"05144","name":"NARRILLOS DEL ÁLAMO","province":"05","population":56,"populationSource":"cadastre","status":"available","coverage":[0.0,0.0,0.0],"buildings":223,"coverage5":0.0,"coverage10":0.0,"coverage15":0.0}},{"type":"Feature","geometry":{"type":"Point","coordinates":[-4.96587,40.66492]},"properties":{"id":"05145","name":"NARRILLOS DEL REBOLLAR","province":"05","population":34,"populationSource":"cadastre","status":"available","coverage":[0.0,0.0,0.0],"buildings":117,"coverage5":0.0,"coverage10":0.0,"coverage15":0.0}},{"type":"Feature","geometry":{"type":"Point","coordinates":[-5.05963,40.85896]},"properties":{"id":"05147","name":"NARROS DEL CASTILLO","province":"05","population":151,"populationSource":"cadastre","status":"available","coverage":[0.0,0.0,0.0],"buildings":200,"coverage5":0.0,"coverage10":0.0,"coverage15":0.0}},{"type":"Feature","geometry":{"type":"Point","coordinates":[-4.98968,40.54063]},"properties":{"id":"05148","name":"NARROS DEL PUERTO","province":"05","population":26,"populationSource":"cadastre","status":"available","coverage":[0.0,0.0,0.0],"buildings":176,"coverage5":0.0,"coverage10":0.0,"coverage15":0.0}},{"type":"Feature","geometry":{"type":"Point","coordinates":[-4.86951,40.87487]},"properties":{"id":"05149","name":"NARROS DE SALDUEÑA","province":"05","population":102,"populationSource":"cadastre","status":"available","coverage":[0.0,0.0,0.0],"buildings":122,"coverage5":0.0,"coverage10":0.0,"coverage15":0.0}},{"type":"Feature","geometry":{"type":"Point","coordinates":[-5.18435,40.48584]},"properties":{"id":"05151","name":"NAVACEPEDILLA DE CORNEJA","province":"05","population":99,"populationSource":"cadastre","status":"available","coverage":[0.0,0.0,0.0],"buildings":203,"coverage5":0.0,"coverage10":0.0,"coverage15":0.0}},{"type":"Feature","geometry":{"type":"Point","coordinates":[-4.77631,40.97853]},"properties":{"id":"05152","name":"NAVA DE ARÉVALO","province":"05","population":647,"populationSource":"cadastre","status":"available","coverage":[0.0,0.0,0.0],"buildings":708,"coverage5":0.0,"coverage10":0.0,"coverage15":0.0}},{"type":"Feature","geometry":{"type":"Point","coordinates":[-5.54153,40.2933]},"properties":{"id":"05153","name":"NAVA DEL BARCO","province":"05","population":81,"populationSource":"cadastre","status":"available","coverage":[0.0,0.0,0.0],"buildings":300,"coverage5":0.0,"coverage10":0.0,"coverage15":0.0}},{"type":"Feature","geometry":{"type":"Point","coordinates":[-5.08356,40.42559]},"properties":{"id":"05154","name":"NAVADIJOS","province":"05","population":29,"populationSource":"cadastre","status":"available","coverage":[0.0,0.0,0.0],"buildings":99,"coverage5":0.0,"coverage10":0.0,"coverage15":0.0}},{"type":"Feature","geometry":{"type":"Point","coordinates":[-5.27677,40.47161]},"properties":{"id":"05155","name":"NAVAESCURIAL","province":"05","population":54,"populationSource":"cadastre","status":"available","coverage":[0.0,0.0,0.0],"buildings":131,"coverage5":0.0,"coverage10":0.0,"coverage15":0.0}},{"type":"Feature","geometry":{"type":"Point","coordinates":[-4.49365,40.32528]},"properties":{"id":"05156","name":"NAVAHONDILLA","province":"05","population":359,"populationSource":"cadastre","status":"available","coverage":[0.0,0.0,0.0],"buildings":714,"coverage5":0.0,"coverage10":0.0,"coverage15":0.0}},{"type":"Feature","geometry":{"type":"Point","coordinates":[-4.93221,40.43998]},"properties":{"id":"05157","name":"NAVALACRUZ","province":"05","population":192,"populationSource":"cadastre","status":"available","coverage":[0.0,0.0,0.0],"buildings":755,"coverage5":0.0,"coverage10":0.0,"coverage15":0.0}},{"type":"Feature","geometry":{"type":"Point","coordinates":[-4.76324,40.45987]},"properties":{"id":"05158","name":"NAVALMORAL","province":"05","population":445,"populationSource":"cadastre","status":"available","coverage":[0.0,0.0,0.0],"buildings":739,"coverage5":0.0,"coverage10":0.0,"coverage15":0.0}},{"type":"Feature","geometry":{"type":"Point","coordinates":[-5.49816,40.27761]},"properties":{"id":"05159","name":"NAVALONGUILLA","province":"05","population":182,"populationSource":"cadastre","status":"available","coverage":[0.0,0.0,0.0],"buildings":343,"coverage5":0.0,"coverage10":0.0,"coverage15":0.0}},{"type":"Feature","geometry":{"type":"Point","coordinates":[-4.93118,40.40183]},"properties":{"id":"05160","name":"NAVALOSA","province":"05","population":314,"populationSource":"cadastre","status":"available","coverage":[0.0,0.0,0.0],"buildings":573,"coverage5":0.0,"coverage10":0.0,"coverage15":0.0}},{"type":"Feature","geometry":{"type":"Point","coordinates":[-4.40913,40.59449]},"properties":{"id":"05161","name":"NAVALPERAL DE PINARES","province":"05","population":840,"populationSource":"cadastre","status":"available","coverage":[30.72,53.59,78.4],"buildings":1300,"coverage5":30.72,"coverage10":53.59,"coverage15":78.4}},{"type":"Feature","geometry":{"type":"Point","coordinates":[-5.30008,40.35288]},"properties":{"id":"05162","name":"NAVALPERAL DE TORMES","province":"05","population":73,"populationSource":"cadastre","status":"available","coverage":[0.0,0.0,0.0],"buildings":255,"coverage5":0.0,"coverage10":0.0,"coverage15":0.0}},{"type":"Feature","geometry":{"type":"Point","coordinates":[-4.70815,40.41273]},"properties":{"id":"05163","name":"NAVALUENGA","province":"05","population":2135,"populationSource":"cadastre","status":"available","coverage":[28.31,65.78,83.25],"buildings":3267,"coverage5":28.31,"coverage10":65.78,"coverage15":83.25}},{"type":"Feature","geometry":{"type":"Point","coordinates":[-4.90876,40.42503]},"properties":{"id":"05164","name":"NAVAQUESERA","province":"05","population":38,"populationSource":"cadastre","status":"available","coverage":[0.0,0.0,0.0],"buildings":184,"coverage5":0.0,"coverage10":0.0,"coverage15":0.0}},{"type":"Feature","geometry":{"type":"Point","coordinates":[-5.13612,40.36211]},"properties":{"id":"05165","name":"NAVARREDONDA DE GREDOS","province":"05","population":451,"populationSource":"cadastre","status":"available","coverage":[0.0,0.0,0.0],"buildings":549,"coverage5":0.0,"coverage10":0.0,"coverage15":0.0}},{"type":"Feature","geometry":{"type":"Point","coordinates":[-4.82125,40.45356]},"properties":{"id":"05166","name":"NAVARREDONDILLA","province":"05","population":146,"populationSource":"cadastre","status":"available","coverage":[0.0,0.0,0.0],"buildings":424,"coverage5":0.0,"coverage10":0.0,"coverage15":0.0}},{"type":"Feature","geometry":{"type":"Point","coordinates":[-4.89512,40.36423]},"properties":{"id":"05167","name":"NAVARREVISCA","province":"05","population":281,"populationSource":"cadastre","status":"available","coverage":[58.71,94.22,97.22],"buildings":521,"coverage5":58.71,"coverage10":94.22,"coverage15":97.22}},{"type":"Feature","geometry":{"type":"Point","coordinates":[-4.32601,40.60305]},"properties":{"id":"05168","name":"LAS NAVAS DEL MARQUÉS","province":"05","population":5670,"populationSource":"cadastre","status":"available","coverage":[12.33,29.77,48.05],"buildings":2606,"coverage5":12.33,"coverage10":29.77,"coverage15":48.05}},{"type":"Feature","geometry":{"type":"Point","coordinates":[-4.8698,40.41539]},"properties":{"id":"05169","name":"NAVATALGORDO","province":"05","population":230,"populationSource":"cadastre","status":"available","coverage":[0.0,0.0,0.0],"buildings":499,"coverage5":0.0,"coverage10":0.0,"coverage15":0.0}},{"type":"Feature","geometry":{"type":"Point","coordinates":[-5.53085,40.33578]},"properties":{"id":"05170","name":"NAVATEJARES","province":"05","population":48,"populationSource":"cadastre","status":"available","coverage":[0.0,0.0,0.0],"buildings":236,"coverage5":0.0,"coverage10":0.0,"coverage15":0.0}},{"type":"Feature","geometry":{"type":"Point","coordinates":[-5.65101,40.42462]},"properties":{"id":"05171","name":"NEILA DE SAN MIGUEL","province":"05","population":66,"populationSource":"cadastre","status":"available","coverage":[0.0,0.0,0.0],"buildings":371,"coverage5":0.0,"coverage10":0.0,"coverage15":0.0}},{"type":"Feature","geometry":{"type":"Point","coordinates":[-4.83946,40.58859]},"properties":{"id":"05172","name":"NIHARRA","province":"05","population":167,"populationSource":"cadastre","status":"available","coverage":[0.0,0.0,0.0],"buildings":280,"coverage5":0.0,"coverage10":0.0,"coverage15":0.0}},{"type":"Feature","geometry":{"type":"Point","coordinates":[-4.51643,40.70646]},"properties":{"id":"05173","name":"OJOS-ALBOS","province":"05","population":89,"populationSource":"osm_fallback","status":"available","coverage":[0.0,0.0,0.0],"buildings":7,"coverage5":0.0,"coverage10":0.0,"coverage15":0.0}},{"type":"Feature","geometry":{"type":"Point","coordinates":[-4.64725,40.99838]},"properties":{"id":"05174","name":"ORBITA","province":"05","population":70,"populationSource":"cadastre","status":"available","coverage":[0.0,0.0,0.0],"buildings":99,"coverage5":0.0,"coverage10":0.0,"coverage15":0.0}},{"type":"Feature","geometry":{"type":"Point","coordinates":[-4.77127,40.84284]},"properties":{"id":"05175","name":"EL OSO","province":"05","population":125,"populationSource":"cadastre","status":"available","coverage":[0.0,0.0,0.0],"buildings":244,"coverage5":0.0,"coverage10":0.0,"coverage15":0.0}},{"type":"Feature","geometry":{"type":"Point","coordinates":[-4.84478,40.62193]},"properties":{"id":"05176","name":"PADIERNOS","province":"05","population":277,"populationSource":"cadastre","status":"available","coverage":[0.0,0.0,0.0],"buildings":598,"coverage5":0.0,"coverage10":0.0,"coverage15":0.0}},{"type":"Feature","geometry":{"type":"Point","coordinates":[-4.64036,40.9237]},"properties":{"id":"05177","name":"PAJARES DE ADAJA","province":"05","population":123,"populationSource":"cadastre","status":"available","coverage":[0.0,0.0,0.0],"buildings":194,"coverage5":0.0,"coverage10":0.0,"coverage15":0.0}},{"type":"Feature","geometry":{"type":"Point","coordinates":[-4.78499,41.11785]},"properties":{"id":"05178","name":"PALACIOS DE GODA","province":"05","population":396,"populationSource":"cadastre","status":"available","coverage":[69.38,78.77,78.77],"buildings":332,"coverage5":69.38,"coverage10":78.77,"coverage15":78.77}},{"type":"Feature","geometry":{"type":"Point","coordinates":[-4.83148,40.87015]},"properties":{"id":"05179","name":"PAPATRIGO","province":"05","population":215,"populationSource":"cadastre","status":"available","coverage":[0.0,0.0,0.0],"buildings":229,"coverage5":0.0,"coverage10":0.0,"coverage15":0.0}},{"type":"Feature","geometry":{"type":"Point","coordinates":[-4.99029,40.79783]},"properties":{"id":"05180","name":"EL PARRAL","province":"05","population":64,"populationSource":"cadastre","status":"available","coverage":[0.0,0.0,0.0],"buildings":82,"coverage5":0.0,"coverage10":0.0,"coverage15":0.0}},{"type":"Feature","geometry":{"type":"Point","coordinates":[-5.27726,40.65534]},"properties":{"id":"05181","name":"PASCUALCOBO","province":"05","population":38,"populationSource":"cadastre","status":"available","coverage":[0.0,0.0,0.0],"buildings":258,"coverage5":0.0,"coverage10":0.0,"coverage15":0.0}},{"type":"Feature","geometry":{"type":"Point","coordinates":[-4.91436,40.24319]},"properties":{"id":"05182","name":"PEDRO BERNARDO","province":"05","population":743,"populationSource":"cadastre","status":"available","coverage":[0.0,0.0,0.0],"buildings":1250,"coverage5":0.0,"coverage10":0.0,"coverage15":0.0}},{"type":"Feature","geometry":{"type":"Point","coordinates":[-4.78531,40.93652]},"properties":{"id":"05183","name":"PEDRO-RODRÍGUEZ","province":"05","population":131,"populationSource":"osm_fallback","status":"available","coverage":[0.0,0.0,0.0],"buildings":1,"coverage5":0.0,"coverage10":0.0,"coverage15":0.0}},{"type":"Feature","geometry":{"type":"Point","coordinates":[-4.23332,40.62652]},"properties":{"id":"05184","name":"PEGUERINOS","province":"05","population":283,"populationSource":"cadastre","status":"available","coverage":[0.0,0.0,0.0],"buildings":577,"coverage5":0.0,"coverage10":0.0,"coverage15":0.0}},{"type":"Feature","geometry":{"type":"Point","coordinates":[-4.74735,40.77199]},"properties":{"id":"05185","name":"PEÑALBA DE ÁVILA","province":"05","population":104,"populationSource":"cadastre","status":"available","coverage":[0.0,0.0,0.0],"buildings":231,"coverage5":0.0,"coverage10":0.0,"coverage15":0.0}},{"type":"Feature","geometry":{"type":"Point","coordinates":[-5.32792,40.46378]},"properties":{"id":"05186","name":"PIEDRAHÍTA","province":"05","population":1637,"populationSource":"cadastre","status":"available","coverage":[14.88,50.48,67.51],"buildings":1092,"coverage5":14.88,"coverage10":50.48,"coverage15":67.51}},{"type":"Feature","geometry":{"type":"Point","coordinates":[-4.6983,40.31768]},"properties":{"id":"05187","name":"PIEDRALAVES","province":"05","population":2183,"populationSource":"cadastre","status":"available","coverage":[3.66,24.34,62.43],"buildings":1724,"coverage5":3.66,"coverage10":24.34,"coverage15":62.43}},{"type":"Feature","geometry":{"type":"Point","coordinates":[-5.07968,40.56629]},"properties":{"id":"05188","name":"POVEDA","province":"05","population":30,"populationSource":"cadastre","status":"available","coverage":[0.0,0.0,0.0],"buildings":88,"coverage5":0.0,"coverage10":0.0,"coverage15":0.0}},{"type":"Feature","geometry":{"type":"Point","coordinates":[-5.16545,40.17243]},"properties":{"id":"05189","name":"POYALES DEL HOYO","province":"05","population":498,"populationSource":"cadastre","status":"available","coverage":[64.82,84.2,90.01],"buildings":658,"coverage5":64.82,"coverage10":84.2,"coverage15":90.01}},{"type":"Feature","geometry":{"type":"Point","coordinates":[-4.66946,40.8]},"properties":{"id":"05190","name":"POZANCO","province":"05","population":57,"populationSource":"cadastre","status":"available","coverage":[0.0,0.0,0.0],"buildings":77,"coverage5":0.0,"coverage10":0.0,"coverage15":0.0}},{"type":"Feature","geometry":{"type":"Point","coordinates":[-5.07194,40.54878]},"properties":{"id":"05191","name":"PRADOSEGAR","province":"05","population":109,"populationSource":"cadastre","status":"available","coverage":[0.0,0.0,0.0],"buildings":239,"coverage5":0.0,"coverage10":0.0,"coverage15":0.0}},{"type":"Feature","geometry":{"type":"Point","coordinates":[-5.62944,40.28982]},"properties":{"id":"05192","name":"PUERTO CASTILLA","province":"05","population":99,"populationSource":"cadastre","status":"available","coverage":[0.0,0.0,0.0],"buildings":312,"coverage5":0.0,"coverage10":0.0,"coverage15":0.0}},{"type":"Feature","geometry":{"type":"Point","coordinates":[-5.07492,41.02309]},"properties":{"id":"05193","name":"RASUEROS","province":"05","population":150,"populationSource":"cadastre","status":"available","coverage":[0.0,0.0,0.0],"buildings":289,"coverage5":0.0,"coverage10":0.0,"coverage15":0.0}},{"type":"Feature","geometry":{"type":"Point","coordinates":[-4.80605,40.83338]},"properties":{"id":"05194","name":"RIOCABADO","province":"05","population":129,"populationSource":"cadastre","status":"available","coverage":[0.0,0.0,0.0],"buildings":148,"coverage5":0.0,"coverage10":0.0,"coverage15":0.0}},{"type":"Feature","geometry":{"type":"Point","coordinates":[-4.778,40.54728]},"properties":{"id":"05195","name":"RIOFRÍO","province":"05","population":188,"populationSource":"cadastre","status":"available","coverage":[0.0,0.0,0.0],"buildings":380,"coverage5":0.0,"coverage10":0.0,"coverage15":0.0}},{"type":"Feature","geometry":{"type":"Point","coordinates":[-4.98776,40.9013]},"properties":{"id":"05196","name":"RIVILLA DE BARAJAS","province":"05","population":59,"populationSource":"cadastre","status":"available","coverage":[0.0,0.0,0.0],"buildings":72,"coverage5":0.0,"coverage10":0.0,"coverage15":0.0}},{"type":"Feature","geometry":{"type":"Point","coordinates":[-4.81089,40.61141]},"properties":{"id":"05197","name":"SALOBRAL","province":"05","population":109,"populationSource":"cadastre","status":"available","coverage":[0.0,0.0,0.0],"buildings":86,"coverage5":0.0,"coverage10":0.0,"coverage15":0.0}},{"type":"Feature","geometry":{"type":"Point","coordinates":[-5.09617,40.87683]},"properties":{"id":"05198","name":"SALVADIÓS","province":"05","population":67,"populationSource":"cadastre","status":"available","coverage":[0.0,0.0,0.0],"buildings":119,"coverage5":0.0,"coverage10":0.0,"coverage15":0.0}},{"type":"Feature","geometry":{"type":"Point","coordinates":[-5.66269,40.40829]},"properties":{"id":"05199","name":"SAN BARTOLOMÉ DE BÉJAR","province":"05","population":44,"populationSource":"cadastre","status":"available","coverage":[0.0,0.0,0.0],"buildings":253,"coverage5":0.0,"coverage10":0.0,"coverage15":0.0}},{"type":"Feature","geometry":{"type":"Point","coordinates":[-5.38525,40.49287]},"properties":{"id":"05200","name":"SAN BARTOLOMÉ DE CORNEJA","province":"05","population":32,"populationSource":"cadastre","status":"available","coverage":[0.0,0.0,0.0],"buildings":99,"coverage5":0.0,"coverage10":0.0,"coverage15":0.0}},{"type":"Feature","geometry":{"type":"Point","coordinates":[-4.54008,40.54319]},"properties":{"id":"05201","name":"SAN BARTOLOMÉ DE PINARES","province":"05","population":479,"populationSource":"cadastre","status":"available","coverage":[67.34,99.06,99.48],"buildings":623,"coverage5":67.34,"coverage10":99.06,"coverage15":99.48}},{"type":"Feature","geometry":{"type":"Point","coordinates":[-4.58156,40.89198]},"properties":{"id":"05204","name":"SANCHIDRIÁN","province":"05","population":720,"populationSource":"cadastre","status":"available","coverage":[1.23,43.09,67.3],"buildings":797,"coverage5":1.23,"coverage10":43.09,"coverage15":67.3}},{"type":"Feature","geometry":{"type":"Point","coordinates":[-4.91485,40.66484]},"properties":{"id":"05205","name":"SANCHORREJA","province":"05","population":77,"populationSource":"cadastre","status":"available","coverage":[0.0,0.0,0.0],"buildings":122,"coverage5":0.0,"coverage10":0.0,"coverage15":0.0}},{"type":"Feature","geometry":{"type":"Point","coordinates":[-4.62473,40.74608]},"properties":{"id":"05206","name":"SAN ESTEBAN DE LOS PATOS","province":"05","population":19,"populationSource":"cadastre","status":"available","coverage":[0.0,0.0,0.0],"buildings":82,"coverage5":0.0,"coverage10":0.0,"coverage15":0.0}},{"type":"Feature","geometry":{"type":"Point","coordinates":[-4.97955,40.27572]},"properties":{"id":"05207","name":"SAN ESTEBAN DEL VALLE","province":"05","population":735,"populationSource":"cadastre","status":"available","coverage":[0.0,0.0,0.0],"buildings":830,"coverage5":0.0,"coverage10":0.0,"coverage15":0.0}},{"type":"Feature","geometry":{"type":"Point","coordinates":[-4.90124,41.09216]},"properties":{"id":"05208","name":"SAN ESTEBAN DE ZAPARDIEL","province":"05","population":40,"populationSource":"cadastre","status":"available","coverage":[0.0,0.0,0.0],"buildings":62,"coverage5":0.0,"coverage10":0.0,"coverage15":0.0}},{"type":"Feature","geometry":{"type":"Point","coordinates":[-5.11618,40.76993]},"properties":{"id":"05209","name":"SAN GARCÍA DE INGELMOS","province":"05","population":64,"populationSource":"cadastre","status":"available","coverage":[0.0,0.0,0.0],"buildings":165,"coverage5":0.0,"coverage10":0.0,"coverage15":0.0}},{"type":"Feature","geometry":{"type":"Point","coordinates":[-4.83969,40.82882]},"properties":{"id":"05210","name":"SAN JUAN DE LA ENCINILLA","province":"05","population":70,"populationSource":"cadastre","status":"available","coverage":[0.0,0.0,0.0],"buildings":123,"coverage5":0.0,"coverage10":0.0,"coverage15":0.0}},{"type":"Feature","geometry":{"type":"Point","coordinates":[-4.68397,40.47825]},"properties":{"id":"05211","name":"SAN JUAN DE LA NAVA","province":"05","population":422,"populationSource":"cadastre","status":"available","coverage":[0.0,0.0,0.0],"buildings":696,"coverage5":0.0,"coverage10":0.0,"coverage15":0.0}},{"type":"Feature","geometry":{"type":"Point","coordinates":[-4.81926,40.45893]},"properties":{"id":"05212","name":"SAN JUAN DEL MOLINILLO","province":"05","population":238,"populationSource":"cadastre","status":"available","coverage":[0.0,0.0,0.0],"buildings":473,"coverage5":0.0,"coverage10":0.0,"coverage15":0.0}},{"type":"Feature","geometry":{"type":"Point","coordinates":[-5.05025,40.65317]},"properties":{"id":"05213","name":"SAN JUAN DEL OLMO","province":"05","population":73,"populationSource":"cadastre","status":"available","coverage":[0.0,0.0,0.0],"buildings":210,"coverage5":0.0,"coverage10":0.0,"coverage15":0.0}},{"type":"Feature","geometry":{"type":"Point","coordinates":[-5.48741,40.37076]},"properties":{"id":"05214","name":"SAN LORENZO DE TORMES","province":"05","population":32,"populationSource":"cadastre","status":"available","coverage":[0.0,0.0,0.0],"buildings":158,"coverage5":0.0,"coverage10":0.0,"coverage15":0.0}},{"type":"Feature","geometry":{"type":"Point","coordinates":[-5.15637,40.42971]},"properties":{"id":"05215","name":"SAN MARTÍN DE LA VEGA DEL ALBERCHE","province":"05","population":163,"populationSource":"osm_fallback","status":"available","coverage":[0.0,0.0,0.0],"buildings":3,"coverage5":0.0,"coverage10":0.0,"coverage15":0.0}},{"type":"Feature","geometry":{"type":"Point","coordinates":[-5.05613,40.36844]},"properties":{"id":"05216","name":"SAN MARTÍN DEL PIMPOLLAR","province":"05","population":221,"populationSource":"cadastre","status":"available","coverage":[0.0,0.0,0.0],"buildings":312,"coverage5":0.0,"coverage10":0.0,"coverage15":0.0}},{"type":"Feature","geometry":{"type":"Point","coordinates":[-5.28665,40.48772]},"properties":{"id":"05217","name":"SAN MIGUEL DE CORNEJA","province":"05","population":65,"populationSource":"cadastre","status":"available","coverage":[0.0,0.0,0.0],"buildings":160,"coverage5":0.0,"coverage10":0.0,"coverage15":0.0}},{"type":"Feature","geometry":{"type":"Point","coordinates":[-5.28809,40.67037]},"properties":{"id":"05218","name":"SAN MIGUEL DE SERREZUELA","province":"05","population":103,"populationSource":"cadastre","status":"available","coverage":[0.0,0.0,0.0],"buildings":311,"coverage5":0.0,"coverage10":0.0,"coverage15":0.0}},{"type":"Feature","geometry":{"type":"Point","coordinates":[-4.75662,40.8824]},"properties":{"id":"05219","name":"SAN PASCUAL","province":"05","population":44,"populationSource":"cadastre","status":"available","coverage":[0.0,0.0,0.0],"buildings":84,"coverage5":0.0,"coverage10":0.0,"coverage15":0.0}},{"type":"Feature","geometry":{"type":"Point","coordinates":[-4.86762,40.80511]},"properties":{"id":"05220","name":"SAN PEDRO DEL ARROYO","province":"05","population":516,"populationSource":"cadastre","status":"available","coverage":[66.09,87.01,87.01],"buildings":328,"coverage5":66.09,"coverage10":87.01,"coverage15":87.01}},{"type":"Feature","geometry":{"type":"Point","coordinates":[-5.00337,40.25084]},"properties":{"id":"05221","name":"SANTA CRUZ DEL VALLE","province":"05","population":295,"populationSource":"cadastre","status":"available","coverage":[0.0,0.0,0.0],"buildings":457,"coverage5":0.0,"coverage10":0.0,"coverage15":0.0}},{"type":"Feature","geometry":{"type":"Point","coordinates":[-4.57938,40.54221]},"properties":{"id":"05222","name":"SANTA CRUZ DE PINARES","province":"05","population":169,"populationSource":"cadastre","status":"available","coverage":[0.0,0.0,0.0],"buildings":475,"coverage5":0.0,"coverage10":0.0,"coverage15":0.0}},{"type":"Feature","geometry":{"type":"Point","coordinates":[-4.9243,40.60413]},"properties":{"id":"05224","name":"SANTA MARÍA DEL ARROYO","province":"05","population":103,"populationSource":"cadastre","status":"available","coverage":[0.0,0.0,0.0],"buildings":104,"coverage5":0.0,"coverage10":0.0,"coverage15":0.0}},{"type":"Feature","geometry":{"type":"Point","coordinates":[-5.40605,40.50953]},"properties":{"id":"05225","name":"SANTA MARÍA DEL BERROCAL","province":"05","population":372,"populationSource":"cadastre","status":"available","coverage":[0.0,0.0,0.0],"buildings":705,"coverage5":0.0,"coverage10":0.0,"coverage15":0.0}},{"type":"Feature","geometry":{"type":"Point","coordinates":[-5.45158,40.38818]},"properties":{"id":"05226","name":"SANTA MARÍA DE LOS CABALLEROS","province":"05","population":53,"populationSource":"cadastre","status":"available","coverage":[0.0,0.0,0.0],"buildings":204,"coverage5":0.0,"coverage10":0.0,"coverage15":0.0}},{"type":"Feature","geometry":{"type":"Point","coordinates":[-4.55499,40.30401]},"properties":{"id":"05227","name":"SANTA MARÍA DEL TIÉTAR","province":"05","population":582,"populationSource":"cadastre","status":"available","coverage":[0.0,0.0,0.0],"buildings":703,"coverage5":0.0,"coverage10":0.0,"coverage15":0.0}},{"type":"Feature","geometry":{"type":"Point","coordinates":[-5.35658,40.43356]},"properties":{"id":"05228","name":"SANTIAGO DEL COLLADO","province":"05","population":161,"populationSource":"cadastre","status":"available","coverage":[0.0,0.0,0.0],"buildings":235,"coverage5":0.0,"coverage10":0.0,"coverage15":0.0}},{"type":"Feature","geometry":{"type":"Point","coordinates":[-4.63302,40.81241]},"properties":{"id":"05229","name":"SANTO DOMINGO DE LAS POSADAS","province":"05","population":71,"populationSource":"cadastre","status":"available","coverage":[0.0,0.0,0.0],"buildings":120,"coverage5":0.0,"coverage10":0.0,"coverage15":0.0}},{"type":"Feature","geometry":{"type":"Point","coordinates":[-4.91031,40.78778]},"properties":{"id":"05230","name":"SANTO TOMÉ DE ZABARCOS","province":"05","population":70,"populationSource":"cadastre","status":"available","coverage":[0.0,0.0,0.0],"buildings":134,"coverage5":0.0,"coverage10":0.0,"coverage15":0.0}},{"type":"Feature","geometry":{"type":"Point","coordinates":[-4.80064,40.96798]},"properties":{"id":"05231","name":"SAN VICENTE DE ARÉVALO","province":"05","population":171,"populationSource":"cadastre","status":"available","coverage":[0.0,0.0,0.0],"buildings":157,"coverage5":0.0,"coverage10":0.0,"coverage15":0.0}},{"type":"Feature","geometry":{"type":"Point","coordinates":[-4.79268,40.63147]},"properties":{"id":"05232","name":"LA SERRADA","province":"05","population":132,"populationSource":"cadastre","status":"available","coverage":[0.0,0.0,0.0],"buildings":145,"coverage5":0.0,"coverage10":0.0,"coverage15":0.0}},{"type":"Feature","geometry":{"type":"Point","coordinates":[-4.91118,40.33734]},"properties":{"id":"05233","name":"SERRANILLOS","province":"05","population":247,"populationSource":"cadastre","status":"available","coverage":[0.0,0.0,0.0],"buildings":486,"coverage5":0.0,"coverage10":0.0,"coverage15":0.0}},{"type":"Feature","geometry":{"type":"Point","coordinates":[-4.93263,40.79932]},"properties":{"id":"05234","name":"SIGERES","province":"05","population":41,"populationSource":"cadastre","status":"available","coverage":[0.0,0.0,0.0],"buildings":43,"coverage5":0.0,"coverage10":0.0,"coverage15":0.0}},{"type":"Feature","geometry":{"type":"Point","coordinates":[-4.83195,41.07718]},"properties":{"id":"05235","name":"SINLABAJOS","province":"05","population":134,"populationSource":"cadastre","status":"available","coverage":[0.0,0.0,0.0],"buildings":122,"coverage5":0.0,"coverage10":0.0,"coverage15":0.0}},{"type":"Feature","geometry":{"type":"Point","coordinates":[-5.61477,40.31472]},"properties":{"id":"05236","name":"SOLANA DE ÁVILA","province":"05","population":95,"populationSource":"cadastre","status":"available","coverage":[0.0,0.0,0.0],"buildings":576,"coverage5":0.0,"coverage10":0.0,"coverage15":0.0}},{"type":"Feature","geometry":{"type":"Point","coordinates":[-5.01011,40.73792]},"properties":{"id":"05237","name":"SOLANA DE RIOALMAR","province":"05","population":141,"populationSource":"cadastre","status":"available","coverage":[0.0,0.0,0.0],"buildings":287,"coverage5":0.0,"coverage10":0.0,"coverage15":0.0}},{"type":"Feature","geometry":{"type":"Point","coordinates":[-4.90618,40.55422]},"properties":{"id":"05238","name":"SOLOSANCHO","province":"05","population":750,"populationSource":"cadastre","status":"available","coverage":[0.0,0.0,0.0],"buildings":1615,"coverage5":0.0,"coverage10":0.0,"coverage15":0.0}},{"type":"Feature","geometry":{"type":"Point","coordinates":[-4.85001,40.54196]},"properties":{"id":"05239","name":"SOTALBO","province":"05","population":234,"populationSource":"cadastre","status":"available","coverage":[0.0,0.0,0.0],"buildings":384,"coverage5":0.0,"coverage10":0.0,"coverage15":0.0}},{"type":"Feature","geometry":{"type":"Point","coordinates":[-4.58061,40.29254]},"properties":{"id":"05240","name":"SOTILLO DE LA ADRADA","province":"05","population":5081,"populationSource":"cadastre","status":"available","coverage":[38.81,67.56,89.25],"buildings":2662,"coverage5":38.81,"coverage10":67.56,"coverage15":89.25}},{"type":"Feature","geometry":{"type":"Point","coordinates":[-4.50075,40.41568]},"properties":{"id":"05241","name":"EL TIEMBLO","province":"05","population":4582,"populationSource":"cadastre","status":"available","coverage":[19.57,58.69,76.83],"buildings":3261,"coverage5":19.57,"coverage10":58.69,"coverage15":76.83}},{"type":"Feature","geometry":{"type":"Point","coordinates":[-4.72846,40.93453]},"properties":{"id":"05242","name":"TIÑOSILLOS","province":"05","population":732,"populationSource":"cadastre","status":"available","coverage":[0.0,0.0,0.0],"buildings":362,"coverage5":0.0,"coverage10":0.0,"coverage15":0.0}},{"type":"Feature","geometry":{"type":"Point","coordinates":[-4.5812,40.75178]},"properties":{"id":"05243","name":"TOLBAÑOS","province":"05","population":87,"populationSource":"cadastre","status":"available","coverage":[0.0,0.0,0.0],"buildings":226,"coverage5":0.0,"coverage10":0.0,"coverage15":0.0}},{"type":"Feature","geometry":{"type":"Point","coordinates":[-5.50963,40.30493]},"properties":{"id":"05244","name":"TORMELLAS","province":"05","population":35,"populationSource":"cadastre","status":"available","coverage":[0.0,0.0,0.0],"buildings":152,"coverage5":0.0,"coverage10":0.0,"coverage15":0.0}},{"type":"Feature","geometry":{"type":"Point","coordinates":[-4.61427,40.62637]},"properties":{"id":"05245","name":"TORNADIZOS DE ÁVILA","province":"05","population":458,"populationSource":"cadastre","status":"available","coverage":[0.0,0.0,0.0],"buildings":348,"coverage5":0.0,"coverage10":0.0,"coverage15":0.0}},{"type":"Feature","geometry":{"type":"Point","coordinates":[-5.25924,40.56177]},"properties":{"id":"05246","name":"TÓRTOLES","province":"05","population":37,"populationSource":"cadastre","status":"available","coverage":[0.0,0.0,0.0],"buildings":183,"coverage5":0.0,"coverage10":0.0,"coverage15":0.0}},{"type":"Feature","geometry":{"type":"Point","coordinates":[-4.96478,40.58858]},"properties":{"id":"05247","name":"LA TORRE","province":"05","population":209,"populationSource":"cadastre","status":"available","coverage":[0.0,0.0,0.0],"buildings":544,"coverage5":0.0,"coverage10":0.0,"coverage15":0.0}},{"type":"Feature","geometry":{"type":"Point","coordinates":[-5.58065,40.31581]},"properties":{"id":"05249","name":"UMBRÍAS","province":"05","population":100,"populationSource":"cadastre","status":"available","coverage":[0.0,0.0,0.0],"buildings":307,"coverage5":0.0,"coverage10":0.0,"coverage15":0.0}},{"type":"Feature","geometry":{"type":"Point","coordinates":[-5.12653,40.60628]},"properties":{"id":"05251","name":"VADILLO DE LA SIERRA","province":"05","population":50,"populationSource":"cadastre","status":"available","coverage":[0.0,0.0,0.0],"buildings":304,"coverage5":0.0,"coverage10":0.0,"coverage15":0.0}},{"type":"Feature","geometry":{"type":"Point","coordinates":[-5.01158,40.65919]},"properties":{"id":"05252","name":"VALDECASA","province":"05","population":54,"populationSource":"cadastre","status":"available","coverage":[0.0,0.0,0.0],"buildings":102,"coverage5":0.0,"coverage10":0.0,"coverage15":0.0}},{"type":"Feature","geometry":{"type":"Point","coordinates":[-4.63419,40.83627]},"properties":{"id":"05253","name":"VEGA DE SANTA MARÍA","province":"05","population":88,"populationSource":"cadastre","status":"available","coverage":[0.0,0.0,0.0],"buildings":128,"coverage5":0.0,"coverage10":0.0,"coverage15":0.0}},{"type":"Feature","geometry":{"type":"Point","coordinates":[-4.62255,40.84103]},"properties":{"id":"05254","name":"VELAYOS","province":"05","population":203,"populationSource":"cadastre","status":"available","coverage":[0.0,0.0,0.0],"buildings":230,"coverage5":0.0,"coverage10":0.0,"coverage15":0.0}},{"type":"Feature","geometry":{"type":"Point","coordinates":[-4.87376,40.75895]},"properties":{"id":"05256","name":"VILLAFLOR","province":"05","population":100,"populationSource":"cadastre","status":"available","coverage":[0.0,0.0,0.0],"buildings":157,"coverage5":0.0,"coverage10":0.0,"coverage15":0.0}},{"type":"Feature","geometry":{"type":"Point","coordinates":[-5.22997,40.49733]},"properties":{"id":"05257","name":"VILLAFRANCA DE LA SIERRA","province":"05","population":128,"populationSource":"cadastre","status":"available","coverage":[0.0,0.0,0.0],"buildings":302,"coverage5":0.0,"coverage10":0.0,"coverage15":0.0}},{"type":"Feature","geometry":{"type":"Point","coordinates":[-4.71624,40.88369]},"properties":{"id":"05258","name":"VILLANUEVA DE GÓMEZ","province":"05","population":119,"populationSource":"cadastre","status":"available","coverage":[0.0,0.0,0.0],"buildings":221,"coverage5":0.0,"coverage10":0.0,"coverage15":0.0}},{"type":"Feature","geometry":{"type":"Point","coordinates":[-4.85302,41.0416]},"properties":{"id":"05259","name":"VILLANUEVA DEL ACERAL","province":"05","population":86,"populationSource":"cadastre","status":"available","coverage":[0.0,0.0,0.0],"buildings":105,"coverage5":0.0,"coverage10":0.0,"coverage15":0.0}},{"type":"Feature","geometry":{"type":"Point","coordinates":[-5.1799,40.57834]},"properties":{"id":"05260","name":"VILLANUEVA DEL CAMPILLO","province":"05","population":107,"populationSource":"cadastre","status":"available","coverage":[0.0,0.0,0.0],"buildings":313,"coverage5":0.0,"coverage10":0.0,"coverage15":0.0}},{"type":"Feature","geometry":{"type":"Point","coordinates":[-5.43254,40.47509]},"properties":{"id":"05261","name":"VILLAR DE CORNEJA","province":"05","population":31,"populationSource":"cadastre","status":"available","coverage":[0.0,0.0,0.0],"buildings":108,"coverage5":0.0,"coverage10":0.0,"coverage15":0.0}},{"type":"Feature","geometry":{"type":"Point","coordinates":[-4.997,40.28592]},"properties":{"id":"05262","name":"VILLAREJO DEL VALLE","province":"05","population":304,"populationSource":"cadastre","status":"available","coverage":[0.0,0.0,0.1],"buildings":427,"coverage5":0.0,"coverage10":0.0,"coverage15":0.1}},{"type":"Feature","geometry":{"type":"Point","coordinates":[-5.11094,40.55534]},"properties":{"id":"05263","name":"VILLATORO","province":"05","population":150,"populationSource":"cadastre","status":"available","coverage":[0.0,0.0,0.0],"buildings":315,"coverage5":0.0,"coverage10":0.0,"coverage15":0.0}},{"type":"Feature","geometry":{"type":"Point","coordinates":[-4.92017,40.85155]},"properties":{"id":"05264","name":"VIÑEGRA DE MORAÑA","province":"05","population":49,"populationSource":"cadastre","status":"available","coverage":[0.0,0.0,0.0],"buildings":65,"coverage5":0.0,"coverage10":0.0,"coverage15":0.0}},{"type":"Feature","geometry":{"type":"Point","coordinates":[-5.00596,40.81238]},"properties":{"id":"05265","name":"VITA","province":"05","population":81,"populationSource":"cadastre","status":"available","coverage":[0.0,0.0,0.0],"buildings":88,"coverage5":0.0,"coverage10":0.0,"coverage15":0.0}},{"type":"Feature","geometry":{"type":"Point","coordinates":[-5.33983,40.60595]},"properties":{"id":"05266","name":"ZAPARDIEL DE LA CAÑADA","province":"05","population":83,"populationSource":"cadastre","status":"available","coverage":[0.0,0.0,0.0],"buildings":411,"coverage5":0.0,"coverage10":0.0,"coverage15":0.0}},{"type":"Feature","geometry":{"type":"Point","coordinates":[-5.32786,40.35469]},"properties":{"id":"05267","name":"ZAPARDIEL DE LA RIBERA","province":"05","population":90,"populationSource":"cadastre","status":"available","coverage":[0.0,0.0,0.0],"buildings":257,"coverage5":0.0,"coverage10":0.0,"coverage15":0.0}},{"type":"Feature","geometry":{"type":"Point","coordinates":[-5.2515,40.36057]},"properties":{"id":"05901","name":"SAN JUAN DE GREDOS","province":"05","population":219,"populationSource":"cadastre","status":"available","coverage":[0.0,0.0,0.0],"buildings":616,"coverage5":0.0,"coverage10":0.0,"coverage15":0.0}},{"type":"Feature","geometry":{"type":"Point","coordinates":[-4.47278,40.74221]},"properties":{"id":"05902","name":"SANTA MARÍA DEL CUBILLO","province":"05","population":308,"populationSource":"cadastre","status":"available","coverage":[0.0,0.0,0.0],"buildings":371,"coverage5":0.0,"coverage10":0.0,"coverage15":0.0}},{"type":"Feature","geometry":{"type":"Point","coordinates":[-5.32606,40.66481]},"properties":{"id":"05903","name":"DIEGO DEL CARPIO","province":"05","population":107,"populationSource":"cadastre","status":"available","coverage":[0.0,0.0,0.0],"buildings":472,"coverage5":0.0,"coverage10":0.0,"coverage15":0.0}},{"type":"Feature","geometry":{"type":"Point","coordinates":[-5.39855,40.33042]},"properties":{"id":"05904","name":"SANTIAGO DEL TORMES","province":"05","population":104,"populationSource":"cadastre","status":"available","coverage":[0.0,0.0,0.0],"buildings":1160,"coverage5":0.0,"coverage10":0.0,"coverage15":0.0}},{"type":"Feature","geometry":{"type":"Point","coordinates":[-4.8225,40.37877]},"properties":{"id":"05905","name":"VILLANUEVA DE ÁVILA","province":"05","population":202,"populationSource":"cadastre","status":"available","coverage":[0.0,0.0,0.0],"buildings":517,"coverage5":0.0,"coverage10":0.0,"coverage15":0.0}},{"type":"Feature","geometry":{"type":"Point","coordinates":[-3.58176,42.62325]},"properties":{"id":"09001","name":"ABAJAS","province":"09","population":28,"populationSource":"cadastre","status":"available","coverage":[0.0,0.0,0.0],"buildings":75,"coverage5":0.0,"coverage10":0.0,"coverage15":0.0}},{"type":"Feature","geometry":{"type":"Point","coordinates":[-3.8231,41.59422]},"properties":{"id":"09003","name":"ADRADA DE HAZA","province":"09","population":200,"populationSource":"cadastre","status":"available","coverage":[0.0,0.0,0.0],"buildings":259,"coverage5":0.0,"coverage10":0.0,"coverage15":0.0}},{"type":"Feature","geometry":{"type":"Point","coordinates":[-3.50448,42.71727]},"properties":{"id":"09006","name":"AGUAS CÁNDIDAS","province":"09","population":61,"populationSource":"cadastre","status":"available","coverage":[0.0,0.0,0.0],"buildings":208,"coverage5":0.0,"coverage10":0.0,"coverage15":0.0}},{"type":"Feature","geometry":{"type":"Point","coordinates":[-3.32852,42.59013]},"properties":{"id":"09007","name":"AGUILAR DE BUREBA","province":"09","population":46,"populationSource":"cadastre","status":"available","coverage":[0.0,0.0,0.0],"buildings":82,"coverage5":0.0,"coverage10":0.0,"coverage15":0.0}},{"type":"Feature","geometry":{"type":"Point","coordinates":[-3.79109,42.27617]},"properties":{"id":"09009","name":"ALBILLOS","province":"09","population":220,"populationSource":"cadastre","status":"available","coverage":[0.0,0.67,47.58],"buildings":113,"coverage5":0.0,"coverage10":0.67,"coverage15":47.58}},{"type":"Feature","geometry":{"type":"Point","coordinates":[-3.35836,42.47377]},"properties":{"id":"09010","name":"ALCOCERO DE MOLA","province":"09","population":40,"populationSource":"cadastre","status":"available","coverage":[0.0,0.0,0.0],"buildings":71,"coverage5":0.0,"coverage10":0.0,"coverage15":0.0}},{"type":"Feature","geometry":{"type":"Point","coordinates":[-3.84707,42.90602]},"properties":{"id":"09011","name":"ALFOZ DE BRICIA","province":"09","population":68,"populationSource":"cadastre","status":"available","coverage":[0.0,0.0,0.0],"buildings":371,"coverage5":0.0,"coverage10":0.0,"coverage15":0.0}},{"type":"Feature","geometry":{"type":"Point","coordinates":[-3.95207,42.95578]},"properties":{"id":"09012","name":"ALFOZ DE SANTA GADEA","province":"09","population":102,"populationSource":"cadastre","status":"available","coverage":[0.0,0.0,0.0],"buildings":176,"coverage5":0.0,"coverage10":0.0,"coverage15":0.0}},{"type":"Feature","geometry":{"type":"Point","coordinates":[-3.0781,42.60308]},"properties":{"id":"09013","name":"ALTABLE","province":"09","population":44,"populationSource":"cadastre","status":"available","coverage":[97.82,97.82,100.0],"buildings":94,"coverage5":97.82,"coverage10":97.82,"coverage15":100.0}},{"type":"Feature","geometry":{"type":"Point","coordinates":[-3.63302,42.80759]},"properties":{"id":"09014","name":"LOS ALTOS","province":"09","population":177,"populationSource":"cadastre","status":"available","coverage":[0.0,0.0,0.0],"buildings":421,"coverage5":0.0,"coverage10":0.0,"coverage15":0.0}},{"type":"Feature","geometry":{"type":"Point","coordinates":[-3.06109,42.65623]},"properties":{"id":"09016","name":"AMEYUGO","province":"09","population":107,"populationSource":"cadastre","status":"available","coverage":[0.0,0.0,0.0],"buildings":100,"coverage5":0.0,"coverage10":0.0,"coverage15":0.0}},{"type":"Feature","geometry":{"type":"Point","coordinates":[-3.93109,41.75274]},"properties":{"id":"09017","name":"ANGUIX","province":"09","population":166,"populationSource":"cadastre","status":"available","coverage":[0.0,0.0,0.0],"buildings":192,"coverage5":0.0,"coverage10":0.0,"coverage15":0.0}},{"type":"Feature","geometry":{"type":"Point","coordinates":[-3.68924,41.67155]},"properties":{"id":"09018","name":"ARANDA DE DUERO","province":"09","population":33956,"populationSource":"cadastre","status":"available","coverage":[58.85,80.86,82.81],"buildings":2770,"coverage5":58.85,"coverage10":80.86,"coverage15":82.81}},{"type":"Feature","geometry":{"type":"Point","coordinates":[-3.43001,41.73768]},"properties":{"id":"09019","name":"ARANDILLA","province":"09","population":157,"populationSource":"cadastre","status":"available","coverage":[0.0,0.0,0.0],"buildings":294,"coverage5":0.0,"coverage10":0.0,"coverage15":0.0}},{"type":"Feature","geometry":{"type":"Point","coordinates":[-3.38775,41.85988]},"properties":{"id":"09020","name":"ARAUZO DE MIEL","province":"09","population":260,"populationSource":"cadastre","status":"available","coverage":[0.0,0.0,0.0],"buildings":655,"coverage5":0.0,"coverage10":0.0,"coverage15":0.0}},{"type":"Feature","geometry":{"type":"Point","coordinates":[-3.41129,41.81994]},"properties":{"id":"09021","name":"ARAUZO DE SALCE","province":"09","population":44,"populationSource":"cadastre","status":"available","coverage":[0.0,0.0,0.0],"buildings":240,"coverage5":0.0,"coverage10":0.0,"coverage15":0.0}},{"type":"Feature","geometry":{"type":"Point","coordinates":[-3.42319,41.79797]},"properties":{"id":"09022","name":"ARAUZO DE TORRE","province":"09","population":55,"populationSource":"cadastre","status":"available","coverage":[0.0,0.0,0.0],"buildings":182,"coverage5":0.0,"coverage10":0.0,"coverage15":0.0}},{"type":"Feature","geometry":{"type":"Point","coordinates":[-3.7567,42.2647]},"properties":{"id":"09023","name":"ARCOS","province":"09","population":1823,"populationSource":"cadastre","status":"available","coverage":[37.08,68.93,87.21],"buildings":869,"coverage5":37.08,"coverage10":68.93,"coverage15":87.21}},{"type":"Feature","geometry":{"type":"Point","coordinates":[-4.23381,42.35737]},"properties":{"id":"09024","name":"ARENILLAS DE RIOPISUERGA","province":"09","population":156,"populationSource":"cadastre","status":"available","coverage":[0.0,0.0,0.0],"buildings":159,"coverage5":0.0,"coverage10":0.0,"coverage15":0.0}},{"type":"Feature","geometry":{"type":"Point","coordinates":[-3.94499,42.99388]},"properties":{"id":"09025","name":"ARIJA","province":"09","population":115,"populationSource":"cadastre","status":"available","coverage":[28.22,47.33,53.35],"buildings":302,"coverage5":28.22,"coverage10":47.33,"coverage15":53.35}},{"type":"Feature","geometry":{"type":"Point","coordinates":[-3.45865,42.32029]},"properties":{"id":"09026","name":"ARLANZÓN","province":"09","population":425,"populationSource":"cadastre","status":"available","coverage":[4.15,35.14,41.06],"buildings":742,"coverage5":4.15,"coverage10":35.14,"coverage15":41.06}},{"type":"Feature","geometry":{"type":"Point","coordinates":[-3.39814,42.41577]},"properties":{"id":"09027","name":"ARRAYA DE OCA","province":"09","population":49,"populationSource":"cadastre","status":"available","coverage":[0.0,0.0,0.0],"buildings":70,"coverage5":0.0,"coverage10":0.0,"coverage15":0.0}},{"type":"Feature","geometry":{"type":"Point","coordinates":[-3.50722,42.37819]},"properties":{"id":"09029","name":"ATAPUERCA","province":"09","population":178,"populationSource":"cadastre","status":"available","coverage":[58.04,59.72,59.72],"buildings":220,"coverage5":58.04,"coverage10":59.72,"coverage15":59.72}},{"type":"Feature","geometry":{"type":"Point","coordinates":[-3.59143,42.22559]},"properties":{"id":"09030","name":"LOS AUSINES","province":"09","population":143,"populationSource":"cadastre","status":"available","coverage":[0.0,0.0,0.0],"buildings":266,"coverage5":0.0,"coverage10":0.0,"coverage15":0.0}},{"type":"Feature","geometry":{"type":"Point","coordinates":[-3.82685,41.98356]},"properties":{"id":"09032","name":"AVELLANOSA DE MUÑÓ","province":"09","population":95,"populationSource":"cadastre","status":"available","coverage":[0.0,0.0,0.0],"buildings":166,"coverage5":0.0,"coverage10":0.0,"coverage15":0.0}},{"type":"Feature","geometry":{"type":"Point","coordinates":[-3.72843,41.86138]},"properties":{"id":"09033","name":"BAHABÓN DE ESGUEVA","province":"09","population":80,"populationSource":"cadastre","status":"available","coverage":[0.0,0.0,0.0],"buildings":179,"coverage5":0.0,"coverage10":0.0,"coverage15":0.0}},{"type":"Feature","geometry":{"type":"Point","coordinates":[-4.06383,42.21453]},"properties":{"id":"09034","name":"LOS BALBASES","province":"09","population":298,"populationSource":"cadastre","status":"available","coverage":[68.38,99.35,99.45],"buildings":317,"coverage5":68.38,"coverage10":99.35,"coverage15":99.45}},{"type":"Feature","geometry":{"type":"Point","coordinates":[-3.55641,41.77123]},"properties":{"id":"09035","name":"BAÑOS DE VALDEARADOS","province":"09","population":322,"populationSource":"cadastre","status":"available","coverage":[0.0,0.0,0.0],"buildings":695,"coverage5":0.0,"coverage10":0.0,"coverage15":0.0}},{"type":"Feature","geometry":{"type":"Point","coordinates":[-3.28186,42.50055]},"properties":{"id":"09036","name":"BAÑUELOS DE BUREBA","province":"09","population":32,"populationSource":"cadastre","status":"available","coverage":[0.0,0.0,0.0],"buildings":58,"coverage5":0.0,"coverage10":0.0,"coverage15":0.0}},{"type":"Feature","geometry":{"type":"Point","coordinates":[-3.1771,42.14952]},"properties":{"id":"09037","name":"BARBADILLO DE HERREROS","province":"09","population":103,"populationSource":"cadastre","status":"available","coverage":[85.96,98.96,100.0],"buildings":232,"coverage5":85.96,"coverage10":98.96,"coverage15":100.0}},{"type":"Feature","geometry":{"type":"Point","coordinates":[-3.35893,42.03921]},"properties":{"id":"09038","name":"BARBADILLO DEL MERCADO","province":"09","population":134,"populationSource":"cadastre","status":"available","coverage":[83.45,96.56,98.8],"buildings":294,"coverage5":83.45,"coverage10":96.56,"coverage15":98.8}},{"type":"Feature","geometry":{"type":"Point","coordinates":[-3.22782,42.11881]},"properties":{"id":"09039","name":"BARBADILLO DEL PEZ","province":"09","population":64,"populationSource":"cadastre","status":"available","coverage":[0.0,0.0,0.0],"buildings":187,"coverage5":0.0,"coverage10":0.0,"coverage15":0.0}},{"type":"Feature","geometry":{"type":"Point","coordinates":[-4.00807,42.1745]},"properties":{"id":"09041","name":"BARRIO DE MUÑÓ","province":"09","population":32,"populationSource":"cadastre","status":"available","coverage":[0.0,0.0,0.0],"buildings":43,"coverage5":0.0,"coverage10":0.0,"coverage15":0.0}},{"type":"Feature","geometry":{"type":"Point","coordinates":[-3.3916,42.64604]},"properties":{"id":"09043","name":"LOS BARRIOS DE BUREBA","province":"09","population":179,"populationSource":"cadastre","status":"available","coverage":[0.0,0.0,0.0],"buildings":439,"coverage5":0.0,"coverage10":0.0,"coverage15":0.0}},{"type":"Feature","geometry":{"type":"Point","coordinates":[-3.4618,42.39595]},"properties":{"id":"09044","name":"BARRIOS DE COLINA","province":"09","population":55,"populationSource":"cadastre","status":"available","coverage":[0.0,0.0,0.0],"buildings":67,"coverage5":0.0,"coverage10":0.0,"coverage15":0.0}},{"type":"Feature","geometry":{"type":"Point","coordinates":[-3.99026,42.70162]},"properties":{"id":"09045","name":"BASCONCILLOS DEL TOZO","province":"09","population":276,"populationSource":"cadastre","status":"available","coverage":[13.5,13.96,13.96],"buildings":475,"coverage5":13.5,"coverage10":13.96,"coverage15":13.96}},{"type":"Feature","geometry":{"type":"Point","coordinates":[-3.08275,42.42431]},"properties":{"id":"09046","name":"BASCUÑANA","province":"09","population":20,"populationSource":"cadastre","status":"available","coverage":[0.0,0.0,0.0],"buildings":88,"coverage5":0.0,"coverage10":0.0,"coverage15":0.0}},{"type":"Feature","geometry":{"type":"Point","coordinates":[-4.01282,42.16861]},"properties":{"id":"09047","name":"BELBIMBRE","province":"09","population":53,"populationSource":"cadastre","status":"available","coverage":[0.0,0.0,0.0],"buildings":83,"coverage5":0.0,"coverage10":0.0,"coverage15":0.0}},{"type":"Feature","geometry":{"type":"Point","coordinates":[-3.18971,42.42058]},"properties":{"id":"09048","name":"BELORADO","province":"09","population":1823,"populationSource":"cadastre","status":"available","coverage":[46.45,68.82,71.06],"buildings":1460,"coverage5":46.45,"coverage10":68.82,"coverage15":71.06}},{"type":"Feature","geometry":{"type":"Point","coordinates":[-3.05949,42.91825]},"properties":{"id":"09050","name":"BERBERANA","province":"09","population":52,"populationSource":"cadastre","status":"available","coverage":[0.0,0.0,0.0],"buildings":132,"coverage5":0.0,"coverage10":0.0,"coverage15":0.0}},{"type":"Feature","geometry":{"type":"Point","coordinates":[-3.87279,41.68925]},"properties":{"id":"09051","name":"BERLANGAS DE ROA","province":"09","population":204,"populationSource":"cadastre","status":"available","coverage":[4.55,4.55,4.55],"buildings":279,"coverage5":4.55,"coverage10":4.55,"coverage15":4.55}},{"type":"Feature","geometry":{"type":"Point","coordinates":[-3.26634,42.627]},"properties":{"id":"09052","name":"BERZOSA DE BUREBA","province":"09","population":26,"populationSource":"cadastre","status":"available","coverage":[0.0,0.0,0.0],"buildings":64,"coverage5":0.0,"coverage10":0.0,"coverage15":0.0}},{"type":"Feature","geometry":{"type":"Point","coordinates":[-3.08528,42.72625]},"properties":{"id":"09054","name":"BOZOÓ","province":"09","population":101,"populationSource":"cadastre","status":"available","coverage":[0.0,0.0,0.0],"buildings":146,"coverage5":0.0,"coverage10":0.0,"coverage15":0.0}},{"type":"Feature","geometry":{"type":"Point","coordinates":[-3.36748,41.71709]},"properties":{"id":"09055","name":"BRAZACORTA","province":"09","population":43,"populationSource":"cadastre","status":"available","coverage":[97.72,100.0,100.0],"buildings":132,"coverage5":97.72,"coverage10":100.0,"coverage15":100.0}},{"type":"Feature","geometry":{"type":"Point","coordinates":[-3.3239,42.54898]},"properties":{"id":"09056","name":"BRIVIESCA","province":"09","population":6728,"populationSource":"cadastre","status":"available","coverage":[26.82,59.03,70.67],"buildings":1159,"coverage5":26.82,"coverage10":59.03,"coverage15":70.67}},{"type":"Feature","geometry":{"type":"Point","coordinates":[-3.01777,42.64994]},"properties":{"id":"09057","name":"BUGEDO","province":"09","population":193,"populationSource":"cadastre","status":"available","coverage":[0.0,0.0,0.0],"buildings":172,"coverage5":0.0,"coverage10":0.0,"coverage15":0.0}},{"type":"Feature","geometry":{"type":"Point","coordinates":[-3.82156,42.31063]},"properties":{"id":"09058","name":"BUNIEL","province":"09","population":632,"populationSource":"cadastre","status":"available","coverage":[0.0,0.0,0.0],"buildings":239,"coverage5":0.0,"coverage10":0.0,"coverage15":0.0}},{"type":"Feature","geometry":{"type":"Point","coordinates":[-3.7042,42.34113]},"properties":{"id":"09059","name":"BURGOS","province":"09","population":177402,"populationSource":"cadastre","status":"available","coverage":[59.05,86.27,92.96],"buildings":8003,"coverage5":59.05,"coverage10":86.27,"coverage15":92.96}},{"type":"Feature","geometry":{"type":"Point","coordinates":[-3.26647,42.65955]},"properties":{"id":"09060","name":"BUSTO DE BUREBA","province":"09","population":140,"populationSource":"cadastre","status":"available","coverage":[0.0,0.0,0.0],"buildings":234,"coverage5":0.0,"coverage10":0.0,"coverage15":0.0}},{"type":"Feature","geometry":{"type":"Point","coordinates":[-3.7847,41.83129]},"properties":{"id":"09061","name":"CABAÑES DE ESGUEVA","province":"09","population":145,"populationSource":"cadastre","status":"available","coverage":[0.0,0.0,0.0],"buildings":192,"coverage5":0.0,"coverage10":0.0,"coverage15":0.0}},{"type":"Feature","geometry":{"type":"Point","coordinates":[-3.24117,41.93491]},"properties":{"id":"09062","name":"CABEZÓN DE LA SIERRA","province":"09","population":33,"populationSource":"cadastre","status":"available","coverage":[0.0,0.0,0.0],"buildings":80,"coverage5":0.0,"coverage10":0.0,"coverage15":0.0}},{"type":"Feature","geometry":{"type":"Point","coordinates":[-3.84424,42.28255]},"properties":{"id":"09063","name":"CAVIA","province":"09","population":246,"populationSource":"cadastre","status":"available","coverage":[0.0,0.0,0.0],"buildings":194,"coverage5":0.0,"coverage10":0.0,"coverage15":0.0}},{"type":"Feature","geometry":{"type":"Point","coordinates":[-3.4874,41.82503]},"properties":{"id":"09064","name":"CALERUEGA","province":"09","population":385,"populationSource":"cadastre","status":"available","coverage":[0.0,0.0,0.0],"buildings":514,"coverage5":0.0,"coverage10":0.0,"coverage15":0.0}},{"type":"Feature","geometry":{"type":"Point","coordinates":[-3.73155,41.61075]},"properties":{"id":"09065","name":"CAMPILLO DE ARANDA","province":"09","population":175,"populationSource":"cadastre","status":"available","coverage":[0.0,0.0,0.0],"buildings":204,"coverage5":0.0,"coverage10":0.0,"coverage15":0.0}},{"type":"Feature","geometry":{"type":"Point","coordinates":[-3.42773,42.11914]},"properties":{"id":"09066","name":"CAMPOLARA","province":"09","population":46,"populationSource":"cadastre","status":"available","coverage":[0.0,0.0,0.0],"buildings":135,"coverage5":0.0,"coverage10":0.0,"coverage15":0.0}},{"type":"Feature","geometry":{"type":"Point","coordinates":[-3.04051,41.9379]},"properties":{"id":"09067","name":"CANICOSA DE LA SIERRA","province":"09","population":410,"populationSource":"cadastre","status":"available","coverage":[0.0,0.0,0.0],"buildings":419,"coverage5":0.0,"coverage10":0.0,"coverage15":0.0}},{"type":"Feature","geometry":{"type":"Point","coordinates":[-3.46765,42.73364]},"properties":{"id":"09068","name":"CANTABRANA","province":"09","population":22,"populationSource":"cadastre","status":"available","coverage":[0.0,0.0,0.0],"buildings":126,"coverage5":0.0,"coverage10":0.0,"coverage15":0.0}},{"type":"Feature","geometry":{"type":"Point","coordinates":[-3.35669,41.96756]},"properties":{"id":"09070","name":"CARAZO","province":"09","population":42,"populationSource":"cadastre","status":"available","coverage":[0.0,0.0,0.0],"buildings":121,"coverage5":0.0,"coverage10":0.0,"coverage15":0.0}},{"type":"Feature","geometry":{"type":"Point","coordinates":[-3.49896,42.57698]},"properties":{"id":"09071","name":"CARCEDO DE BUREBA","province":"09","population":36,"populationSource":"cadastre","status":"available","coverage":[0.0,0.0,0.0],"buildings":105,"coverage5":0.0,"coverage10":0.0,"coverage15":0.0}},{"type":"Feature","geometry":{"type":"Point","coordinates":[-3.62293,42.28621]},"properties":{"id":"09072","name":"CARCEDO DE BURGOS","province":"09","population":513,"populationSource":"cadastre","status":"available","coverage":[41.18,41.18,41.79],"buildings":341,"coverage5":41.18,"coverage10":41.18,"coverage15":41.79}},{"type":"Feature","geometry":{"type":"Point","coordinates":[-3.66676,42.30173]},"properties":{"id":"09073","name":"CARDEÑADIJO","province":"09","population":1445,"populationSource":"cadastre","status":"available","coverage":[44.75,73.89,79.89],"buildings":759,"coverage5":44.75,"coverage10":73.89,"coverage15":79.89}},{"type":"Feature","geometry":{"type":"Point","coordinates":[-3.61972,42.33058]},"properties":{"id":"09074","name":"CARDEÑAJIMENO","province":"09","population":1185,"populationSource":"cadastre","status":"available","coverage":[0.0,0.9,2.07],"buildings":535,"coverage5":0.0,"coverage10":0.9,"coverage15":2.07}},{"type":"Feature","geometry":{"type":"Point","coordinates":[-3.56023,42.35968]},"properties":{"id":"09075","name":"CARDEÑUELA RIOPICO","province":"09","population":106,"populationSource":"cadastre","status":"available","coverage":[0.0,0.0,0.0],"buildings":102,"coverage5":0.0,"coverage10":0.0,"coverage15":0.0}},{"type":"Feature","geometry":{"type":"Point","coordinates":[-3.28418,42.48163]},"properties":{"id":"09076","name":"CARRIAS","province":"09","population":26,"populationSource":"cadastre","status":"available","coverage":[0.0,0.0,0.0],"buildings":37,"coverage5":0.0,"coverage10":0.0,"coverage15":0.0}},{"type":"Feature","geometry":{"type":"Point","coordinates":[-3.23747,42.67784]},"properties":{"id":"09077","name":"CASCAJARES DE BUREBA","province":"09","population":25,"populationSource":"cadastre","status":"available","coverage":[0.0,0.0,0.0],"buildings":71,"coverage5":0.0,"coverage10":0.0,"coverage15":0.0}},{"type":"Feature","geometry":{"type":"Point","coordinates":[-3.39925,42.06205]},"properties":{"id":"09078","name":"CASCAJARES DE LA SIERRA","province":"09","population":25,"populationSource":"cadastre","status":"available","coverage":[0.0,0.0,0.0],"buildings":90,"coverage5":0.0,"coverage10":0.0,"coverage15":0.0}},{"type":"Feature","geometry":{"type":"Point","coordinates":[-4.03541,42.32894]},"properties":{"id":"09079","name":"CASTELLANOS DE CASTRO","province":"09","population":48,"populationSource":"cadastre","status":"available","coverage":[0.0,0.0,0.0],"buildings":34,"coverage5":0.0,"coverage10":0.0,"coverage15":0.0}},{"type":"Feature","geometry":{"type":"Point","coordinates":[-3.0852,42.43624]},"properties":{"id":"09082","name":"CASTILDELGADO","province":"09","population":34,"populationSource":"cadastre","status":"available","coverage":[0.0,0.0,0.0],"buildings":43,"coverage5":0.0,"coverage10":0.0,"coverage15":0.0}},{"type":"Feature","geometry":{"type":"Point","coordinates":[-3.38579,42.48291]},"properties":{"id":"09083","name":"CASTIL DE PEONES","province":"09","population":26,"populationSource":"cadastre","status":"available","coverage":[0.0,0.0,0.0],"buildings":104,"coverage5":0.0,"coverage10":0.0,"coverage15":0.0}},{"type":"Feature","geometry":{"type":"Point","coordinates":[-3.23653,41.98688]},"properties":{"id":"09084","name":"CASTRILLO DE LA REINA","province":"09","population":159,"populationSource":"cadastre","status":"available","coverage":[0.0,0.0,0.0],"buildings":731,"coverage5":0.0,"coverage10":0.0,"coverage15":0.0}},{"type":"Feature","geometry":{"type":"Point","coordinates":[-3.77926,41.65074]},"properties":{"id":"09085","name":"CASTRILLO DE LA VEGA","province":"09","population":626,"populationSource":"cadastre","status":"available","coverage":[0.0,0.0,0.0],"buildings":546,"coverage5":0.0,"coverage10":0.0,"coverage15":0.0}},{"type":"Feature","geometry":{"type":"Point","coordinates":[-3.58497,42.31343]},"properties":{"id":"09086","name":"CASTRILLO DEL VAL","province":"09","population":858,"populationSource":"cadastre","status":"available","coverage":[21.18,50.13,53.9],"buildings":483,"coverage5":21.18,"coverage10":50.13,"coverage15":53.9}},{"type":"Feature","geometry":{"type":"Point","coordinates":[-4.25335,42.51575]},"properties":{"id":"09088","name":"CASTRILLO DE RIOPISUERGA","province":"09","population":56,"populationSource":"cadastre","status":"available","coverage":[0.0,0.0,0.0],"buildings":87,"coverage5":0.0,"coverage10":0.0,"coverage15":0.0}},{"type":"Feature","geometry":{"type":"Point","coordinates":[-4.17278,42.30758]},"properties":{"id":"09090","name":"CASTRILLO MOTA DE JUDÍOS","province":"09","population":48,"populationSource":"cadastre","status":"available","coverage":[0.0,0.0,0.0],"buildings":49,"coverage5":0.0,"coverage10":0.0,"coverage15":0.0}},{"type":"Feature","geometry":{"type":"Point","coordinates":[-4.14334,42.28986]},"properties":{"id":"09091","name":"CASTROJERIZ","province":"09","population":794,"populationSource":"cadastre","status":"available","coverage":[24.0,41.34,45.05],"buildings":1251,"coverage5":24.0,"coverage10":41.34,"coverage15":45.05}},{"type":"Feature","geometry":{"type":"Point","coordinates":[-3.81954,42.27237]},"properties":{"id":"09093","name":"CAYUELA","province":"09","population":186,"populationSource":"cadastre","status":"available","coverage":[51.62,64.93,64.93],"buildings":131,"coverage5":51.62,"coverage10":64.93,"coverage15":64.93}},{"type":"Feature","geometry":{"type":"Point","coordinates":[-3.59626,41.98487]},"properties":{"id":"09094","name":"CEBRECOS","province":"09","population":60,"populationSource":"cadastre","status":"available","coverage":[0.0,0.0,0.0],"buildings":79,"coverage5":0.0,"coverage10":0.0,"coverage15":0.0}},{"type":"Feature","geometry":{"type":"Point","coordinates":[-3.93401,42.26384]},"properties":{"id":"09095","name":"CELADA DEL CAMINO","province":"09","population":91,"populationSource":"cadastre","status":"available","coverage":[88.16,99.19,100.0],"buildings":120,"coverage5":88.16,"coverage10":99.19,"coverage15":100.0}},{"type":"Feature","geometry":{"type":"Point","coordinates":[-3.13638,42.49271]},"properties":{"id":"09098","name":"CEREZO DE RÍO TIRÓN","province":"09","population":467,"populationSource":"cadastre","status":"available","coverage":[0.0,0.0,0.0],"buildings":481,"coverage5":0.0,"coverage10":0.0,"coverage15":0.0}},{"type":"Feature","geometry":{"type":"Point","coordinates":[-3.37387,42.42238]},"properties":{"id":"09100","name":"CERRATÓN DE JUARROS","province":"09","population":42,"populationSource":"cadastre","status":"available","coverage":[0.0,0.0,0.0],"buildings":57,"coverage5":0.0,"coverage10":0.0,"coverage15":0.0}},{"type":"Feature","geometry":{"type":"Point","coordinates":[-3.93458,42.15851]},"properties":{"id":"09101","name":"CIADONCHA","province":"09","population":77,"populationSource":"cadastre","status":"available","coverage":[0.0,0.0,0.0],"buildings":110,"coverage5":0.0,"coverage10":0.0,"coverage15":0.0}},{"type":"Feature","geometry":{"type":"Point","coordinates":[-3.35706,42.78087]},"properties":{"id":"09102","name":"CILLAPERLATA","province":"09","population":31,"populationSource":"cadastre","status":"available","coverage":[0.0,0.0,0.0],"buildings":94,"coverage5":0.0,"coverage10":0.0,"coverage15":0.0}},{"type":"Feature","geometry":{"type":"Point","coordinates":[-3.79465,41.88444]},"properties":{"id":"09103","name":"CILLERUELO DE ABAJO","province":"09","population":209,"populationSource":"cadastre","status":"available","coverage":[0.0,0.0,0.0],"buildings":308,"coverage5":0.0,"coverage10":0.0,"coverage15":0.0}},{"type":"Feature","geometry":{"type":"Point","coordinates":[-3.66167,41.90482]},"properties":{"id":"09104","name":"CILLERUELO DE ARRIBA","province":"09","population":52,"populationSource":"cadastre","status":"available","coverage":[0.0,0.0,0.0],"buildings":120,"coverage5":0.0,"coverage10":0.0,"coverage15":0.0}},{"type":"Feature","geometry":{"type":"Point","coordinates":[-3.52891,41.90696]},"properties":{"id":"09105","name":"CIRUELOS DE CERVERA","province":"09","population":90,"populationSource":"cadastre","status":"available","coverage":[69.98,72.54,72.54],"buildings":200,"coverage5":69.98,"coverage10":72.54,"coverage15":72.54}},{"type":"Feature","geometry":{"type":"Point","coordinates":[-3.69901,42.20157]},"properties":{"id":"09108","name":"COGOLLOS","province":"09","population":687,"populationSource":"cadastre","status":"available","coverage":[45.49,89.82,95.48],"buildings":336,"coverage5":45.49,"coverage10":89.82,"coverage15":95.48}},{"type":"Feature","geometry":{"type":"Point","coordinates":[-2.74746,42.73533]},"properties":{"id":"09109","name":"CONDADO DE TREVIÑO","province":"09","population":1468,"populationSource":"cadastre","status":"available","coverage":[0.0,0.0,0.0],"buildings":2297,"coverage5":0.0,"coverage10":0.0,"coverage15":0.0}},{"type":"Feature","geometry":{"type":"Point","coordinates":[-3.40924,42.01833]},"properties":{"id":"09110","name":"CONTRERAS","province":"09","population":81,"populationSource":"cadastre","status":"available","coverage":[98.36,100.0,100.0],"buildings":190,"coverage5":98.36,"coverage10":100.0,"coverage15":100.0}},{"type":"Feature","geometry":{"type":"Point","coordinates":[-3.39201,41.76543]},"properties":{"id":"09112","name":"CORUÑA DEL CONDE","province":"09","population":95,"populationSource":"cadastre","status":"available","coverage":[95.6,100.0,100.0],"buildings":211,"coverage5":95.6,"coverage10":100.0,"coverage15":100.0}},{"type":"Feature","geometry":{"type":"Point","coordinates":[-3.51887,42.05752]},"properties":{"id":"09113","name":"COVARRUBIAS","province":"09","population":501,"populationSource":"cadastre","status":"available","coverage":[0.0,0.0,0.0],"buildings":790,"coverage5":0.0,"coverage10":0.0,"coverage15":0.0}},{"type":"Feature","geometry":{"type":"Point","coordinates":[-3.61089,42.1701]},"properties":{"id":"09114","name":"CUBILLO DEL CAMPO","province":"09","population":103,"populationSource":"cadastre","status":"available","coverage":[0.0,0.0,0.0],"buildings":142,"coverage5":0.0,"coverage10":0.0,"coverage15":0.0}},{"type":"Feature","geometry":{"type":"Point","coordinates":[-3.20759,42.64033]},"properties":{"id":"09115","name":"CUBO DE BUREBA","province":"09","population":102,"populationSource":"cadastre","status":"available","coverage":[0.0,0.0,0.0],"buildings":172,"coverage5":0.0,"coverage10":0.0,"coverage15":0.0}},{"type":"Feature","geometry":{"type":"Point","coordinates":[-3.94195,41.66638]},"properties":{"id":"09117","name":"LA CUEVA DE ROA","province":"09","population":89,"populationSource":"cadastre","status":"available","coverage":[0.0,0.0,0.0],"buildings":89,"coverage5":0.0,"coverage10":0.0,"coverage15":0.0}},{"type":"Feature","geometry":{"type":"Point","coordinates":[-3.56876,42.12978]},"properties":{"id":"09119","name":"CUEVAS DE SAN CLEMENTE","province":"09","population":52,"populationSource":"cadastre","status":"available","coverage":[0.0,0.0,0.0],"buildings":145,"coverage5":0.0,"coverage10":0.0,"coverage15":0.0}},{"type":"Feature","geometry":{"type":"Point","coordinates":[-3.08739,42.67047]},"properties":{"id":"09120","name":"ENCÍO","province":"09","population":37,"populationSource":"cadastre","status":"available","coverage":[0.0,0.0,0.0],"buildings":41,"coverage5":0.0,"coverage10":0.0,"coverage15":0.0}},{"type":"Feature","geometry":{"type":"Point","coordinates":[-3.4688,41.89651]},"properties":{"id":"09122","name":"ESPINOSA DE CERVERA","province":"09","population":81,"populationSource":"cadastre","status":"available","coverage":[100.0,100.0,100.0],"buildings":112,"coverage5":100.0,"coverage10":100.0,"coverage15":100.0}},{"type":"Feature","geometry":{"type":"Point","coordinates":[-3.27899,42.40712]},"properties":{"id":"09123","name":"ESPINOSA DEL CAMINO","province":"09","population":43,"populationSource":"cadastre","status":"available","coverage":[0.0,0.0,0.0],"buildings":36,"coverage5":0.0,"coverage10":0.0,"coverage15":0.0}},{"type":"Feature","geometry":{"type":"Point","coordinates":[-3.55285,43.07636]},"properties":{"id":"09124","name":"ESPINOSA DE LOS MONTEROS","province":"09","population":1627,"populationSource":"cadastre","status":"available","coverage":[38.08,68.64,76.08],"buildings":816,"coverage5":38.08,"coverage10":68.64,"coverage15":76.08}},{"type":"Feature","geometry":{"type":"Point","coordinates":[-3.89751,42.27629]},"properties":{"id":"09125","name":"ESTÉPAR","province":"09","population":646,"populationSource":"cadastre","status":"available","coverage":[29.18,31.23,31.23],"buildings":1065,"coverage5":29.18,"coverage10":31.23,"coverage15":31.23}},{"type":"Feature","geometry":{"type":"Point","coordinates":[-3.73864,41.94344]},"properties":{"id":"09127","name":"FONTIOSO","province":"09","population":52,"populationSource":"cadastre","status":"available","coverage":[100.0,100.0,100.0],"buildings":107,"coverage5":100.0,"coverage10":100.0,"coverage15":100.0}},{"type":"Feature","geometry":{"type":"Point","coordinates":[-3.83792,42.30961]},"properties":{"id":"09128","name":"FRANDOVÍNEZ","province":"09","population":95,"populationSource":"cadastre","status":"available","coverage":[99.24,100.0,100.0],"buildings":143,"coverage5":99.24,"coverage10":100.0,"coverage15":100.0}},{"type":"Feature","geometry":{"type":"Point","coordinates":[-3.1366,42.31439]},"properties":{"id":"09129","name":"FRESNEDA DE LA SIERRA TIRÓN","province":"09","population":98,"populationSource":"cadastre","status":"available","coverage":[0.0,0.0,0.0],"buildings":118,"coverage5":0.0,"coverage10":0.0,"coverage15":0.0}},{"type":"Feature","geometry":{"type":"Point","coordinates":[-3.13469,42.41413]},"properties":{"id":"09130","name":"FRESNEÑA","province":"09","population":68,"populationSource":"cadastre","status":"available","coverage":[0.0,0.0,0.0],"buildings":81,"coverage5":0.0,"coverage10":0.0,"coverage15":0.0}},{"type":"Feature","geometry":{"type":"Point","coordinates":[-3.64448,41.64743]},"properties":{"id":"09131","name":"FRESNILLO DE LAS DUEÑAS","province":"09","population":703,"populationSource":"cadastre","status":"available","coverage":[0.0,0.0,0.0],"buildings":219,"coverage5":0.0,"coverage10":0.0,"coverage15":0.0}},{"type":"Feature","geometry":{"type":"Point","coordinates":[-3.17584,42.45978]},"properties":{"id":"09132","name":"FRESNO DE RÍO TIRÓN","province":"09","population":156,"populationSource":"cadastre","status":"available","coverage":[93.57,97.47,100.0],"buildings":182,"coverage5":93.57,"coverage10":97.47,"coverage15":100.0}},{"type":"Feature","geometry":{"type":"Point","coordinates":[-3.48354,42.41882]},"properties":{"id":"09133","name":"FRESNO DE RODILLA","province":"09","population":49,"populationSource":"cadastre","status":"available","coverage":[0.0,0.0,0.0],"buildings":69,"coverage5":0.0,"coverage10":0.0,"coverage15":0.0}},{"type":"Feature","geometry":{"type":"Point","coordinates":[-3.29339,42.76078]},"properties":{"id":"09134","name":"FRÍAS","province":"09","population":258,"populationSource":"cadastre","status":"available","coverage":[43.82,63.6,76.3],"buildings":496,"coverage5":43.82,"coverage10":63.6,"coverage15":76.3}},{"type":"Feature","geometry":{"type":"Point","coordinates":[-3.23448,42.6338]},"properties":{"id":"09135","name":"FUENTEBUREBA","province":"09","population":58,"populationSource":"cadastre","status":"available","coverage":[0.0,0.0,0.0],"buildings":123,"coverage5":0.0,"coverage10":0.0,"coverage15":0.0}},{"type":"Feature","geometry":{"type":"Point","coordinates":[-3.87023,41.62825]},"properties":{"id":"09136","name":"FUENTECÉN","province":"09","population":246,"populationSource":"cadastre","status":"available","coverage":[0.0,0.0,0.0],"buildings":411,"coverage5":0.0,"coverage10":0.0,"coverage15":0.0}},{"type":"Feature","geometry":{"type":"Point","coordinates":[-3.64081,41.59151]},"properties":{"id":"09137","name":"FUENTELCÉSPED","province":"09","population":290,"populationSource":"cadastre","status":"available","coverage":[0.0,0.0,0.0],"buildings":421,"coverage5":0.0,"coverage10":0.0,"coverage15":0.0}},{"type":"Feature","geometry":{"type":"Point","coordinates":[-3.90104,41.62361]},"properties":{"id":"09138","name":"FUENTELISENDO","province":"09","population":96,"populationSource":"cadastre","status":"available","coverage":[0.0,0.0,0.0],"buildings":173,"coverage5":0.0,"coverage10":0.0,"coverage15":0.0}},{"type":"Feature","geometry":{"type":"Point","coordinates":[-3.84946,41.60482]},"properties":{"id":"09139","name":"FUENTEMOLINOS","province":"09","population":89,"populationSource":"cadastre","status":"available","coverage":[0.0,0.0,0.0],"buildings":143,"coverage5":0.0,"coverage10":0.0,"coverage15":0.0}},{"type":"Feature","geometry":{"type":"Point","coordinates":[-3.75382,41.52841]},"properties":{"id":"09140","name":"FUENTENEBRO","province":"09","population":137,"populationSource":"cadastre","status":"available","coverage":[0.0,0.0,0.0],"buildings":233,"coverage5":0.0,"coverage10":0.0,"coverage15":0.0}},{"type":"Feature","geometry":{"type":"Point","coordinates":[-3.6837,41.63135]},"properties":{"id":"09141","name":"FUENTESPINA","province":"09","population":833,"populationSource":"cadastre","status":"available","coverage":[63.14,94.66,99.27],"buildings":386,"coverage5":63.14,"coverage10":94.66,"coverage15":99.27}},{"type":"Feature","geometry":{"type":"Point","coordinates":[-3.43745,42.52846]},"properties":{"id":"09143","name":"GALBARROS","province":"09","population":28,"populationSource":"cadastre","status":"available","coverage":[0.0,0.0,0.0],"buildings":51,"coverage5":0.0,"coverage10":0.0,"coverage15":0.0}},{"type":"Feature","geometry":{"type":"Point","coordinates":[-3.26387,41.89896]},"properties":{"id":"09144","name":"LA GALLEGA","province":"09","population":34,"populationSource":"cadastre","status":"available","coverage":[0.0,0.0,0.0],"buildings":77,"coverage5":0.0,"coverage10":0.0,"coverage15":0.0}},{"type":"Feature","geometry":{"type":"Point","coordinates":[-4.11852,42.4297]},"properties":{"id":"09148","name":"GRIJALBA","province":"09","population":114,"populationSource":"cadastre","status":"available","coverage":[0.0,0.0,0.0],"buildings":106,"coverage5":0.0,"coverage10":0.0,"coverage15":0.0}},{"type":"Feature","geometry":{"type":"Point","coordinates":[-3.26436,42.59152]},"properties":{"id":"09149","name":"GRISALEÑA","province":"09","population":58,"populationSource":"cadastre","status":"available","coverage":[0.0,0.0,0.0],"buildings":79,"coverage5":0.0,"coverage10":0.0,"coverage15":0.0}},{"type":"Feature","geometry":{"type":"Point","coordinates":[-3.68821,41.77334]},"properties":{"id":"09151","name":"GUMIEL DE IZÁN","province":"09","population":587,"populationSource":"cadastre","status":"available","coverage":[81.96,96.2,96.2],"buildings":720,"coverage5":81.96,"coverage10":96.2,"coverage15":96.2}},{"type":"Feature","geometry":{"type":"Point","coordinates":[-3.80272,41.75582]},"properties":{"id":"09152","name":"GUMIEL DE MERCADO","province":"09","population":376,"populationSource":"cadastre","status":"available","coverage":[0.0,0.0,0.0],"buildings":399,"coverage5":0.0,"coverage10":0.0,"coverage15":0.0}},{"type":"Feature","geometry":{"type":"Point","coordinates":[-3.28755,41.98598]},"properties":{"id":"09154","name":"HACINAS","province":"09","population":145,"populationSource":"cadastre","status":"available","coverage":[89.17,100.0,100.0],"buildings":268,"coverage5":89.17,"coverage10":100.0,"coverage15":100.0}},{"type":"Feature","geometry":{"type":"Point","coordinates":[-3.83059,41.62104]},"properties":{"id":"09155","name":"HAZA","province":"09","population":33,"populationSource":"cadastre","status":"available","coverage":[0.0,0.0,0.0],"buildings":46,"coverage5":0.0,"coverage10":0.0,"coverage15":0.0}},{"type":"Feature","geometry":{"type":"Point","coordinates":[-4.04455,42.31242]},"properties":{"id":"09159","name":"HONTANAS","province":"09","population":69,"populationSource":"cadastre","status":"available","coverage":[0.0,0.0,0.0],"buildings":59,"coverage5":0.0,"coverage10":0.0,"coverage15":0.0}},{"type":"Feature","geometry":{"type":"Point","coordinates":[-3.79604,41.58276]},"properties":{"id":"09160","name":"HONTANGAS","province":"09","population":92,"populationSource":"cadastre","status":"available","coverage":[0.0,0.0,0.0],"buildings":183,"coverage5":0.0,"coverage10":0.0,"coverage15":0.0}},{"type":"Feature","geometry":{"type":"Point","coordinates":[-3.64329,42.18906]},"properties":{"id":"09162","name":"HONTORIA DE LA CANTERA","province":"09","population":172,"populationSource":"cadastre","status":"available","coverage":[99.36,100.0,100.0],"buildings":202,"coverage5":99.36,"coverage10":100.0,"coverage15":100.0}},{"type":"Feature","geometry":{"type":"Point","coordinates":[-3.16452,41.84803]},"properties":{"id":"09163","name":"HONTORIA DEL PINAR","province":"09","population":613,"populationSource":"cadastre","status":"available","coverage":[0.0,0.0,0.0],"buildings":705,"coverage5":0.0,"coverage10":0.0,"coverage15":0.0}},{"type":"Feature","geometry":{"type":"Point","coordinates":[-3.52024,41.74317]},"properties":{"id":"09164","name":"HONTORIA DE VALDEARADOS","province":"09","population":152,"populationSource":"cadastre","status":"available","coverage":[0.0,0.0,0.0],"buildings":300,"coverage5":0.0,"coverage10":0.0,"coverage15":0.0}},{"type":"Feature","geometry":{"type":"Point","coordinates":[-3.92907,42.5255]},"properties":{"id":"09166","name":"LAS HORMAZAS","province":"09","population":93,"populationSource":"cadastre","status":"available","coverage":[0.0,0.0,0.0],"buildings":105,"coverage5":0.0,"coverage10":0.0,"coverage15":0.0}},{"type":"Feature","geometry":{"type":"Point","coordinates":[-3.92633,42.3391]},"properties":{"id":"09167","name":"HORNILLOS DEL CAMINO","province":"09","population":44,"populationSource":"cadastre","status":"available","coverage":[0.0,0.0,0.0],"buildings":74,"coverage5":0.0,"coverage10":0.0,"coverage15":0.0}},{"type":"Feature","geometry":{"type":"Point","coordinates":[-3.87349,41.74103]},"properties":{"id":"09168","name":"LA HORRA","province":"09","population":295,"populationSource":"cadastre","status":"available","coverage":[0.0,0.0,0.0],"buildings":338,"coverage5":0.0,"coverage10":0.0,"coverage15":0.0}},{"type":"Feature","geometry":{"type":"Point","coordinates":[-3.42709,42.0687]},"properties":{"id":"09169","name":"HORTIGÜELA","province":"09","population":103,"populationSource":"cadastre","status":"available","coverage":[86.49,95.39,95.39],"buildings":287,"coverage5":86.49,"coverage10":95.39,"coverage15":95.39}},{"type":"Feature","geometry":{"type":"Point","coordinates":[-3.86219,41.65935]},"properties":{"id":"09170","name":"HOYALES DE ROA","province":"09","population":208,"populationSource":"cadastre","status":"available","coverage":[0.0,0.0,0.0],"buildings":304,"coverage5":0.0,"coverage10":0.0,"coverage15":0.0}},{"type":"Feature","geometry":{"type":"Point","coordinates":[-3.77198,42.52261]},"properties":{"id":"09172","name":"HUÉRMECES","province":"09","population":159,"populationSource":"cadastre","status":"available","coverage":[97.11,97.11,98.06],"buildings":169,"coverage5":97.11,"coverage10":97.11,"coverage15":98.06}},{"type":"Feature","geometry":{"type":"Point","coordinates":[-3.08235,42.11675]},"properties":{"id":"09173","name":"HUERTA DE ARRIBA","province":"09","population":121,"populationSource":"cadastre","status":"available","coverage":[94.2,99.67,99.67],"buildings":228,"coverage5":94.2,"coverage10":99.67,"coverage15":99.67}},{"type":"Feature","geometry":{"type":"Point","coordinates":[-3.34819,41.84064]},"properties":{"id":"09174","name":"HUERTA DE REY","province":"09","population":889,"populationSource":"cadastre","status":"available","coverage":[0.0,0.0,0.0],"buildings":978,"coverage5":0.0,"coverage10":0.0,"coverage15":0.0}},{"type":"Feature","geometry":{"type":"Point","coordinates":[-4.08374,42.66869]},"properties":{"id":"09175","name":"HUMADA","province":"09","population":114,"populationSource":"cadastre","status":"available","coverage":[0.0,0.0,0.0],"buildings":252,"coverage5":0.0,"coverage10":0.0,"coverage15":0.0}},{"type":"Feature","geometry":{"type":"Point","coordinates":[-3.61354,42.4063]},"properties":{"id":"09176","name":"HURONES","province":"09","population":59,"populationSource":"cadastre","status":"available","coverage":[0.0,0.0,0.0],"buildings":70,"coverage5":0.0,"coverage10":0.0,"coverage15":0.0}},{"type":"Feature","geometry":{"type":"Point","coordinates":[-3.53658,42.33033]},"properties":{"id":"09177","name":"IBEAS DE JUARROS","province":"09","population":1492,"populationSource":"cadastre","status":"available","coverage":[30.18,40.61,45.15],"buildings":1172,"coverage5":30.18,"coverage10":40.61,"coverage15":45.15}},{"type":"Feature","geometry":{"type":"Point","coordinates":[-3.08339,42.45403]},"properties":{"id":"09178","name":"IBRILLOS","province":"09","population":30,"populationSource":"cadastre","status":"available","coverage":[0.0,0.0,0.0],"buildings":57,"coverage5":0.0,"coverage10":0.0,"coverage15":0.0}},{"type":"Feature","geometry":{"type":"Point","coordinates":[-3.84655,41.9744]},"properties":{"id":"09179","name":"IGLESIARRUBIA","province":"09","population":45,"populationSource":"cadastre","status":"available","coverage":[0.0,0.0,0.0],"buildings":93,"coverage5":0.0,"coverage10":0.0,"coverage15":0.0}},{"type":"Feature","geometry":{"type":"Point","coordinates":[-3.98941,42.29805]},"properties":{"id":"09180","name":"IGLESIAS","province":"09","population":136,"populationSource":"cadastre","status":"available","coverage":[0.0,0.0,0.0],"buildings":175,"coverage5":0.0,"coverage10":0.0,"coverage15":0.0}},{"type":"Feature","geometry":{"type":"Point","coordinates":[-3.92909,42.36159]},"properties":{"id":"09181","name":"ISAR","province":"09","population":279,"populationSource":"cadastre","status":"available","coverage":[0.0,0.0,0.0],"buildings":441,"coverage5":0.0,"coverage10":0.0,"coverage15":0.0}},{"type":"Feature","geometry":{"type":"Point","coordinates":[-4.24249,42.28928]},"properties":{"id":"09182","name":"ITERO DEL CASTILLO","province":"09","population":74,"populationSource":"cadastre","status":"available","coverage":[0.0,0.0,0.0],"buildings":139,"coverage5":0.0,"coverage10":0.0,"coverage15":0.0}},{"type":"Feature","geometry":{"type":"Point","coordinates":[-3.3134,42.1159]},"properties":{"id":"09183","name":"JARAMILLO DE LA FUENTE","province":"09","population":45,"populationSource":"cadastre","status":"available","coverage":[0.0,0.0,0.0],"buildings":129,"coverage5":0.0,"coverage10":0.0,"coverage15":0.0}},{"type":"Feature","geometry":{"type":"Point","coordinates":[-3.3604,42.08424]},"properties":{"id":"09184","name":"JARAMILLO QUEMADO","province":"09","population":12,"populationSource":"cadastre","status":"available","coverage":[0.0,0.0,0.0],"buildings":75,"coverage5":0.0,"coverage10":0.0,"coverage15":0.0}},{"type":"Feature","geometry":{"type":"Point","coordinates":[-3.38925,43.04124]},"properties":{"id":"09189","name":"JUNTA DE TRASLALOMA","province":"09","population":118,"populationSource":"cadastre","status":"available","coverage":[0.0,0.0,0.0],"buildings":281,"coverage5":0.0,"coverage10":0.0,"coverage15":0.0}},{"type":"Feature","geometry":{"type":"Point","coordinates":[-3.08783,42.93538]},"properties":{"id":"09190","name":"JUNTA DE VILLALBA DE LOSA","province":"09","population":79,"populationSource":"cadastre","status":"available","coverage":[72.15,73.22,73.22],"buildings":126,"coverage5":72.15,"coverage10":73.22,"coverage15":73.22}},{"type":"Feature","geometry":{"type":"Point","coordinates":[-3.44439,42.12313]},"properties":{"id":"09191","name":"JURISDICCIÓN DE LARA","province":"09","population":39,"populationSource":"cadastre","status":"available","coverage":[0.0,0.0,0.0],"buildings":128,"coverage5":0.0,"coverage10":0.0,"coverage15":0.0}},{"type":"Feature","geometry":{"type":"Point","coordinates":[-3.15677,42.8416]},"properties":{"id":"09192","name":"JURISDICCIÓN DE SAN ZADORNIL","province":"09","population":62,"populationSource":"cadastre","status":"available","coverage":[0.0,0.0,0.0],"buildings":143,"coverage5":0.0,"coverage10":0.0,"coverage15":0.0}},{"type":"Feature","geometry":{"type":"Point","coordinates":[-3.75931,42.02736]},"properties":{"id":"09194","name":"LERMA","province":"09","population":2629,"populationSource":"cadastre","status":"available","coverage":[1.0,24.28,53.89],"buildings":1557,"coverage5":1.0,"coverage10":24.28,"coverage15":53.89}},{"type":"Feature","geometry":{"type":"Point","coordinates":[-3.45744,42.62494]},"properties":{"id":"09195","name":"LLANO DE BUREBA","province":"09","population":45,"populationSource":"cadastre","status":"available","coverage":[0.0,0.0,0.0],"buildings":79,"coverage5":0.0,"coverage10":0.0,"coverage15":0.0}},{"type":"Feature","geometry":{"type":"Point","coordinates":[-3.67599,42.14406]},"properties":{"id":"09196","name":"MADRIGAL DEL MONTE","province":"09","population":141,"populationSource":"cadastre","status":"available","coverage":[0.0,0.0,0.0],"buildings":321,"coverage5":0.0,"coverage10":0.0,"coverage15":0.0}},{"type":"Feature","geometry":{"type":"Point","coordinates":[-3.726,42.1253]},"properties":{"id":"09197","name":"MADRIGALEJO DEL MONTE","province":"09","population":160,"populationSource":"cadastre","status":"available","coverage":[46.85,50.27,55.14],"buildings":281,"coverage5":46.85,"coverage10":50.27,"coverage15":55.14}},{"type":"Feature","geometry":{"type":"Point","coordinates":[-3.94188,42.12035]},"properties":{"id":"09198","name":"MAHAMUD","province":"09","population":107,"populationSource":"cadastre","status":"available","coverage":[0.0,0.0,0.0],"buildings":207,"coverage5":0.0,"coverage10":0.0,"coverage15":0.0}},{"type":"Feature","geometry":{"type":"Point","coordinates":[-3.98536,41.666]},"properties":{"id":"09199","name":"MAMBRILLA DE CASTREJÓN","province":"09","population":105,"populationSource":"cadastre","status":"available","coverage":[0.0,0.0,0.0],"buildings":162,"coverage5":0.0,"coverage10":0.0,"coverage15":0.0}},{"type":"Feature","geometry":{"type":"Point","coordinates":[-3.45962,42.0956]},"properties":{"id":"09200","name":"MAMBRILLAS DE LARA","province":"09","population":54,"populationSource":"cadastre","status":"available","coverage":[0.0,0.0,0.0],"buildings":198,"coverage5":0.0,"coverage10":0.0,"coverage15":0.0}},{"type":"Feature","geometry":{"type":"Point","coordinates":[-3.36192,41.92662]},"properties":{"id":"09201","name":"MAMOLAR","province":"09","population":27,"populationSource":"cadastre","status":"available","coverage":[0.0,0.0,0.0],"buildings":118,"coverage5":0.0,"coverage10":0.0,"coverage15":0.0}},{"type":"Feature","geometry":{"type":"Point","coordinates":[-3.94507,42.4558]},"properties":{"id":"09202","name":"MANCILES","province":"09","population":21,"populationSource":"cadastre","status":"available","coverage":[0.0,0.0,0.0],"buildings":38,"coverage5":0.0,"coverage10":0.0,"coverage15":0.0}},{"type":"Feature","geometry":{"type":"Point","coordinates":[-3.91864,42.20722]},"properties":{"id":"09206","name":"MAZUELA","province":"09","population":55,"populationSource":"cadastre","status":"available","coverage":[0.0,0.0,0.0],"buildings":77,"coverage5":0.0,"coverage10":0.0,"coverage15":0.0}},{"type":"Feature","geometry":{"type":"Point","coordinates":[-3.5739,42.09553]},"properties":{"id":"09208","name":"MECERREYES","province":"09","population":176,"populationSource":"cadastre","status":"available","coverage":[0.0,0.0,0.0],"buildings":333,"coverage5":0.0,"coverage10":0.0,"coverage15":0.0}},{"type":"Feature","geometry":{"type":"Point","coordinates":[-3.4875,42.92852]},"properties":{"id":"09209","name":"MEDINA DE POMAR","province":"09","population":6190,"populationSource":"cadastre","status":"available","coverage":[23.09,42.4,49.98],"buildings":3585,"coverage5":23.09,"coverage10":42.4,"coverage15":49.98}},{"type":"Feature","geometry":{"type":"Point","coordinates":[-4.24356,42.40545]},"properties":{"id":"09211","name":"MELGAR DE FERNAMENTAL","province":"09","population":1496,"populationSource":"cadastre","status":"available","coverage":[22.14,70.6,84.09],"buildings":1057,"coverage5":22.14,"coverage10":70.6,"coverage15":84.09}},{"type":"Feature","geometry":{"type":"Point","coordinates":[-3.4186,42.8419]},"properties":{"id":"09213","name":"MERINDAD DE CUESTA-URRIA","province":"09","population":263,"populationSource":"osm_fallback","status":"available","coverage":[20.51,27.02,29.98],"buildings":975,"coverage5":20.51,"coverage10":27.02,"coverage15":29.98}},{"type":"Feature","geometry":{"type":"Point","coordinates":[-3.47011,43.06727]},"properties":{"id":"09214","name":"MERINDAD DE MONTIJA","province":"09","population":723,"populationSource":"cadastre","status":"available","coverage":[3.74,10.27,10.33],"buildings":1221,"coverage5":3.74,"coverage10":10.27,"coverage15":10.33}},{"type":"Feature","geometry":{"type":"Point","coordinates":[-3.62681,43.02825]},"properties":{"id":"09215","name":"MERINDAD DE SOTOSCUEVA","province":"09","population":399,"populationSource":"cadastre","status":"available","coverage":[0.0,1.05,3.75],"buildings":945,"coverage5":0.0,"coverage10":1.05,"coverage15":3.75}},{"type":"Feature","geometry":{"type":"Point","coordinates":[-3.74381,43.01026]},"properties":{"id":"09216","name":"MERINDAD DE VALDEPORRES","province":"09","population":412,"populationSource":"cadastre","status":"available","coverage":[16.32,25.96,29.66],"buildings":948,"coverage5":16.32,"coverage10":25.96,"coverage15":29.66}},{"type":"Feature","geometry":{"type":"Point","coordinates":[-3.54272,42.83102]},"properties":{"id":"09217","name":"MERINDAD DE VALDIVIELSO","province":"09","population":384,"populationSource":"cadastre","status":"available","coverage":[0.0,0.0,0.0],"buildings":914,"coverage5":0.0,"coverage10":0.0,"coverage15":0.0}},{"type":"Feature","geometry":{"type":"Point","coordinates":[-3.69779,41.57532]},"properties":{"id":"09218","name":"MILAGROS","province":"09","population":409,"populationSource":"cadastre","status":"review"}},{"type":"Feature","geometry":{"type":"Point","coordinates":[-2.9524,42.68052]},"properties":{"id":"09219","name":"MIRANDA DE EBRO","province":"09","population":36622,"populationSource":"cadastre","status":"available","coverage":[70.86,85.06,89.86],"buildings":3160,"coverage5":70.86,"coverage10":85.06,"coverage15":89.86}},{"type":"Feature","geometry":{"type":"Point","coordinates":[-3.20084,42.67318]},"properties":{"id":"09220","name":"MIRAVECHE","province":"09","population":92,"populationSource":"cadastre","status":"available","coverage":[0.0,0.0,0.0],"buildings":225,"coverage5":0.0,"coverage10":0.0,"coverage15":0.0}},{"type":"Feature","geometry":{"type":"Point","coordinates":[-3.65998,42.25784]},"properties":{"id":"09221","name":"MODÚBAR DE LA EMPAREDADA","province":"09","population":773,"populationSource":"cadastre","status":"available","coverage":[23.77,45.25,62.21],"buildings":337,"coverage5":23.77,"coverage10":45.25,"coverage15":62.21}},{"type":"Feature","geometry":{"type":"Point","coordinates":[-3.19375,42.05087]},"properties":{"id":"09223","name":"MONASTERIO DE LA SIERRA","province":"09","population":38,"populationSource":"cadastre","status":"available","coverage":[0.0,0.0,0.0],"buildings":106,"coverage5":0.0,"coverage10":0.0,"coverage15":0.0}},{"type":"Feature","geometry":{"type":"Point","coordinates":[-3.46752,42.4558]},"properties":{"id":"09224","name":"MONASTERIO DE RODILLA","province":"09","population":171,"populationSource":"cadastre","status":"available","coverage":[74.85,79.73,83.96],"buildings":218,"coverage5":74.85,"coverage10":79.73,"coverage15":83.96}},{"type":"Feature","geometry":{"type":"Point","coordinates":[-3.19949,41.95403]},"properties":{"id":"09225","name":"MONCALVILLO","province":"09","population":77,"populationSource":"cadastre","status":"available","coverage":[0.0,0.0,0.0],"buildings":135,"coverage5":0.0,"coverage10":0.0,"coverage15":0.0}},{"type":"Feature","geometry":{"type":"Point","coordinates":[-3.11265,42.1496]},"properties":{"id":"09226","name":"MONTERRUBIO DE LA DEMANDA","province":"09","population":55,"populationSource":"cadastre","status":"available","coverage":[0.0,0.0,0.0],"buildings":92,"coverage5":0.0,"coverage10":0.0,"coverage15":0.0}},{"type":"Feature","geometry":{"type":"Point","coordinates":[-3.7764,42.58472]},"properties":{"id":"09227","name":"MONTORIO","province":"09","population":138,"populationSource":"cadastre","status":"available","coverage":[95.29,98.1,98.1],"buildings":162,"coverage5":95.29,"coverage10":98.1,"coverage15":98.1}},{"type":"Feature","geometry":{"type":"Point","coordinates":[-3.79175,41.55248]},"properties":{"id":"09228","name":"MORADILLO DE ROA","province":"09","population":167,"populationSource":"cadastre","status":"available","coverage":[0.0,0.0,0.0],"buildings":201,"coverage5":0.0,"coverage10":0.0,"coverage15":0.0}},{"type":"Feature","geometry":{"type":"Point","coordinates":[-3.96364,41.61264]},"properties":{"id":"09229","name":"NAVA DE ROA","province":"09","population":202,"populationSource":"cadastre","status":"available","coverage":[0.0,0.0,0.0],"buildings":259,"coverage5":0.0,"coverage10":0.0,"coverage15":0.0}},{"type":"Feature","geometry":{"type":"Point","coordinates":[-3.32721,42.68234]},"properties":{"id":"09230","name":"NAVAS DE BUREBA","province":"09","population":24,"populationSource":"cadastre","status":"available","coverage":[0.0,0.0,0.0],"buildings":28,"coverage5":0.0,"coverage10":0.0,"coverage15":0.0}},{"type":"Feature","geometry":{"type":"Point","coordinates":[-3.63475,41.96892]},"properties":{"id":"09231","name":"NEBREDA","province":"09","population":50,"populationSource":"cadastre","status":"available","coverage":[0.0,0.0,0.0],"buildings":122,"coverage5":0.0,"coverage10":0.0,"coverage15":0.0}},{"type":"Feature","geometry":{"type":"Point","coordinates":[-2.99647,42.06026]},"properties":{"id":"09232","name":"NEILA","province":"09","population":113,"populationSource":"cadastre","status":"available","coverage":[82.76,98.87,100.0],"buildings":203,"coverage5":82.76,"coverage10":98.87,"coverage15":100.0}},{"type":"Feature","geometry":{"type":"Point","coordinates":[-3.93364,41.78357]},"properties":{"id":"09235","name":"OLMEDILLO DE ROA","province":"09","population":188,"populationSource":"cadastre","status":"available","coverage":[83.83,100.0,100.0],"buildings":293,"coverage5":83.83,"coverage10":100.0,"coverage15":100.0}},{"type":"Feature","geometry":{"type":"Point","coordinates":[-3.94007,42.20232]},"properties":{"id":"09236","name":"OLMILLOS DE MUÑÓ","province":"09","population":38,"populationSource":"cadastre","status":"available","coverage":[0.0,0.0,0.0],"buildings":42,"coverage5":0.0,"coverage10":0.0,"coverage15":0.0}},{"type":"Feature","geometry":{"type":"Point","coordinates":[-3.41177,42.7343]},"properties":{"id":"09238","name":"OÑA","province":"09","population":938,"populationSource":"cadastre","status":"available","coverage":[10.87,26.13,29.12],"buildings":1067,"coverage5":10.87,"coverage10":26.13,"coverage15":29.12}},{"type":"Feature","geometry":{"type":"Point","coordinates":[-3.70605,41.83081]},"properties":{"id":"09239","name":"OQUILLAS","province":"09","population":52,"populationSource":"cadastre","status":"available","coverage":[0.0,0.0,0.0],"buildings":75,"coverage5":0.0,"coverage10":0.0,"coverage15":0.0}},{"type":"Feature","geometry":{"type":"Point","coordinates":[-3.58522,42.36115]},"properties":{"id":"09241","name":"ORBANEJA RIOPICO","province":"09","population":341,"populationSource":"cadastre","status":"available","coverage":[0.0,0.0,0.0],"buildings":109,"coverage5":0.0,"coverage10":0.0,"coverage15":0.0}},{"type":"Feature","geometry":{"type":"Point","coordinates":[-4.17678,42.40831]},"properties":{"id":"09242","name":"PADILLA DE ABAJO","province":"09","population":71,"populationSource":"cadastre","status":"available","coverage":[0.0,0.0,0.0],"buildings":95,"coverage5":0.0,"coverage10":0.0,"coverage15":0.0}},{"type":"Feature","geometry":{"type":"Point","coordinates":[-4.19344,42.43795]},"properties":{"id":"09243","name":"PADILLA DE ARRIBA","province":"09","population":86,"populationSource":"cadastre","status":"available","coverage":[0.0,0.0,0.0],"buildings":94,"coverage5":0.0,"coverage10":0.0,"coverage15":0.0}},{"type":"Feature","geometry":{"type":"Point","coordinates":[-3.53246,42.70499]},"properties":{"id":"09244","name":"PADRONES DE BUREBA","province":"09","population":49,"populationSource":"cadastre","status":"available","coverage":[0.0,0.0,0.0],"buildings":114,"coverage5":0.0,"coverage10":0.0,"coverage15":0.0}},{"type":"Feature","geometry":{"type":"Point","coordinates":[-3.12711,41.96382]},"properties":{"id":"09246","name":"PALACIOS DE LA SIERRA","province":"09","population":662,"populationSource":"cadastre","status":"available","coverage":[66.36,90.3,99.57],"buildings":656,"coverage5":66.36,"coverage10":90.3,"coverage15":99.57}},{"type":"Feature","geometry":{"type":"Point","coordinates":[-4.25661,42.34361]},"properties":{"id":"09247","name":"PALACIOS DE RIOPISUERGA","province":"09","population":19,"populationSource":"cadastre","status":"available","coverage":[0.0,0.0,0.0],"buildings":38,"coverage5":0.0,"coverage10":0.0,"coverage15":0.0}},{"type":"Feature","geometry":{"type":"Point","coordinates":[-3.45956,42.21313]},"properties":{"id":"09248","name":"PALAZUELOS DE LA SIERRA","province":"09","population":95,"populationSource":"cadastre","status":"available","coverage":[100.0,100.0,100.0],"buildings":123,"coverage5":100.0,"coverage10":100.0,"coverage15":100.0}},{"type":"Feature","geometry":{"type":"Point","coordinates":[-3.98967,42.19808]},"properties":{"id":"09249","name":"PALAZUELOS DE MUÑÓ","province":"09","population":52,"populationSource":"cadastre","status":"available","coverage":[100.0,100.0,100.0],"buildings":86,"coverage5":100.0,"coverage10":100.0,"coverage15":100.0}},{"type":"Feature","geometry":{"type":"Point","coordinates":[-3.98798,42.2062]},"properties":{"id":"09250","name":"PAMPLIEGA","province":"09","population":281,"populationSource":"cadastre","status":"available","coverage":[81.99,86.54,86.54],"buildings":341,"coverage5":81.99,"coverage10":86.54,"coverage15":86.54}},{"type":"Feature","geometry":{"type":"Point","coordinates":[-3.10986,42.63503]},"properties":{"id":"09251","name":"PANCORBO","province":"09","population":431,"populationSource":"cadastre","status":"available","coverage":[52.11,96.46,96.46],"buildings":326,"coverage5":52.11,"coverage10":96.46,"coverage15":96.46}},{"type":"Feature","geometry":{"type":"Point","coordinates":[-3.71057,41.55256]},"properties":{"id":"09253","name":"PARDILLA","province":"09","population":109,"populationSource":"cadastre","status":"available","coverage":[97.35,97.35,100.0],"buildings":107,"coverage5":97.35,"coverage10":97.35,"coverage15":100.0}},{"type":"Feature","geometry":{"type":"Point","coordinates":[-3.25479,42.73341]},"properties":{"id":"09255","name":"PARTIDO DE LA SIERRA EN TOBALINA","province":"09","population":75,"populationSource":"osm_fallback","status":"available","coverage":[0.0,0.0,0.0],"buildings":165,"coverage5":0.0,"coverage10":0.0,"coverage15":0.0}},{"type":"Feature","geometry":{"type":"Point","coordinates":[-3.98821,41.71263]},"properties":{"id":"09256","name":"PEDROSA DE DUERO","province":"09","population":458,"populationSource":"cadastre","status":"available","coverage":[0.0,0.0,0.0],"buildings":616,"coverage5":0.0,"coverage10":0.0,"coverage15":0.0}},{"type":"Feature","geometry":{"type":"Point","coordinates":[-3.97608,42.43946]},"properties":{"id":"09257","name":"PEDROSA DEL PÁRAMO","province":"09","population":88,"populationSource":"cadastre","status":"available","coverage":[99.32,99.32,99.32],"buildings":77,"coverage5":99.32,"coverage10":99.32,"coverage15":99.32}},{"type":"Feature","geometry":{"type":"Point","coordinates":[-4.19834,42.24788]},"properties":{"id":"09258","name":"PEDROSA DEL PRÍNCIPE","province":"09","population":155,"populationSource":"cadastre","status":"available","coverage":[0.0,0.0,0.0],"buildings":335,"coverage5":0.0,"coverage10":0.0,"coverage15":0.0}},{"type":"Feature","geometry":{"type":"Point","coordinates":[-3.82136,42.41028]},"properties":{"id":"09259","name":"PEDROSA DE RÍO ÚRBEL","province":"09","population":262,"populationSource":"cadastre","status":"available","coverage":[0.0,0.0,0.0],"buildings":248,"coverage5":0.0,"coverage10":0.0,"coverage15":0.0}},{"type":"Feature","geometry":{"type":"Point","coordinates":[-3.47914,41.68854]},"properties":{"id":"09261","name":"PEÑARANDA DE DUERO","province":"09","population":470,"populationSource":"cadastre","status":"available","coverage":[0.0,0.0,0.0],"buildings":567,"coverage5":0.0,"coverage10":0.0,"coverage15":0.0}},{"type":"Feature","geometry":{"type":"Point","coordinates":[-4.07662,42.07594]},"properties":{"id":"09262","name":"PERAL DE ARLANZA","province":"09","population":169,"populationSource":"cadastre","status":"available","coverage":[42.45,84.05,87.32],"buildings":190,"coverage5":42.45,"coverage10":84.05,"coverage15":87.32}},{"type":"Feature","geometry":{"type":"Point","coordinates":[-3.41326,42.59021]},"properties":{"id":"09265","name":"PIÉRNIGAS","province":"09","population":43,"populationSource":"cadastre","status":"available","coverage":[0.0,0.0,0.0],"buildings":73,"coverage5":0.0,"coverage10":0.0,"coverage15":0.0}},{"type":"Feature","geometry":{"type":"Point","coordinates":[-3.29693,42.21614]},"properties":{"id":"09266","name":"PINEDA DE LA SIERRA","province":"09","population":92,"populationSource":"cadastre","status":"available","coverage":[0.0,0.0,0.0],"buildings":168,"coverage5":0.0,"coverage10":0.0,"coverage15":0.0}},{"type":"Feature","geometry":{"type":"Point","coordinates":[-3.69633,41.90976]},"properties":{"id":"09267","name":"PINEDA TRASMONTE","province":"09","population":95,"populationSource":"cadastre","status":"available","coverage":[0.0,0.0,0.0],"buildings":183,"coverage5":0.0,"coverage10":0.0,"coverage15":0.0}},{"type":"Feature","geometry":{"type":"Point","coordinates":[-3.30448,41.9182]},"properties":{"id":"09268","name":"PINILLA DE LOS BARRUECOS","province":"09","population":100,"populationSource":"cadastre","status":"available","coverage":[76.6,80.86,80.86],"buildings":190,"coverage5":76.6,"coverage10":80.86,"coverage15":80.86}},{"type":"Feature","geometry":{"type":"Point","coordinates":[-3.32888,42.06812]},"properties":{"id":"09269","name":"PINILLA DE LOS MOROS","province":"09","population":30,"populationSource":"cadastre","status":"available","coverage":[0.0,0.0,0.0],"buildings":109,"coverage5":0.0,"coverage10":0.0,"coverage15":0.0}},{"type":"Feature","geometry":{"type":"Point","coordinates":[-3.61954,41.87373]},"properties":{"id":"09270","name":"PINILLA TRASMONTE","province":"09","population":152,"populationSource":"cadastre","status":"available","coverage":[96.69,100.0,100.0],"buildings":181,"coverage5":96.69,"coverage10":100.0,"coverage15":100.0}},{"type":"Feature","geometry":{"type":"Point","coordinates":[-3.5015,42.66583]},"properties":{"id":"09272","name":"POZA DE LA SAL","province":"09","population":278,"populationSource":"cadastre","status":"available","coverage":[0.0,0.0,0.0],"buildings":662,"coverage5":0.0,"coverage10":0.0,"coverage15":0.0}},{"type":"Feature","geometry":{"type":"Point","coordinates":[-3.34772,42.50322]},"properties":{"id":"09273","name":"PRÁDANOS DE BUREBA","province":"09","population":54,"populationSource":"cadastre","status":"available","coverage":[0.0,0.0,0.0],"buildings":78,"coverage5":0.0,"coverage10":0.0,"coverage15":0.0}},{"type":"Feature","geometry":{"type":"Point","coordinates":[-3.20034,42.32375]},"properties":{"id":"09274","name":"PRADOLUENGO","province":"09","population":1090,"populationSource":"cadastre","status":"available","coverage":[0.0,0.0,0.0],"buildings":627,"coverage5":0.0,"coverage10":0.0,"coverage15":0.0}},{"type":"Feature","geometry":{"type":"Point","coordinates":[-3.9029,42.18664]},"properties":{"id":"09275","name":"PRESENCIO","province":"09","population":212,"populationSource":"cadastre","status":"available","coverage":[0.0,0.0,0.0],"buildings":312,"coverage5":0.0,"coverage10":0.0,"coverage15":0.0}},{"type":"Feature","geometry":{"type":"Point","coordinates":[-2.83136,42.76684]},"properties":{"id":"09276","name":"LA PUEBLA DE ARGANZÓN","province":"09","population":565,"populationSource":"cadastre","status":"available","coverage":[49.45,88.83,92.58],"buildings":319,"coverage5":49.45,"coverage10":88.83,"coverage15":92.58}},{"type":"Feature","geometry":{"type":"Point","coordinates":[-3.58217,42.0419]},"properties":{"id":"09277","name":"PUENTEDURA","province":"09","population":117,"populationSource":"cadastre","status":"available","coverage":[0.0,0.0,0.0],"buildings":222,"coverage5":0.0,"coverage10":0.0,"coverage15":0.0}},{"type":"Feature","geometry":{"type":"Point","coordinates":[-3.57639,41.70066]},"properties":{"id":"09279","name":"QUEMADA","province":"09","population":242,"populationSource":"cadastre","status":"available","coverage":[0.0,0.0,0.0],"buildings":352,"coverage5":0.0,"coverage10":0.0,"coverage15":0.0}},{"type":"Feature","geometry":{"type":"Point","coordinates":[-3.36632,42.58677]},"properties":{"id":"09280","name":"QUINTANABUREBA","province":"09","population":29,"populationSource":"cadastre","status":"available","coverage":[0.0,0.0,0.0],"buildings":86,"coverage5":0.0,"coverage10":0.0,"coverage15":0.0}},{"type":"Feature","geometry":{"type":"Point","coordinates":[-3.75134,41.75912]},"properties":{"id":"09281","name":"QUINTANA DEL PIDIO","province":"09","population":150,"populationSource":"cadastre","status":"available","coverage":[85.68,100.0,100.0],"buildings":165,"coverage5":85.68,"coverage10":100.0,"coverage15":100.0}},{"type":"Feature","geometry":{"type":"Point","coordinates":[-3.29907,42.66981]},"properties":{"id":"09283","name":"QUINTANAÉLEZ","province":"09","population":44,"populationSource":"cadastre","status":"available","coverage":[0.0,0.0,0.0],"buildings":133,"coverage5":0.0,"coverage10":0.0,"coverage15":0.0}},{"type":"Feature","geometry":{"type":"Point","coordinates":[-3.68118,42.44962]},"properties":{"id":"09287","name":"QUINTANAORTUÑO","province":"09","population":297,"populationSource":"cadastre","status":"available","coverage":[0.0,0.0,0.0],"buildings":197,"coverage5":0.0,"coverage10":0.0,"coverage15":0.0}},{"type":"Feature","geometry":{"type":"Point","coordinates":[-3.53486,42.40882]},"properties":{"id":"09288","name":"QUINTANAPALLA","province":"09","population":123,"populationSource":"cadastre","status":"available","coverage":[0.0,0.0,0.0],"buildings":111,"coverage5":0.0,"coverage10":0.0,"coverage15":0.0}},{"type":"Feature","geometry":{"type":"Point","coordinates":[-3.04148,41.97998]},"properties":{"id":"09289","name":"QUINTANAR DE LA SIERRA","province":"09","population":1474,"populationSource":"cadastre","status":"available","coverage":[0.0,0.0,0.0],"buildings":940,"coverage5":0.0,"coverage10":0.0,"coverage15":0.0}},{"type":"Feature","geometry":{"type":"Point","coordinates":[-3.42426,42.47893]},"properties":{"id":"09292","name":"QUINTANAVIDES","province":"09","population":65,"populationSource":"cadastre","status":"available","coverage":[0.0,0.0,0.0],"buildings":147,"coverage5":0.0,"coverage10":0.0,"coverage15":0.0}},{"type":"Feature","geometry":{"type":"Point","coordinates":[-3.76869,41.98834]},"properties":{"id":"09294","name":"QUINTANILLA DE LA MATA","province":"09","population":109,"populationSource":"cadastre","status":"available","coverage":[96.13,100.0,100.0],"buildings":135,"coverage5":96.13,"coverage10":100.0,"coverage15":100.0}},{"type":"Feature","geometry":{"type":"Point","coordinates":[-3.51575,41.97872]},"properties":{"id":"09295","name":"QUINTANILLA DEL COCO","province":"09","population":50,"populationSource":"cadastre","status":"available","coverage":[0.0,0.0,0.0],"buildings":88,"coverage5":0.0,"coverage10":0.0,"coverage15":0.0}},{"type":"Feature","geometry":{"type":"Point","coordinates":[-3.84381,42.37213]},"properties":{"id":"09297","name":"LAS QUINTANILLAS","province":"09","population":386,"populationSource":"cadastre","status":"available","coverage":[0.0,0.0,0.0],"buildings":235,"coverage5":0.0,"coverage10":0.0,"coverage15":0.0}},{"type":"Feature","geometry":{"type":"Point","coordinates":[-3.19468,42.54805]},"properties":{"id":"09298","name":"QUINTANILLA SAN GARCÍA","province":"09","population":66,"populationSource":"cadastre","status":"available","coverage":[0.0,0.0,0.0],"buildings":134,"coverage5":0.0,"coverage10":0.0,"coverage15":0.0}},{"type":"Feature","geometry":{"type":"Point","coordinates":[-3.68486,42.41206]},"properties":{"id":"09301","name":"QUINTANILLA VIVAR","province":"09","population":890,"populationSource":"cadastre","status":"available","coverage":[0.0,0.0,0.0],"buildings":458,"coverage5":0.0,"coverage10":0.0,"coverage15":0.0}},{"type":"Feature","geometry":{"type":"Point","coordinates":[-3.19658,41.89279]},"properties":{"id":"09302","name":"RABANERA DEL PINAR","province":"09","population":94,"populationSource":"cadastre","status":"available","coverage":[0.0,0.0,0.0],"buildings":179,"coverage5":0.0,"coverage10":0.0,"coverage15":0.0}},{"type":"Feature","geometry":{"type":"Point","coordinates":[-3.2695,42.31911]},"properties":{"id":"09303","name":"RÁBANOS","province":"09","population":73,"populationSource":"cadastre","status":"review"}},{"type":"Feature","geometry":{"type":"Point","coordinates":[-3.83469,42.34022]},"properties":{"id":"09304","name":"RABÉ DE LAS CALZADAS","province":"09","population":259,"populationSource":"cadastre","status":"available","coverage":[0.0,0.0,0.0],"buildings":131,"coverage5":0.0,"coverage10":0.0,"coverage15":0.0}},{"type":"Feature","geometry":{"type":"Point","coordinates":[-4.22693,42.6893]},"properties":{"id":"09306","name":"REBOLLEDO DE LA TORRE","province":"09","population":100,"populationSource":"cadastre","status":"available","coverage":[0.0,0.0,0.0],"buildings":179,"coverage5":0.0,"coverage10":0.0,"coverage15":0.0}},{"type":"Feature","geometry":{"type":"Point","coordinates":[-3.06514,42.43828]},"properties":{"id":"09307","name":"REDECILLA DEL CAMINO","province":"09","population":98,"populationSource":"cadastre","status":"available","coverage":[94.84,95.19,95.19],"buildings":103,"coverage5":94.84,"coverage10":95.19,"coverage15":95.19}},{"type":"Feature","geometry":{"type":"Point","coordinates":[-3.11382,42.46616]},"properties":{"id":"09308","name":"REDECILLA DEL CAMPO","province":"09","population":65,"populationSource":"cadastre","status":"available","coverage":[0.0,0.0,0.0],"buildings":121,"coverage5":0.0,"coverage10":0.0,"coverage15":0.0}},{"type":"Feature","geometry":{"type":"Point","coordinates":[-2.98502,41.95799]},"properties":{"id":"09309","name":"REGUMIEL DE LA SIERRA","province":"09","population":304,"populationSource":"cadastre","status":"available","coverage":[0.0,0.0,0.0],"buildings":316,"coverage5":0.0,"coverage10":0.0,"coverage15":0.0}},{"type":"Feature","geometry":{"type":"Point","coordinates":[-3.38418,42.50883]},"properties":{"id":"09310","name":"REINOSO","province":"09","population":21,"populationSource":"cadastre","status":"available","coverage":[0.0,0.0,0.0],"buildings":33,"coverage5":0.0,"coverage10":0.0,"coverage15":0.0}},{"type":"Feature","geometry":{"type":"Point","coordinates":[-3.50536,42.03011]},"properties":{"id":"09311","name":"RETUERTA","province":"09","population":56,"populationSource":"cadastre","status":"available","coverage":[0.0,0.0,0.0],"buildings":116,"coverage5":0.0,"coverage10":0.0,"coverage15":0.0}},{"type":"Feature","geometry":{"type":"Point","coordinates":[-3.33041,42.01363]},"properties":{"id":"09312","name":"LA REVILLA Y AHEDO","province":"09","population":97,"populationSource":"cadastre","status":"available","coverage":[72.64,72.68,72.68],"buildings":271,"coverage5":72.64,"coverage10":72.68,"coverage15":72.68}},{"type":"Feature","geometry":{"type":"Point","coordinates":[-3.53618,42.21167]},"properties":{"id":"09314","name":"REVILLA DEL CAMPO","province":"09","population":96,"populationSource":"cadastre","status":"available","coverage":[0.0,0.0,0.0],"buildings":338,"coverage5":0.0,"coverage10":0.0,"coverage15":0.0}},{"type":"Feature","geometry":{"type":"Point","coordinates":[-3.65329,42.23156]},"properties":{"id":"09315","name":"REVILLARRUZ","province":"09","population":621,"populationSource":"cadastre","status":"available","coverage":[0.0,0.0,0.0],"buildings":484,"coverage5":0.0,"coverage10":0.0,"coverage15":0.0}},{"type":"Feature","geometry":{"type":"Point","coordinates":[-4.1341,42.14676]},"properties":{"id":"09316","name":"REVILLA VALLEJERA","province":"09","population":112,"populationSource":"cadastre","status":"available","coverage":[0.0,0.0,0.0],"buildings":189,"coverage5":0.0,"coverage10":0.0,"coverage15":0.0}},{"type":"Feature","geometry":{"type":"Point","coordinates":[-4.23813,42.5156]},"properties":{"id":"09317","name":"REZMONDO","province":"09","population":18,"populationSource":"cadastre","status":"available","coverage":[0.0,0.0,0.0],"buildings":33,"coverage5":0.0,"coverage10":0.0,"coverage15":0.0}},{"type":"Feature","geometry":{"type":"Point","coordinates":[-3.19799,42.15399]},"properties":{"id":"09318","name":"RIOCAVADO DE LA SIERRA","province":"09","population":54,"populationSource":"cadastre","status":"available","coverage":[0.0,0.0,0.0],"buildings":133,"coverage5":0.0,"coverage10":0.0,"coverage15":0.0}},{"type":"Feature","geometry":{"type":"Point","coordinates":[-3.92786,41.6972]},"properties":{"id":"09321","name":"ROA","province":"09","population":2276,"populationSource":"cadastre","status":"available","coverage":[29.03,78.76,90.1],"buildings":1195,"coverage5":29.03,"coverage10":78.76,"coverage15":90.1}},{"type":"Feature","geometry":{"type":"Point","coordinates":[-3.44242,42.5776]},"properties":{"id":"09323","name":"ROJAS","province":"09","population":62,"populationSource":"cadastre","status":"available","coverage":[0.0,0.0,0.0],"buildings":117,"coverage5":0.0,"coverage10":0.0,"coverage15":0.0}},{"type":"Feature","geometry":{"type":"Point","coordinates":[-3.95803,41.99783]},"properties":{"id":"09325","name":"ROYUELA DE RÍO FRANCO","province":"09","population":169,"populationSource":"cadastre","status":"available","coverage":[70.14,84.73,87.2],"buildings":793,"coverage5":70.14,"coverage10":84.73,"coverage15":87.2}},{"type":"Feature","geometry":{"type":"Point","coordinates":[-3.57433,42.38839]},"properties":{"id":"09326","name":"RUBENA","province":"09","population":207,"populationSource":"cadastre","status":"available","coverage":[0.0,0.0,0.0],"buildings":115,"coverage5":0.0,"coverage10":0.0,"coverage15":0.0}},{"type":"Feature","geometry":{"type":"Point","coordinates":[-3.50256,42.55491]},"properties":{"id":"09327","name":"RUBLACEDO DE ABAJO","province":"09","population":37,"populationSource":"cadastre","status":"available","coverage":[61.97,61.97,61.97],"buildings":100,"coverage5":61.97,"coverage10":61.97,"coverage15":61.97}},{"type":"Feature","geometry":{"type":"Point","coordinates":[-3.54202,42.75087]},"properties":{"id":"09328","name":"RUCANDIO","province":"09","population":72,"populationSource":"cadastre","status":"available","coverage":[0.0,0.0,0.0],"buildings":209,"coverage5":0.0,"coverage10":0.0,"coverage15":0.0}},{"type":"Feature","geometry":{"type":"Point","coordinates":[-3.47375,42.69219]},"properties":{"id":"09329","name":"SALAS DE BUREBA","province":"09","population":129,"populationSource":"cadastre","status":"available","coverage":[0.0,0.0,0.0],"buildings":203,"coverage5":0.0,"coverage10":0.0,"coverage15":0.0}},{"type":"Feature","geometry":{"type":"Point","coordinates":[-3.28214,42.02231]},"properties":{"id":"09330","name":"SALAS DE LOS INFANTES","province":"09","population":1959,"populationSource":"cadastre","status":"available","coverage":[49.63,76.03,86.85],"buildings":912,"coverage5":49.63,"coverage10":76.03,"coverage15":86.85}},{"type":"Feature","geometry":{"type":"Point","coordinates":[-3.68326,42.2575]},"properties":{"id":"09332","name":"SALDAÑA DE BURGOS","province":"09","population":203,"populationSource":"cadastre","status":"available","coverage":[45.56,71.46,98.8],"buildings":119,"coverage5":45.56,"coverage10":71.46,"coverage15":98.8}},{"type":"Feature","geometry":{"type":"Point","coordinates":[-3.38848,42.55289]},"properties":{"id":"09334","name":"SALINILLAS DE BUREBA","province":"09","population":55,"populationSource":"cadastre","status":"available","coverage":[0.0,0.0,0.0],"buildings":77,"coverage5":0.0,"coverage10":0.0,"coverage15":0.0}},{"type":"Feature","geometry":{"type":"Point","coordinates":[-3.47607,42.27385]},"properties":{"id":"09335","name":"SAN ADRIÁN DE JUARROS","province":"09","population":84,"populationSource":"cadastre","status":"available","coverage":[0.0,0.0,0.0],"buildings":117,"coverage5":0.0,"coverage10":0.0,"coverage15":0.0}},{"type":"Feature","geometry":{"type":"Point","coordinates":[-3.52131,41.6844]},"properties":{"id":"09337","name":"SAN JUAN DEL MONTE","province":"09","population":163,"populationSource":"cadastre","status":"available","coverage":[0.0,0.0,0.0],"buildings":235,"coverage5":0.0,"coverage10":0.0,"coverage15":0.0}},{"type":"Feature","geometry":{"type":"Point","coordinates":[-3.79507,42.33753]},"properties":{"id":"09338","name":"SAN MAMÉS DE BURGOS","province":"09","population":323,"populationSource":"cadastre","status":"available","coverage":[0.0,0.0,0.0],"buildings":181,"coverage5":0.0,"coverage10":0.0,"coverage15":0.0}},{"type":"Feature","geometry":{"type":"Point","coordinates":[-3.99314,41.64261]},"properties":{"id":"09339","name":"SAN MARTÍN DE RUBIALES","province":"09","population":137,"populationSource":"cadastre","status":"available","coverage":[92.25,97.55,97.55],"buildings":255,"coverage5":92.25,"coverage10":97.55,"coverage15":97.55}},{"type":"Feature","geometry":{"type":"Point","coordinates":[-3.34496,42.13563]},"properties":{"id":"09340","name":"SAN MILLÁN DE LARA","province":"09","population":61,"populationSource":"cadastre","status":"available","coverage":[0.0,0.0,0.0],"buildings":119,"coverage5":0.0,"coverage10":0.0,"coverage15":0.0}},{"type":"Feature","geometry":{"type":"Point","coordinates":[-3.80432,42.05227]},"properties":{"id":"09343","name":"SANTA CECILIA","province":"09","population":107,"populationSource":"cadastre","status":"available","coverage":[95.0,100.0,100.0],"buildings":121,"coverage5":95.0,"coverage10":100.0,"coverage15":100.0}},{"type":"Feature","geometry":{"type":"Point","coordinates":[-3.59493,41.59487]},"properties":{"id":"09345","name":"SANTA CRUZ DE LA SALCEDA","province":"09","population":148,"populationSource":"cadastre","status":"available","coverage":[0.0,0.0,0.0],"buildings":220,"coverage5":0.0,"coverage10":0.0,"coverage15":0.0}},{"type":"Feature","geometry":{"type":"Point","coordinates":[-3.22273,42.3048]},"properties":{"id":"09346","name":"SANTA CRUZ DEL VALLE URBIÓN","province":"09","population":94,"populationSource":"cadastre","status":"available","coverage":[0.0,0.0,0.0],"buildings":150,"coverage5":0.0,"coverage10":0.0,"coverage15":0.0}},{"type":"Feature","geometry":{"type":"Point","coordinates":[-3.0582,42.71513]},"properties":{"id":"09347","name":"SANTA GADEA DEL CID","province":"09","population":180,"populationSource":"cadastre","status":"available","coverage":[89.29,92.31,93.14],"buildings":214,"coverage5":89.29,"coverage10":92.31,"coverage15":93.14}},{"type":"Feature","geometry":{"type":"Point","coordinates":[-3.70298,42.04033]},"properties":{"id":"09348","name":"SANTA INÉS","province":"09","population":153,"populationSource":"cadastre","status":"available","coverage":[85.69,98.89,100.0],"buildings":268,"coverage5":85.69,"coverage10":98.89,"coverage15":100.0}},{"type":"Feature","geometry":{"type":"Point","coordinates":[-3.97593,42.13155]},"properties":{"id":"09350","name":"SANTA MARÍA DEL CAMPO","province":"09","population":508,"populationSource":"cadastre","status":"available","coverage":[47.76,97.76,99.24],"buildings":528,"coverage5":47.76,"coverage10":97.76,"coverage15":99.24}},{"type":"Feature","geometry":{"type":"Point","coordinates":[-3.43844,42.44332]},"properties":{"id":"09351","name":"SANTA MARÍA DEL INVIERNO","province":"09","population":70,"populationSource":"cadastre","status":"available","coverage":[0.0,0.0,0.0],"buildings":106,"coverage5":0.0,"coverage10":0.0,"coverage15":0.0}},{"type":"Feature","geometry":{"type":"Point","coordinates":[-3.55996,41.86003]},"properties":{"id":"09352","name":"SANTA MARÍA DEL MERCADILLO","province":"09","population":119,"populationSource":"cadastre","status":"available","coverage":[0.0,0.0,0.0],"buildings":154,"coverage5":0.0,"coverage10":0.0,"coverage15":0.0}},{"type":"Feature","geometry":{"type":"Point","coordinates":[-3.18001,42.6426]},"properties":{"id":"09353","name":"SANTA MARÍA RIBARREDONDA","province":"09","population":97,"populationSource":"cadastre","status":"available","coverage":[3.51,97.88,99.27],"buildings":285,"coverage5":3.51,"coverage10":97.88,"coverage15":99.27}},{"type":"Feature","geometry":{"type":"Point","coordinates":[-3.43899,42.47174]},"properties":{"id":"09354","name":"SANTA OLALLA DE BUREBA","province":"09","population":38,"populationSource":"cadastre","status":"available","coverage":[0.0,0.0,0.0],"buildings":67,"coverage5":0.0,"coverage10":0.0,"coverage15":0.0}},{"type":"Feature","geometry":{"type":"Point","coordinates":[-3.75854,41.83439]},"properties":{"id":"09355","name":"SANTIBÁÑEZ DE ESGUEVA","province":"09","population":72,"populationSource":"cadastre","status":"available","coverage":[0.0,0.0,0.0],"buildings":139,"coverage5":0.0,"coverage10":0.0,"coverage15":0.0}},{"type":"Feature","geometry":{"type":"Point","coordinates":[-3.48107,41.97329]},"properties":{"id":"09356","name":"SANTIBÁÑEZ DEL VAL","province":"09","population":64,"populationSource":"cadastre","status":"available","coverage":[0.0,0.0,0.0],"buildings":120,"coverage5":0.0,"coverage10":0.0,"coverage15":0.0}},{"type":"Feature","geometry":{"type":"Point","coordinates":[-3.41764,41.96291]},"properties":{"id":"09358","name":"SANTO DOMINGO DE SILOS","province":"09","population":251,"populationSource":"cadastre","status":"available","coverage":[38.81,41.31,41.31],"buildings":557,"coverage5":38.81,"coverage10":41.31,"coverage15":41.31}},{"type":"Feature","geometry":{"type":"Point","coordinates":[-3.16184,42.33687]},"properties":{"id":"09360","name":"SAN VICENTE DEL VALLE","province":"09","population":26,"populationSource":"cadastre","status":"available","coverage":[0.0,0.0,0.0],"buildings":70,"coverage5":0.0,"coverage10":0.0,"coverage15":0.0}},{"type":"Feature","geometry":{"type":"Point","coordinates":[-3.87404,42.76909]},"properties":{"id":"09361","name":"SARGENTES DE LA LORA","province":"09","population":130,"populationSource":"cadastre","status":"available","coverage":[33.7,33.7,33.7],"buildings":257,"coverage5":33.7,"coverage10":33.7,"coverage15":33.7}},{"type":"Feature","geometry":{"type":"Point","coordinates":[-3.69809,42.2583]},"properties":{"id":"09362","name":"SARRACÍN","province":"09","population":261,"populationSource":"cadastre","status":"available","coverage":[86.88,90.42,100.0],"buildings":111,"coverage5":86.88,"coverage10":90.42,"coverage15":100.0}},{"type":"Feature","geometry":{"type":"Point","coordinates":[-4.04417,42.41824]},"properties":{"id":"09363","name":"SASAMÓN","province":"09","population":898,"populationSource":"cadastre","status":"available","coverage":[0.0,0.0,0.0],"buildings":1078,"coverage5":0.0,"coverage10":0.0,"coverage15":0.0}},{"type":"Feature","geometry":{"type":"Point","coordinates":[-3.81712,41.56293]},"properties":{"id":"09365","name":"LA SEQUERA DE HAZA","province":"09","population":28,"populationSource":"cadastre","status":"available","coverage":[0.0,0.0,0.0],"buildings":58,"coverage5":0.0,"coverage10":0.0,"coverage15":0.0}},{"type":"Feature","geometry":{"type":"Point","coordinates":[-3.65805,41.97115]},"properties":{"id":"09366","name":"SOLARANA","province":"09","population":73,"populationSource":"cadastre","status":"available","coverage":[0.0,0.0,0.0],"buildings":119,"coverage5":0.0,"coverage10":0.0,"coverage15":0.0}},{"type":"Feature","geometry":{"type":"Point","coordinates":[-4.10755,42.46268]},"properties":{"id":"09368","name":"SORDILLOS","province":"09","population":23,"populationSource":"cadastre","status":"available","coverage":[0.0,0.0,0.0],"buildings":32,"coverage5":0.0,"coverage10":0.0,"coverage15":0.0}},{"type":"Feature","geometry":{"type":"Point","coordinates":[-3.82495,41.77697]},"properties":{"id":"09369","name":"SOTILLO DE LA RIBERA","province":"09","population":468,"populationSource":"cadastre","status":"available","coverage":[58.43,75.72,75.85],"buildings":737,"coverage5":58.43,"coverage10":75.72,"coverage15":75.85}},{"type":"Feature","geometry":{"type":"Point","coordinates":[-3.71347,42.40952]},"properties":{"id":"09372","name":"SOTRAGERO","province":"09","population":300,"populationSource":"cadastre","status":"available","coverage":[0.0,0.0,0.0],"buildings":154,"coverage5":0.0,"coverage10":0.0,"coverage15":0.0}},{"type":"Feature","geometry":{"type":"Point","coordinates":[-4.17815,42.57905]},"properties":{"id":"09373","name":"SOTRESGUDO","province":"09","population":413,"populationSource":"cadastre","status":"available","coverage":[19.22,19.6,19.6],"buildings":572,"coverage5":19.22,"coverage10":19.6,"coverage15":19.6}},{"type":"Feature","geometry":{"type":"Point","coordinates":[-3.92675,42.47104]},"properties":{"id":"09374","name":"SUSINOS DEL PÁRAMO","province":"09","population":115,"populationSource":"cadastre","status":"available","coverage":[0.0,0.0,0.0],"buildings":83,"coverage5":0.0,"coverage10":0.0,"coverage15":0.0}},{"type":"Feature","geometry":{"type":"Point","coordinates":[-3.99084,42.27282]},"properties":{"id":"09375","name":"TAMARÓN","province":"09","population":52,"populationSource":"cadastre","status":"available","coverage":[0.0,0.0,0.0],"buildings":82,"coverage5":0.0,"coverage10":0.0,"coverage15":0.0}},{"type":"Feature","geometry":{"type":"Point","coordinates":[-3.81947,42.34925]},"properties":{"id":"09377","name":"TARDAJOS","province":"09","population":862,"populationSource":"cadastre","status":"available","coverage":[72.5,98.61,100.0],"buildings":398,"coverage5":72.5,"coverage10":98.61,"coverage15":100.0}},{"type":"Feature","geometry":{"type":"Point","coordinates":[-3.53642,41.95251]},"properties":{"id":"09378","name":"TEJADA","province":"09","population":35,"populationSource":"cadastre","status":"available","coverage":[98.58,99.63,100.0],"buildings":134,"coverage5":98.58,"coverage10":99.63,"coverage15":100.0}},{"type":"Feature","geometry":{"type":"Point","coordinates":[-3.8439,41.81889]},"properties":{"id":"09380","name":"TERRADILLOS DE ESGUEVA","province":"09","population":58,"populationSource":"cadastre","status":"available","coverage":[0.0,0.0,0.0],"buildings":106,"coverage5":0.0,"coverage10":0.0,"coverage15":0.0}},{"type":"Feature","geometry":{"type":"Point","coordinates":[-3.36272,42.1734]},"properties":{"id":"09381","name":"TINIEBLAS DE LA SIERRA","province":"09","population":20,"populationSource":"cadastre","status":"available","coverage":[0.0,0.0,0.0],"buildings":115,"coverage5":0.0,"coverage10":0.0,"coverage15":0.0}},{"type":"Feature","geometry":{"type":"Point","coordinates":[-3.93941,42.48399]},"properties":{"id":"09382","name":"TOBAR","province":"09","population":27,"populationSource":"cadastre","status":"available","coverage":[0.0,0.0,0.0],"buildings":49,"coverage5":0.0,"coverage10":0.0,"coverage15":0.0}},{"type":"Feature","geometry":{"type":"Point","coordinates":[-3.86706,42.04461]},"properties":{"id":"09384","name":"TORDÓMAR","province":"09","population":290,"populationSource":"cadastre","status":"available","coverage":[87.17,98.04,98.64],"buildings":368,"coverage5":87.17,"coverage10":98.04,"coverage15":98.64}},{"type":"Feature","geometry":{"type":"Point","coordinates":[-3.69422,42.09532]},"properties":{"id":"09386","name":"TORRECILLA DEL MONTE","province":"09","population":79,"populationSource":"cadastre","status":"available","coverage":[0.0,0.0,0.0],"buildings":152,"coverage5":0.0,"coverage10":0.0,"coverage15":0.0}},{"type":"Feature","geometry":{"type":"Point","coordinates":[-3.75334,41.58249]},"properties":{"id":"09387","name":"TORREGALINDO","province":"09","population":130,"populationSource":"cadastre","status":"available","coverage":[0.0,0.0,0.0],"buildings":177,"coverage5":0.0,"coverage10":0.0,"coverage15":0.0}},{"type":"Feature","geometry":{"type":"Point","coordinates":[-3.51642,42.16606]},"properties":{"id":"09388","name":"TORRELARA","province":"09","population":34,"populationSource":"cadastre","status":"available","coverage":[0.0,0.0,0.0],"buildings":72,"coverage5":0.0,"coverage10":0.0,"coverage15":0.0}},{"type":"Feature","geometry":{"type":"Point","coordinates":[-3.93712,42.04361]},"properties":{"id":"09389","name":"TORREPADRE","province":"09","population":68,"populationSource":"cadastre","status":"available","coverage":[0.0,0.0,0.0],"buildings":164,"coverage5":0.0,"coverage10":0.0,"coverage15":0.0}},{"type":"Feature","geometry":{"type":"Point","coordinates":[-3.90964,41.82944]},"properties":{"id":"09390","name":"TORRESANDINO","province":"09","population":565,"populationSource":"cadastre","status":"available","coverage":[66.57,98.12,100.0],"buildings":383,"coverage5":66.57,"coverage10":98.12,"coverage15":100.0}},{"type":"Feature","geometry":{"type":"Point","coordinates":[-4.0216,41.8166]},"properties":{"id":"09391","name":"TÓRTOLES DE ESGUEVA","province":"09","population":362,"populationSource":"cadastre","status":"available","coverage":[0.0,0.0,0.0],"buildings":548,"coverage5":0.0,"coverage10":0.0,"coverage15":0.0}},{"type":"Feature","geometry":{"type":"Point","coordinates":[-3.24317,42.41422]},"properties":{"id":"09392","name":"TOSANTOS","province":"09","population":48,"populationSource":"cadastre","status":"available","coverage":[0.0,0.0,0.0],"buildings":81,"coverage5":0.0,"coverage10":0.0,"coverage15":0.0}},{"type":"Feature","geometry":{"type":"Point","coordinates":[-3.39081,42.80169]},"properties":{"id":"09394","name":"TRESPADERNE","province":"09","population":721,"populationSource":"cadastre","status":"available","coverage":[11.03,54.27,61.86],"buildings":822,"coverage5":11.03,"coverage10":54.27,"coverage15":61.86}},{"type":"Feature","geometry":{"type":"Point","coordinates":[-3.80236,42.70891]},"properties":{"id":"09395","name":"TUBILLA DEL AGUA","province":"09","population":126,"populationSource":"cadastre","status":"available","coverage":[25.56,29.62,29.62],"buildings":385,"coverage5":25.56,"coverage10":29.62,"coverage15":29.62}},{"type":"Feature","geometry":{"type":"Point","coordinates":[-3.5867,41.80112]},"properties":{"id":"09396","name":"TUBILLA DEL LAGO","province":"09","population":164,"populationSource":"cadastre","status":"available","coverage":[0.0,0.0,0.0],"buildings":217,"coverage5":0.0,"coverage10":0.0,"coverage15":0.0}},{"type":"Feature","geometry":{"type":"Point","coordinates":[-3.84481,42.61936]},"properties":{"id":"09398","name":"ÚRBEL DEL CASTILLO","province":"09","population":53,"populationSource":"cadastre","status":"available","coverage":[0.0,0.0,0.0],"buildings":141,"coverage5":0.0,"coverage10":0.0,"coverage15":0.0}},{"type":"Feature","geometry":{"type":"Point","coordinates":[-3.57247,41.63965]},"properties":{"id":"09400","name":"VADOCONDES","province":"09","population":368,"populationSource":"cadastre","status":"available","coverage":[64.24,99.16,100.0],"buildings":355,"coverage5":64.24,"coverage10":99.16,"coverage15":100.0}},{"type":"Feature","geometry":{"type":"Point","coordinates":[-3.52879,41.83275]},"properties":{"id":"09403","name":"VALDEANDE","province":"09","population":103,"populationSource":"cadastre","status":"available","coverage":[0.0,0.0,0.0],"buildings":228,"coverage5":0.0,"coverage10":0.0,"coverage15":0.0}},{"type":"Feature","geometry":{"type":"Point","coordinates":[-3.93103,41.60255]},"properties":{"id":"09405","name":"VALDEZATE","province":"09","population":115,"populationSource":"cadastre","status":"available","coverage":[0.0,0.0,0.0],"buildings":198,"coverage5":0.0,"coverage10":0.0,"coverage15":0.0}},{"type":"Feature","geometry":{"type":"Point","coordinates":[-3.70899,42.17269]},"properties":{"id":"09406","name":"VALDORROS","province":"09","population":377,"populationSource":"cadastre","status":"available","coverage":[42.65,46.28,74.77],"buildings":176,"coverage5":42.65,"coverage10":46.28,"coverage15":74.77}},{"type":"Feature","geometry":{"type":"Point","coordinates":[-3.25488,42.30518]},"properties":{"id":"09407","name":"VALMALA","province":"09","population":24,"populationSource":"cadastre","status":"available","coverage":[0.0,0.0,0.0],"buildings":150,"coverage5":0.0,"coverage10":0.0,"coverage15":0.0}},{"type":"Feature","geometry":{"type":"Point","coordinates":[-3.20362,42.58807]},"properties":{"id":"09408","name":"VALLARTA DE BUREBA","province":"09","population":41,"populationSource":"cadastre","status":"available","coverage":[0.0,0.0,0.0],"buildings":85,"coverage5":0.0,"coverage10":0.0,"coverage15":0.0}},{"type":"Feature","geometry":{"type":"Point","coordinates":[-3.69137,42.89727]},"properties":{"id":"09409","name":"VALLE DE MANZANEDO","province":"09","population":115,"populationSource":"cadastre","status":"available","coverage":[0.0,0.0,0.0],"buildings":402,"coverage5":0.0,"coverage10":0.0,"coverage15":0.0}},{"type":"Feature","geometry":{"type":"Point","coordinates":[-3.28077,43.09909]},"properties":{"id":"09410","name":"VALLE DE MENA","province":"09","population":4155,"populationSource":"cadastre","status":"available","coverage":[2.8,3.74,6.74],"buildings":2748,"coverage5":2.8,"coverage10":3.74,"coverage15":6.74}},{"type":"Feature","geometry":{"type":"Point","coordinates":[-3.31985,42.43651]},"properties":{"id":"09411","name":"VALLE DE OCA","province":"09","population":160,"populationSource":"cadastre","status":"available","coverage":[0.0,0.0,0.0],"buildings":252,"coverage5":0.0,"coverage10":0.0,"coverage15":0.0}},{"type":"Feature","geometry":{"type":"Point","coordinates":[-3.27153,42.79191]},"properties":{"id":"09412","name":"VALLE DE TOBALINA","province":"09","population":877,"populationSource":"cadastre","status":"available","coverage":[1.49,1.55,9.06],"buildings":1564,"coverage5":1.49,"coverage10":1.55,"coverage15":9.06}},{"type":"Feature","geometry":{"type":"Point","coordinates":[-3.78736,42.97076]},"properties":{"id":"09413","name":"VALLE DE VALDEBEZANA","province":"09","population":479,"populationSource":"cadastre","status":"available","coverage":[0.0,0.0,0.0],"buildings":1061,"coverage5":0.0,"coverage10":0.0,"coverage15":0.0}},{"type":"Feature","geometry":{"type":"Point","coordinates":[-3.14707,42.11534]},"properties":{"id":"09414","name":"VALLE DE VALDELAGUNA","province":"09","population":187,"populationSource":"cadastre","status":"available","coverage":[0.0,0.0,0.0],"buildings":327,"coverage5":0.0,"coverage10":0.0,"coverage15":0.0}},{"type":"Feature","geometry":{"type":"Point","coordinates":[-4.12063,42.71786]},"properties":{"id":"09415","name":"VALLE DE VALDELUCIO","province":"09","population":342,"populationSource":"cadastre","status":"available","coverage":[0.0,0.0,0.0],"buildings":302,"coverage5":0.0,"coverage10":0.0,"coverage15":0.0}},{"type":"Feature","geometry":{"type":"Point","coordinates":[-3.75604,42.84935]},"properties":{"id":"09416","name":"VALLE DE ZAMANZAS","province":"09","population":46,"populationSource":"cadastre","status":"available","coverage":[0.0,0.0,0.0],"buildings":180,"coverage5":0.0,"coverage10":0.0,"coverage15":0.0}},{"type":"Feature","geometry":{"type":"Point","coordinates":[-4.1529,42.1826]},"properties":{"id":"09417","name":"VALLEJERA","province":"09","population":38,"populationSource":"cadastre","status":"available","coverage":[0.0,0.0,0.0],"buildings":48,"coverage5":0.0,"coverage10":0.0,"coverage15":0.0}},{"type":"Feature","geometry":{"type":"Point","coordinates":[-4.07858,42.12027]},"properties":{"id":"09418","name":"VALLES DE PALENZUELA","province":"09","population":74,"populationSource":"cadastre","status":"available","coverage":[0.0,0.0,0.0],"buildings":66,"coverage5":0.0,"coverage10":0.0,"coverage15":0.0}},{"type":"Feature","geometry":{"type":"Point","coordinates":[-3.12193,42.57243]},"properties":{"id":"09419","name":"VALLUÉRCANES","province":"09","population":70,"populationSource":"cadastre","status":"available","coverage":[0.0,0.0,0.0],"buildings":220,"coverage5":0.0,"coverage10":0.0,"coverage15":0.0}},{"type":"Feature","geometry":{"type":"Point","coordinates":[-3.48796,41.62868]},"properties":{"id":"09421","name":"LA VID Y BARRIOS","province":"09","population":237,"populationSource":"cadastre","status":"available","coverage":[45.26,45.26,45.26],"buildings":293,"coverage5":45.26,"coverage10":45.26,"coverage15":45.26}},{"type":"Feature","geometry":{"type":"Point","coordinates":[-3.3116,42.63145]},"properties":{"id":"09422","name":"LA VID DE BUREBA","province":"09","population":26,"populationSource":"cadastre","status":"available","coverage":[0.0,0.0,0.0],"buildings":70,"coverage5":0.0,"coverage10":0.0,"coverage15":0.0}},{"type":"Feature","geometry":{"type":"Point","coordinates":[-3.32217,42.6216]},"properties":{"id":"09423","name":"VILEÑA","province":"09","population":23,"populationSource":"cadastre","status":"available","coverage":[0.0,0.0,0.0],"buildings":59,"coverage5":0.0,"coverage10":0.0,"coverage15":0.0}},{"type":"Feature","geometry":{"type":"Point","coordinates":[-3.10098,42.42565]},"properties":{"id":"09424","name":"VILORIA DE RIOJA","province":"09","population":38,"populationSource":"cadastre","status":"available","coverage":[100.0,100.0,100.0],"buildings":55,"coverage5":100.0,"coverage10":100.0,"coverage15":100.0}},{"type":"Feature","geometry":{"type":"Point","coordinates":[-3.08468,41.95147]},"properties":{"id":"09425","name":"VILVIESTRE DEL PINAR","province":"09","population":511,"populationSource":"cadastre","status":"available","coverage":[85.17,99.73,99.73],"buildings":454,"coverage5":85.17,"coverage10":99.73,"coverage15":99.73}},{"type":"Feature","geometry":{"type":"Point","coordinates":[-4.00988,42.51581]},"properties":{"id":"09427","name":"VILLADIEGO","province":"09","population":1453,"populationSource":"cadastre","status":"available","coverage":[2.2,2.2,2.2],"buildings":2343,"coverage5":2.2,"coverage10":2.2,"coverage15":2.2}},{"type":"Feature","geometry":{"type":"Point","coordinates":[-4.01741,41.72724]},"properties":{"id":"09428","name":"VILLAESCUSA DE ROA","province":"09","population":95,"populationSource":"cadastre","status":"available","coverage":[0.0,0.0,0.0],"buildings":118,"coverage5":0.0,"coverage10":0.0,"coverage15":0.0}},{"type":"Feature","geometry":{"type":"Point","coordinates":[-3.4194,42.41457]},"properties":{"id":"09429","name":"VILLAESCUSA LA SOMBRÍA","province":"09","population":61,"populationSource":"cadastre","status":"available","coverage":[0.0,0.0,0.0],"buildings":77,"coverage5":0.0,"coverage10":0.0,"coverage15":0.0}},{"type":"Feature","geometry":{"type":"Point","coordinates":[-3.40582,42.09805]},"properties":{"id":"09430","name":"VILLAESPASA","province":"09","population":21,"populationSource":"cadastre","status":"available","coverage":[0.0,0.0,0.0],"buildings":153,"coverage5":0.0,"coverage10":0.0,"coverage15":0.0}},{"type":"Feature","geometry":{"type":"Point","coordinates":[-3.30928,42.38835]},"properties":{"id":"09431","name":"VILLAFRANCA MONTES DE OCA","province":"09","population":117,"populationSource":"cadastre","status":"available","coverage":[12.04,12.04,12.04],"buildings":196,"coverage5":12.04,"coverage10":12.04,"coverage15":12.04}},{"type":"Feature","geometry":{"type":"Point","coordinates":[-3.91259,41.91857]},"properties":{"id":"09432","name":"VILLAFRUELA","province":"09","population":140,"populationSource":"cadastre","status":"available","coverage":[93.34,100.0,100.0],"buildings":267,"coverage5":93.34,"coverage10":100.0,"coverage15":100.0}},{"type":"Feature","geometry":{"type":"Point","coordinates":[-3.19253,42.34853]},"properties":{"id":"09433","name":"VILLAGALIJO","province":"09","population":52,"populationSource":"cadastre","status":"available","coverage":[0.0,0.0,0.0],"buildings":113,"coverage5":0.0,"coverage10":0.0,"coverage15":0.0}},{"type":"Feature","geometry":{"type":"Point","coordinates":[-3.73802,42.30039]},"properties":{"id":"09434","name":"VILLAGONZALO PEDERNALES","province":"09","population":1903,"populationSource":"cadastre","status":"available","coverage":[64.94,99.47,100.0],"buildings":698,"coverage5":64.94,"coverage10":99.47,"coverage15":100.0}},{"type":"Feature","geometry":{"type":"Point","coordinates":[-3.91404,42.07712]},"properties":{"id":"09437","name":"VILLAHOZ","province":"09","population":262,"populationSource":"cadastre","status":"available","coverage":[0.0,0.0,0.0],"buildings":350,"coverage5":0.0,"coverage10":0.0,"coverage15":0.0}},{"type":"Feature","geometry":{"type":"Point","coordinates":[-3.74386,41.6827]},"properties":{"id":"09438","name":"VILLALBA DE DUERO","province":"09","population":720,"populationSource":"cadastre","status":"available","coverage":[71.22,96.52,99.71],"buildings":373,"coverage5":71.22,"coverage10":96.52,"coverage15":99.71}},{"type":"Feature","geometry":{"type":"Point","coordinates":[-3.7799,42.34809]},"properties":{"id":"09439","name":"VILLALBILLA DE BURGOS","province":"09","population":1554,"populationSource":"cadastre","status":"available","coverage":[47.13,50.49,50.86],"buildings":398,"coverage5":47.13,"coverage10":50.49,"coverage15":50.86}},{"type":"Feature","geometry":{"type":"Point","coordinates":[-3.62704,41.80706]},"properties":{"id":"09440","name":"VILLALBILLA DE GUMIEL","province":"09","population":73,"populationSource":"cadastre","status":"available","coverage":[0.0,0.0,0.0],"buildings":165,"coverage5":0.0,"coverage10":0.0,"coverage15":0.0}},{"type":"Feature","geometry":{"type":"Point","coordinates":[-3.98588,42.24629]},"properties":{"id":"09441","name":"VILLALDEMIRO","province":"09","population":92,"populationSource":"cadastre","status":"available","coverage":[0.0,0.0,0.0],"buildings":68,"coverage5":0.0,"coverage10":0.0,"coverage15":0.0}},{"type":"Feature","geometry":{"type":"Point","coordinates":[-3.74385,42.04773]},"properties":{"id":"09442","name":"VILLALMANZO","province":"09","population":409,"populationSource":"cadastre","status":"available","coverage":[87.79,99.74,100.0],"buildings":515,"coverage5":87.79,"coverage10":99.74,"coverage15":100.0}},{"type":"Feature","geometry":{"type":"Point","coordinates":[-3.76509,42.1059]},"properties":{"id":"09443","name":"VILLAMAYOR DE LOS MONTES","province":"09","population":157,"populationSource":"cadastre","status":"available","coverage":[91.93,100.0,100.0],"buildings":247,"coverage5":91.93,"coverage10":100.0,"coverage15":100.0}},{"type":"Feature","geometry":{"type":"Point","coordinates":[-4.11967,42.45986]},"properties":{"id":"09444","name":"VILLAMAYOR DE TREVIÑO","province":"09","population":59,"populationSource":"cadastre","status":"available","coverage":[0.0,0.0,0.0],"buildings":95,"coverage5":0.0,"coverage10":0.0,"coverage15":0.0}},{"type":"Feature","geometry":{"type":"Point","coordinates":[-3.26136,42.40491]},"properties":{"id":"09445","name":"VILLAMBISTIA","province":"09","population":44,"populationSource":"cadastre","status":"available","coverage":[0.0,0.0,0.0],"buildings":107,"coverage5":0.0,"coverage10":0.0,"coverage15":0.0}},{"type":"Feature","geometry":{"type":"Point","coordinates":[-4.14555,42.16106]},"properties":{"id":"09446","name":"VILLAMEDIANILLA","province":"09","population":9,"populationSource":"cadastre","status":"available","coverage":[0.0,0.0,0.0],"buildings":35,"coverage5":0.0,"coverage10":0.0,"coverage15":0.0}},{"type":"Feature","geometry":{"type":"Point","coordinates":[-3.41915,42.19302]},"properties":{"id":"09447","name":"VILLAMIEL DE LA SIERRA","province":"09","population":43,"populationSource":"cadastre","status":"available","coverage":[0.0,0.0,0.0],"buildings":67,"coverage5":0.0,"coverage10":0.0,"coverage15":0.0}},{"type":"Feature","geometry":{"type":"Point","coordinates":[-3.77295,42.18083]},"properties":{"id":"09448","name":"VILLANGÓMEZ","province":"09","population":229,"populationSource":"cadastre","status":"available","coverage":[0.0,0.0,0.0],"buildings":238,"coverage5":0.0,"coverage10":0.0,"coverage15":0.0}},{"type":"Feature","geometry":{"type":"Point","coordinates":[-3.93301,42.3807]},"properties":{"id":"09449","name":"VILLANUEVA DE ARGAÑO","province":"09","population":117,"populationSource":"cadastre","status":"available","coverage":[82.19,94.15,99.61],"buildings":95,"coverage5":82.19,"coverage10":94.15,"coverage15":99.61}},{"type":"Feature","geometry":{"type":"Point","coordinates":[-3.32452,41.9837]},"properties":{"id":"09450","name":"VILLANUEVA DE CARAZO","province":"09","population":24,"populationSource":"cadastre","status":"available","coverage":[0.0,0.0,0.0],"buildings":97,"coverage5":0.0,"coverage10":0.0,"coverage15":0.0}},{"type":"Feature","geometry":{"type":"Point","coordinates":[-3.6265,41.73769]},"properties":{"id":"09451","name":"VILLANUEVA DE GUMIEL","province":"09","population":281,"populationSource":"cadastre","status":"available","coverage":[90.37,99.03,99.18],"buildings":402,"coverage5":90.37,"coverage10":99.03,"coverage15":99.18}},{"type":"Feature","geometry":{"type":"Point","coordinates":[-3.16417,42.64982]},"properties":{"id":"09454","name":"VILLANUEVA DE TEBA","province":"09","population":43,"populationSource":"cadastre","status":"available","coverage":[0.0,7.61,7.61],"buildings":133,"coverage5":0.0,"coverage10":7.61,"coverage15":7.61}},{"type":"Feature","geometry":{"type":"Point","coordinates":[-4.09985,42.28295]},"properties":{"id":"09455","name":"VILLAQUIRÁN DE LA PUEBLA","province":"09","population":45,"populationSource":"cadastre","status":"available","coverage":[0.0,0.0,0.0],"buildings":55,"coverage5":0.0,"coverage10":0.0,"coverage15":0.0}},{"type":"Feature","geometry":{"type":"Point","coordinates":[-4.00832,42.22854]},"properties":{"id":"09456","name":"VILLAQUIRÁN DE LOS INFANTES","province":"09","population":154,"populationSource":"cadastre","status":"available","coverage":[0.0,0.0,0.0],"buildings":129,"coverage5":0.0,"coverage10":0.0,"coverage15":0.0}},{"type":"Feature","geometry":{"type":"Point","coordinates":[-3.73434,42.27069]},"properties":{"id":"09458","name":"VILLARIEZO","province":"09","population":731,"populationSource":"cadastre","status":"available","coverage":[69.31,99.72,99.72],"buildings":286,"coverage5":69.31,"coverage10":99.72,"coverage15":99.72}},{"type":"Feature","geometry":{"type":"Point","coordinates":[-4.10778,42.37172]},"properties":{"id":"09460","name":"VILLASANDINO","province":"09","population":179,"populationSource":"cadastre","status":"available","coverage":[0.98,0.98,0.98],"buildings":248,"coverage5":0.98,"coverage10":0.98,"coverage15":0.98}},{"type":"Feature","geometry":{"type":"Point","coordinates":[-3.39534,42.30861]},"properties":{"id":"09463","name":"VILLASUR DE HERREROS","province":"09","population":269,"populationSource":"cadastre","status":"available","coverage":[60.06,61.55,62.04],"buildings":377,"coverage5":60.06,"coverage10":61.55,"coverage15":62.04}},{"type":"Feature","geometry":{"type":"Point","coordinates":[-3.88143,41.81582]},"properties":{"id":"09464","name":"VILLATUELDA","province":"09","population":41,"populationSource":"cadastre","status":"available","coverage":[0.0,0.0,0.0],"buildings":110,"coverage5":0.0,"coverage10":0.0,"coverage15":0.0}},{"type":"Feature","geometry":{"type":"Point","coordinates":[-3.81296,42.16074]},"properties":{"id":"09466","name":"VILLAVERDE DEL MONTE","province":"09","population":112,"populationSource":"cadastre","status":"available","coverage":[57.31,57.31,57.31],"buildings":179,"coverage5":57.31,"coverage10":57.31,"coverage15":57.31}},{"type":"Feature","geometry":{"type":"Point","coordinates":[-4.04902,42.16153]},"properties":{"id":"09467","name":"VILLAVERDE-MOGINA","province":"09","population":68,"populationSource":"osm_fallback","status":"available","coverage":[0.0,0.0,0.0],"buildings":116,"coverage5":0.0,"coverage10":0.0,"coverage15":0.0}},{"type":"Feature","geometry":{"type":"Point","coordinates":[-3.639,42.39598]},"properties":{"id":"09471","name":"VILLAYERNO MORQUILLAS","province":"09","population":208,"populationSource":"cadastre","status":"available","coverage":[0.0,0.0,0.0],"buildings":101,"coverage5":0.0,"coverage10":0.0,"coverage15":0.0}},{"type":"Feature","geometry":{"type":"Point","coordinates":[-4.01755,42.19919]},"properties":{"id":"09472","name":"VILLAZOPEQUE","province":"09","population":51,"populationSource":"cadastre","status":"available","coverage":[0.0,0.0,0.0],"buildings":72,"coverage5":0.0,"coverage10":0.0,"coverage15":0.0}},{"type":"Feature","geometry":{"type":"Point","coordinates":[-4.01703,42.46847]},"properties":{"id":"09473","name":"VILLEGAS","province":"09","population":83,"populationSource":"cadastre","status":"review"}},{"type":"Feature","geometry":{"type":"Point","coordinates":[-3.43835,42.16728]},"properties":{"id":"09476","name":"VILLORUEBO","province":"09","population":62,"populationSource":"cadastre","status":"available","coverage":[0.0,0.0,0.0],"buildings":171,"coverage5":0.0,"coverage10":0.0,"coverage15":0.0}},{"type":"Feature","geometry":{"type":"Point","coordinates":[-3.26676,42.10048]},"properties":{"id":"09478","name":"VIZCAÍNOS","province":"09","population":41,"populationSource":"cadastre","status":"available","coverage":[0.0,0.0,0.0],"buildings":62,"coverage5":0.0,"coverage10":0.0,"coverage15":0.0}},{"type":"Feature","geometry":{"type":"Point","coordinates":[-3.82319,42.10978]},"properties":{"id":"09480","name":"ZAEL","province":"09","population":117,"populationSource":"cadastre","status":"available","coverage":[0.0,0.0,0.0],"buildings":142,"coverage5":0.0,"coverage10":0.0,"coverage15":0.0}},{"type":"Feature","geometry":{"type":"Point","coordinates":[-4.26807,42.53621]},"properties":{"id":"09482","name":"ZARZOSA DE RÍO PISUERGA","province":"09","population":29,"populationSource":"cadastre","status":"available","coverage":[0.0,0.0,0.0],"buildings":60,"coverage5":0.0,"coverage10":0.0,"coverage15":0.0}},{"type":"Feature","geometry":{"type":"Point","coordinates":[-3.55529,41.69562]},"properties":{"id":"09483","name":"ZAZUAR","province":"09","population":198,"populationSource":"cadastre","status":"available","coverage":[0.0,0.0,0.0],"buildings":312,"coverage5":0.0,"coverage10":0.0,"coverage15":0.0}},{"type":"Feature","geometry":{"type":"Point","coordinates":[-3.22545,42.60499]},"properties":{"id":"09485","name":"ZUÑEDA","province":"09","population":58,"populationSource":"cadastre","status":"available","coverage":[0.0,0.0,0.0],"buildings":58,"coverage5":0.0,"coverage10":0.0,"coverage15":0.0}},{"type":"Feature","geometry":{"type":"Point","coordinates":[-3.65247,42.03342]},"properties":{"id":"09901","name":"QUINTANILLA DEL AGUA Y TORDUELES","province":"09","population":336,"populationSource":"osm_fallback","status":"available","coverage":[25.12,27.93,28.38],"buildings":521,"coverage5":25.12,"coverage10":27.93,"coverage15":28.38}},{"type":"Feature","geometry":{"type":"Point","coordinates":[-3.7827,42.48024]},"properties":{"id":"09902","name":"VALLE DE SANTIBÁÑEZ","province":"09","population":482,"populationSource":"cadastre","status":"available","coverage":[29.78,33.35,33.35],"buildings":688,"coverage5":29.78,"coverage10":33.35,"coverage15":33.35}},{"type":"Feature","geometry":{"type":"Point","coordinates":[-3.57246,42.93849]},"properties":{"id":"09903","name":"VILLARCAYO DE MERINDAD DE CASTILLA LA VIEJA","province":"09","population":4103,"populationSource":"osm_fallback","status":"available","coverage":[24.62,36.9,44.8],"buildings":3384,"coverage5":24.62,"coverage10":36.9,"coverage15":44.8}},{"type":"Feature","geometry":{"type":"Point","coordinates":[-3.63704,42.4526]},"properties":{"id":"09904","name":"VALLE DE LAS NAVAS","province":"09","population":549,"populationSource":"cadastre","status":"available","coverage":[0.0,0.0,0.0],"buildings":679,"coverage5":0.0,"coverage10":0.0,"coverage15":0.0}},{"type":"Feature","geometry":{"type":"Point","coordinates":[-3.74995,42.71683]},"properties":{"id":"09905","name":"VALLE DE SEDANO","province":"09","population":402,"populationSource":"cadastre","status":"available","coverage":[28.81,35.49,39.83],"buildings":1004,"coverage5":28.81,"coverage10":35.49,"coverage15":39.83}},{"type":"Feature","geometry":{"type":"Point","coordinates":[-3.68083,42.43709]},"properties":{"id":"09906","name":"MERINDAD DE RÍO UBIERNA","province":"09","population":1400,"populationSource":"cadastre","status":"available","coverage":[16.92,25.33,30.93],"buildings":1131,"coverage5":16.92,"coverage10":25.33,"coverage15":30.93}},{"type":"Feature","geometry":{"type":"Point","coordinates":[-3.73605,42.38482]},"properties":{"id":"09907","name":"ALFOZ DE QUINTANADUEÑAS","province":"09","population":2158,"populationSource":"cadastre","status":"available","coverage":[61.54,74.45,74.45],"buildings":639,"coverage5":61.54,"coverage10":74.45,"coverage15":74.45}},{"type":"Feature","geometry":{"type":"Point","coordinates":[-3.24462,42.99275]},"properties":{"id":"09908","name":"VALLE DE LOSA","province":"09","population":486,"populationSource":"cadastre","status":"available","coverage":[0.0,0.0,0.0],"buildings":1258,"coverage5":0.0,"coverage10":0.0,"coverage15":0.0}},{"type":"Feature","geometry":{"type":"Point","coordinates":[-5.11654,43.03941]},"properties":{"id":"24001","name":"ACEBEDO","province":"24","population":181,"populationSource":"cadastre","status":"available","coverage":[32.23,51.75,52.94],"buildings":312,"coverage5":32.23,"coverage10":51.75,"coverage15":52.94}},{"type":"Feature","geometry":{"type":"Point","coordinates":[-5.58346,42.21846]},"properties":{"id":"24002","name":"ALGADEFE","province":"24","population":312,"populationSource":"cadastre","status":"available","coverage":[62.33,98.17,99.06],"buildings":213,"coverage5":62.33,"coverage10":98.17,"coverage15":99.06}},{"type":"Feature","geometry":{"type":"Point","coordinates":[-5.83073,42.13995]},"properties":{"id":"24003","name":"ALIJA DEL INFANTADO","province":"24","population":554,"populationSource":"cadastre","status":"available","coverage":[16.04,20.04,28.74],"buildings":749,"coverage5":16.04,"coverage10":20.04,"coverage15":28.74}},{"type":"Feature","geometry":{"type":"Point","coordinates":[-5.03587,42.65888]},"properties":{"id":"24004","name":"ALMANZA","province":"24","population":570,"populationSource":"cadastre","status":"available","coverage":[24.08,25.25,25.25],"buildings":599,"coverage5":24.08,"coverage10":25.25,"coverage15":25.25}},{"type":"Feature","geometry":{"type":"Point","coordinates":[-5.68999,42.17936]},"properties":{"id":"24005","name":"LA ANTIGUA","province":"24","population":324,"populationSource":"cadastre","status":"available","coverage":[0.0,0.0,0.0],"buildings":382,"coverage5":0.0,"coverage10":0.0,"coverage15":0.0}},{"type":"Feature","geometry":{"type":"Point","coordinates":[-5.55809,42.43588]},"properties":{"id":"24006","name":"ARDÓN","province":"24","population":533,"populationSource":"cadastre","status":"available","coverage":[0.0,0.0,0.0],"buildings":629,"coverage5":0.0,"coverage10":0.0,"coverage15":0.0}},{"type":"Feature","geometry":{"type":"Point","coordinates":[-6.68398,42.64078]},"properties":{"id":"24007","name":"ARGANZA","province":"24","population":800,"populationSource":"cadastre","status":"available","coverage":[0.0,0.0,2.88],"buildings":806,"coverage5":0.0,"coverage10":0.0,"coverage15":2.88}},{"type":"Feature","geometry":{"type":"Point","coordinates":[-6.05714,42.45763]},"properties":{"id":"24008","name":"ASTORGA","province":"24","population":10305,"populationSource":"cadastre","status":"available","coverage":[28.03,61.77,78.92],"buildings":2601,"coverage5":28.03,"coverage10":61.77,"coverage15":78.92}},{"type":"Feature","geometry":{"type":"Point","coordinates":[-6.92086,42.7062]},"properties":{"id":"24009","name":"BALBOA","province":"24","population":269,"populationSource":"cadastre","status":"available","coverage":[0.0,0.0,0.0],"buildings":350,"coverage5":0.0,"coverage10":0.0,"coverage15":0.0}},{"type":"Feature","geometry":{"type":"Point","coordinates":[-5.89912,42.29655]},"properties":{"id":"24010","name":"LA BAÑEZA","province":"24","population":10195,"populationSource":"cadastre","status":"available","coverage":[40.54,70.48,90.28],"buildings":2674,"coverage5":40.54,"coverage10":70.48,"coverage15":90.28}},{"type":"Feature","geometry":{"type":"Point","coordinates":[-6.97949,42.61134]},"properties":{"id":"24011","name":"BARJAS","province":"24","population":140,"populationSource":"cadastre","status":"available","coverage":[0.0,0.0,0.0],"buildings":252,"coverage5":0.0,"coverage10":0.0,"coverage15":0.0}},{"type":"Feature","geometry":{"type":"Point","coordinates":[-5.86189,42.84541]},"properties":{"id":"24012","name":"LOS BARRIOS DE LUNA","province":"24","population":300,"populationSource":"cadastre","status":"available","coverage":[0.0,0.0,0.0],"buildings":328,"coverage5":0.0,"coverage10":0.0,"coverage15":0.0}},{"type":"Feature","geometry":{"type":"Point","coordinates":[-6.41671,42.61507]},"properties":{"id":"24014","name":"BEMBIBRE","province":"24","population":8041,"populationSource":"cadastre","status":"available","coverage":[43.3,74.32,79.11],"buildings":2624,"coverage5":43.3,"coverage10":74.32,"coverage15":79.11}},{"type":"Feature","geometry":{"type":"Point","coordinates":[-5.89642,42.50185]},"properties":{"id":"24015","name":"BENAVIDES","province":"24","population":2321,"populationSource":"cadastre","status":"available","coverage":[22.1,37.92,43.04],"buildings":1924,"coverage5":22.1,"coverage10":37.92,"coverage15":43.04}},{"type":"Feature","geometry":{"type":"Point","coordinates":[-6.70762,42.40171]},"properties":{"id":"24016","name":"BENUZA","province":"24","population":457,"populationSource":"cadastre","status":"available","coverage":[0.0,0.0,0.0],"buildings":555,"coverage5":0.0,"coverage10":0.0,"coverage15":0.0}},{"type":"Feature","geometry":{"type":"Point","coordinates":[-5.70403,42.38057]},"properties":{"id":"24017","name":"BERCIANOS DEL PÁRAMO","province":"24","population":513,"populationSource":"cadastre","status":"available","coverage":[0.0,0.0,0.0],"buildings":458,"coverage5":0.0,"coverage10":0.0,"coverage15":0.0}},{"type":"Feature","geometry":{"type":"Point","coordinates":[-5.14673,42.38714]},"properties":{"id":"24018","name":"BERCIANOS DEL REAL CAMINO","province":"24","population":179,"populationSource":"cadastre","status":"available","coverage":[0.0,0.0,0.0],"buildings":187,"coverage5":0.0,"coverage10":0.0,"coverage15":0.0}},{"type":"Feature","geometry":{"type":"Point","coordinates":[-6.60429,42.73045]},"properties":{"id":"24019","name":"BERLANGA DEL BIERZO","province":"24","population":311,"populationSource":"cadastre","status":"available","coverage":[38.15,48.11,48.48],"buildings":409,"coverage5":38.15,"coverage10":48.11,"coverage15":48.48}},{"type":"Feature","geometry":{"type":"Point","coordinates":[-4.92539,42.97236]},"properties":{"id":"24020","name":"BOCA DE HUÉRGANO","province":"24","population":412,"populationSource":"cadastre","status":"available","coverage":[0.0,0.0,0.0],"buildings":761,"coverage5":0.0,"coverage10":0.0,"coverage15":0.0}},{"type":"Feature","geometry":{"type":"Point","coordinates":[-5.32177,42.86595]},"properties":{"id":"24021","name":"BOÑAR","province":"24","population":1732,"populationSource":"cadastre","status":"available","coverage":[5.33,28.3,38.44],"buildings":1620,"coverage5":5.33,"coverage10":28.3,"coverage15":38.44}},{"type":"Feature","geometry":{"type":"Point","coordinates":[-6.72637,42.49151]},"properties":{"id":"24022","name":"BORRENES","province":"24","population":297,"populationSource":"cadastre","status":"available","coverage":[0.0,0.0,0.0],"buildings":446,"coverage5":0.0,"coverage10":0.0,"coverage15":0.0}},{"type":"Feature","geometry":{"type":"Point","coordinates":[-6.15699,42.4977]},"properties":{"id":"24023","name":"BRAZUELO","province":"24","population":304,"populationSource":"cadastre","status":"available","coverage":[0.0,0.0,0.0],"buildings":524,"coverage5":0.0,"coverage10":0.0,"coverage15":0.0}},{"type":"Feature","geometry":{"type":"Point","coordinates":[-5.22087,42.42265]},"properties":{"id":"24024","name":"EL BURGO RANERO","province":"24","population":697,"populationSource":"cadastre","status":"available","coverage":[0.0,0.0,0.0],"buildings":825,"coverage5":0.0,"coverage10":0.0,"coverage15":0.0}},{"type":"Feature","geometry":{"type":"Point","coordinates":[-5.04598,43.0216]},"properties":{"id":"24025","name":"BURÓN","province":"24","population":282,"populationSource":"cadastre","status":"available","coverage":[16.26,21.27,21.27],"buildings":470,"coverage5":16.26,"coverage10":21.27,"coverage15":21.27}},{"type":"Feature","geometry":{"type":"Point","coordinates":[-5.79297,42.44147]},"properties":{"id":"24026","name":"BUSTILLO DEL PÁRAMO","province":"24","population":1057,"populationSource":"cadastre","status":"available","coverage":[0.0,0.0,0.0],"buildings":1035,"coverage5":0.0,"coverage10":0.0,"coverage15":0.0}},{"type":"Feature","geometry":{"type":"Point","coordinates":[-6.63646,42.61991]},"properties":{"id":"24027","name":"CABAÑAS RARAS","province":"24","population":1286,"populationSource":"cadastre","status":"available","coverage":[0.0,0.0,0.0],"buildings":755,"coverage5":0.0,"coverage10":0.0,"coverage15":0.0}},{"type":"Feature","geometry":{"type":"Point","coordinates":[-5.54482,42.4024]},"properties":{"id":"24028","name":"CABREROS DEL RÍO","province":"24","population":406,"populationSource":"cadastre","status":"available","coverage":[0.0,0.0,0.0],"buildings":305,"coverage5":0.0,"coverage10":0.0,"coverage15":0.0}},{"type":"Feature","geometry":{"type":"Point","coordinates":[-6.1494,42.95306]},"properties":{"id":"24029","name":"CABRILLANES","province":"24","population":687,"populationSource":"cadastre","status":"available","coverage":[0.0,0.0,0.0],"buildings":646,"coverage5":0.0,"coverage10":0.0,"coverage15":0.0}},{"type":"Feature","geometry":{"type":"Point","coordinates":[-6.72597,42.59957]},"properties":{"id":"24030","name":"CACABELOS","province":"24","population":4734,"populationSource":"cadastre","status":"available","coverage":[7.13,33.16,54.24],"buildings":2529,"coverage5":7.13,"coverage10":33.16,"coverage15":54.24}},{"type":"Feature","geometry":{"type":"Point","coordinates":[-5.08119,42.38907]},"properties":{"id":"24031","name":"CALZADA DEL COTO","province":"24","population":217,"populationSource":"cadastre","status":"available","coverage":[0.0,0.0,0.0],"buildings":277,"coverage5":0.0,"coverage10":0.0,"coverage15":0.0}},{"type":"Feature","geometry":{"type":"Point","coordinates":[-5.49298,42.14193]},"properties":{"id":"24032","name":"CAMPAZAS","province":"24","population":110,"populationSource":"cadastre","status":"available","coverage":[0.0,0.0,0.0],"buildings":108,"coverage5":0.0,"coverage10":0.0,"coverage15":0.0}},{"type":"Feature","geometry":{"type":"Point","coordinates":[-5.52721,42.43881]},"properties":{"id":"24033","name":"CAMPO DE VILLAVIDEL","province":"24","population":209,"populationSource":"cadastre","status":"available","coverage":[0.0,0.0,0.0],"buildings":203,"coverage5":0.0,"coverage10":0.0,"coverage15":0.0}},{"type":"Feature","geometry":{"type":"Point","coordinates":[-6.67135,42.58037]},"properties":{"id":"24034","name":"CAMPONARAYA","province":"24","population":4060,"populationSource":"cadastre","status":"available","coverage":[7.66,11.38,14.47],"buildings":1853,"coverage5":7.66,"coverage10":11.38,"coverage15":14.47}},{"type":"Feature","geometry":{"type":"Point","coordinates":[-6.72821,42.81555]},"properties":{"id":"24036","name":"VALLE DE ANCARES","province":"24","population":256,"populationSource":"cadastre","status":"available","coverage":[0.0,0.0,0.0],"buildings":816,"coverage5":0.0,"coverage10":0.0,"coverage15":0.0}},{"type":"Feature","geometry":{"type":"Point","coordinates":[-5.57294,42.95964]},"properties":{"id":"24037","name":"CÁRMENES","province":"24","population":356,"populationSource":"cadastre","status":"available","coverage":[0.0,0.0,0.0],"buildings":521,"coverage5":0.0,"coverage10":0.0,"coverage15":0.0}},{"type":"Feature","geometry":{"type":"Point","coordinates":[-6.735,42.55193]},"properties":{"id":"24038","name":"CARRACEDELO","province":"24","population":3423,"populationSource":"cadastre","status":"available","coverage":[7.18,13.15,18.8],"buildings":2220,"coverage5":7.18,"coverage10":13.15,"coverage15":18.8}},{"type":"Feature","geometry":{"type":"Point","coordinates":[-5.83104,42.58461]},"properties":{"id":"24039","name":"CARRIZO","province":"24","population":2242,"populationSource":"cadastre","status":"available","coverage":[13.12,37.39,45.74],"buildings":1329,"coverage5":13.12,"coverage10":37.39,"coverage15":45.74}},{"type":"Feature","geometry":{"type":"Point","coordinates":[-5.74348,42.79674]},"properties":{"id":"24040","name":"CARROCERA","province":"24","population":437,"populationSource":"cadastre","status":"available","coverage":[0.0,0.0,0.0],"buildings":555,"coverage5":0.0,"coverage10":0.0,"coverage15":0.0}},{"type":"Feature","geometry":{"type":"Point","coordinates":[-6.76437,42.49019]},"properties":{"id":"24041","name":"CARUCEDO","province":"24","population":479,"populationSource":"cadastre","status":"available","coverage":[6.18,13.22,13.22],"buildings":585,"coverage5":6.18,"coverage10":13.22,"coverage15":13.22}},{"type":"Feature","geometry":{"type":"Point","coordinates":[-5.42214,42.22]},"properties":{"id":"24042","name":"CASTILFALÉ","province":"24","population":58,"populationSource":"cadastre","status":"available","coverage":[0.0,0.0,0.0],"buildings":62,"coverage5":0.0,"coverage10":0.0,"coverage15":0.0}},{"type":"Feature","geometry":{"type":"Point","coordinates":[-6.54453,42.33998]},"properties":{"id":"24043","name":"CASTRILLO DE CABRERA","province":"24","population":100,"populationSource":"cadastre","status":"available","coverage":[0.0,0.0,0.0],"buildings":280,"coverage5":0.0,"coverage10":0.0,"coverage15":0.0}},{"type":"Feature","geometry":{"type":"Point","coordinates":[-6.13377,42.32396]},"properties":{"id":"24044","name":"CASTRILLO DE LA VALDUERNA","province":"24","population":136,"populationSource":"cadastre","status":"available","coverage":[0.0,0.0,0.0],"buildings":296,"coverage5":0.0,"coverage10":0.0,"coverage15":0.0}},{"type":"Feature","geometry":{"type":"Point","coordinates":[-5.98609,42.19895]},"properties":{"id":"24046","name":"CASTROCALBÓN","province":"24","population":898,"populationSource":"cadastre","status":"available","coverage":[0.0,0.0,0.0],"buildings":777,"coverage5":0.0,"coverage10":0.0,"coverage15":0.0}},{"type":"Feature","geometry":{"type":"Point","coordinates":[-6.19103,42.18237]},"properties":{"id":"24047","name":"CASTROCONTRIGO","province":"24","population":623,"populationSource":"cadastre","status":"available","coverage":[9.06,10.68,10.83],"buildings":1216,"coverage5":9.06,"coverage10":10.68,"coverage15":10.83}},{"type":"Feature","geometry":{"type":"Point","coordinates":[-6.46814,42.57912]},"properties":{"id":"24049","name":"CASTROPODAME","province":"24","population":1570,"populationSource":"cadastre","status":"available","coverage":[2.08,6.18,18.29],"buildings":1455,"coverage5":2.08,"coverage10":6.18,"coverage15":18.29}},{"type":"Feature","geometry":{"type":"Point","coordinates":[-5.24735,42.34739]},"properties":{"id":"24050","name":"CASTROTIERRA DE VALMADRIGAL","province":"24","population":106,"populationSource":"cadastre","status":"available","coverage":[0.0,0.0,0.0],"buildings":114,"coverage5":0.0,"coverage10":0.0,"coverage15":0.0}},{"type":"Feature","geometry":{"type":"Point","coordinates":[-5.01311,42.46341]},"properties":{"id":"24051","name":"CEA","province":"24","population":373,"populationSource":"cadastre","status":"available","coverage":[0.0,0.0,0.0],"buildings":581,"coverage5":0.0,"coverage10":0.0,"coverage15":0.0}},{"type":"Feature","geometry":{"type":"Point","coordinates":[-5.024,42.72528]},"properties":{"id":"24052","name":"CEBANICO","province":"24","population":146,"populationSource":"cadastre","status":"available","coverage":[0.0,0.0,0.0],"buildings":239,"coverage5":0.0,"coverage10":0.0,"coverage15":0.0}},{"type":"Feature","geometry":{"type":"Point","coordinates":[-5.8251,42.25787]},"properties":{"id":"24053","name":"CEBRONES DEL RÍO","province":"24","population":439,"populationSource":"cadastre","status":"available","coverage":[20.87,28.77,29.31],"buildings":420,"coverage5":20.87,"coverage10":28.77,"coverage15":29.31}},{"type":"Feature","geometry":{"type":"Point","coordinates":[-5.59843,42.11663]},"properties":{"id":"24054","name":"CIMANES DE LA VEGA","province":"24","population":431,"populationSource":"cadastre","status":"available","coverage":[0.0,0.0,0.0],"buildings":356,"coverage5":0.0,"coverage10":0.0,"coverage15":0.0}},{"type":"Feature","geometry":{"type":"Point","coordinates":[-5.80621,42.618]},"properties":{"id":"24055","name":"CIMANES DEL TEJAR","province":"24","population":710,"populationSource":"cadastre","status":"available","coverage":[0.0,0.0,0.0],"buildings":950,"coverage5":0.0,"coverage10":0.0,"coverage15":0.0}},{"type":"Feature","geometry":{"type":"Point","coordinates":[-5.12437,42.80315]},"properties":{"id":"24056","name":"CISTIERNA","province":"24","population":2857,"populationSource":"cadastre","status":"available","coverage":[0.0,0.0,0.08],"buildings":1626,"coverage5":0.0,"coverage10":0.0,"coverage15":0.08}},{"type":"Feature","geometry":{"type":"Point","coordinates":[-6.51973,42.61789]},"properties":{"id":"24057","name":"CONGOSTO","province":"24","population":1418,"populationSource":"cadastre","status":"available","coverage":[0.0,0.0,0.0],"buildings":1664,"coverage5":0.0,"coverage10":0.0,"coverage15":0.0}},{"type":"Feature","geometry":{"type":"Point","coordinates":[-5.45908,42.40653]},"properties":{"id":"24058","name":"CORBILLOS DE LOS OTEROS","province":"24","population":174,"populationSource":"cadastre","status":"available","coverage":[0.0,0.0,0.0],"buildings":196,"coverage5":0.0,"coverage10":0.0,"coverage15":0.0}},{"type":"Feature","geometry":{"type":"Point","coordinates":[-6.81935,42.57806]},"properties":{"id":"24059","name":"CORULLÓN","province":"24","population":789,"populationSource":"cadastre","status":"available","coverage":[0.0,0.0,0.09],"buildings":847,"coverage5":0.0,"coverage10":0.0,"coverage15":0.09}},{"type":"Feature","geometry":{"type":"Point","coordinates":[-5.14412,42.90409]},"properties":{"id":"24060","name":"CRÉMENES","province":"24","population":497,"populationSource":"cadastre","status":"available","coverage":[5.25,5.84,5.93],"buildings":733,"coverage5":5.25,"coverage10":5.84,"coverage15":5.93}},{"type":"Feature","geometry":{"type":"Point","coordinates":[-5.63896,42.71095]},"properties":{"id":"24061","name":"CUADROS","province":"24","population":2075,"populationSource":"cadastre","status":"available","coverage":[7.91,10.23,16.79],"buildings":1401,"coverage5":7.91,"coverage10":10.23,"coverage15":16.79}},{"type":"Feature","geometry":{"type":"Point","coordinates":[-5.50751,42.37171]},"properties":{"id":"24062","name":"CUBILLAS DE LOS OTEROS","province":"24","population":140,"populationSource":"cadastre","status":"available","coverage":[0.0,0.0,0.0],"buildings":164,"coverage5":0.0,"coverage10":0.0,"coverage15":0.0}},{"type":"Feature","geometry":{"type":"Point","coordinates":[-5.17362,42.65544]},"properties":{"id":"24063","name":"CUBILLAS DE RUEDA","province":"24","population":376,"populationSource":"cadastre","status":"available","coverage":[0.0,0.0,0.0],"buildings":530,"coverage5":0.0,"coverage10":0.0,"coverage15":0.0}},{"type":"Feature","geometry":{"type":"Point","coordinates":[-6.56495,42.62462]},"properties":{"id":"24064","name":"CUBILLOS DEL SIL","province":"24","population":1746,"populationSource":"cadastre","status":"available","coverage":[0.0,0.0,0.0],"buildings":1200,"coverage5":0.0,"coverage10":0.0,"coverage15":0.0}},{"type":"Feature","geometry":{"type":"Point","coordinates":[-5.68719,42.50668]},"properties":{"id":"24065","name":"CHOZAS DE ABAJO","province":"24","population":2699,"populationSource":"cadastre","status":"available","coverage":[36.58,55.14,55.66],"buildings":1795,"coverage5":36.58,"coverage10":55.14,"coverage15":55.66}},{"type":"Feature","geometry":{"type":"Point","coordinates":[-6.09424,42.32594]},"properties":{"id":"24066","name":"DESTRIANA","province":"24","population":422,"populationSource":"cadastre","status":"available","coverage":[0.0,0.0,0.0],"buildings":725,"coverage5":0.0,"coverage10":0.0,"coverage15":0.0}},{"type":"Feature","geometry":{"type":"Point","coordinates":[-6.59449,42.27152]},"properties":{"id":"24067","name":"ENCINEDO","province":"24","population":621,"populationSource":"cadastre","status":"available","coverage":[1.47,12.8,37.71],"buildings":958,"coverage5":1.47,"coverage10":12.8,"coverage15":37.71}},{"type":"Feature","geometry":{"type":"Point","coordinates":[-5.21741,42.81291]},"properties":{"id":"24068","name":"LA ERCINA","province":"24","population":412,"populationSource":"cadastre","status":"available","coverage":[2.68,11.82,23.88],"buildings":726,"coverage5":2.68,"coverage10":11.82,"coverage15":23.88}},{"type":"Feature","geometry":{"type":"Point","coordinates":[-4.96705,42.31292]},"properties":{"id":"24069","name":"ESCOBAR DE CAMPOS","province":"24","population":32,"populationSource":"cadastre","status":"available","coverage":[0.0,0.0,0.0],"buildings":51,"coverage5":0.0,"coverage10":0.0,"coverage15":0.0}},{"type":"Feature","geometry":{"type":"Point","coordinates":[-6.62809,42.76309]},"properties":{"id":"24070","name":"FABERO","province":"24","population":3998,"populationSource":"cadastre","status":"available","coverage":[15.29,48.15,64.45],"buildings":2317,"coverage5":15.29,"coverage10":48.15,"coverage15":64.45}},{"type":"Feature","geometry":{"type":"Point","coordinates":[-6.31942,42.64309]},"properties":{"id":"24071","name":"FOLGOSO DE LA RIBERA","province":"24","population":973,"populationSource":"cadastre","status":"available","coverage":[0.0,0.0,0.0],"buildings":1721,"coverage5":0.0,"coverage10":0.0,"coverage15":0.0}},{"type":"Feature","geometry":{"type":"Point","coordinates":[-5.53616,42.34406]},"properties":{"id":"24073","name":"FRESNO DE LA VEGA","province":"24","population":483,"populationSource":"cadastre","status":"available","coverage":[0.0,0.0,0.0],"buildings":395,"coverage5":0.0,"coverage10":0.0,"coverage15":0.0}},{"type":"Feature","geometry":{"type":"Point","coordinates":[-5.44597,42.17807]},"properties":{"id":"24074","name":"FUENTES DE CARBAJAL","province":"24","population":71,"populationSource":"cadastre","status":"available","coverage":[0.0,0.0,0.0],"buildings":114,"coverage5":0.0,"coverage10":0.0,"coverage15":0.0}},{"type":"Feature","geometry":{"type":"Point","coordinates":[-5.52409,42.7329]},"properties":{"id":"24076","name":"GARRAFE DE TORÍO","province":"24","population":1649,"populationSource":"cadastre","status":"available","coverage":[9.33,16.21,18.34],"buildings":1269,"coverage5":9.33,"coverage10":16.21,"coverage15":18.34}},{"type":"Feature","geometry":{"type":"Point","coordinates":[-5.15763,42.34353]},"properties":{"id":"24077","name":"GORDALIZA DEL PINO","province":"24","population":238,"populationSource":"cadastre","status":"available","coverage":[0.0,0.0,0.0],"buildings":289,"coverage5":0.0,"coverage10":0.0,"coverage15":0.0}},{"type":"Feature","geometry":{"type":"Point","coordinates":[-5.40198,42.1355]},"properties":{"id":"24078","name":"GORDONCILLO","province":"24","population":312,"populationSource":"cadastre","status":"available","coverage":[0.0,0.0,0.0],"buildings":371,"coverage5":0.0,"coverage10":0.0,"coverage15":0.0}},{"type":"Feature","geometry":{"type":"Point","coordinates":[-5.22618,42.62382]},"properties":{"id":"24079","name":"GRADEFES","province":"24","population":882,"populationSource":"cadastre","status":"available","coverage":[5.01,6.47,7.09],"buildings":1163,"coverage5":5.01,"coverage10":6.47,"coverage15":7.09}},{"type":"Feature","geometry":{"type":"Point","coordinates":[-5.02069,42.32054]},"properties":{"id":"24080","name":"GRAJAL DE CAMPOS","province":"24","population":200,"populationSource":"cadastre","status":"available","coverage":[0.0,0.0,0.0],"buildings":298,"coverage5":0.0,"coverage10":0.0,"coverage15":0.0}},{"type":"Feature","geometry":{"type":"Point","coordinates":[-5.43002,42.3777]},"properties":{"id":"24081","name":"GUSENDOS DE LOS OTEROS","province":"24","population":123,"populationSource":"cadastre","status":"available","coverage":[0.0,0.0,0.0],"buildings":150,"coverage5":0.0,"coverage10":0.0,"coverage15":0.0}},{"type":"Feature","geometry":{"type":"Point","coordinates":[-5.88249,42.46357]},"properties":{"id":"24082","name":"HOSPITAL DE ÓRBIGO","province":"24","population":948,"populationSource":"cadastre","status":"available","coverage":[11.65,64.95,94.27],"buildings":668,"coverage5":11.65,"coverage10":64.95,"coverage15":94.27}},{"type":"Feature","geometry":{"type":"Point","coordinates":[-6.27864,42.72785]},"properties":{"id":"24083","name":"IGÜEÑA","province":"24","population":1012,"populationSource":"cadastre","status":"available","coverage":[28.95,40.49,40.93],"buildings":2356,"coverage5":28.95,"coverage10":40.49,"coverage15":40.93}},{"type":"Feature","geometry":{"type":"Point","coordinates":[-5.25751,42.22399]},"properties":{"id":"24084","name":"IZAGRE","province":"24","population":133,"populationSource":"cadastre","status":"available","coverage":[35.67,37.43,38.14],"buildings":283,"coverage5":35.67,"coverage10":37.43,"coverage15":38.14}},{"type":"Feature","geometry":{"type":"Point","coordinates":[-5.17853,42.28793]},"properties":{"id":"24086","name":"JOARILLA DE LAS MATAS","province":"24","population":241,"populationSource":"cadastre","status":"available","coverage":[0.0,0.0,0.0],"buildings":352,"coverage5":0.0,"coverage10":0.0,"coverage15":0.0}},{"type":"Feature","geometry":{"type":"Point","coordinates":[-5.75044,42.33083]},"properties":{"id":"24087","name":"LAGUNA DALGA","province":"24","population":608,"populationSource":"cadastre","status":"available","coverage":[0.0,0.0,0.0],"buildings":423,"coverage5":0.0,"coverage10":0.0,"coverage15":0.0}},{"type":"Feature","geometry":{"type":"Point","coordinates":[-5.66099,42.23857]},"properties":{"id":"24088","name":"LAGUNA DE NEGRILLOS","province":"24","population":1056,"populationSource":"cadastre","status":"available","coverage":[0.0,0.0,0.0],"buildings":854,"coverage5":0.0,"coverage10":0.0,"coverage15":0.0}},{"type":"Feature","geometry":{"type":"Point","coordinates":[-5.56708,42.59912]},"properties":{"id":"24089","name":"LEÓN","province":"24","population":123446,"populationSource":"cadastre","status":"available","coverage":[66.22,94.62,99.0],"buildings":8633,"coverage5":66.22,"coverage10":94.62,"coverage15":99.0}},{"type":"Feature","geometry":{"type":"Point","coordinates":[-6.3034,42.40949]},"properties":{"id":"24090","name":"LUCILLO","province":"24","population":360,"populationSource":"cadastre","status":"available","coverage":[0.0,0.0,0.0],"buildings":734,"coverage5":0.0,"coverage10":0.0,"coverage15":0.0}},{"type":"Feature","geometry":{"type":"Point","coordinates":[-6.23631,42.37664]},"properties":{"id":"24091","name":"LUYEGO","province":"24","population":537,"populationSource":"cadastre","status":"available","coverage":[28.32,41.88,42.67],"buildings":726,"coverage5":28.32,"coverage10":41.88,"coverage15":42.67}},{"type":"Feature","geometry":{"type":"Point","coordinates":[-5.82542,42.63563]},"properties":{"id":"24092","name":"LLAMAS DE LA RIBERA","province":"24","population":783,"populationSource":"cadastre","status":"available","coverage":[19.74,32.81,35.0],"buildings":760,"coverage5":19.74,"coverage10":32.81,"coverage15":35.0}},{"type":"Feature","geometry":{"type":"Point","coordinates":[-6.07204,42.5396]},"properties":{"id":"24093","name":"MAGAZ DE CEPEDA","province":"24","population":345,"populationSource":"cadastre","status":"available","coverage":[0.0,0.0,0.0],"buildings":530,"coverage5":0.0,"coverage10":0.0,"coverage15":0.0}},{"type":"Feature","geometry":{"type":"Point","coordinates":[-5.41644,42.49866]},"properties":{"id":"24094","name":"MANSILLA DE LAS MULAS","province":"24","population":1706,"populationSource":"cadastre","status":"available","coverage":[1.85,2.82,11.1],"buildings":842,"coverage5":1.85,"coverage10":2.82,"coverage15":11.1}},{"type":"Feature","geometry":{"type":"Point","coordinates":[-5.44396,42.50834]},"properties":{"id":"24095","name":"MANSILLA MAYOR","province":"24","population":316,"populationSource":"cadastre","status":"available","coverage":[0.0,0.0,0.0],"buildings":306,"coverage5":0.0,"coverage10":0.0,"coverage15":0.0}},{"type":"Feature","geometry":{"type":"Point","coordinates":[-5.17581,43.04892]},"properties":{"id":"24096","name":"MARAÑA","province":"24","population":103,"populationSource":"cadastre","status":"available","coverage":[0.0,0.0,0.0],"buildings":191,"coverage5":0.0,"coverage10":0.0,"coverage15":0.0}},{"type":"Feature","geometry":{"type":"Point","coordinates":[-5.36937,42.33772]},"properties":{"id":"24097","name":"MATADEÓN DE LOS OTEROS","province":"24","population":212,"populationSource":"cadastre","status":"available","coverage":[0.0,0.0,0.0],"buildings":179,"coverage5":0.0,"coverage10":0.0,"coverage15":0.0}},{"type":"Feature","geometry":{"type":"Point","coordinates":[-5.5201,42.86626]},"properties":{"id":"24098","name":"MATALLANA DE TORÍO","province":"24","population":1214,"populationSource":"cadastre","status":"available","coverage":[0.0,0.0,0.0],"buildings":1457,"coverage5":0.0,"coverage10":0.0,"coverage15":0.0}},{"type":"Feature","geometry":{"type":"Point","coordinates":[-5.37562,42.23944]},"properties":{"id":"24099","name":"MATANZA","province":"24","population":157,"populationSource":"cadastre","status":"available","coverage":[0.0,0.0,0.0],"buildings":308,"coverage5":0.0,"coverage10":0.0,"coverage15":0.0}},{"type":"Feature","geometry":{"type":"Point","coordinates":[-6.51953,42.53702]},"properties":{"id":"24100","name":"MOLINASECA","province":"24","population":870,"populationSource":"cadastre","status":"available","coverage":[31.7,35.32,44.43],"buildings":995,"coverage5":31.7,"coverage10":35.32,"coverage15":44.43}},{"type":"Feature","geometry":{"type":"Point","coordinates":[-6.19124,42.8502]},"properties":{"id":"24101","name":"MURIAS DE PAREDES","province":"24","population":337,"populationSource":"cadastre","status":"available","coverage":[0.0,0.0,0.0],"buildings":701,"coverage5":0.0,"coverage10":0.0,"coverage15":0.0}},{"type":"Feature","geometry":{"type":"Point","coordinates":[-6.39677,42.71304]},"properties":{"id":"24102","name":"NOCEDA DEL BIERZO","province":"24","population":603,"populationSource":"cadastre","status":"available","coverage":[8.38,21.58,42.32],"buildings":1731,"coverage5":8.38,"coverage10":21.58,"coverage15":42.32}},{"type":"Feature","geometry":{"type":"Point","coordinates":[-6.97061,42.5468]},"properties":{"id":"24103","name":"OENCIA","province":"24","population":267,"populationSource":"cadastre","status":"available","coverage":[0.0,0.0,0.0],"buildings":459,"coverage5":0.0,"coverage10":0.0,"coverage15":0.0}},{"type":"Feature","geometry":{"type":"Point","coordinates":[-5.86965,42.68244]},"properties":{"id":"24104","name":"LAS OMAÑAS","province":"24","population":267,"populationSource":"cadastre","status":"available","coverage":[0.0,0.0,0.0],"buildings":344,"coverage5":0.0,"coverage10":0.0,"coverage15":0.0}},{"type":"Feature","geometry":{"type":"Point","coordinates":[-5.58049,42.52543]},"properties":{"id":"24105","name":"ONZONILLA","province":"24","population":1974,"populationSource":"cadastre","status":"available","coverage":[11.38,29.52,58.04],"buildings":1085,"coverage5":11.38,"coverage10":29.52,"coverage15":58.04}},{"type":"Feature","geometry":{"type":"Point","coordinates":[-5.03847,43.13564]},"properties":{"id":"24106","name":"OSEJA DE SAJAMBRE","province":"24","population":214,"populationSource":"cadastre","status":"available","coverage":[34.87,47.57,48.0],"buildings":352,"coverage5":34.87,"coverage10":47.57,"coverage15":48.0}},{"type":"Feature","geometry":{"type":"Point","coordinates":[-5.47244,42.32906]},"properties":{"id":"24107","name":"PAJARES DE LOS OTEROS","province":"24","population":245,"populationSource":"cadastre","status":"available","coverage":[0.0,0.0,0.0],"buildings":319,"coverage5":0.0,"coverage10":0.0,"coverage15":0.0}},{"type":"Feature","geometry":{"type":"Point","coordinates":[-5.93842,42.32779]},"properties":{"id":"24108","name":"PALACIOS DE LA VALDUERNA","province":"24","population":341,"populationSource":"cadastre","status":"available","coverage":[34.81,60.93,60.93],"buildings":378,"coverage5":34.81,"coverage10":60.93,"coverage15":60.93}},{"type":"Feature","geometry":{"type":"Point","coordinates":[-6.43387,42.87538]},"properties":{"id":"24109","name":"PALACIOS DEL SIL","province":"24","population":862,"populationSource":"cadastre","status":"available","coverage":[0.0,0.0,0.0],"buildings":881,"coverage5":0.0,"coverage10":0.0,"coverage15":0.0}},{"type":"Feature","geometry":{"type":"Point","coordinates":[-6.49013,42.82003]},"properties":{"id":"24110","name":"PÁRAMO DEL SIL","province":"24","population":1141,"populationSource":"cadastre","status":"available","coverage":[17.77,31.2,37.56],"buildings":1249,"coverage5":17.77,"coverage10":31.2,"coverage15":37.56}},{"type":"Feature","geometry":{"type":"Point","coordinates":[-6.63231,42.87664]},"properties":{"id":"24112","name":"PERANZANES","province":"24","population":276,"populationSource":"cadastre","status":"available","coverage":[23.72,23.72,23.72],"buildings":522,"coverage5":23.72,"coverage10":23.72,"coverage15":23.72}},{"type":"Feature","geometry":{"type":"Point","coordinates":[-5.68567,42.30598]},"properties":{"id":"24113","name":"POBLADURA DE PELAYO GARCÍA","province":"24","population":364,"populationSource":"cadastre","status":"available","coverage":[0.0,0.0,0.0],"buildings":278,"coverage5":0.0,"coverage10":0.0,"coverage15":0.0}},{"type":"Feature","geometry":{"type":"Point","coordinates":[-5.66956,42.85477]},"properties":{"id":"24114","name":"LA POLA DE GORDÓN","province":"24","population":2833,"populationSource":"cadastre","status":"available","coverage":[3.69,9.55,12.7],"buildings":2194,"coverage5":3.69,"coverage10":9.55,"coverage15":12.7}},{"type":"Feature","geometry":{"type":"Point","coordinates":[-6.5973,42.54768]},"properties":{"id":"24115","name":"PONFERRADA","province":"24","population":63186,"populationSource":"cadastre","status":"available","coverage":[28.03,56.23,63.92],"buildings":11857,"coverage5":28.03,"coverage10":56.23,"coverage15":63.92}},{"type":"Feature","geometry":{"type":"Point","coordinates":[-4.91747,43.15106]},"properties":{"id":"24116","name":"POSADA DE VALDEÓN","province":"24","population":392,"populationSource":"cadastre","status":"available","coverage":[0.0,0.0,0.0],"buildings":377,"coverage5":0.0,"coverage10":0.0,"coverage15":0.0}},{"type":"Feature","geometry":{"type":"Point","coordinates":[-5.76772,42.1712]},"properties":{"id":"24117","name":"POZUELO DEL PÁRAMO","province":"24","population":374,"populationSource":"cadastre","status":"available","coverage":[31.43,40.25,40.25],"buildings":422,"coverage5":31.43,"coverage10":40.25,"coverage15":40.25}},{"type":"Feature","geometry":{"type":"Point","coordinates":[-5.02528,42.78361]},"properties":{"id":"24118","name":"PRADO DE LA GUZPEÑA","province":"24","population":108,"populationSource":"cadastre","status":"available","coverage":[0.0,0.0,0.0],"buildings":194,"coverage5":0.0,"coverage10":0.0,"coverage15":0.0}},{"type":"Feature","geometry":{"type":"Point","coordinates":[-6.6718,42.50905]},"properties":{"id":"24119","name":"PRIARANZA DEL BIERZO","province":"24","population":672,"populationSource":"cadastre","status":"available","coverage":[0.0,0.0,0.0],"buildings":565,"coverage5":0.0,"coverage10":0.0,"coverage15":0.0}},{"type":"Feature","geometry":{"type":"Point","coordinates":[-4.96213,42.8934]},"properties":{"id":"24120","name":"PRIORO","province":"24","population":340,"populationSource":"cadastre","status":"available","coverage":[47.69,82.9,83.11],"buildings":528,"coverage5":47.69,"coverage10":82.9,"coverage15":83.11}},{"type":"Feature","geometry":{"type":"Point","coordinates":[-5.27371,43.00694]},"properties":{"id":"24121","name":"PUEBLA DE LILLO","province":"24","population":641,"populationSource":"cadastre","status":"available","coverage":[0.55,0.55,0.55],"buildings":603,"coverage5":0.55,"coverage10":0.55,"coverage15":0.55}},{"type":"Feature","geometry":{"type":"Point","coordinates":[-6.81836,42.41072]},"properties":{"id":"24122","name":"PUENTE DE DOMINGO FLÓREZ","province":"24","population":1348,"populationSource":"cadastre","status":"available","coverage":[0.0,0.0,0.0],"buildings":944,"coverage5":0.0,"coverage10":0.0,"coverage15":0.0}},{"type":"Feature","geometry":{"type":"Point","coordinates":[-6.04596,42.6613]},"properties":{"id":"24123","name":"QUINTANA DEL CASTILLO","province":"24","population":699,"populationSource":"cadastre","status":"available","coverage":[0.0,0.0,0.0],"buildings":930,"coverage5":0.0,"coverage10":0.0,"coverage15":0.0}},{"type":"Feature","geometry":{"type":"Point","coordinates":[-5.85101,42.20608]},"properties":{"id":"24124","name":"QUINTANA DEL MARCO","province":"24","population":299,"populationSource":"cadastre","status":"available","coverage":[0.0,0.0,0.0],"buildings":304,"coverage5":0.0,"coverage10":0.0,"coverage15":0.0}},{"type":"Feature","geometry":{"type":"Point","coordinates":[-6.03769,42.25614]},"properties":{"id":"24125","name":"QUINTANA Y CONGOSTO","province":"24","population":402,"populationSource":"cadastre","status":"available","coverage":[0.0,0.0,0.0],"buildings":523,"coverage5":0.0,"coverage10":0.0,"coverage15":0.0}},{"type":"Feature","geometry":{"type":"Point","coordinates":[-5.86217,42.29235]},"properties":{"id":"24127","name":"REGUERAS DE ARRIBA","province":"24","population":263,"populationSource":"cadastre","status":"available","coverage":[0.0,0.0,0.0],"buildings":235,"coverage5":0.0,"coverage10":0.0,"coverage15":0.0}},{"type":"Feature","geometry":{"type":"Point","coordinates":[-5.19797,42.94764]},"properties":{"id":"24129","name":"REYERO","province":"24","population":120,"populationSource":"cadastre","status":"available","coverage":[0.0,0.0,0.0],"buildings":128,"coverage5":0.0,"coverage10":0.0,"coverage15":0.0}},{"type":"Feature","geometry":{"type":"Point","coordinates":[-5.01616,42.97305]},"properties":{"id":"24130","name":"RIAÑO","province":"24","population":476,"populationSource":"cadastre","status":"available","coverage":[49.83,66.98,67.91],"buildings":210,"coverage5":49.83,"coverage10":66.98,"coverage15":67.91}},{"type":"Feature","geometry":{"type":"Point","coordinates":[-5.98232,42.38879]},"properties":{"id":"24131","name":"RIEGO DE LA VEGA","province":"24","population":697,"populationSource":"cadastre","status":"available","coverage":[5.36,28.64,37.11],"buildings":599,"coverage5":5.36,"coverage10":28.64,"coverage15":37.11}},{"type":"Feature","geometry":{"type":"Point","coordinates":[-5.94473,42.77305]},"properties":{"id":"24132","name":"RIELLO","province":"24","population":570,"populationSource":"cadastre","status":"available","coverage":[0.0,0.0,0.23],"buildings":918,"coverage5":0.0,"coverage10":0.0,"coverage15":0.23}},{"type":"Feature","geometry":{"type":"Point","coordinates":[-5.78939,42.72989]},"properties":{"id":"24133","name":"RIOSECO DE TAPIA","province":"24","population":409,"populationSource":"cadastre","status":"available","coverage":[0.0,0.0,0.0],"buildings":563,"coverage5":0.0,"coverage10":0.0,"coverage15":0.0}},{"type":"Feature","geometry":{"type":"Point","coordinates":[-5.62816,42.80215]},"properties":{"id":"24134","name":"LA ROBLA","province":"24","population":3574,"populationSource":"cadastre","status":"available","coverage":[9.98,17.89,24.58],"buildings":1396,"coverage5":9.98,"coverage10":17.89,"coverage15":24.58}},{"type":"Feature","geometry":{"type":"Point","coordinates":[-5.78274,42.23748]},"properties":{"id":"24136","name":"ROPERUELOS DEL PÁRAMO","province":"24","population":502,"populationSource":"cadastre","status":"available","coverage":[0.0,0.0,0.0],"buildings":416,"coverage5":0.0,"coverage10":0.0,"coverage15":0.0}},{"type":"Feature","geometry":{"type":"Point","coordinates":[-5.14379,42.83431]},"properties":{"id":"24137","name":"SABERO","province":"24","population":1020,"populationSource":"cadastre","status":"available","coverage":[9.9,23.65,33.4],"buildings":891,"coverage5":9.9,"coverage10":23.65,"coverage15":33.4}},{"type":"Feature","geometry":{"type":"Point","coordinates":[-5.03324,42.3712]},"properties":{"id":"24139","name":"SAHAGÚN","province":"24","population":2380,"populationSource":"cadastre","status":"available","coverage":[7.78,11.54,23.89],"buildings":1594,"coverage5":7.78,"coverage10":11.54,"coverage15":23.89}},{"type":"Feature","geometry":{"type":"Point","coordinates":[-5.72782,42.13001]},"properties":{"id":"24141","name":"SAN ADRIÁN DEL VALLE","province":"24","population":82,"populationSource":"cadastre","status":"available","coverage":[86.92,98.58,100.0],"buildings":196,"coverage5":86.92,"coverage10":98.58,"coverage15":100.0}},{"type":"Feature","geometry":{"type":"Point","coordinates":[-5.61548,42.61117]},"properties":{"id":"24142","name":"SAN ANDRÉS DEL RABANEDO","province":"24","population":29944,"populationSource":"cadastre","status":"available","coverage":[8.57,26.0,37.77],"buildings":5252,"coverage5":8.57,"coverage10":26.0,"coverage15":37.77}},{"type":"Feature","geometry":{"type":"Point","coordinates":[-6.63471,42.66616]},"properties":{"id":"24143","name":"SANCEDO","province":"24","population":532,"populationSource":"cadastre","status":"available","coverage":[28.68,42.95,43.62],"buildings":554,"coverage5":28.68,"coverage10":42.95,"coverage15":43.62}},{"type":"Feature","geometry":{"type":"Point","coordinates":[-5.90745,42.39053]},"properties":{"id":"24144","name":"SAN CRISTÓBAL DE LA POLANTERA","province":"24","population":611,"populationSource":"cadastre","status":"available","coverage":[0.0,0.0,0.0],"buildings":712,"coverage5":0.0,"coverage10":0.0,"coverage15":0.0}},{"type":"Feature","geometry":{"type":"Point","coordinates":[-6.00164,42.97244]},"properties":{"id":"24145","name":"SAN EMILIANO","province":"24","population":585,"populationSource":"cadastre","status":"available","coverage":[0.0,3.6,3.87],"buildings":687,"coverage5":0.0,"coverage10":3.6,"coverage15":3.87}},{"type":"Feature","geometry":{"type":"Point","coordinates":[-5.93133,42.15939]},"properties":{"id":"24146","name":"SAN ESTEBAN DE NOGALES","province":"24","population":239,"populationSource":"cadastre","status":"available","coverage":[0.0,0.0,0.0],"buildings":249,"coverage5":0.0,"coverage10":0.0,"coverage15":0.0}},{"type":"Feature","geometry":{"type":"Point","coordinates":[-6.01599,42.45256]},"properties":{"id":"24148","name":"SAN JUSTO DE LA VEGA","province":"24","population":1750,"populationSource":"cadastre","status":"available","coverage":[15.29,38.76,66.97],"buildings":1151,"coverage5":15.29,"coverage10":38.76,"coverage15":66.97}},{"type":"Feature","geometry":{"type":"Point","coordinates":[-5.56107,42.28497]},"properties":{"id":"24149","name":"SAN MILLÁN DE LOS CABALLEROS","province":"24","population":191,"populationSource":"cadastre","status":"available","coverage":[0.0,0.0,0.0],"buildings":125,"coverage5":0.0,"coverage10":0.0,"coverage15":0.0}},{"type":"Feature","geometry":{"type":"Point","coordinates":[-5.70964,42.39232]},"properties":{"id":"24150","name":"SAN PEDRO BERCIANOS","province":"24","population":218,"populationSource":"cadastre","status":"available","coverage":[0.0,0.0,0.0],"buildings":223,"coverage5":0.0,"coverage10":0.0,"coverage15":0.0}},{"type":"Feature","geometry":{"type":"Point","coordinates":[-5.41218,42.75125]},"properties":{"id":"24151","name":"SANTA COLOMBA DE CURUEÑO","province":"24","population":502,"populationSource":"cadastre","status":"available","coverage":[8.5,14.51,29.1],"buildings":608,"coverage5":8.5,"coverage10":14.51,"coverage15":29.1}},{"type":"Feature","geometry":{"type":"Point","coordinates":[-6.24252,42.44262]},"properties":{"id":"24152","name":"SANTA COLOMBA DE SOMOZA","province":"24","population":472,"populationSource":"cadastre","status":"available","coverage":[0.0,0.0,0.0],"buildings":1427,"coverage5":0.0,"coverage10":0.0,"coverage15":0.0}},{"type":"Feature","geometry":{"type":"Point","coordinates":[-5.3095,42.35354]},"properties":{"id":"24153","name":"SANTA CRISTINA DE VALMADRIGAL","province":"24","population":278,"populationSource":"cadastre","status":"available","coverage":[46.29,55.73,56.93],"buildings":264,"coverage5":46.29,"coverage10":55.73,"coverage15":56.93}},{"type":"Feature","geometry":{"type":"Point","coordinates":[-5.8882,42.25945]},"properties":{"id":"24154","name":"SANTA ELENA DE JAMUZ","province":"24","population":1021,"populationSource":"cadastre","status":"available","coverage":[0.0,0.0,0.0],"buildings":859,"coverage5":0.0,"coverage10":0.0,"coverage15":0.0}},{"type":"Feature","geometry":{"type":"Point","coordinates":[-5.92833,42.35623]},"properties":{"id":"24155","name":"SANTA MARÍA DE LA ISLA","province":"24","population":429,"populationSource":"cadastre","status":"available","coverage":[0.0,0.0,0.0],"buildings":357,"coverage5":0.0,"coverage10":0.0,"coverage15":0.0}},{"type":"Feature","geometry":{"type":"Point","coordinates":[-5.11684,42.49171]},"properties":{"id":"24156","name":"SANTA MARÍA DEL MONTE DE CEA","province":"24","population":207,"populationSource":"cadastre","status":"available","coverage":[0.0,0.0,0.0],"buildings":385,"coverage5":0.0,"coverage10":0.0,"coverage15":0.0}},{"type":"Feature","geometry":{"type":"Point","coordinates":[-5.74925,42.35356]},"properties":{"id":"24157","name":"SANTA MARÍA DEL PÁRAMO","province":"24","population":2994,"populationSource":"cadastre","status":"available","coverage":[56.09,90.87,97.26],"buildings":1080,"coverage5":56.09,"coverage10":90.87,"coverage15":97.26}},{"type":"Feature","geometry":{"type":"Point","coordinates":[-5.82368,42.72635]},"properties":{"id":"24158","name":"SANTA MARÍA DE ORDÁS","province":"24","population":327,"populationSource":"cadastre","status":"available","coverage":[0.0,0.0,0.0],"buildings":559,"coverage5":0.0,"coverage10":0.0,"coverage15":0.0}},{"type":"Feature","geometry":{"type":"Point","coordinates":[-5.86199,42.5128]},"properties":{"id":"24159","name":"SANTA MARINA DEL REY","province":"24","population":1718,"populationSource":"cadastre","status":"available","coverage":[35.11,49.17,57.38],"buildings":1320,"coverage5":35.11,"coverage10":49.17,"coverage15":57.38}},{"type":"Feature","geometry":{"type":"Point","coordinates":[-5.37196,42.43241]},"properties":{"id":"24160","name":"SANTAS MARTAS","province":"24","population":763,"populationSource":"cadastre","status":"available","coverage":[13.9,23.21,23.26],"buildings":900,"coverage5":13.9,"coverage10":23.21,"coverage15":23.26}},{"type":"Feature","geometry":{"type":"Point","coordinates":[-6.10599,42.38179]},"properties":{"id":"24161","name":"SANTIAGO MILLAS","province":"24","population":350,"populationSource":"cadastre","status":"available","coverage":[0.0,0.0,0.0],"buildings":513,"coverage5":0.0,"coverage10":0.0,"coverage15":0.0}},{"type":"Feature","geometry":{"type":"Point","coordinates":[-5.6214,42.54305]},"properties":{"id":"24162","name":"SANTOVENIA DE LA VALDONCINA","province":"24","population":2058,"populationSource":"cadastre","status":"available","coverage":[1.62,12.61,27.71],"buildings":1075,"coverage5":1.62,"coverage10":12.61,"coverage15":27.71}},{"type":"Feature","geometry":{"type":"Point","coordinates":[-5.63115,42.64737]},"properties":{"id":"24163","name":"SARIEGOS","province":"24","population":5456,"populationSource":"cadastre","status":"available","coverage":[5.98,13.91,23.98],"buildings":2533,"coverage5":5.98,"coverage10":13.91,"coverage15":23.98}},{"type":"Feature","geometry":{"type":"Point","coordinates":[-5.95316,42.92974]},"properties":{"id":"24164","name":"SENA DE LUNA","province":"24","population":373,"populationSource":"cadastre","status":"available","coverage":[0.0,0.0,0.0],"buildings":405,"coverage5":0.0,"coverage10":0.0,"coverage15":0.0}},{"type":"Feature","geometry":{"type":"Point","coordinates":[-6.85266,42.51997]},"properties":{"id":"24165","name":"SOBRADO","province":"24","population":275,"populationSource":"cadastre","status":"available","coverage":[0.0,0.0,0.0],"buildings":459,"coverage5":0.0,"coverage10":0.0,"coverage15":0.0}},{"type":"Feature","geometry":{"type":"Point","coordinates":[-5.88172,42.33265]},"properties":{"id":"24166","name":"SOTO DE LA VEGA","province":"24","population":1481,"populationSource":"cadastre","status":"available","coverage":[0.0,1.58,8.75],"buildings":1205,"coverage5":0.0,"coverage10":1.58,"coverage15":8.75}},{"type":"Feature","geometry":{"type":"Point","coordinates":[-5.88647,42.77564]},"properties":{"id":"24167","name":"SOTO Y AMÍO","province":"24","population":706,"populationSource":"cadastre","status":"available","coverage":[6.78,6.78,6.78],"buildings":735,"coverage5":6.78,"coverage10":6.78,"coverage15":6.78}},{"type":"Feature","geometry":{"type":"Point","coordinates":[-5.5673,42.24431]},"properties":{"id":"24168","name":"TORAL DE LOS GUZMANES","province":"24","population":486,"populationSource":"cadastre","status":"available","coverage":[0.0,0.0,0.0],"buildings":370,"coverage5":0.0,"coverage10":0.0,"coverage15":0.0}},{"type":"Feature","geometry":{"type":"Point","coordinates":[-6.51058,42.69757]},"properties":{"id":"24169","name":"TORENO","province":"24","population":2833,"populationSource":"cadastre","status":"available","coverage":[10.01,14.0,15.17],"buildings":2484,"coverage5":10.01,"coverage10":14.0,"coverage15":15.17}},{"type":"Feature","geometry":{"type":"Point","coordinates":[-6.32088,42.59504]},"properties":{"id":"24170","name":"TORRE DEL BIERZO","province":"24","population":1929,"populationSource":"cadastre","status":"available","coverage":[0.0,0.0,0.0],"buildings":1567,"coverage5":0.0,"coverage10":0.0,"coverage15":0.0}},{"type":"Feature","geometry":{"type":"Point","coordinates":[-6.88308,42.65012]},"properties":{"id":"24171","name":"TRABADELO","province":"24","population":321,"populationSource":"cadastre","status":"available","coverage":[0.0,0.0,0.0],"buildings":370,"coverage5":0.0,"coverage10":0.0,"coverage15":0.0}},{"type":"Feature","geometry":{"type":"Point","coordinates":[-6.43461,42.26094]},"properties":{"id":"24172","name":"TRUCHAS","province":"24","population":371,"populationSource":"cadastre","status":"available","coverage":[4.18,4.18,4.18],"buildings":1087,"coverage5":4.18,"coverage10":4.18,"coverage15":4.18}},{"type":"Feature","geometry":{"type":"Point","coordinates":[-5.87499,42.53345]},"properties":{"id":"24173","name":"TURCIA","province":"24","population":974,"populationSource":"cadastre","status":"available","coverage":[26.99,47.29,47.86],"buildings":897,"coverage5":26.99,"coverage10":47.29,"coverage15":47.86}},{"type":"Feature","geometry":{"type":"Point","coordinates":[-5.77108,42.37239]},"properties":{"id":"24174","name":"URDIALES DEL PÁRAMO","province":"24","population":445,"populationSource":"cadastre","status":"available","coverage":[0.0,0.0,0.0],"buildings":407,"coverage5":0.0,"coverage10":0.0,"coverage15":0.0}},{"type":"Feature","geometry":{"type":"Point","coordinates":[-5.49251,42.59374]},"properties":{"id":"24175","name":"VALDEFRESNO","province":"24","population":2362,"populationSource":"cadastre","status":"available","coverage":[2.42,4.55,9.79],"buildings":1583,"coverage5":2.42,"coverage10":4.55,"coverage15":9.79}},{"type":"Feature","geometry":{"type":"Point","coordinates":[-5.8316,42.32201]},"properties":{"id":"24176","name":"VALDEFUENTES DEL PÁRAMO","province":"24","population":304,"populationSource":"cadastre","status":"available","coverage":[0.0,0.0,0.0],"buildings":185,"coverage5":0.0,"coverage10":0.0,"coverage15":0.0}},{"type":"Feature","geometry":{"type":"Point","coordinates":[-5.4129,42.97393]},"properties":{"id":"24177","name":"VALDELUGUEROS","province":"24","population":484,"populationSource":"cadastre","status":"available","coverage":[15.29,15.77,19.76],"buildings":454,"coverage5":15.29,"coverage10":15.77,"coverage15":19.76}},{"type":"Feature","geometry":{"type":"Point","coordinates":[-5.42728,42.19603]},"properties":{"id":"24178","name":"VALDEMORA","province":"24","population":58,"populationSource":"cadastre","status":"available","coverage":[0.0,0.0,0.0],"buildings":82,"coverage5":0.0,"coverage10":0.0,"coverage15":0.0}},{"type":"Feature","geometry":{"type":"Point","coordinates":[-5.39841,42.86933]},"properties":{"id":"24179","name":"VALDEPIÉLAGO","province":"24","population":306,"populationSource":"cadastre","status":"available","coverage":[33.0,40.0,52.83],"buildings":575,"coverage5":33.0,"coverage10":40.0,"coverage15":52.83}},{"type":"Feature","geometry":{"type":"Point","coordinates":[-5.22573,42.577]},"properties":{"id":"24180","name":"VALDEPOLO","province":"24","population":1177,"populationSource":"cadastre","status":"available","coverage":[0.0,0.0,0.0],"buildings":978,"coverage5":0.0,"coverage10":0.0,"coverage15":0.0}},{"type":"Feature","geometry":{"type":"Point","coordinates":[-5.44573,42.07766]},"properties":{"id":"24181","name":"VALDERAS","province":"24","population":1479,"populationSource":"cadastre","status":"available","coverage":[0.0,0.0,0.0],"buildings":1089,"coverage5":0.0,"coverage10":0.0,"coverage15":0.0}},{"type":"Feature","geometry":{"type":"Point","coordinates":[-6.02062,42.39211]},"properties":{"id":"24182","name":"VALDERREY","province":"24","population":424,"populationSource":"cadastre","status":"available","coverage":[16.66,18.19,18.59],"buildings":694,"coverage5":16.66,"coverage10":18.19,"coverage15":18.59}},{"type":"Feature","geometry":{"type":"Point","coordinates":[-4.94744,42.81575]},"properties":{"id":"24183","name":"VALDERRUEDA","province":"24","population":817,"populationSource":"cadastre","status":"available","coverage":[7.59,17.42,20.42],"buildings":1267,"coverage5":7.59,"coverage10":17.42,"coverage15":20.42}},{"type":"Feature","geometry":{"type":"Point","coordinates":[-5.95144,42.72151]},"properties":{"id":"24184","name":"VALDESAMARIO","province":"24","population":167,"populationSource":"cadastre","status":"available","coverage":[0.0,0.0,0.0],"buildings":292,"coverage5":0.0,"coverage10":0.0,"coverage15":0.0}},{"type":"Feature","geometry":{"type":"Point","coordinates":[-6.12268,42.41787]},"properties":{"id":"24185","name":"VAL DE SAN LORENZO","province":"24","population":480,"populationSource":"cadastre","status":"available","coverage":[40.01,58.87,59.45],"buildings":591,"coverage5":40.01,"coverage10":58.87,"coverage15":59.45}},{"type":"Feature","geometry":{"type":"Point","coordinates":[-5.62002,42.41962]},"properties":{"id":"24187","name":"VALDEVIMBRE","province":"24","population":892,"populationSource":"cadastre","status":"available","coverage":[13.8,14.29,14.29],"buildings":972,"coverage5":13.8,"coverage10":14.29,"coverage15":14.29}},{"type":"Feature","geometry":{"type":"Point","coordinates":[-5.52019,42.2938]},"properties":{"id":"24188","name":"VALENCIA DE DON JUAN","province":"24","population":5103,"populationSource":"cadastre","status":"available","coverage":[0.0,0.0,0.0],"buildings":1635,"coverage5":0.0,"coverage10":0.0,"coverage15":0.0}},{"type":"Feature","geometry":{"type":"Point","coordinates":[-5.68293,42.56918]},"properties":{"id":"24189","name":"VALVERDE DE LA VIRGEN","province":"24","population":7936,"populationSource":"cadastre","status":"available","coverage":[37.77,59.97,70.31],"buildings":2200,"coverage5":37.77,"coverage10":59.97,"coverage15":70.31}},{"type":"Feature","geometry":{"type":"Point","coordinates":[-5.29919,42.30385]},"properties":{"id":"24190","name":"VALVERDE-ENRIQUE","province":"24","population":148,"populationSource":"osm_fallback","status":"available","coverage":[0.0,0.0,0.0],"buildings":2,"coverage5":0.0,"coverage10":0.0,"coverage15":0.0}},{"type":"Feature","geometry":{"type":"Point","coordinates":[-5.21062,42.35576]},"properties":{"id":"24191","name":"VALLECILLO","province":"24","population":99,"populationSource":"cadastre","status":"available","coverage":[0.0,0.0,0.0],"buildings":173,"coverage5":0.0,"coverage10":0.0,"coverage15":0.0}},{"type":"Feature","geometry":{"type":"Point","coordinates":[-5.40618,42.84868]},"properties":{"id":"24193","name":"LA VECILLA","province":"24","population":383,"populationSource":"cadastre","status":"review"}},{"type":"Feature","geometry":{"type":"Point","coordinates":[-5.53492,42.88439]},"properties":{"id":"24194","name":"VEGACERVERA","province":"24","population":246,"populationSource":"cadastre","status":"available","coverage":[13.74,13.74,13.74],"buildings":320,"coverage5":13.74,"coverage10":13.74,"coverage15":13.74}},{"type":"Feature","geometry":{"type":"Point","coordinates":[-6.65629,42.7281]},"properties":{"id":"24196","name":"VEGA DE ESPINAREDA","province":"24","population":2006,"populationSource":"cadastre","status":"available","coverage":[0.0,0.0,0.0],"buildings":1562,"coverage5":0.0,"coverage10":0.0,"coverage15":0.0}},{"type":"Feature","geometry":{"type":"Point","coordinates":[-5.53438,42.48098]},"properties":{"id":"24197","name":"VEGA DE INFANZONES","province":"24","population":837,"populationSource":"cadastre","status":"available","coverage":[0.0,0.0,0.0],"buildings":645,"coverage5":0.0,"coverage10":0.0,"coverage15":0.0}},{"type":"Feature","geometry":{"type":"Point","coordinates":[-6.94723,42.66525]},"properties":{"id":"24198","name":"VEGA DE VALCARCE","province":"24","population":555,"populationSource":"cadastre","status":"available","coverage":[0.0,0.0,0.0],"buildings":715,"coverage5":0.0,"coverage10":0.0,"coverage15":0.0}},{"type":"Feature","geometry":{"type":"Point","coordinates":[-5.33261,42.81882]},"properties":{"id":"24199","name":"VEGAQUEMADA","province":"24","population":418,"populationSource":"cadastre","status":"available","coverage":[0.0,0.0,0.0],"buildings":687,"coverage5":0.0,"coverage10":0.0,"coverage15":0.0}},{"type":"Feature","geometry":{"type":"Point","coordinates":[-5.36494,42.68479]},"properties":{"id":"24201","name":"VEGAS DEL CONDADO","province":"24","population":1165,"populationSource":"cadastre","status":"available","coverage":[7.63,15.22,16.76],"buildings":1661,"coverage5":7.63,"coverage10":15.22,"coverage15":16.76}},{"type":"Feature","geometry":{"type":"Point","coordinates":[-6.317,42.93983]},"properties":{"id":"24202","name":"VILLABLINO","province":"24","population":7585,"populationSource":"cadastre","status":"available","coverage":[19.22,40.29,50.47],"buildings":2986,"coverage5":19.22,"coverage10":40.29,"coverage15":50.47}},{"type":"Feature","geometry":{"type":"Point","coordinates":[-5.44436,42.24627]},"properties":{"id":"24203","name":"VILLABRAZ","province":"24","population":82,"populationSource":"cadastre","status":"available","coverage":[18.94,18.94,18.94],"buildings":134,"coverage5":18.94,"coverage10":18.94,"coverage15":18.94}},{"type":"Feature","geometry":{"type":"Point","coordinates":[-5.76649,42.51667]},"properties":{"id":"24205","name":"VILLADANGOS DEL PÁRAMO","province":"24","population":1268,"populationSource":"cadastre","status":"available","coverage":[42.29,77.4,80.63],"buildings":818,"coverage5":42.29,"coverage10":77.4,"coverage15":80.63}},{"type":"Feature","geometry":{"type":"Point","coordinates":[-6.75909,42.58022]},"properties":{"id":"24206","name":"TORAL DE LOS VADOS","province":"24","population":1751,"populationSource":"cadastre","status":"available","coverage":[16.07,47.1,63.65],"buildings":1296,"coverage5":16.07,"coverage10":47.1,"coverage15":63.65}},{"type":"Feature","geometry":{"type":"Point","coordinates":[-5.56897,42.27039]},"properties":{"id":"24207","name":"VILLADEMOR DE LA VEGA","province":"24","population":289,"populationSource":"cadastre","status":"available","coverage":[38.68,93.53,98.79],"buildings":313,"coverage5":38.68,"coverage10":93.53,"coverage15":98.79}},{"type":"Feature","geometry":{"type":"Point","coordinates":[-6.81082,42.60599]},"properties":{"id":"24209","name":"VILLAFRANCA DEL BIERZO","province":"24","population":2591,"populationSource":"cadastre","status":"available","coverage":[0.0,0.0,0.0],"buildings":2057,"coverage5":0.0,"coverage10":0.0,"coverage15":0.0}},{"type":"Feature","geometry":{"type":"Point","coordinates":[-6.16185,42.63479]},"properties":{"id":"24210","name":"VILLAGATÓN","province":"24","population":611,"populationSource":"cadastre","status":"available","coverage":[12.11,30.26,30.26],"buildings":771,"coverage5":12.11,"coverage10":30.26,"coverage15":30.26}},{"type":"Feature","geometry":{"type":"Point","coordinates":[-5.59312,42.17934]},"properties":{"id":"24211","name":"VILLAMANDOS","province":"24","population":272,"populationSource":"cadastre","status":"available","coverage":[0.0,0.0,0.0],"buildings":289,"coverage5":0.0,"coverage10":0.0,"coverage15":0.0}},{"type":"Feature","geometry":{"type":"Point","coordinates":[-5.58562,42.32179]},"properties":{"id":"24212","name":"VILLAMAÑÁN","province":"24","population":1084,"populationSource":"cadastre","status":"available","coverage":[0.0,0.0,0.0],"buildings":889,"coverage5":0.0,"coverage10":0.0,"coverage15":0.0}},{"type":"Feature","geometry":{"type":"Point","coordinates":[-5.06102,42.57062]},"properties":{"id":"24213","name":"VILLAMARTÍN DE DON SANCHO","province":"24","population":130,"populationSource":"cadastre","status":"available","coverage":[0.0,0.0,0.0],"buildings":200,"coverage5":0.0,"coverage10":0.0,"coverage15":0.0}},{"type":"Feature","geometry":{"type":"Point","coordinates":[-6.0243,42.56268]},"properties":{"id":"24214","name":"VILLAMEJIL","province":"24","population":653,"populationSource":"cadastre","status":"available","coverage":[0.0,0.0,0.0],"buildings":709,"coverage5":0.0,"coverage10":0.0,"coverage15":0.0}},{"type":"Feature","geometry":{"type":"Point","coordinates":[-5.04907,42.42855]},"properties":{"id":"24215","name":"VILLAMOL","province":"24","population":134,"populationSource":"cadastre","status":"available","coverage":[0.0,0.0,0.0],"buildings":189,"coverage5":0.0,"coverage10":0.0,"coverage15":0.0}},{"type":"Feature","geometry":{"type":"Point","coordinates":[-5.99656,42.31016]},"properties":{"id":"24216","name":"VILLAMONTÁN DE LA VALDUERNA","province":"24","population":678,"populationSource":"cadastre","status":"available","coverage":[8.69,11.79,12.32],"buildings":678,"coverage5":8.69,"coverage10":11.79,"coverage15":12.32}},{"type":"Feature","geometry":{"type":"Point","coordinates":[-5.30316,42.39626]},"properties":{"id":"24217","name":"VILLAMORATIEL DE LAS MATAS","province":"24","population":121,"populationSource":"cadastre","status":"available","coverage":[0.0,0.0,0.0],"buildings":173,"coverage5":0.0,"coverage10":0.0,"coverage15":0.0}},{"type":"Feature","geometry":{"type":"Point","coordinates":[-5.48047,42.47136]},"properties":{"id":"24218","name":"VILLANUEVA DE LAS MANZANAS","province":"24","population":484,"populationSource":"cadastre","status":"available","coverage":[0.0,0.0,0.0],"buildings":526,"coverage5":0.0,"coverage10":0.0,"coverage15":0.0}},{"type":"Feature","geometry":{"type":"Point","coordinates":[-6.05856,42.49999]},"properties":{"id":"24219","name":"VILLAOBISPO DE OTERO","province":"24","population":514,"populationSource":"cadastre","status":"available","coverage":[0.0,0.0,0.0],"buildings":418,"coverage5":0.0,"coverage10":0.0,"coverage15":0.0}},{"type":"Feature","geometry":{"type":"Point","coordinates":[-5.59601,42.1464]},"properties":{"id":"24221","name":"VILLAQUEJIDA","province":"24","population":763,"populationSource":"cadastre","status":"available","coverage":[32.76,65.8,69.64],"buildings":662,"coverage5":32.76,"coverage10":65.8,"coverage15":69.64}},{"type":"Feature","geometry":{"type":"Point","coordinates":[-5.55877,42.64631]},"properties":{"id":"24222","name":"VILLAQUILAMBRE","province":"24","population":18905,"populationSource":"cadastre","status":"available","coverage":[16.37,36.64,42.32],"buildings":3423,"coverage5":16.37,"coverage10":36.64,"coverage15":42.32}},{"type":"Feature","geometry":{"type":"Point","coordinates":[-5.90378,42.4452]},"properties":{"id":"24223","name":"VILLAREJO DE ÓRBIGO","province":"24","population":2856,"populationSource":"cadastre","status":"available","coverage":[29.01,57.96,80.36],"buildings":1635,"coverage5":29.01,"coverage10":57.96,"coverage15":80.36}},{"type":"Feature","geometry":{"type":"Point","coordinates":[-5.9091,42.47082]},"properties":{"id":"24224","name":"VILLARES DE ÓRBIGO","province":"24","population":557,"populationSource":"cadastre","status":"available","coverage":[0.0,0.0,0.0],"buildings":603,"coverage5":0.0,"coverage10":0.0,"coverage15":0.0}},{"type":"Feature","geometry":{"type":"Point","coordinates":[-5.41474,42.53337]},"properties":{"id":"24225","name":"VILLASABARIEGO","province":"24","population":1155,"populationSource":"cadastre","status":"available","coverage":[0.17,0.17,0.17],"buildings":968,"coverage5":0.17,"coverage10":0.17,"coverage15":0.17}},{"type":"Feature","geometry":{"type":"Point","coordinates":[-5.04791,42.56095]},"properties":{"id":"24226","name":"VILLASELÁN","province":"24","population":180,"populationSource":"cadastre","status":"available","coverage":[0.0,0.0,0.0],"buildings":287,"coverage5":0.0,"coverage10":0.0,"coverage15":0.0}},{"type":"Feature","geometry":{"type":"Point","coordinates":[-5.48538,42.51853]},"properties":{"id":"24227","name":"VILLATURIEL","province":"24","population":1818,"populationSource":"cadastre","status":"available","coverage":[0.76,7.72,8.33],"buildings":1158,"coverage5":0.76,"coverage10":7.72,"coverage15":8.33}},{"type":"Feature","geometry":{"type":"Point","coordinates":[-5.85619,42.3612]},"properties":{"id":"24228","name":"VILLAZALA","province":"24","population":560,"populationSource":"cadastre","status":"available","coverage":[0.34,0.34,0.34],"buildings":654,"coverage5":0.34,"coverage10":0.34,"coverage15":0.34}},{"type":"Feature","geometry":{"type":"Point","coordinates":[-4.96487,42.53494]},"properties":{"id":"24229","name":"VILLAZANZO DE VALDERADUEY","province":"24","population":360,"populationSource":"cadastre","status":"available","coverage":[11.63,11.63,11.63],"buildings":681,"coverage5":11.63,"coverage10":11.63,"coverage15":11.63}},{"type":"Feature","geometry":{"type":"Point","coordinates":[-5.73638,42.27236]},"properties":{"id":"24230","name":"ZOTES DEL PÁRAMO","province":"24","population":384,"populationSource":"cadastre","status":"available","coverage":[0.0,0.0,0.0],"buildings":387,"coverage5":0.0,"coverage10":0.0,"coverage15":0.0}},{"type":"Feature","geometry":{"type":"Point","coordinates":[-5.65595,42.93703]},"properties":{"id":"24901","name":"VILLAMANÍN","province":"24","population":863,"populationSource":"cadastre","status":"available","coverage":[10.74,14.39,14.52],"buildings":959,"coverage5":10.74,"coverage10":14.39,"coverage15":14.52}},{"type":"Feature","geometry":{"type":"Point","coordinates":[-5.54976,42.18481]},"properties":{"id":"24902","name":"VILLAORNATE Y CASTRO","province":"24","population":348,"populationSource":"cadastre","status":"available","coverage":[0.0,0.0,0.0],"buildings":327,"coverage5":0.0,"coverage10":0.0,"coverage15":0.0}},{"type":"Feature","geometry":{"type":"Point","coordinates":[-4.84051,42.06342]},"properties":{"id":"34001","name":"ABARCA DE CAMPOS","province":"34","population":38,"populationSource":"cadastre","status":"available","coverage":[0.0,0.0,0.0],"buildings":34,"coverage5":0.0,"coverage10":0.0,"coverage15":0.0}},{"type":"Feature","geometry":{"type":"Point","coordinates":[-4.42286,42.41894]},"properties":{"id":"34003","name":"ABIA DE LAS TORRES","province":"34","population":165,"populationSource":"cadastre","status":"available","coverage":[0.0,0.0,0.0],"buildings":142,"coverage5":0.0,"coverage10":0.0,"coverage15":0.0}},{"type":"Feature","geometry":{"type":"Point","coordinates":[-4.25994,42.79265]},"properties":{"id":"34004","name":"AGUILAR DE CAMPOO","province":"34","population":6916,"populationSource":"cadastre","status":"available","coverage":[25.46,49.39,56.14],"buildings":2028,"coverage5":25.46,"coverage10":49.39,"coverage15":56.14}},{"type":"Feature","geometry":{"type":"Point","coordinates":[-4.31131,42.66001]},"properties":{"id":"34005","name":"ALAR DEL REY","province":"34","population":910,"populationSource":"cadastre","status":"available","coverage":[0.0,0.0,0.0],"buildings":676,"coverage5":0.0,"coverage10":0.0,"coverage15":0.0}},{"type":"Feature","geometry":{"type":"Point","coordinates":[-4.36593,41.8125]},"properties":{"id":"34006","name":"ALBA DE CERRATO","province":"34","population":80,"populationSource":"cadastre","status":"available","coverage":[0.0,0.0,0.0],"buildings":81,"coverage5":0.0,"coverage10":0.0,"coverage15":0.0}},{"type":"Feature","geometry":{"type":"Point","coordinates":[-4.48935,42.21161]},"properties":{"id":"34009","name":"AMAYUELAS DE ARRIBA","province":"34","population":36,"populationSource":"cadastre","status":"available","coverage":[0.0,0.0,0.0],"buildings":33,"coverage5":0.0,"coverage10":0.0,"coverage15":0.0}},{"type":"Feature","geometry":{"type":"Point","coordinates":[-4.78101,41.91629]},"properties":{"id":"34010","name":"AMPUDIA","province":"34","population":588,"populationSource":"cadastre","status":"available","coverage":[31.5,85.26,85.37],"buildings":432,"coverage5":31.5,"coverage10":85.26,"coverage15":85.37}},{"type":"Feature","geometry":{"type":"Point","coordinates":[-4.47026,42.17312]},"properties":{"id":"34011","name":"AMUSCO","province":"34","population":417,"populationSource":"cadastre","status":"available","coverage":[0.0,0.0,0.0],"buildings":360,"coverage5":0.0,"coverage10":0.0,"coverage15":0.0}},{"type":"Feature","geometry":{"type":"Point","coordinates":[-4.1183,41.94594]},"properties":{"id":"34012","name":"ANTIGÜEDAD","province":"34","population":329,"populationSource":"cadastre","status":"available","coverage":[0.0,0.0,0.0],"buildings":358,"coverage5":0.0,"coverage10":0.0,"coverage15":0.0}},{"type":"Feature","geometry":{"type":"Point","coordinates":[-4.49739,42.33115]},"properties":{"id":"34015","name":"ARCONADA","province":"34","population":45,"populationSource":"cadastre","status":"available","coverage":[0.0,0.0,0.0],"buildings":69,"coverage5":0.0,"coverage10":0.0,"coverage15":0.0}},{"type":"Feature","geometry":{"type":"Point","coordinates":[-4.29215,42.19279]},"properties":{"id":"34017","name":"ASTUDILLO","province":"34","population":1041,"populationSource":"cadastre","status":"available","coverage":[0.0,0.0,0.0],"buildings":704,"coverage5":0.0,"coverage10":0.0,"coverage15":0.0}},{"type":"Feature","geometry":{"type":"Point","coordinates":[-4.63399,41.99118]},"properties":{"id":"34018","name":"AUTILLA DEL PINO","province":"34","population":223,"populationSource":"cadastre","status":"available","coverage":[0.0,0.0,0.0],"buildings":215,"coverage5":0.0,"coverage10":0.0,"coverage15":0.0}},{"type":"Feature","geometry":{"type":"Point","coordinates":[-4.83132,42.08825]},"properties":{"id":"34019","name":"AUTILLO DE CAMPOS","province":"34","population":125,"populationSource":"cadastre","status":"available","coverage":[0.0,0.0,0.0],"buildings":107,"coverage5":0.0,"coverage10":0.0,"coverage15":0.0}},{"type":"Feature","geometry":{"type":"Point","coordinates":[-4.65823,42.62923]},"properties":{"id":"34020","name":"AYUELA","province":"34","population":48,"populationSource":"cadastre","status":"available","coverage":[0.0,0.0,0.0],"buildings":63,"coverage5":0.0,"coverage10":0.0,"coverage15":0.0}},{"type":"Feature","geometry":{"type":"Point","coordinates":[-4.24613,41.93933]},"properties":{"id":"34022","name":"BALTANÁS","province":"34","population":1226,"populationSource":"cadastre","status":"available","coverage":[0.0,0.0,0.0],"buildings":1136,"coverage5":0.0,"coverage10":0.0,"coverage15":0.0}},{"type":"Feature","geometry":{"type":"Point","coordinates":[-4.49735,41.92284]},"properties":{"id":"34023","name":"VENTA DE BAÑOS","province":"34","population":6372,"populationSource":"cadastre","status":"available","coverage":[49.13,82.51,98.95],"buildings":1686,"coverage5":49.13,"coverage10":82.51,"coverage15":98.95}},{"type":"Feature","geometry":{"type":"Point","coordinates":[-4.78376,42.01533]},"properties":{"id":"34024","name":"BAQUERÍN DE CAMPOS","province":"34","population":20,"populationSource":"cadastre","status":"available","coverage":[0.0,0.0,0.0],"buildings":22,"coverage5":0.0,"coverage10":0.0,"coverage15":0.0}},{"type":"Feature","geometry":{"type":"Point","coordinates":[-4.49966,42.48339]},"properties":{"id":"34025","name":"BÁRCENA DE CAMPOS","province":"34","population":53,"populationSource":"cadastre","status":"available","coverage":[0.0,0.0,0.0],"buildings":82,"coverage5":0.0,"coverage10":0.0,"coverage15":0.0}},{"type":"Feature","geometry":{"type":"Point","coordinates":[-4.28837,42.90821]},"properties":{"id":"34027","name":"BARRUELO DE SANTULLÁN","province":"34","population":1164,"populationSource":"cadastre","status":"available","coverage":[0.0,0.0,0.0],"buildings":1686,"coverage5":0.0,"coverage10":0.0,"coverage15":0.0}},{"type":"Feature","geometry":{"type":"Point","coordinates":[-4.52713,42.67014]},"properties":{"id":"34028","name":"BÁSCONES DE OJEDA","province":"34","population":136,"populationSource":"cadastre","status":"available","coverage":[0.0,0.0,0.0],"buildings":142,"coverage5":0.0,"coverage10":0.0,"coverage15":0.0}},{"type":"Feature","geometry":{"type":"Point","coordinates":[-4.63962,42.1085]},"properties":{"id":"34029","name":"BECERRIL DE CAMPOS","province":"34","population":737,"populationSource":"cadastre","status":"available","coverage":[0.0,0.0,0.0],"buildings":519,"coverage5":0.0,"coverage10":0.0,"coverage15":0.0}},{"type":"Feature","geometry":{"type":"Point","coordinates":[-4.99016,41.94158]},"properties":{"id":"34031","name":"BELMONTE DE CAMPOS","province":"34","population":28,"populationSource":"cadastre","status":"available","coverage":[0.0,0.0,0.0],"buildings":22,"coverage5":0.0,"coverage10":0.0,"coverage15":0.0}},{"type":"Feature","geometry":{"type":"Point","coordinates":[-4.03685,42.78167]},"properties":{"id":"34032","name":"BERZOSILLA","province":"34","population":45,"populationSource":"cadastre","status":"available","coverage":[0.0,0.0,0.0],"buildings":114,"coverage5":0.0,"coverage10":0.0,"coverage15":0.0}},{"type":"Feature","geometry":{"type":"Point","coordinates":[-4.87698,41.98838]},"properties":{"id":"34033","name":"BOADA DE CAMPOS","province":"34","population":17,"populationSource":"cadastre","status":"available","coverage":[0.0,0.0,0.0],"buildings":9,"coverage5":0.0,"coverage10":0.0,"coverage15":0.0}},{"type":"Feature","geometry":{"type":"Point","coordinates":[-4.34703,42.25854]},"properties":{"id":"34034","name":"BOADILLA DEL CAMINO","province":"34","population":111,"populationSource":"cadastre","status":"available","coverage":[0.0,0.0,0.0],"buildings":112,"coverage5":0.0,"coverage10":0.0,"coverage15":0.0}},{"type":"Feature","geometry":{"type":"Point","coordinates":[-4.96852,42.17827]},"properties":{"id":"34035","name":"BOADILLA DE RIOSECO","province":"34","population":95,"populationSource":"cadastre","status":"available","coverage":[0.0,0.0,0.0],"buildings":168,"coverage5":0.0,"coverage10":0.0,"coverage15":0.0}},{"type":"Feature","geometry":{"type":"Point","coordinates":[-4.30785,42.93519]},"properties":{"id":"34036","name":"BRAÑOSERA","province":"34","population":253,"populationSource":"cadastre","status":"available","coverage":[0.0,0.0,0.0],"buildings":426,"coverage5":0.0,"coverage10":0.0,"coverage15":0.0}},{"type":"Feature","geometry":{"type":"Point","coordinates":[-4.61431,42.64047]},"properties":{"id":"34037","name":"BUENAVISTA DE VALDAVIA","province":"34","population":290,"populationSource":"cadastre","status":"available","coverage":[0.0,0.0,0.0],"buildings":421,"coverage5":0.0,"coverage10":0.0,"coverage15":0.0}},{"type":"Feature","geometry":{"type":"Point","coordinates":[-4.73863,42.45662]},"properties":{"id":"34038","name":"BUSTILLO DE LA VEGA","province":"34","population":259,"populationSource":"cadastre","status":"available","coverage":[0.0,0.0,0.0],"buildings":205,"coverage5":0.0,"coverage10":0.0,"coverage15":0.0}},{"type":"Feature","geometry":{"type":"Point","coordinates":[-4.73909,42.3556]},"properties":{"id":"34039","name":"BUSTILLO DEL PÁRAMO DE CARRIÓN","province":"34","population":58,"populationSource":"cadastre","status":"available","coverage":[0.0,0.0,0.0],"buildings":68,"coverage5":0.0,"coverage10":0.0,"coverage15":0.0}},{"type":"Feature","geometry":{"type":"Point","coordinates":[-4.38604,42.57537]},"properties":{"id":"34041","name":"CALAHORRA DE BOEDO","province":"34","population":82,"populationSource":"cadastre","status":"available","coverage":[0.0,0.0,0.0],"buildings":107,"coverage5":0.0,"coverage10":0.0,"coverage15":0.0}},{"type":"Feature","geometry":{"type":"Point","coordinates":[-4.65,42.3274]},"properties":{"id":"34042","name":"CALZADA DE LOS MOLINOS","province":"34","population":305,"populationSource":"cadastre","status":"available","coverage":[0.0,0.0,0.0],"buildings":194,"coverage5":0.0,"coverage10":0.0,"coverage15":0.0}},{"type":"Feature","geometry":{"type":"Point","coordinates":[-4.89072,42.01364]},"properties":{"id":"34045","name":"CAPILLAS","province":"34","population":68,"populationSource":"cadastre","status":"available","coverage":[0.0,0.0,0.0],"buildings":51,"coverage5":0.0,"coverage10":0.0,"coverage15":0.0}},{"type":"Feature","geometry":{"type":"Point","coordinates":[-4.70367,42.23193]},"properties":{"id":"34046","name":"CARDEÑOSA DE VOLPEJERA","province":"34","population":64,"populationSource":"cadastre","status":"available","coverage":[0.0,0.0,0.0],"buildings":28,"coverage5":0.0,"coverage10":0.0,"coverage15":0.0}},{"type":"Feature","geometry":{"type":"Point","coordinates":[-4.60446,42.34073]},"properties":{"id":"34047","name":"CARRIÓN DE LOS CONDES","province":"34","population":1997,"populationSource":"cadastre","status":"available","coverage":[0.0,0.0,0.0],"buildings":890,"coverage5":0.0,"coverage10":0.0,"coverage15":0.0}},{"type":"Feature","geometry":{"type":"Point","coordinates":[-4.96047,41.98281]},"properties":{"id":"34048","name":"CASTIL DE VELA","province":"34","population":54,"populationSource":"cadastre","status":"available","coverage":[0.0,0.0,0.0],"buildings":53,"coverage5":0.0,"coverage10":0.0,"coverage15":0.0}},{"type":"Feature","geometry":{"type":"Point","coordinates":[-4.59929,42.80795]},"properties":{"id":"34049","name":"CASTREJÓN DE LA PEÑA","province":"34","population":322,"populationSource":"cadastre","status":"available","coverage":[0.0,0.0,0.0],"buildings":388,"coverage5":0.0,"coverage10":0.0,"coverage15":0.0}},{"type":"Feature","geometry":{"type":"Point","coordinates":[-4.07039,41.79101]},"properties":{"id":"34050","name":"CASTRILLO DE DON JUAN","province":"34","population":177,"populationSource":"cadastre","status":"available","coverage":[0.0,0.0,0.0],"buildings":254,"coverage5":0.0,"coverage10":0.0,"coverage15":0.0}},{"type":"Feature","geometry":{"type":"Point","coordinates":[-4.30218,41.85775]},"properties":{"id":"34051","name":"CASTRILLO DE ONIELO","province":"34","population":91,"populationSource":"cadastre","status":"available","coverage":[0.0,0.0,0.0],"buildings":149,"coverage5":0.0,"coverage10":0.0,"coverage15":0.0}},{"type":"Feature","geometry":{"type":"Point","coordinates":[-4.47998,42.4543]},"properties":{"id":"34052","name":"CASTRILLO DE VILLAVEGA","province":"34","population":167,"populationSource":"cadastre","status":"available","coverage":[0.0,0.0,0.0],"buildings":226,"coverage5":0.0,"coverage10":0.0,"coverage15":0.0}},{"type":"Feature","geometry":{"type":"Point","coordinates":[-4.8221,42.0291]},"properties":{"id":"34053","name":"CASTROMOCHO","province":"34","population":193,"populationSource":"cadastre","status":"available","coverage":[0.0,0.0,0.0],"buildings":167,"coverage5":0.0,"coverage10":0.0,"coverage15":0.0}},{"type":"Feature","geometry":{"type":"Point","coordinates":[-4.76895,42.29169]},"properties":{"id":"34055","name":"CERVATOS DE LA CUEZA","province":"34","population":241,"populationSource":"cadastre","status":"available","coverage":[0.0,0.0,0.0],"buildings":247,"coverage5":0.0,"coverage10":0.0,"coverage15":0.0}},{"type":"Feature","geometry":{"type":"Point","coordinates":[-4.49921,42.8658]},"properties":{"id":"34056","name":"CERVERA DE PISUERGA","province":"34","population":2272,"populationSource":"cadastre","status":"available","coverage":[22.11,37.27,39.68],"buildings":1601,"coverage5":22.11,"coverage10":37.27,"coverage15":39.68}},{"type":"Feature","geometry":{"type":"Point","coordinates":[-4.41029,41.85242]},"properties":{"id":"34057","name":"CEVICO DE LA TORRE","province":"34","population":464,"populationSource":"cadastre","status":"available","coverage":[93.75,99.49,99.49],"buildings":370,"coverage5":93.75,"coverage10":99.49,"coverage15":99.49}},{"type":"Feature","geometry":{"type":"Point","coordinates":[-4.18393,41.86122]},"properties":{"id":"34058","name":"CEVICO NAVERO","province":"34","population":175,"populationSource":"cadastre","status":"available","coverage":[0.0,0.0,0.0],"buildings":260,"coverage5":0.0,"coverage10":0.0,"coverage15":0.0}},{"type":"Feature","geometry":{"type":"Point","coordinates":[-4.85693,42.22054]},"properties":{"id":"34059","name":"CISNEROS","province":"34","population":426,"populationSource":"cadastre","status":"available","coverage":[0.0,0.0,0.0],"buildings":346,"coverage5":0.0,"coverage10":0.0,"coverage15":0.0}},{"type":"Feature","geometry":{"type":"Point","coordinates":[-4.00227,42.027]},"properties":{"id":"34060","name":"COBOS DE CERRATO","province":"34","population":129,"populationSource":"cadastre","status":"available","coverage":[0.0,0.0,0.0],"buildings":211,"coverage5":0.0,"coverage10":0.0,"coverage15":0.0}},{"type":"Feature","geometry":{"type":"Point","coordinates":[-4.48346,42.61991]},"properties":{"id":"34061","name":"COLLAZOS DE BOEDO","province":"34","population":89,"populationSource":"cadastre","status":"available","coverage":[0.0,0.0,0.0],"buildings":125,"coverage5":0.0,"coverage10":0.0,"coverage15":0.0}},{"type":"Feature","geometry":{"type":"Point","coordinates":[-4.63486,42.7146]},"properties":{"id":"34062","name":"CONGOSTO DE VALDAVIA","province":"34","population":132,"populationSource":"cadastre","status":"available","coverage":[0.0,0.0,0.0],"buildings":230,"coverage5":0.0,"coverage10":0.0,"coverage15":0.0}},{"type":"Feature","geometry":{"type":"Point","coordinates":[-4.25879,42.08081]},"properties":{"id":"34063","name":"CORDOVILLA LA REAL","province":"34","population":130,"populationSource":"cadastre","status":"available","coverage":[0.0,0.0,0.0],"buildings":108,"coverage5":0.0,"coverage10":0.0,"coverage15":0.0}},{"type":"Feature","geometry":{"type":"Point","coordinates":[-4.46725,41.7993]},"properties":{"id":"34066","name":"CUBILLAS DE CERRATO","province":"34","population":60,"populationSource":"cadastre","status":"available","coverage":[0.0,0.0,0.0],"buildings":126,"coverage5":0.0,"coverage10":0.0,"coverage15":0.0}},{"type":"Feature","geometry":{"type":"Point","coordinates":[-4.50935,42.81904]},"properties":{"id":"34067","name":"DEHESA DE MONTEJO","province":"34","population":130,"populationSource":"cadastre","status":"available","coverage":[0.0,0.0,0.3],"buildings":183,"coverage5":0.0,"coverage10":0.0,"coverage15":0.3}},{"type":"Feature","geometry":{"type":"Point","coordinates":[-4.4364,42.64155]},"properties":{"id":"34068","name":"DEHESA DE ROMANOS","province":"34","population":39,"populationSource":"cadastre","status":"available","coverage":[0.0,0.0,0.0],"buildings":52,"coverage5":0.0,"coverage10":0.0,"coverage15":0.0}},{"type":"Feature","geometry":{"type":"Point","coordinates":[-4.5453,41.87793]},"properties":{"id":"34069","name":"DUEÑAS","province":"34","population":2605,"populationSource":"cadastre","status":"available","coverage":[28.29,65.63,90.84],"buildings":978,"coverage5":28.29,"coverage10":65.63,"coverage15":90.84}},{"type":"Feature","geometry":{"type":"Point","coordinates":[-3.95159,41.96825]},"properties":{"id":"34070","name":"ESPINOSA DE CERRATO","province":"34","population":119,"populationSource":"cadastre","status":"available","coverage":[0.0,0.0,0.0],"buildings":292,"coverage5":0.0,"coverage10":0.0,"coverage15":0.0}},{"type":"Feature","geometry":{"type":"Point","coordinates":[-4.37074,42.48135]},"properties":{"id":"34071","name":"ESPINOSA DE VILLAGONZALO","province":"34","population":164,"populationSource":"cadastre","status":"available","coverage":[0.0,0.0,0.0],"buildings":173,"coverage5":0.0,"coverage10":0.0,"coverage15":0.0}},{"type":"Feature","geometry":{"type":"Point","coordinates":[-4.83873,42.13705]},"properties":{"id":"34072","name":"FRECHILLA","province":"34","population":138,"populationSource":"cadastre","status":"available","coverage":[0.0,0.0,0.0],"buildings":168,"coverage5":0.0,"coverage10":0.0,"coverage15":0.0}},{"type":"Feature","geometry":{"type":"Point","coordinates":[-4.81777,42.68081]},"properties":{"id":"34073","name":"FRESNO DEL RÍO","province":"34","population":169,"populationSource":"cadastre","status":"available","coverage":[0.0,0.0,0.0],"buildings":173,"coverage5":0.0,"coverage10":0.0,"coverage15":0.0}},{"type":"Feature","geometry":{"type":"Point","coordinates":[-4.40257,42.26774]},"properties":{"id":"34074","name":"FRÓMISTA","province":"34","population":727,"populationSource":"cadastre","status":"available","coverage":[0.0,0.0,0.0],"buildings":382,"coverage5":0.0,"coverage10":0.0,"coverage15":0.0}},{"type":"Feature","geometry":{"type":"Point","coordinates":[-4.78186,42.08326]},"properties":{"id":"34076","name":"FUENTES DE NAVA","province":"34","population":581,"populationSource":"cadastre","status":"available","coverage":[0.0,0.0,0.0],"buildings":421,"coverage5":0.0,"coverage10":0.0,"coverage15":0.0}},{"type":"Feature","geometry":{"type":"Point","coordinates":[-4.50023,42.07141]},"properties":{"id":"34077","name":"FUENTES DE VALDEPERO","province":"34","population":489,"populationSource":"cadastre","status":"available","coverage":[62.27,94.89,96.86],"buildings":309,"coverage5":62.27,"coverage10":94.89,"coverage15":96.86}},{"type":"Feature","geometry":{"type":"Point","coordinates":[-4.58176,42.05398]},"properties":{"id":"34079","name":"GRIJOTA","province":"34","population":2839,"populationSource":"cadastre","status":"available","coverage":[4.05,18.31,47.9],"buildings":1681,"coverage5":4.05,"coverage10":18.31,"coverage15":47.9}},{"type":"Feature","geometry":{"type":"Point","coordinates":[-4.84151,42.78894]},"properties":{"id":"34080","name":"GUARDO","province":"34","population":5502,"populationSource":"cadastre","status":"available","coverage":[0.0,0.0,0.0],"buildings":1566,"coverage5":0.0,"coverage10":0.0,"coverage15":0.0}},{"type":"Feature","geometry":{"type":"Point","coordinates":[-4.90823,42.13573]},"properties":{"id":"34081","name":"GUAZA DE CAMPOS","province":"34","population":57,"populationSource":"cadastre","status":"available","coverage":[0.0,0.0,0.0],"buildings":76,"coverage5":0.0,"coverage10":0.0,"coverage15":0.0}},{"type":"Feature","geometry":{"type":"Point","coordinates":[-4.1777,41.81977]},"properties":{"id":"34082","name":"HÉRMEDES DE CERRATO","province":"34","population":72,"populationSource":"cadastre","status":"available","coverage":[0.0,0.0,0.0],"buildings":147,"coverage5":0.0,"coverage10":0.0,"coverage15":0.0}},{"type":"Feature","geometry":{"type":"Point","coordinates":[-4.33025,42.59478]},"properties":{"id":"34083","name":"HERRERA DE PISUERGA","province":"34","population":1875,"populationSource":"cadastre","status":"available","coverage":[0.0,0.0,0.0],"buildings":1205,"coverage5":0.0,"coverage10":0.0,"coverage15":0.0}},{"type":"Feature","geometry":{"type":"Point","coordinates":[-4.19941,42.0483]},"properties":{"id":"34084","name":"HERRERA DE VALDECAÑAS","province":"34","population":148,"populationSource":"cadastre","status":"available","coverage":[0.0,0.0,0.0],"buildings":125,"coverage5":0.0,"coverage10":0.0,"coverage15":0.0}},{"type":"Feature","geometry":{"type":"Point","coordinates":[-4.44307,41.9112]},"properties":{"id":"34086","name":"HONTORIA DE CERRATO","province":"34","population":108,"populationSource":"cadastre","status":"available","coverage":[0.0,0.0,0.0],"buildings":87,"coverage5":0.0,"coverage10":0.0,"coverage15":0.0}},{"type":"Feature","geometry":{"type":"Point","coordinates":[-4.27221,41.98823]},"properties":{"id":"34087","name":"HORNILLOS DE CERRATO","province":"34","population":171,"populationSource":"cadastre","status":"available","coverage":[100.0,100.0,100.0],"buildings":107,"coverage5":100.0,"coverage10":100.0,"coverage15":100.0}},{"type":"Feature","geometry":{"type":"Point","coordinates":[-4.52704,42.09042]},"properties":{"id":"34088","name":"HUSILLOS","province":"34","population":413,"populationSource":"cadastre","status":"available","coverage":[0.0,0.0,0.0],"buildings":390,"coverage5":0.0,"coverage10":0.0,"coverage15":0.0}},{"type":"Feature","geometry":{"type":"Point","coordinates":[-4.25877,42.28655]},"properties":{"id":"34089","name":"ITERO DE LA VEGA","province":"34","population":147,"populationSource":"cadastre","status":"available","coverage":[0.0,0.0,0.0],"buildings":152,"coverage5":0.0,"coverage10":0.0,"coverage15":0.0}},{"type":"Feature","geometry":{"type":"Point","coordinates":[-4.90372,42.40584]},"properties":{"id":"34091","name":"LAGARTOS","province":"34","population":117,"populationSource":"cadastre","status":"available","coverage":[0.0,0.0,0.0],"buildings":115,"coverage5":0.0,"coverage10":0.0,"coverage15":0.0}},{"type":"Feature","geometry":{"type":"Point","coordinates":[-4.27493,42.34076]},"properties":{"id":"34092","name":"LANTADILLA","province":"34","population":277,"populationSource":"cadastre","status":"available","coverage":[0.0,0.0,0.0],"buildings":346,"coverage5":0.0,"coverage10":0.0,"coverage15":0.0}},{"type":"Feature","geometry":{"type":"Point","coordinates":[-4.38495,42.65914]},"properties":{"id":"34093","name":"LA VID DE OJEDA","province":"34","population":82,"populationSource":"cadastre","status":"available","coverage":[0.0,0.0,0.0],"buildings":78,"coverage5":0.0,"coverage10":0.0,"coverage15":0.0}},{"type":"Feature","geometry":{"type":"Point","coordinates":[-4.86429,42.35389]},"properties":{"id":"34094","name":"LEDIGOS","province":"34","population":59,"populationSource":"cadastre","status":"available","coverage":[0.0,0.0,0.0],"buildings":75,"coverage5":0.0,"coverage10":0.0,"coverage15":0.0}},{"type":"Feature","geometry":{"type":"Point","coordinates":[-4.54811,42.27683]},"properties":{"id":"34096","name":"LOMAS","province":"34","population":40,"populationSource":"cadastre","status":"available","coverage":[0.0,0.0,0.0],"buildings":47,"coverage5":0.0,"coverage10":0.0,"coverage15":0.0}},{"type":"Feature","geometry":{"type":"Point","coordinates":[-4.42684,41.98245]},"properties":{"id":"34098","name":"MAGAZ DE PISUERGA","province":"34","population":1065,"populationSource":"cadastre","status":"available","coverage":[0.0,0.0,0.0],"buildings":409,"coverage5":0.0,"coverage10":0.0,"coverage15":0.0}},{"type":"Feature","geometry":{"type":"Point","coordinates":[-4.56768,42.20381]},"properties":{"id":"34099","name":"MANQUILLOS","province":"34","population":62,"populationSource":"cadastre","status":"available","coverage":[0.0,0.0,0.0],"buildings":48,"coverage5":0.0,"coverage10":0.0,"coverage15":0.0}},{"type":"Feature","geometry":{"type":"Point","coordinates":[-4.84191,42.75122]},"properties":{"id":"34100","name":"MANTINOS","province":"34","population":142,"populationSource":"cadastre","status":"available","coverage":[0.0,0.0,0.0],"buildings":118,"coverage5":0.0,"coverage10":0.0,"coverage15":0.0}},{"type":"Feature","geometry":{"type":"Point","coordinates":[-4.39602,42.31703]},"properties":{"id":"34101","name":"MARCILLA DE CAMPOS","province":"34","population":60,"populationSource":"cadastre","status":"available","coverage":[0.0,0.0,0.0],"buildings":71,"coverage5":0.0,"coverage10":0.0,"coverage15":0.0}},{"type":"Feature","geometry":{"type":"Point","coordinates":[-4.71615,42.02861]},"properties":{"id":"34102","name":"MAZARIEGOS","province":"34","population":202,"populationSource":"cadastre","status":"available","coverage":[0.0,0.0,0.0],"buildings":125,"coverage5":0.0,"coverage10":0.0,"coverage15":0.0}},{"type":"Feature","geometry":{"type":"Point","coordinates":[-4.84183,42.16853]},"properties":{"id":"34103","name":"MAZUECOS DE VALDEGINATE","province":"34","population":78,"populationSource":"cadastre","status":"available","coverage":[0.0,0.0,0.0],"buildings":83,"coverage5":0.0,"coverage10":0.0,"coverage15":0.0}},{"type":"Feature","geometry":{"type":"Point","coordinates":[-4.25294,42.25412]},"properties":{"id":"34104","name":"MELGAR DE YUSO","province":"34","population":269,"populationSource":"cadastre","status":"available","coverage":[0.0,0.0,0.0],"buildings":194,"coverage5":0.0,"coverage10":0.0,"coverage15":0.0}},{"type":"Feature","geometry":{"type":"Point","coordinates":[-4.91951,41.942]},"properties":{"id":"34106","name":"MENESES DE CAMPOS","province":"34","population":109,"populationSource":"cadastre","status":"available","coverage":[0.0,0.0,0.0],"buildings":140,"coverage5":0.0,"coverage10":0.0,"coverage15":0.0}},{"type":"Feature","geometry":{"type":"Point","coordinates":[-4.46058,42.68865]},"properties":{"id":"34107","name":"MICIECES DE OJEDA","province":"34","population":67,"populationSource":"cadastre","status":"available","coverage":[0.0,0.0,0.0],"buildings":84,"coverage5":0.0,"coverage10":0.0,"coverage15":0.0}},{"type":"Feature","geometry":{"type":"Point","coordinates":[-4.49374,42.11526]},"properties":{"id":"34108","name":"MONZÓN DE CAMPOS","province":"34","population":608,"populationSource":"cadastre","status":"available","coverage":[0.0,0.0,0.0],"buildings":394,"coverage5":0.0,"coverage10":0.0,"coverage15":0.0}},{"type":"Feature","geometry":{"type":"Point","coordinates":[-4.92725,42.36042]},"properties":{"id":"34109","name":"MORATINOS","province":"34","population":55,"populationSource":"cadastre","status":"available","coverage":[0.0,0.0,0.0],"buildings":52,"coverage5":0.0,"coverage10":0.0,"coverage15":0.0}},{"type":"Feature","geometry":{"type":"Point","coordinates":[-4.39412,42.87597]},"properties":{"id":"34110","name":"MUDÁ","province":"34","population":81,"populationSource":"cadastre","status":"available","coverage":[0.0,0.0,0.0],"buildings":108,"coverage5":0.0,"coverage10":0.0,"coverage15":0.0}},{"type":"Feature","geometry":{"type":"Point","coordinates":[-4.64124,42.39331]},"properties":{"id":"34112","name":"NOGAL DE LAS HUERTAS","province":"34","population":46,"populationSource":"cadastre","status":"available","coverage":[0.0,0.0,0.0],"buildings":59,"coverage5":0.0,"coverage10":0.0,"coverage15":0.0}},{"type":"Feature","geometry":{"type":"Point","coordinates":[-4.44895,42.60864]},"properties":{"id":"34113","name":"OLEA DE BOEDO","province":"34","population":38,"populationSource":"cadastre","status":"available","coverage":[0.0,0.0,0.0],"buildings":40,"coverage5":0.0,"coverage10":0.0,"coverage15":0.0}},{"type":"Feature","geometry":{"type":"Point","coordinates":[-4.42498,42.72225]},"properties":{"id":"34114","name":"OLMOS DE OJEDA","province":"34","population":166,"populationSource":"cadastre","status":"available","coverage":[0.0,0.0,0.0],"buildings":301,"coverage5":0.0,"coverage10":0.0,"coverage15":0.0}},{"type":"Feature","geometry":{"type":"Point","coordinates":[-4.29212,42.3695]},"properties":{"id":"34116","name":"OSORNILLO","province":"34","population":57,"populationSource":"cadastre","status":"available","coverage":[0.0,0.0,0.0],"buildings":76,"coverage5":0.0,"coverage10":0.0,"coverage15":0.0}},{"type":"Feature","geometry":{"type":"Point","coordinates":[-4.5346,42.00784]},"properties":{"id":"34120","name":"PALENCIA","province":"34","population":77466,"populationSource":"cadastre","status":"available","coverage":[66.71,91.42,99.35],"buildings":5021,"coverage5":66.71,"coverage10":91.42,"coverage15":99.35}},{"type":"Feature","geometry":{"type":"Point","coordinates":[-4.12906,42.09521]},"properties":{"id":"34121","name":"PALENZUELA","province":"34","population":212,"populationSource":"cadastre","status":"available","coverage":[0.0,0.0,0.0],"buildings":218,"coverage5":0.0,"coverage10":0.0,"coverage15":0.0}},{"type":"Feature","geometry":{"type":"Point","coordinates":[-4.39683,42.57946]},"properties":{"id":"34122","name":"PÁRAMO DE BOEDO","province":"34","population":103,"populationSource":"cadastre","status":"available","coverage":[0.0,0.0,0.0],"buildings":80,"coverage5":0.0,"coverage10":0.0,"coverage15":0.0}},{"type":"Feature","geometry":{"type":"Point","coordinates":[-4.69416,42.15282]},"properties":{"id":"34123","name":"PAREDES DE NAVA","province":"34","population":1927,"populationSource":"cadastre","status":"available","coverage":[0.0,0.0,0.0],"buildings":1004,"coverage5":0.0,"coverage10":0.0,"coverage15":0.0}},{"type":"Feature","geometry":{"type":"Point","coordinates":[-4.47988,42.7207]},"properties":{"id":"34124","name":"PAYO DE OJEDA","province":"34","population":59,"populationSource":"cadastre","status":"available","coverage":[0.0,0.0,0.0],"buildings":64,"coverage5":0.0,"coverage10":0.0,"coverage15":0.0}},{"type":"Feature","geometry":{"type":"Point","coordinates":[-4.73665,41.9835]},"properties":{"id":"34125","name":"PEDRAZA DE CAMPOS","province":"34","population":73,"populationSource":"cadastre","status":"available","coverage":[0.0,0.0,0.0],"buildings":91,"coverage5":0.0,"coverage10":0.0,"coverage15":0.0}},{"type":"Feature","geometry":{"type":"Point","coordinates":[-4.74659,42.47994]},"properties":{"id":"34126","name":"PEDROSA DE LA VEGA","province":"34","population":277,"populationSource":"cadastre","status":"available","coverage":[0.0,3.84,25.56],"buildings":224,"coverage5":0.0,"coverage10":3.84,"coverage15":25.56}},{"type":"Feature","geometry":{"type":"Point","coordinates":[-4.58095,42.19356]},"properties":{"id":"34127","name":"PERALES","province":"34","population":112,"populationSource":"cadastre","status":"available","coverage":[0.0,0.0,0.0],"buildings":102,"coverage5":0.0,"coverage10":0.0,"coverage15":0.0}},{"type":"Feature","geometry":{"type":"Point","coordinates":[-4.80607,42.64427]},"properties":{"id":"34129","name":"PINO DEL RÍO","province":"34","population":162,"populationSource":"cadastre","status":"available","coverage":[0.0,0.0,0.0],"buildings":253,"coverage5":0.0,"coverage10":0.0,"coverage15":0.0}},{"type":"Feature","geometry":{"type":"Point","coordinates":[-4.43536,42.21355]},"properties":{"id":"34130","name":"PIÑA DE CAMPOS","province":"34","population":185,"populationSource":"cadastre","status":"available","coverage":[0.0,0.0,0.0],"buildings":177,"coverage5":0.0,"coverage10":0.0,"coverage15":0.0}},{"type":"Feature","geometry":{"type":"Point","coordinates":[-4.87474,42.33682]},"properties":{"id":"34131","name":"POBLACIÓN DE ARROYO","province":"34","population":44,"populationSource":"cadastre","status":"available","coverage":[0.0,0.0,0.0],"buildings":46,"coverage5":0.0,"coverage10":0.0,"coverage15":0.0}},{"type":"Feature","geometry":{"type":"Point","coordinates":[-4.44776,42.27087]},"properties":{"id":"34132","name":"POBLACIÓN DE CAMPOS","province":"34","population":119,"populationSource":"cadastre","status":"available","coverage":[0.0,0.0,0.0],"buildings":145,"coverage5":0.0,"coverage10":0.0,"coverage15":0.0}},{"type":"Feature","geometry":{"type":"Point","coordinates":[-4.42819,41.79295]},"properties":{"id":"34133","name":"POBLACIÓN DE CERRATO","province":"34","population":102,"populationSource":"cadastre","status":"available","coverage":[0.0,0.0,0.0],"buildings":87,"coverage5":0.0,"coverage10":0.0,"coverage15":0.0}},{"type":"Feature","geometry":{"type":"Point","coordinates":[-4.52906,42.93983]},"properties":{"id":"34134","name":"POLENTINOS","province":"34","population":41,"populationSource":"cadastre","status":"available","coverage":[0.0,0.0,0.0],"buildings":72,"coverage5":0.0,"coverage10":0.0,"coverage15":0.0}},{"type":"Feature","geometry":{"type":"Point","coordinates":[-4.16749,42.77458]},"properties":{"id":"34135","name":"POMAR DE VALDIVIA","province":"34","population":488,"populationSource":"cadastre","status":"available","coverage":[0.0,0.0,0.0],"buildings":473,"coverage5":0.0,"coverage10":0.0,"coverage15":0.0}},{"type":"Feature","geometry":{"type":"Point","coordinates":[-4.79678,42.5783]},"properties":{"id":"34136","name":"POZA DE LA VEGA","province":"34","population":160,"populationSource":"cadastre","status":"available","coverage":[0.0,0.0,0.0],"buildings":135,"coverage5":0.0,"coverage10":0.0,"coverage15":0.0}},{"type":"Feature","geometry":{"type":"Point","coordinates":[-4.89495,42.25433]},"properties":{"id":"34137","name":"POZO DE URAMA","province":"34","population":21,"populationSource":"cadastre","status":"available","coverage":[0.0,0.0,0.0],"buildings":39,"coverage5":0.0,"coverage10":0.0,"coverage15":0.0}},{"type":"Feature","geometry":{"type":"Point","coordinates":[-4.34762,42.6825]},"properties":{"id":"34139","name":"PRÁDANOS DE OJEDA","province":"34","population":181,"populationSource":"cadastre","status":"available","coverage":[0.0,0.0,0.0],"buildings":220,"coverage5":0.0,"coverage10":0.0,"coverage15":0.0}},{"type":"Feature","geometry":{"type":"Point","coordinates":[-4.60927,42.67557]},"properties":{"id":"34140","name":"LA PUEBLA DE VALDAVIA","province":"34","population":79,"populationSource":"cadastre","status":"available","coverage":[0.0,0.0,0.0],"buildings":144,"coverage5":0.0,"coverage10":0.0,"coverage15":0.0}},{"type":"Feature","geometry":{"type":"Point","coordinates":[-4.20658,42.08477]},"properties":{"id":"34141","name":"QUINTANA DEL PUENTE","province":"34","population":248,"populationSource":"cadastre","status":"available","coverage":[0.0,0.0,0.0],"buildings":148,"coverage5":0.0,"coverage10":0.0,"coverage15":0.0}},{"type":"Feature","geometry":{"type":"Point","coordinates":[-4.66367,42.47055]},"properties":{"id":"34143","name":"QUINTANILLA DE ONSOÑA","province":"34","population":167,"populationSource":"cadastre","status":"available","coverage":[0.0,0.0,0.0],"buildings":197,"coverage5":0.0,"coverage10":0.0,"coverage15":0.0}},{"type":"Feature","geometry":{"type":"Point","coordinates":[-4.38273,41.9759]},"properties":{"id":"34146","name":"REINOSO DE CERRATO","province":"34","population":58,"populationSource":"cadastre","status":"available","coverage":[0.0,0.0,0.0],"buildings":53,"coverage5":0.0,"coverage10":0.0,"coverage15":0.0}},{"type":"Feature","geometry":{"type":"Point","coordinates":[-4.70243,42.45389]},"properties":{"id":"34147","name":"RENEDO DE LA VEGA","province":"34","population":193,"populationSource":"cadastre","status":"available","coverage":[0.0,0.0,0.0],"buildings":194,"coverage5":0.0,"coverage10":0.0,"coverage15":0.0}},{"type":"Feature","geometry":{"type":"Point","coordinates":[-4.34348,42.30825]},"properties":{"id":"34149","name":"REQUENA DE CAMPOS","province":"34","population":27,"populationSource":"cadastre","status":"available","coverage":[0.0,0.0,0.0],"buildings":42,"coverage5":0.0,"coverage10":0.0,"coverage15":0.0}},{"type":"Feature","geometry":{"type":"Point","coordinates":[-4.68672,42.76406]},"properties":{"id":"34151","name":"RESPENDA DE LA PEÑA","province":"34","population":140,"populationSource":"cadastre","status":"available","coverage":[0.0,0.0,0.0],"buildings":292,"coverage5":0.0,"coverage10":0.0,"coverage15":0.0}},{"type":"Feature","geometry":{"type":"Point","coordinates":[-4.48132,42.28564]},"properties":{"id":"34152","name":"REVENGA DE CAMPOS","province":"34","population":127,"populationSource":"cadastre","status":"available","coverage":[0.0,0.0,0.0],"buildings":196,"coverage5":0.0,"coverage10":0.0,"coverage15":0.0}},{"type":"Feature","geometry":{"type":"Point","coordinates":[-4.50352,42.63022]},"properties":{"id":"34154","name":"REVILLA DE COLLAZOS","province":"34","population":75,"populationSource":"cadastre","status":"available","coverage":[0.0,0.0,0.0],"buildings":87,"coverage5":0.0,"coverage10":0.0,"coverage15":0.0}},{"type":"Feature","geometry":{"type":"Point","coordinates":[-4.51634,42.15338]},"properties":{"id":"34155","name":"RIBAS DE CAMPOS","province":"34","population":150,"populationSource":"cadastre","status":"available","coverage":[0.0,0.0,0.0],"buildings":108,"coverage5":0.0,"coverage10":0.0,"coverage15":0.0}},{"type":"Feature","geometry":{"type":"Point","coordinates":[-4.72739,42.27715]},"properties":{"id":"34156","name":"RIBEROS DE LA CUEZA","province":"34","population":52,"populationSource":"cadastre","status":"available","coverage":[0.0,0.0,0.0],"buildings":40,"coverage5":0.0,"coverage10":0.0,"coverage15":0.0}},{"type":"Feature","geometry":{"type":"Point","coordinates":[-4.73514,42.52206]},"properties":{"id":"34157","name":"SALDAÑA","province":"34","population":2844,"populationSource":"cadastre","status":"available","coverage":[22.43,50.41,58.48],"buildings":1136,"coverage5":22.43,"coverage10":50.41,"coverage15":58.48}},{"type":"Feature","geometry":{"type":"Point","coordinates":[-4.37818,42.84891]},"properties":{"id":"34158","name":"SALINAS DE PISUERGA","province":"34","population":348,"populationSource":"cadastre","status":"available","coverage":[0.0,0.0,0.0],"buildings":234,"coverage5":0.0,"coverage10":0.0,"coverage15":0.0}},{"type":"Feature","geometry":{"type":"Point","coordinates":[-4.53069,42.20132]},"properties":{"id":"34159","name":"SAN CEBRIÁN DE CAMPOS","province":"34","population":400,"populationSource":"cadastre","status":"available","coverage":[0.0,0.0,0.0],"buildings":236,"coverage5":0.0,"coverage10":0.0,"coverage15":0.0}},{"type":"Feature","geometry":{"type":"Point","coordinates":[-4.38635,42.8918]},"properties":{"id":"34160","name":"SAN CEBRIÁN DE MUDÁ","province":"34","population":142,"populationSource":"cadastre","status":"available","coverage":[0.0,0.0,0.0],"buildings":167,"coverage5":0.0,"coverage10":0.0,"coverage15":0.0}},{"type":"Feature","geometry":{"type":"Point","coordinates":[-4.35198,42.54227]},"properties":{"id":"34161","name":"SAN CRISTÓBAL DE BOEDO","province":"34","population":20,"populationSource":"cadastre","status":"available","coverage":[0.0,0.0,0.0],"buildings":42,"coverage5":0.0,"coverage10":0.0,"coverage15":0.0}},{"type":"Feature","geometry":{"type":"Point","coordinates":[-4.56438,42.3535]},"properties":{"id":"34163","name":"SAN MAMÉS DE CAMPOS","province":"34","population":44,"populationSource":"cadastre","status":"available","coverage":[0.0,0.0,0.0],"buildings":89,"coverage5":0.0,"coverage10":0.0,"coverage15":0.0}},{"type":"Feature","geometry":{"type":"Point","coordinates":[-4.85748,42.26295]},"properties":{"id":"34165","name":"SAN ROMÁN DE LA CUBA","province":"34","population":53,"populationSource":"cadastre","status":"available","coverage":[0.0,0.0,0.0],"buildings":68,"coverage5":0.0,"coverage10":0.0,"coverage15":0.0}},{"type":"Feature","geometry":{"type":"Point","coordinates":[-4.65976,41.9326]},"properties":{"id":"34167","name":"SANTA CECILIA DEL ALCOR","province":"34","population":91,"populationSource":"cadastre","status":"available","coverage":[0.0,0.0,0.0],"buildings":66,"coverage5":0.0,"coverage10":0.0,"coverage15":0.0}},{"type":"Feature","geometry":{"type":"Point","coordinates":[-4.37362,42.52431]},"properties":{"id":"34168","name":"SANTA CRUZ DE BOEDO","province":"34","population":51,"populationSource":"cadastre","status":"available","coverage":[0.0,0.0,0.0],"buildings":63,"coverage5":0.0,"coverage10":0.0,"coverage15":0.0}},{"type":"Feature","geometry":{"type":"Point","coordinates":[-4.7984,42.5048]},"properties":{"id":"34169","name":"SANTERVÁS DE LA VEGA","province":"34","population":392,"populationSource":"cadastre","status":"available","coverage":[0.0,0.0,0.0],"buildings":388,"coverage5":0.0,"coverage10":0.0,"coverage15":0.0}},{"type":"Feature","geometry":{"type":"Point","coordinates":[-4.3743,42.70761]},"properties":{"id":"34170","name":"SANTIBÁÑEZ DE ECLA","province":"34","population":42,"populationSource":"cadastre","status":"available","coverage":[0.0,0.0,0.0],"buildings":45,"coverage5":0.0,"coverage10":0.0,"coverage15":0.0}},{"type":"Feature","geometry":{"type":"Point","coordinates":[-4.73017,42.81024]},"properties":{"id":"34171","name":"SANTIBÁÑEZ DE LA PEÑA","province":"34","population":892,"populationSource":"cadastre","status":"available","coverage":[0.0,0.0,0.0],"buildings":885,"coverage5":0.0,"coverage10":0.0,"coverage15":0.0}},{"type":"Feature","geometry":{"type":"Point","coordinates":[-4.34323,42.21475]},"properties":{"id":"34174","name":"SANTOYO","province":"34","population":187,"populationSource":"cadastre","status":"available","coverage":[0.0,0.0,0.0],"buildings":162,"coverage5":0.0,"coverage10":0.0,"coverage15":0.0}},{"type":"Feature","geometry":{"type":"Point","coordinates":[-4.66461,42.41519]},"properties":{"id":"34175","name":"LA SERNA","province":"34","population":90,"populationSource":"cadastre","status":"available","coverage":[0.0,0.0,0.0],"buildings":79,"coverage5":0.0,"coverage10":0.0,"coverage15":0.0}},{"type":"Feature","geometry":{"type":"Point","coordinates":[-4.4416,42.59144]},"properties":{"id":"34176","name":"SOTOBAÑADO Y PRIORATO","province":"34","population":154,"populationSource":"cadastre","status":"available","coverage":[0.0,0.0,0.0],"buildings":167,"coverage5":0.0,"coverage10":0.0,"coverage15":0.0}},{"type":"Feature","geometry":{"type":"Point","coordinates":[-4.42955,41.95324]},"properties":{"id":"34177","name":"SOTO DE CERRATO","province":"34","population":166,"populationSource":"cadastre","status":"available","coverage":[0.0,0.0,0.0],"buildings":113,"coverage5":0.0,"coverage10":0.0,"coverage15":0.0}},{"type":"Feature","geometry":{"type":"Point","coordinates":[-4.12257,42.02574]},"properties":{"id":"34178","name":"TABANERA DE CERRATO","province":"34","population":133,"populationSource":"cadastre","status":"available","coverage":[0.0,0.0,0.0],"buildings":111,"coverage5":0.0,"coverage10":0.0,"coverage15":0.0}},{"type":"Feature","geometry":{"type":"Point","coordinates":[-4.69365,42.64729]},"properties":{"id":"34179","name":"TABANERA DE VALDAVIA","province":"34","population":20,"populationSource":"cadastre","status":"available","coverage":[0.0,0.0,0.0],"buildings":73,"coverage5":0.0,"coverage10":0.0,"coverage15":0.0}},{"type":"Feature","geometry":{"type":"Point","coordinates":[-4.3934,42.20325]},"properties":{"id":"34180","name":"TÁMARA DE CAMPOS","province":"34","population":70,"populationSource":"cadastre","status":"available","coverage":[0.0,0.0,0.0],"buildings":98,"coverage5":0.0,"coverage10":0.0,"coverage15":0.0}},{"type":"Feature","geometry":{"type":"Point","coordinates":[-4.47914,41.90494]},"properties":{"id":"34181","name":"TARIEGO DE CERRATO","province":"34","population":504,"populationSource":"cadastre","status":"available","coverage":[47.92,84.92,93.53],"buildings":300,"coverage5":47.92,"coverage10":84.92,"coverage15":93.53}},{"type":"Feature","geometry":{"type":"Point","coordinates":[-4.31758,42.03444]},"properties":{"id":"34182","name":"TORQUEMADA","province":"34","population":964,"populationSource":"cadastre","status":"available","coverage":[0.0,0.0,0.0],"buildings":769,"coverage5":0.0,"coverage10":0.0,"coverage15":0.0}},{"type":"Feature","geometry":{"type":"Point","coordinates":[-4.77732,41.96147]},"properties":{"id":"34184","name":"TORREMORMOJÓN","province":"34","population":41,"populationSource":"cadastre","status":"available","coverage":[0.0,0.0,0.0],"buildings":60,"coverage5":0.0,"coverage10":0.0,"coverage15":0.0}},{"type":"Feature","geometry":{"type":"Point","coordinates":[-4.68128,42.92443]},"properties":{"id":"34185","name":"TRIOLLO","province":"34","population":73,"populationSource":"cadastre","status":"available","coverage":[0.0,0.0,0.0],"buildings":161,"coverage5":0.0,"coverage10":0.0,"coverage15":0.0}},{"type":"Feature","geometry":{"type":"Point","coordinates":[-4.23816,42.14572]},"properties":{"id":"34186","name":"VALBUENA DE PISUERGA","province":"34","population":49,"populationSource":"cadastre","status":"available","coverage":[0.0,0.0,0.0],"buildings":46,"coverage5":0.0,"coverage10":0.0,"coverage15":0.0}},{"type":"Feature","geometry":{"type":"Point","coordinates":[-4.40008,42.0413]},"properties":{"id":"34189","name":"VALDEOLMILLOS","province":"34","population":56,"populationSource":"cadastre","status":"available","coverage":[0.0,0.0,0.0],"buildings":72,"coverage5":0.0,"coverage10":0.0,"coverage15":0.0}},{"type":"Feature","geometry":{"type":"Point","coordinates":[-4.65438,42.60493]},"properties":{"id":"34190","name":"VALDERRÁBANO","province":"34","population":47,"populationSource":"cadastre","status":"available","coverage":[0.0,0.0,0.0],"buildings":82,"coverage5":0.0,"coverage10":0.0,"coverage15":0.0}},{"type":"Feature","geometry":{"type":"Point","coordinates":[-4.57528,42.39846]},"properties":{"id":"34192","name":"VALDE-UCIEZA","province":"34","population":77,"populationSource":"osm_fallback","status":"available","coverage":[0.0,0.0,0.0],"buildings":60,"coverage5":0.0,"coverage10":0.0,"coverage15":0.0}},{"type":"Feature","geometry":{"type":"Point","coordinates":[-4.36343,41.8794]},"properties":{"id":"34196","name":"VALLE DE CERRATO","province":"34","population":77,"populationSource":"cadastre","status":"available","coverage":[0.0,0.0,0.0],"buildings":110,"coverage5":0.0,"coverage10":0.0,"coverage15":0.0}},{"type":"Feature","geometry":{"type":"Point","coordinates":[-4.84321,42.82783]},"properties":{"id":"34199","name":"VELILLA DEL RÍO CARRIÓN","province":"34","population":1104,"populationSource":"cadastre","status":"available","coverage":[0.0,0.0,0.0],"buildings":843,"coverage5":0.0,"coverage10":0.0,"coverage15":0.0}},{"type":"Feature","geometry":{"type":"Point","coordinates":[-4.32684,41.83257]},"properties":{"id":"34201","name":"VERTAVILLO","province":"34","population":162,"populationSource":"cadastre","status":"available","coverage":[0.0,0.0,0.0],"buildings":166,"coverage5":0.0,"coverage10":0.0,"coverage15":0.0}},{"type":"Feature","geometry":{"type":"Point","coordinates":[-4.60222,42.56086]},"properties":{"id":"34202","name":"VILLABASTA DE VALDAVIA","province":"34","population":33,"populationSource":"cadastre","status":"available","coverage":[0.0,0.0,0.0],"buildings":26,"coverage5":0.0,"coverage10":0.0,"coverage15":0.0}},{"type":"Feature","geometry":{"type":"Point","coordinates":[-4.97571,42.22204]},"properties":{"id":"34204","name":"VILLACIDALER","province":"34","population":44,"populationSource":"cadastre","status":"available","coverage":[0.0,0.0,0.0],"buildings":61,"coverage5":0.0,"coverage10":0.0,"coverage15":0.0}},{"type":"Feature","geometry":{"type":"Point","coordinates":[-4.22376,41.87174]},"properties":{"id":"34205","name":"VILLACONANCIO","province":"34","population":48,"populationSource":"cadastre","status":"available","coverage":[0.0,0.0,0.0],"buildings":110,"coverage5":0.0,"coverage10":0.0,"coverage15":0.0}},{"type":"Feature","geometry":{"type":"Point","coordinates":[-4.96784,42.24894]},"properties":{"id":"34206","name":"VILLADA","province":"34","population":863,"populationSource":"cadastre","status":"available","coverage":[0.0,0.0,0.0],"buildings":619,"coverage5":0.0,"coverage10":0.0,"coverage15":0.0}},{"type":"Feature","geometry":{"type":"Point","coordinates":[-4.58434,42.56532]},"properties":{"id":"34208","name":"VILLAELES DE VALDAVIA","province":"34","population":47,"populationSource":"cadastre","status":"available","coverage":[0.0,0.0,0.0],"buildings":92,"coverage5":0.0,"coverage10":0.0,"coverage15":0.0}},{"type":"Feature","geometry":{"type":"Point","coordinates":[-4.13106,42.05098]},"properties":{"id":"34210","name":"VILLAHÁN","province":"34","population":96,"populationSource":"cadastre","status":"available","coverage":[0.0,0.0,0.0],"buildings":133,"coverage5":0.0,"coverage10":0.0,"coverage15":0.0}},{"type":"Feature","geometry":{"type":"Point","coordinates":[-4.46114,42.38934]},"properties":{"id":"34211","name":"VILLAHERREROS","province":"34","population":211,"populationSource":"cadastre","status":"available","coverage":[0.0,0.0,0.0],"buildings":168,"coverage5":0.0,"coverage10":0.0,"coverage15":0.0}},{"type":"Feature","geometry":{"type":"Point","coordinates":[-4.25866,42.15518]},"properties":{"id":"34213","name":"VILLALACO","province":"34","population":67,"populationSource":"cadastre","status":"available","coverage":[0.0,0.0,0.0],"buildings":90,"coverage5":0.0,"coverage10":0.0,"coverage15":0.0}},{"type":"Feature","geometry":{"type":"Point","coordinates":[-4.82256,42.72035]},"properties":{"id":"34214","name":"VILLALBA DE GUARDO","province":"34","population":194,"populationSource":"cadastre","status":"available","coverage":[0.0,0.0,0.0],"buildings":191,"coverage5":0.0,"coverage10":0.0,"coverage15":0.0}},{"type":"Feature","geometry":{"type":"Point","coordinates":[-4.54247,42.31697]},"properties":{"id":"34215","name":"VILLALCÁZAR DE SIRGA","province":"34","population":160,"populationSource":"cadastre","status":"available","coverage":[92.0,100.0,100.0],"buildings":143,"coverage5":92.0,"coverage10":100.0,"coverage15":100.0}},{"type":"Feature","geometry":{"type":"Point","coordinates":[-4.85657,42.29288]},"properties":{"id":"34216","name":"VILLALCÓN","province":"34","population":45,"populationSource":"cadastre","status":"available","coverage":[0.0,0.0,0.0],"buildings":87,"coverage5":0.0,"coverage10":0.0,"coverage15":0.0}},{"type":"Feature","geometry":{"type":"Point","coordinates":[-4.50389,42.02987]},"properties":{"id":"34217","name":"VILLALOBÓN","province":"34","population":1955,"populationSource":"cadastre","status":"available","coverage":[0.0,0.0,0.38],"buildings":481,"coverage5":0.0,"coverage10":0.0,"coverage15":0.38}},{"type":"Feature","geometry":{"type":"Point","coordinates":[-4.76728,42.5233]},"properties":{"id":"34218","name":"VILLALUENGA DE LA VEGA","province":"34","population":519,"populationSource":"cadastre","status":"available","coverage":[0.0,0.0,0.0],"buildings":431,"coverage5":0.0,"coverage10":0.0,"coverage15":0.0}},{"type":"Feature","geometry":{"type":"Point","coordinates":[-4.66377,42.01499]},"properties":{"id":"34220","name":"VILLAMARTÍN DE CAMPOS","province":"34","population":170,"populationSource":"cadastre","status":"available","coverage":[0.0,0.0,0.0],"buildings":118,"coverage5":0.0,"coverage10":0.0,"coverage15":0.0}},{"type":"Feature","geometry":{"type":"Point","coordinates":[-4.36336,42.0504]},"properties":{"id":"34221","name":"VILLAMEDIANA","province":"34","population":177,"populationSource":"cadastre","status":"available","coverage":[0.0,0.0,0.0],"buildings":200,"coverage5":0.0,"coverage10":0.0,"coverage15":0.0}},{"type":"Feature","geometry":{"type":"Point","coordinates":[-4.47622,42.52761]},"properties":{"id":"34222","name":"VILLAMERIEL","province":"34","population":109,"populationSource":"cadastre","status":"available","coverage":[0.0,0.0,0.0],"buildings":132,"coverage5":0.0,"coverage10":0.0,"coverage15":0.0}},{"type":"Feature","geometry":{"type":"Point","coordinates":[-4.70026,42.40353]},"properties":{"id":"34223","name":"VILLAMORONTA","province":"34","population":236,"populationSource":"cadastre","status":"available","coverage":[0.0,0.0,0.0],"buildings":175,"coverage5":0.0,"coverage10":0.0,"coverage15":0.0}},{"type":"Feature","geometry":{"type":"Point","coordinates":[-4.68901,42.25973]},"properties":{"id":"34224","name":"VILLAMUERA DE LA CUEZA","province":"34","population":36,"populationSource":"cadastre","status":"available","coverage":[0.0,0.0,0.0],"buildings":41,"coverage5":0.0,"coverage10":0.0,"coverage15":0.0}},{"type":"Feature","geometry":{"type":"Point","coordinates":[-4.51543,41.94796]},"properties":{"id":"34225","name":"VILLAMURIEL DE CERRATO","province":"34","population":6501,"populationSource":"cadastre","status":"available","coverage":[41.69,61.47,80.3],"buildings":1071,"coverage5":41.69,"coverage10":61.47,"coverage15":80.3}},{"type":"Feature","geometry":{"type":"Point","coordinates":[-4.74552,42.24195]},"properties":{"id":"34227","name":"VILLANUEVA DEL REBOLLAR","province":"34","population":67,"populationSource":"cadastre","status":"available","coverage":[0.0,0.0,0.0],"buildings":35,"coverage5":0.0,"coverage10":0.0,"coverage15":0.0}},{"type":"Feature","geometry":{"type":"Point","coordinates":[-4.51749,42.50888]},"properties":{"id":"34228","name":"VILLANUÑO DE VALDAVIA","province":"34","population":91,"populationSource":"cadastre","status":"available","coverage":[0.0,0.0,0.0],"buildings":117,"coverage5":0.0,"coverage10":0.0,"coverage15":0.0}},{"type":"Feature","geometry":{"type":"Point","coordinates":[-4.39698,42.51832]},"properties":{"id":"34229","name":"VILLAPROVEDO","province":"34","population":46,"populationSource":"cadastre","status":"available","coverage":[0.0,0.0,0.0],"buildings":56,"coverage5":0.0,"coverage10":0.0,"coverage15":0.0}},{"type":"Feature","geometry":{"type":"Point","coordinates":[-4.49984,42.29694]},"properties":{"id":"34230","name":"VILLARMENTERO DE CAMPOS","province":"34","population":26,"populationSource":"cadastre","status":"available","coverage":[0.0,0.0,0.0],"buildings":25,"coverage5":0.0,"coverage10":0.0,"coverage15":0.0}},{"type":"Feature","geometry":{"type":"Point","coordinates":[-4.78261,42.41995]},"properties":{"id":"34231","name":"VILLARRABÉ","province":"34","population":170,"populationSource":"cadastre","status":"available","coverage":[0.0,0.0,0.0],"buildings":268,"coverage5":0.0,"coverage10":0.0,"coverage15":0.0}},{"type":"Feature","geometry":{"type":"Point","coordinates":[-4.91077,42.04237]},"properties":{"id":"34232","name":"VILLARRAMIEL","province":"34","population":782,"populationSource":"cadastre","status":"available","coverage":[0.0,0.0,0.0],"buildings":596,"coverage5":0.0,"coverage10":0.0,"coverage15":0.0}},{"type":"Feature","geometry":{"type":"Point","coordinates":[-4.49659,42.41213]},"properties":{"id":"34233","name":"VILLASARRACINO","province":"34","population":125,"populationSource":"cadastre","status":"available","coverage":[0.0,0.0,0.0],"buildings":182,"coverage5":0.0,"coverage10":0.0,"coverage15":0.0}},{"type":"Feature","geometry":{"type":"Point","coordinates":[-4.55906,42.53193]},"properties":{"id":"34234","name":"VILLASILA DE VALDAVIA","province":"34","population":64,"populationSource":"cadastre","status":"available","coverage":[0.0,0.0,0.0],"buildings":104,"coverage5":0.0,"coverage10":0.0,"coverage15":0.0}},{"type":"Feature","geometry":{"type":"Point","coordinates":[-4.67119,42.3767]},"properties":{"id":"34236","name":"VILLATURDE","province":"34","population":148,"populationSource":"cadastre","status":"available","coverage":[0.0,0.0,0.0],"buildings":194,"coverage5":0.0,"coverage10":0.0,"coverage15":0.0}},{"type":"Feature","geometry":{"type":"Point","coordinates":[-4.61308,42.08907]},"properties":{"id":"34237","name":"VILLAUMBRALES","province":"34","population":627,"populationSource":"cadastre","status":"available","coverage":[0.0,0.0,0.0],"buildings":342,"coverage5":0.0,"coverage10":0.0,"coverage15":0.0}},{"type":"Feature","geometry":{"type":"Point","coordinates":[-4.34202,41.96169]},"properties":{"id":"34238","name":"VILLAVIUDAS","province":"34","population":356,"populationSource":"cadastre","status":"available","coverage":[0.0,0.0,0.0],"buildings":321,"coverage5":0.0,"coverage10":0.0,"coverage15":0.0}},{"type":"Feature","geometry":{"type":"Point","coordinates":[-4.85786,41.9448]},"properties":{"id":"34240","name":"VILLERÍAS DE CAMPOS","province":"34","population":71,"populationSource":"cadastre","status":"available","coverage":[0.0,0.0,0.0],"buildings":57,"coverage5":0.0,"coverage10":0.0,"coverage15":0.0}},{"type":"Feature","geometry":{"type":"Point","coordinates":[-4.24545,42.21172]},"properties":{"id":"34241","name":"VILLODRE","province":"34","population":22,"populationSource":"cadastre","status":"available","coverage":[0.0,0.0,0.0],"buildings":27,"coverage5":0.0,"coverage10":0.0,"coverage15":0.0}},{"type":"Feature","geometry":{"type":"Point","coordinates":[-4.09432,42.14463]},"properties":{"id":"34242","name":"VILLODRIGO","province":"34","population":96,"populationSource":"cadastre","status":"available","coverage":[0.0,0.0,0.0],"buildings":66,"coverage5":0.0,"coverage10":0.0,"coverage15":0.0}},{"type":"Feature","geometry":{"type":"Point","coordinates":[-4.59824,42.24403]},"properties":{"id":"34243","name":"VILLOLDO","province":"34","population":333,"populationSource":"cadastre","status":"available","coverage":[0.0,0.0,0.0],"buildings":311,"coverage5":0.0,"coverage10":0.0,"coverage15":0.0}},{"type":"Feature","geometry":{"type":"Point","coordinates":[-4.84797,42.55176]},"properties":{"id":"34245","name":"VILLOTA DEL PÁRAMO","province":"34","population":295,"populationSource":"cadastre","status":"available","coverage":[0.0,0.0,0.0],"buildings":377,"coverage5":0.0,"coverage10":0.0,"coverage15":0.0}},{"type":"Feature","geometry":{"type":"Point","coordinates":[-4.4716,42.29648]},"properties":{"id":"34246","name":"VILLOVIECO","province":"34","population":62,"populationSource":"cadastre","status":"available","coverage":[0.0,0.0,0.0],"buildings":91,"coverage5":0.0,"coverage10":0.0,"coverage15":0.0}},{"type":"Feature","geometry":{"type":"Point","coordinates":[-4.36133,42.40979]},"properties":{"id":"34901","name":"OSORNO LA MAYOR","province":"34","population":1180,"populationSource":"cadastre","status":"available","coverage":[40.32,67.3,71.07],"buildings":721,"coverage5":40.32,"coverage10":67.3,"coverage15":71.07}},{"type":"Feature","geometry":{"type":"Point","coordinates":[-4.77189,42.19094]},"properties":{"id":"34902","name":"VALLE DEL RETORTILLO","province":"34","population":155,"populationSource":"cadastre","status":"available","coverage":[0.0,0.0,0.0],"buildings":179,"coverage5":0.0,"coverage10":0.0,"coverage15":0.0}},{"type":"Feature","geometry":{"type":"Point","coordinates":[-4.57919,42.44125]},"properties":{"id":"34903","name":"LOMA DE UCIEZA","province":"34","population":186,"populationSource":"cadastre","status":"available","coverage":[0.0,0.0,0.0],"buildings":271,"coverage5":0.0,"coverage10":0.0,"coverage15":0.0}},{"type":"Feature","geometry":{"type":"Point","coordinates":[-4.49559,42.96667]},"properties":{"id":"34904","name":"LA PERNÍA","province":"34","population":297,"populationSource":"cadastre","status":"available","coverage":[0.0,0.0,0.0],"buildings":443,"coverage5":0.0,"coverage10":0.0,"coverage15":0.0}},{"type":"Feature","geometry":{"type":"Point","coordinates":[-6.14229,40.70974]},"properties":{"id":"37001","name":"ABUSEJO","province":"37","population":148,"populationSource":"cadastre","status":"available","coverage":[0.0,0.0,0.0],"buildings":230,"coverage5":0.0,"coverage10":0.0,"coverage15":0.0}},{"type":"Feature","geometry":{"type":"Point","coordinates":[-6.44087,40.44825]},"properties":{"id":"37002","name":"AGALLAS","province":"37","population":122,"populationSource":"cadastre","status":"available","coverage":[0.0,0.0,0.0],"buildings":218,"coverage5":0.0,"coverage10":0.0,"coverage15":0.0}},{"type":"Feature","geometry":{"type":"Point","coordinates":[-6.74689,40.8723]},"properties":{"id":"37003","name":"AHIGAL DE LOS ACEITEROS","province":"37","population":93,"populationSource":"cadastre","status":"available","coverage":[0.0,0.0,0.0],"buildings":186,"coverage5":0.0,"coverage10":0.0,"coverage15":0.0}},{"type":"Feature","geometry":{"type":"Point","coordinates":[-6.3793,41.15797]},"properties":{"id":"37004","name":"AHIGAL DE VILLARINO","province":"37","population":30,"populationSource":"cadastre","status":"available","coverage":[0.0,0.0,0.0],"buildings":22,"coverage5":0.0,"coverage10":0.0,"coverage15":0.0}},{"type":"Feature","geometry":{"type":"Point","coordinates":[-6.75823,40.6503]},"properties":{"id":"37005","name":"LA ALAMEDA DE GARDÓN","province":"37","population":67,"populationSource":"cadastre","status":"available","coverage":[0.0,0.0,0.0],"buildings":191,"coverage5":0.0,"coverage10":0.0,"coverage15":0.0}},{"type":"Feature","geometry":{"type":"Point","coordinates":[-6.82757,40.47239]},"properties":{"id":"37006","name":"LA ALAMEDILLA","province":"37","population":94,"populationSource":"cadastre","status":"available","coverage":[0.0,0.0,0.0],"buildings":125,"coverage5":0.0,"coverage10":0.0,"coverage15":0.0}},{"type":"Feature","geometry":{"type":"Point","coordinates":[-5.288,40.74753]},"properties":{"id":"37007","name":"ALARAZ","province":"37","population":444,"populationSource":"cadastre","status":"available","coverage":[0.0,0.0,0.0],"buildings":516,"coverage5":0.0,"coverage10":0.0,"coverage15":0.0}},{"type":"Feature","geometry":{"type":"Point","coordinates":[-5.51211,40.82744]},"properties":{"id":"37008","name":"ALBA DE TORMES","province":"37","population":5099,"populationSource":"cadastre","status":"available","coverage":[0.0,0.0,0.0],"buildings":1372,"coverage5":0.0,"coverage10":0.0,"coverage15":0.0}},{"type":"Feature","geometry":{"type":"Point","coordinates":[-6.316,40.67159]},"properties":{"id":"37009","name":"ALBA DE YELTES","province":"37","population":205,"populationSource":"cadastre","status":"available","coverage":[0.0,0.0,0.0],"buildings":195,"coverage5":0.0,"coverage10":0.0,"coverage15":0.0}},{"type":"Feature","geometry":{"type":"Point","coordinates":[-6.10994,40.48866]},"properties":{"id":"37010","name":"LA ALBERCA","province":"37","population":1034,"populationSource":"cadastre","status":"available","coverage":[0.0,0.0,0.0],"buildings":777,"coverage5":0.0,"coverage10":0.0,"coverage15":0.0}},{"type":"Feature","geometry":{"type":"Point","coordinates":[-6.81332,40.41224]},"properties":{"id":"37011","name":"LA ALBERGUERÍA DE ARGAÑÁN","province":"37","population":94,"populationSource":"cadastre","status":"available","coverage":[0.0,0.0,0.0],"buildings":218,"coverage5":0.0,"coverage10":0.0,"coverage15":0.0}},{"type":"Feature","geometry":{"type":"Point","coordinates":[-5.36395,40.91088]},"properties":{"id":"37012","name":"ALCONADA","province":"37","population":130,"populationSource":"cadastre","status":"available","coverage":[0.0,0.0,0.0],"buildings":83,"coverage5":0.0,"coverage10":0.0,"coverage15":0.0}},{"type":"Feature","geometry":{"type":"Point","coordinates":[-5.89609,40.38096]},"properties":{"id":"37013","name":"ALDEACIPRESTE","province":"37","population":89,"populationSource":"cadastre","status":"available","coverage":[0.0,0.0,0.0],"buildings":118,"coverage5":0.0,"coverage10":0.0,"coverage15":0.0}},{"type":"Feature","geometry":{"type":"Point","coordinates":[-6.61956,41.21846]},"properties":{"id":"37014","name":"ALDEADÁVILA DE LA RIBERA","province":"37","population":1094,"populationSource":"cadastre","status":"available","coverage":[0.0,0.0,0.0],"buildings":1009,"coverage5":0.0,"coverage10":0.0,"coverage15":0.0}},{"type":"Feature","geometry":{"type":"Point","coordinates":[-6.79136,40.70728]},"properties":{"id":"37015","name":"ALDEA DEL OBISPO","province":"37","population":245,"populationSource":"cadastre","status":"available","coverage":[0.0,0.0,0.0],"buildings":323,"coverage5":0.0,"coverage10":0.0,"coverage15":0.0}},{"type":"Feature","geometry":{"type":"Point","coordinates":[-5.54963,40.98227]},"properties":{"id":"37016","name":"ALDEALENGUA","province":"37","population":730,"populationSource":"cadastre","status":"available","coverage":[0.0,0.0,0.0],"buildings":340,"coverage5":0.0,"coverage10":0.0,"coverage15":0.0}},{"type":"Feature","geometry":{"type":"Point","coordinates":[-5.52347,41.14689]},"properties":{"id":"37017","name":"ALDEANUEVA DE FIGUEROA","province":"37","population":238,"populationSource":"cadastre","status":"available","coverage":[0.0,0.0,0.0],"buildings":173,"coverage5":0.0,"coverage10":0.0,"coverage15":0.0}},{"type":"Feature","geometry":{"type":"Point","coordinates":[-6.09975,40.61485]},"properties":{"id":"37018","name":"ALDEANUEVA DE LA SIERRA","province":"37","population":88,"populationSource":"cadastre","status":"available","coverage":[0.0,0.0,0.0],"buildings":138,"coverage5":0.0,"coverage10":0.0,"coverage15":0.0}},{"type":"Feature","geometry":{"type":"Point","coordinates":[-5.80623,41.11037]},"properties":{"id":"37019","name":"ALDEARRODRIGO","province":"37","population":143,"populationSource":"cadastre","status":"available","coverage":[0.0,0.0,0.0],"buildings":124,"coverage5":0.0,"coverage10":0.0,"coverage15":0.0}},{"type":"Feature","geometry":{"type":"Point","coordinates":[-5.49932,41.00768]},"properties":{"id":"37020","name":"ALDEARRUBIA","province":"37","population":518,"populationSource":"cadastre","status":"available","coverage":[0.0,0.0,0.0],"buildings":367,"coverage5":0.0,"coverage10":0.0,"coverage15":0.0}},{"type":"Feature","geometry":{"type":"Point","coordinates":[-5.4463,40.81839]},"properties":{"id":"37021","name":"ALDEASECA DE ALBA","province":"37","population":65,"populationSource":"cadastre","status":"available","coverage":[0.0,0.0,0.0],"buildings":88,"coverage5":0.0,"coverage10":0.0,"coverage15":0.0}},{"type":"Feature","geometry":{"type":"Point","coordinates":[-5.2073,40.94195]},"properties":{"id":"37022","name":"ALDEASECA DE LA FRONTERA","province":"37","population":241,"populationSource":"cadastre","status":"available","coverage":[0.0,0.0,0.0],"buildings":231,"coverage5":0.0,"coverage10":0.0,"coverage15":0.0}},{"type":"Feature","geometry":{"type":"Point","coordinates":[-5.69272,40.92258]},"properties":{"id":"37023","name":"ALDEATEJADA","province":"37","population":2662,"populationSource":"cadastre","status":"available","coverage":[5.11,37.11,53.22],"buildings":714,"coverage5":5.11,"coverage10":37.11,"coverage15":53.22}},{"type":"Feature","geometry":{"type":"Point","coordinates":[-5.61727,40.5834]},"properties":{"id":"37024","name":"ALDEAVIEJA DE TORMES","province":"37","population":100,"populationSource":"cadastre","status":"available","coverage":[0.0,0.0,0.0],"buildings":116,"coverage5":0.0,"coverage10":0.0,"coverage15":0.0}},{"type":"Feature","geometry":{"type":"Point","coordinates":[-6.04823,40.84368]},"properties":{"id":"37025","name":"ALDEHUELA DE LA BÓVEDA","province":"37","population":260,"populationSource":"cadastre","status":"available","coverage":[0.0,0.0,0.0],"buildings":178,"coverage5":0.0,"coverage10":0.0,"coverage15":0.0}},{"type":"Feature","geometry":{"type":"Point","coordinates":[-6.24238,40.66181]},"properties":{"id":"37026","name":"ALDEHUELA DE YELTES","province":"37","population":176,"populationSource":"cadastre","status":"available","coverage":[0.0,0.0,0.0],"buildings":230,"coverage5":0.0,"coverage10":0.0,"coverage15":0.0}},{"type":"Feature","geometry":{"type":"Point","coordinates":[-5.82271,41.06319]},"properties":{"id":"37027","name":"ALMENARA DE TORMES","province":"37","population":302,"populationSource":"cadastre","status":"available","coverage":[0.0,0.0,0.0],"buildings":210,"coverage5":0.0,"coverage10":0.0,"coverage15":0.0}},{"type":"Feature","geometry":{"type":"Point","coordinates":[-6.34077,41.22971]},"properties":{"id":"37028","name":"ALMENDRA","province":"37","population":129,"populationSource":"cadastre","status":"available","coverage":[0.0,0.0,0.0],"buildings":166,"coverage5":0.0,"coverage10":0.0,"coverage15":0.0}},{"type":"Feature","geometry":{"type":"Point","coordinates":[-5.49314,40.72822]},"properties":{"id":"37029","name":"ANAYA DE ALBA","province":"37","population":190,"populationSource":"cadastre","status":"available","coverage":[0.0,0.0,0.0],"buildings":135,"coverage5":0.0,"coverage10":0.0,"coverage15":0.0}},{"type":"Feature","geometry":{"type":"Point","coordinates":[-5.91531,41.1362]},"properties":{"id":"37030","name":"AÑOVER DE TORMES","province":"37","population":84,"populationSource":"cadastre","status":"available","coverage":[0.0,0.0,0.0],"buildings":49,"coverage5":0.0,"coverage10":0.0,"coverage15":0.0}},{"type":"Feature","geometry":{"type":"Point","coordinates":[-5.38598,41.04734]},"properties":{"id":"37031","name":"ARABAYONA DE MÓGICA","province":"37","population":318,"populationSource":"cadastre","status":"available","coverage":[0.0,0.0,0.0],"buildings":378,"coverage5":0.0,"coverage10":0.0,"coverage15":0.0}},{"type":"Feature","geometry":{"type":"Point","coordinates":[-5.6447,40.89413]},"properties":{"id":"37032","name":"ARAPILES","province":"37","population":744,"populationSource":"cadastre","status":"available","coverage":[0.0,0.0,0.0],"buildings":355,"coverage5":0.0,"coverage10":0.0,"coverage15":0.0}},{"type":"Feature","geometry":{"type":"Point","coordinates":[-5.56093,41.09246]},"properties":{"id":"37033","name":"ARCEDIANO","province":"37","population":89,"populationSource":"cadastre","status":"available","coverage":[0.0,0.0,0.0],"buildings":74,"coverage5":0.0,"coverage10":0.0,"coverage15":0.0}},{"type":"Feature","geometry":{"type":"Point","coordinates":[-5.82478,41.10988]},"properties":{"id":"37034","name":"EL ARCO","province":"37","population":85,"populationSource":"cadastre","status":"available","coverage":[0.0,0.0,0.0],"buildings":53,"coverage5":0.0,"coverage10":0.0,"coverage15":0.0}},{"type":"Feature","geometry":{"type":"Point","coordinates":[-5.44918,40.59293]},"properties":{"id":"37035","name":"ARMENTEROS","province":"37","population":156,"populationSource":"cadastre","status":"available","coverage":[0.0,0.0,0.0],"buildings":313,"coverage5":0.0,"coverage10":0.0,"coverage15":0.0}},{"type":"Feature","geometry":{"type":"Point","coordinates":[-6.04464,40.53642]},"properties":{"id":"37036","name":"SAN MIGUEL DEL ROBLEDO","province":"37","population":52,"populationSource":"cadastre","status":"available","coverage":[0.0,0.0,0.0],"buildings":87,"coverage5":0.0,"coverage10":0.0,"coverage15":0.0}},{"type":"Feature","geometry":{"type":"Point","coordinates":[-6.41388,40.50243]},"properties":{"id":"37037","name":"LA ATALAYA","province":"37","population":102,"populationSource":"cadastre","status":"available","coverage":[0.0,0.0,0.0],"buildings":91,"coverage5":0.0,"coverage10":0.0,"coverage15":0.0}},{"type":"Feature","geometry":{"type":"Point","coordinates":[-5.42609,40.97667]},"properties":{"id":"37038","name":"BABILAFUENTE","province":"37","population":924,"populationSource":"cadastre","status":"available","coverage":[19.84,92.6,99.93],"buildings":638,"coverage5":19.84,"coverage10":92.6,"coverage15":99.93}},{"type":"Feature","geometry":{"type":"Point","coordinates":[-6.61283,40.85009]},"properties":{"id":"37039","name":"BAÑOBÁREZ","province":"37","population":277,"populationSource":"cadastre","status":"available","coverage":[0.0,0.0,0.0],"buildings":312,"coverage5":0.0,"coverage10":0.0,"coverage15":0.0}},{"type":"Feature","geometry":{"type":"Point","coordinates":[-5.88169,40.93149]},"properties":{"id":"37040","name":"BARBADILLO","province":"37","population":391,"populationSource":"cadastre","status":"available","coverage":[0.0,0.0,0.0],"buildings":363,"coverage5":0.0,"coverage10":0.0,"coverage15":0.0}},{"type":"Feature","geometry":{"type":"Point","coordinates":[-5.94264,40.67753]},"properties":{"id":"37041","name":"BARBALOS","province":"37","population":70,"populationSource":"cadastre","status":"available","coverage":[0.0,0.0,0.0],"buildings":69,"coverage5":0.0,"coverage10":0.0,"coverage15":0.0}},{"type":"Feature","geometry":{"type":"Point","coordinates":[-6.45281,41.06056]},"properties":{"id":"37042","name":"BARCEO","province":"37","population":45,"populationSource":"cadastre","status":"available","coverage":[0.0,0.0,0.0],"buildings":49,"coverage5":0.0,"coverage10":0.0,"coverage15":0.0}},{"type":"Feature","geometry":{"type":"Point","coordinates":[-6.66619,41.07079]},"properties":{"id":"37044","name":"BARRUECOPARDO","province":"37","population":409,"populationSource":"cadastre","status":"available","coverage":[0.0,0.0,0.0],"buildings":456,"coverage5":0.0,"coverage10":0.0,"coverage15":0.0}},{"type":"Feature","geometry":{"type":"Point","coordinates":[-6.05853,40.58515]},"properties":{"id":"37045","name":"LA BASTIDA","province":"37","population":22,"populationSource":"cadastre","status":"available","coverage":[0.0,0.0,0.0],"buildings":39,"coverage5":0.0,"coverage10":0.0,"coverage15":0.0}},{"type":"Feature","geometry":{"type":"Point","coordinates":[-5.76748,40.38703]},"properties":{"id":"37046","name":"BÉJAR","province":"37","population":11993,"populationSource":"cadastre","status":"available","coverage":[52.16,74.62,81.87],"buildings":2157,"coverage5":52.16,"coverage10":74.62,"coverage15":81.87}},{"type":"Feature","geometry":{"type":"Point","coordinates":[-5.62748,40.75099]},"properties":{"id":"37047","name":"BELEÑA","province":"37","population":258,"populationSource":"cadastre","status":"available","coverage":[0.0,0.0,0.0],"buildings":78,"coverage5":0.0,"coverage10":0.0,"coverage15":0.0}},{"type":"Feature","geometry":{"type":"Point","coordinates":[-6.67043,40.99927]},"properties":{"id":"37049","name":"BERMELLAR","province":"37","population":129,"populationSource":"cadastre","status":"available","coverage":[0.0,0.0,0.0],"buildings":202,"coverage5":0.0,"coverage10":0.0,"coverage15":0.0}},{"type":"Feature","geometry":{"type":"Point","coordinates":[-6.00063,40.71892]},"properties":{"id":"37050","name":"BERROCAL DE HUEBRA","province":"37","population":75,"populationSource":"cadastre","status":"available","coverage":[0.0,0.0,0.0],"buildings":68,"coverage5":0.0,"coverage10":0.0,"coverage15":0.0}},{"type":"Feature","geometry":{"type":"Point","coordinates":[-5.69083,40.63225]},"properties":{"id":"37051","name":"BERROCAL DE SALVATIERRA","province":"37","population":74,"populationSource":"cadastre","status":"available","coverage":[0.0,0.0,0.0],"buildings":68,"coverage5":0.0,"coverage10":0.0,"coverage15":0.0}},{"type":"Feature","geometry":{"type":"Point","coordinates":[-6.30529,40.81524]},"properties":{"id":"37052","name":"BOADA","province":"37","population":259,"populationSource":"cadastre","status":"available","coverage":[0.0,0.0,0.0],"buildings":239,"coverage5":0.0,"coverage10":0.0,"coverage15":0.0}},{"type":"Feature","geometry":{"type":"Point","coordinates":[-6.57414,40.48773]},"properties":{"id":"37054","name":"EL BODÓN","province":"37","population":247,"populationSource":"cadastre","status":"available","coverage":[0.0,0.0,0.0],"buildings":240,"coverage5":0.0,"coverage10":0.0,"coverage15":0.0}},{"type":"Feature","geometry":{"type":"Point","coordinates":[-6.53099,40.90687]},"properties":{"id":"37055","name":"BOGAJO","province":"37","population":124,"populationSource":"cadastre","status":"available","coverage":[0.0,0.0,0.0],"buildings":129,"coverage5":0.0,"coverage10":0.0,"coverage15":0.0}},{"type":"Feature","geometry":{"type":"Point","coordinates":[-6.79485,40.83542]},"properties":{"id":"37056","name":"LA BOUZA","province":"37","population":48,"populationSource":"cadastre","status":"available","coverage":[0.0,0.0,0.0],"buildings":57,"coverage5":0.0,"coverage10":0.0,"coverage15":0.0}},{"type":"Feature","geometry":{"type":"Point","coordinates":[-5.21101,40.85724]},"properties":{"id":"37057","name":"BÓVEDA DEL RÍO ALMAR","province":"37","population":186,"populationSource":"cadastre","status":"available","coverage":[0.0,0.0,0.0],"buildings":202,"coverage5":0.0,"coverage10":0.0,"coverage15":0.0}},{"type":"Feature","geometry":{"type":"Point","coordinates":[-6.3485,41.11138]},"properties":{"id":"37058","name":"BRINCONES","province":"37","population":56,"populationSource":"cadastre","status":"available","coverage":[0.0,0.0,0.0],"buildings":89,"coverage5":0.0,"coverage10":0.0,"coverage15":0.0}},{"type":"Feature","geometry":{"type":"Point","coordinates":[-6.25018,40.85624]},"properties":{"id":"37059","name":"BUENAMADRE","province":"37","population":108,"populationSource":"cadastre","status":"available","coverage":[0.0,0.0,0.0],"buildings":117,"coverage5":0.0,"coverage10":0.0,"coverage15":0.0}},{"type":"Feature","geometry":{"type":"Point","coordinates":[-5.61181,40.7675]},"properties":{"id":"37060","name":"BUENAVISTA","province":"37","population":368,"populationSource":"cadastre","status":"available","coverage":[0.0,0.0,0.0],"buildings":281,"coverage5":0.0,"coverage10":0.0,"coverage15":0.0}},{"type":"Feature","geometry":{"type":"Point","coordinates":[-6.12778,40.56486]},"properties":{"id":"37061","name":"EL CABACO","province":"37","population":227,"populationSource":"cadastre","status":"available","coverage":[0.0,0.0,0.0],"buildings":228,"coverage5":0.0,"coverage10":0.0,"coverage15":0.0}},{"type":"Feature","geometry":{"type":"Point","coordinates":[-5.4889,41.04371]},"properties":{"id":"37062","name":"CABEZABELLOSA DE LA CALZADA","province":"37","population":73,"populationSource":"cadastre","status":"available","coverage":[0.0,0.0,0.0],"buildings":87,"coverage5":0.0,"coverage10":0.0,"coverage15":0.0}},{"type":"Feature","geometry":{"type":"Point","coordinates":[-5.66241,40.49703]},"properties":{"id":"37063","name":"LA CABEZA DE BÉJAR","province":"37","population":55,"populationSource":"cadastre","status":"available","coverage":[0.0,0.0,0.0],"buildings":119,"coverage5":0.0,"coverage10":0.0,"coverage15":0.0}},{"type":"Feature","geometry":{"type":"Point","coordinates":[-6.55918,41.12963]},"properties":{"id":"37065","name":"CABEZA DEL CABALLO","province":"37","population":224,"populationSource":"cadastre","status":"available","coverage":[0.0,0.0,0.0],"buildings":389,"coverage5":0.0,"coverage10":0.0,"coverage15":0.0}},{"type":"Feature","geometry":{"type":"Point","coordinates":[-5.60845,40.97786]},"properties":{"id":"37067","name":"CABRERIZOS","province":"37","population":4218,"populationSource":"cadastre","status":"available","coverage":[7.04,21.22,52.99],"buildings":1117,"coverage5":7.04,"coverage10":21.22,"coverage15":52.99}},{"type":"Feature","geometry":{"type":"Point","coordinates":[-6.17835,40.74059]},"properties":{"id":"37068","name":"CABRILLAS","province":"37","population":316,"populationSource":"cadastre","status":"available","coverage":[0.0,0.0,0.0],"buildings":359,"coverage5":0.0,"coverage10":0.0,"coverage15":0.0}},{"type":"Feature","geometry":{"type":"Point","coordinates":[-5.55093,40.94577]},"properties":{"id":"37069","name":"CALVARRASA DE ABAJO","province":"37","population":1240,"populationSource":"cadastre","status":"available","coverage":[0.0,34.75,56.19],"buildings":634,"coverage5":0.0,"coverage10":34.75,"coverage15":56.19}},{"type":"Feature","geometry":{"type":"Point","coordinates":[-5.59242,40.90597]},"properties":{"id":"37070","name":"CALVARRASA DE ARRIBA","province":"37","population":604,"populationSource":"cadastre","status":"available","coverage":[0.0,0.0,0.0],"buildings":516,"coverage5":0.0,"coverage10":0.0,"coverage15":0.0}},{"type":"Feature","geometry":{"type":"Point","coordinates":[-5.81588,40.40998]},"properties":{"id":"37071","name":"LA CALZADA DE BÉJAR","province":"37","population":80,"populationSource":"cadastre","status":"available","coverage":[0.0,0.0,0.0],"buildings":127,"coverage5":0.0,"coverage10":0.0,"coverage15":0.0}},{"type":"Feature","geometry":{"type":"Point","coordinates":[-5.90201,40.90578]},"properties":{"id":"37072","name":"CALZADA DE DON DIEGO","province":"37","population":127,"populationSource":"cadastre","status":"available","coverage":[0.0,0.0,0.0],"buildings":346,"coverage5":0.0,"coverage10":0.0,"coverage15":0.0}},{"type":"Feature","geometry":{"type":"Point","coordinates":[-5.70217,41.08625]},"properties":{"id":"37073","name":"CALZADA DE VALDUNCIEL","province":"37","population":717,"populationSource":"cadastre","status":"available","coverage":[0.0,0.0,0.0],"buildings":386,"coverage5":0.0,"coverage10":0.0,"coverage15":0.0}},{"type":"Feature","geometry":{"type":"Point","coordinates":[-6.6885,40.5111]},"properties":{"id":"37074","name":"CAMPILLO DE AZABA","province":"37","population":146,"populationSource":"cadastre","status":"available","coverage":[0.0,0.0,0.0],"buildings":115,"coverage5":0.0,"coverage10":0.0,"coverage15":0.0}},{"type":"Feature","geometry":{"type":"Point","coordinates":[-5.25739,40.98492]},"properties":{"id":"37077","name":"EL CAMPO DE PEÑARANDA","province":"37","population":241,"populationSource":"cadastre","status":"available","coverage":[0.0,0.0,0.0],"buildings":187,"coverage5":0.0,"coverage10":0.0,"coverage15":0.0}},{"type":"Feature","geometry":{"type":"Point","coordinates":[-5.74166,40.36527]},"properties":{"id":"37078","name":"CANDELARIO","province":"37","population":832,"populationSource":"cadastre","status":"available","coverage":[0.0,0.0,0.0],"buildings":720,"coverage5":0.0,"coverage10":0.0,"coverage15":0.0}},{"type":"Feature","geometry":{"type":"Point","coordinates":[-5.92973,40.92163]},"properties":{"id":"37079","name":"CANILLAS DE ABAJO","province":"37","population":64,"populationSource":"cadastre","status":"available","coverage":[0.0,0.0,0.0],"buildings":55,"coverage5":0.0,"coverage10":0.0,"coverage15":0.0}},{"type":"Feature","geometry":{"type":"Point","coordinates":[-5.81854,40.37163]},"properties":{"id":"37080","name":"CANTAGALLO","province":"37","population":281,"populationSource":"cadastre","status":"available","coverage":[0.0,0.0,0.0],"buildings":174,"coverage5":0.0,"coverage10":0.0,"coverage15":0.0}},{"type":"Feature","geometry":{"type":"Point","coordinates":[-5.18359,41.12549]},"properties":{"id":"37081","name":"CANTALAPIEDRA","province":"37","population":884,"populationSource":"cadastre","status":"available","coverage":[0.0,0.0,0.0],"buildings":675,"coverage5":0.0,"coverage10":0.0,"coverage15":0.0}},{"type":"Feature","geometry":{"type":"Point","coordinates":[-5.32798,41.05274]},"properties":{"id":"37082","name":"CANTALPINO","province":"37","population":802,"populationSource":"cadastre","status":"available","coverage":[0.0,0.0,0.0],"buildings":698,"coverage5":0.0,"coverage10":0.0,"coverage15":0.0}},{"type":"Feature","geometry":{"type":"Point","coordinates":[-5.16331,40.90332]},"properties":{"id":"37083","name":"CANTARACILLO","province":"37","population":188,"populationSource":"cadastre","status":"available","coverage":[0.0,0.0,0.0],"buildings":204,"coverage5":0.0,"coverage10":0.0,"coverage15":0.0}},{"type":"Feature","geometry":{"type":"Point","coordinates":[-5.65118,40.93295]},"properties":{"id":"37085","name":"CARBAJOSA DE LA SAGRADA","province":"37","population":7791,"populationSource":"cadastre","status":"available","coverage":[25.88,40.97,57.43],"buildings":1333,"coverage5":25.88,"coverage10":40.97,"coverage15":57.43}},{"type":"Feature","geometry":{"type":"Point","coordinates":[-6.6468,40.59587]},"properties":{"id":"37086","name":"CARPIO DE AZABA","province":"37","population":110,"populationSource":"cadastre","status":"available","coverage":[0.0,0.0,0.0],"buildings":48,"coverage5":0.0,"coverage10":0.0,"coverage15":0.0}},{"type":"Feature","geometry":{"type":"Point","coordinates":[-5.76191,40.9787]},"properties":{"id":"37087","name":"CARRASCAL DE BARREGAS","province":"37","population":1456,"populationSource":"cadastre","status":"available","coverage":[0.0,0.0,0.0],"buildings":692,"coverage5":0.0,"coverage10":0.0,"coverage15":0.0}},{"type":"Feature","geometry":{"type":"Point","coordinates":[-5.99974,40.76346]},"properties":{"id":"37088","name":"CARRASCAL DEL OBISPO","province":"37","population":185,"populationSource":"cadastre","status":"available","coverage":[0.0,0.0,0.0],"buildings":168,"coverage5":0.0,"coverage10":0.0,"coverage15":0.0}},{"type":"Feature","geometry":{"type":"Point","coordinates":[-5.76097,40.5918]},"properties":{"id":"37089","name":"CASAFRANCA","province":"37","population":69,"populationSource":"cadastre","status":"available","coverage":[0.0,0.0,0.0],"buildings":100,"coverage5":0.0,"coverage10":0.0,"coverage15":0.0}},{"type":"Feature","geometry":{"type":"Point","coordinates":[-6.04117,40.50787]},"properties":{"id":"37090","name":"LAS CASAS DEL CONDE","province":"37","population":63,"populationSource":"cadastre","status":"available","coverage":[0.0,0.0,0.0],"buildings":194,"coverage5":0.0,"coverage10":0.0,"coverage15":0.0}},{"type":"Feature","geometry":{"type":"Point","coordinates":[-6.75386,40.38244]},"properties":{"id":"37091","name":"CASILLAS DE FLORES","province":"37","population":171,"populationSource":"cadastre","status":"available","coverage":[0.0,0.0,0.0],"buildings":407,"coverage5":0.0,"coverage10":0.0,"coverage15":0.0}},{"type":"Feature","geometry":{"type":"Point","coordinates":[-5.59161,41.01851]},"properties":{"id":"37092","name":"CASTELLANOS DE MORISCOS","province":"37","population":3149,"populationSource":"cadastre","status":"available","coverage":[58.49,63.33,82.42],"buildings":547,"coverage5":58.49,"coverage10":63.33,"coverage15":82.42}},{"type":"Feature","geometry":{"type":"Point","coordinates":[-6.64508,40.70121]},"properties":{"id":"37096","name":"CASTILLEJO DE MARTÍN VIEJO","province":"37","population":193,"populationSource":"cadastre","status":"available","coverage":[0.0,0.0,0.0],"buildings":127,"coverage5":0.0,"coverage10":0.0,"coverage15":0.0}},{"type":"Feature","geometry":{"type":"Point","coordinates":[-6.33448,40.70547]},"properties":{"id":"37097","name":"CASTRAZ","province":"37","population":33,"populationSource":"cadastre","status":"available","coverage":[0.0,0.0,0.0],"buildings":34,"coverage5":0.0,"coverage10":0.0,"coverage15":0.0}},{"type":"Feature","geometry":{"type":"Point","coordinates":[-6.04007,40.46529]},"properties":{"id":"37098","name":"CEPEDA","province":"37","population":287,"populationSource":"cadastre","status":"available","coverage":[0.0,0.0,0.0],"buildings":341,"coverage5":0.0,"coverage10":0.0,"coverage15":0.0}},{"type":"Feature","geometry":{"type":"Point","coordinates":[-6.09127,40.56647]},"properties":{"id":"37099","name":"CERECEDA DE LA SIERRA","province":"37","population":55,"populationSource":"cadastre","status":"available","coverage":[0.0,0.0,0.0],"buildings":96,"coverage5":0.0,"coverage10":0.0,"coverage15":0.0}},{"type":"Feature","geometry":{"type":"Point","coordinates":[-6.65139,41.1308]},"properties":{"id":"37100","name":"CEREZAL DE PEÑAHORCADA","province":"37","population":64,"populationSource":"cadastre","status":"available","coverage":[0.0,0.0,0.0],"buildings":347,"coverage5":0.0,"coverage10":0.0,"coverage15":0.0}},{"type":"Feature","geometry":{"type":"Point","coordinates":[-6.58757,40.97401]},"properties":{"id":"37101","name":"CERRALBO","province":"37","population":105,"populationSource":"cadastre","status":"available","coverage":[0.0,0.0,0.0],"buildings":223,"coverage5":0.0,"coverage10":0.0,"coverage15":0.0}},{"type":"Feature","geometry":{"type":"Point","coordinates":[-5.91505,40.32783]},"properties":{"id":"37102","name":"EL CERRO","province":"37","population":363,"populationSource":"cadastre","status":"available","coverage":[0.0,0.0,0.0],"buildings":472,"coverage5":0.0,"coverage10":0.0,"coverage15":0.0}},{"type":"Feature","geometry":{"type":"Point","coordinates":[-5.58024,40.54295]},"properties":{"id":"37103","name":"CESPEDOSA DE TORMES","province":"37","population":480,"populationSource":"cadastre","status":"available","coverage":[0.0,0.0,0.0],"buildings":582,"coverage5":0.0,"coverage10":0.0,"coverage15":0.0}},{"type":"Feature","geometry":{"type":"Point","coordinates":[-6.0607,40.57617]},"properties":{"id":"37104","name":"CILLEROS DE LA BASTIDA","province":"37","population":21,"populationSource":"cadastre","status":"available","coverage":[0.0,0.0,0.0],"buildings":27,"coverage5":0.0,"coverage10":0.0,"coverage15":0.0}},{"type":"Feature","geometry":{"type":"Point","coordinates":[-6.26567,40.96193]},"properties":{"id":"37106","name":"CIPÉREZ","province":"37","population":233,"populationSource":"cadastre","status":"available","coverage":[0.0,0.0,0.0],"buildings":347,"coverage5":0.0,"coverage10":0.0,"coverage15":0.0}},{"type":"Feature","geometry":{"type":"Point","coordinates":[-6.53416,40.59731]},"properties":{"id":"37107","name":"CIUDAD RODRIGO","province":"37","population":11750,"populationSource":"cadastre","status":"available","coverage":[8.96,28.02,66.45],"buildings":3809,"coverage5":8.96,"coverage10":28.02,"coverage15":66.45}},{"type":"Feature","geometry":{"type":"Point","coordinates":[-5.36526,40.87742]},"properties":{"id":"37108","name":"COCA DE ALBA","province":"37","population":96,"populationSource":"cadastre","status":"available","coverage":[0.0,0.0,0.0],"buildings":83,"coverage5":0.0,"coverage10":0.0,"coverage15":0.0}},{"type":"Feature","geometry":{"type":"Point","coordinates":[-5.95693,40.39933]},"properties":{"id":"37109","name":"COLMENAR DE MONTEMAYOR","province":"37","population":177,"populationSource":"cadastre","status":"available","coverage":[0.0,0.0,0.0],"buildings":228,"coverage5":0.0,"coverage10":0.0,"coverage15":0.0}},{"type":"Feature","geometry":{"type":"Point","coordinates":[-5.40597,40.95126]},"properties":{"id":"37110","name":"CORDOVILLA","province":"37","population":105,"populationSource":"cadastre","status":"available","coverage":[0.0,0.0,0.0],"buildings":63,"coverage5":0.0,"coverage10":0.0,"coverage15":0.0}},{"type":"Feature","geometry":{"type":"Point","coordinates":[-5.88988,40.4697]},"properties":{"id":"37112","name":"CRISTÓBAL","province":"37","population":158,"populationSource":"cadastre","status":"available","coverage":[0.0,0.0,0.0],"buildings":218,"coverage5":0.0,"coverage10":0.0,"coverage15":0.0}},{"type":"Feature","geometry":{"type":"Point","coordinates":[-6.30565,40.89251]},"properties":{"id":"37113","name":"EL CUBO DE DON SANCHO","province":"37","population":373,"populationSource":"cadastre","status":"available","coverage":[0.0,0.0,0.0],"buildings":226,"coverage5":0.0,"coverage10":0.0,"coverage15":0.0}},{"type":"Feature","geometry":{"type":"Point","coordinates":[-5.38228,40.64971]},"properties":{"id":"37114","name":"CHAGARCÍA MEDIANERO","province":"37","population":68,"populationSource":"cadastre","status":"available","coverage":[0.0,0.0,0.0],"buildings":47,"coverage5":0.0,"coverage10":0.0,"coverage15":0.0}},{"type":"Feature","geometry":{"type":"Point","coordinates":[-6.31203,40.64203]},"properties":{"id":"37115","name":"DIOS LE GUARDE","province":"37","population":116,"populationSource":"cadastre","status":"available","coverage":[0.0,0.0,0.0],"buildings":117,"coverage5":0.0,"coverage10":0.0,"coverage15":0.0}},{"type":"Feature","geometry":{"type":"Point","coordinates":[-6.03341,41.01243]},"properties":{"id":"37116","name":"DOÑINOS DE LEDESMA","province":"37","population":62,"populationSource":"cadastre","status":"available","coverage":[0.0,0.0,0.0],"buildings":48,"coverage5":0.0,"coverage10":0.0,"coverage15":0.0}},{"type":"Feature","geometry":{"type":"Point","coordinates":[-5.7464,40.96011]},"properties":{"id":"37117","name":"DOÑINOS DE SALAMANCA","province":"37","population":2273,"populationSource":"cadastre","status":"available","coverage":[47.06,82.82,91.23],"buildings":955,"coverage5":47.06,"coverage10":82.82,"coverage15":91.23}},{"type":"Feature","geometry":{"type":"Point","coordinates":[-5.53982,40.76651]},"properties":{"id":"37118","name":"ÉJEME","province":"37","population":139,"populationSource":"cadastre","status":"available","coverage":[0.0,0.0,0.0],"buildings":145,"coverage5":0.0,"coverage10":0.0,"coverage15":0.0}},{"type":"Feature","geometry":{"type":"Point","coordinates":[-6.53108,40.49912]},"properties":{"id":"37119","name":"LA ENCINA","province":"37","population":95,"populationSource":"cadastre","status":"available","coverage":[0.0,0.0,0.0],"buildings":192,"coverage5":0.0,"coverage10":0.0,"coverage15":0.0}},{"type":"Feature","geometry":{"type":"Point","coordinates":[-6.09167,41.01476]},"properties":{"id":"37120","name":"ENCINA DE SAN SILVESTRE","province":"37","population":111,"populationSource":"cadastre","status":"available","coverage":[0.0,0.0,0.0],"buildings":105,"coverage5":0.0,"coverage10":0.0,"coverage15":0.0}},{"type":"Feature","geometry":{"type":"Point","coordinates":[-5.47013,40.93423]},"properties":{"id":"37121","name":"ENCINAS DE ABAJO","province":"37","population":615,"populationSource":"cadastre","status":"available","coverage":[0.0,0.0,0.0],"buildings":274,"coverage5":0.0,"coverage10":0.0,"coverage15":0.0}},{"type":"Feature","geometry":{"type":"Point","coordinates":[-5.55733,40.77165]},"properties":{"id":"37122","name":"ENCINAS DE ARRIBA","province":"37","population":223,"populationSource":"cadastre","status":"available","coverage":[0.0,0.0,0.0],"buildings":96,"coverage5":0.0,"coverage10":0.0,"coverage15":0.0}},{"type":"Feature","geometry":{"type":"Point","coordinates":[-6.53137,41.03152]},"properties":{"id":"37123","name":"ENCINASOLA DE LOS COMENDADORES","province":"37","population":146,"populationSource":"cadastre","status":"available","coverage":[0.0,0.0,0.0],"buildings":177,"coverage5":0.0,"coverage10":0.0,"coverage15":0.0}},{"type":"Feature","geometry":{"type":"Point","coordinates":[-5.80426,40.59005]},"properties":{"id":"37124","name":"ENDRINAL","province":"37","population":201,"populationSource":"cadastre","status":"available","coverage":[0.0,0.0,0.0],"buildings":287,"coverage5":0.0,"coverage10":0.0,"coverage15":0.0}},{"type":"Feature","geometry":{"type":"Point","coordinates":[-5.95672,40.61569]},"properties":{"id":"37125","name":"ESCURIAL DE LA SIERRA","province":"37","population":233,"populationSource":"cadastre","status":"available","coverage":[0.0,0.0,0.0],"buildings":301,"coverage5":0.0,"coverage10":0.0,"coverage15":0.0}},{"type":"Feature","geometry":{"type":"Point","coordinates":[-6.2852,41.06216]},"properties":{"id":"37126","name":"ESPADAÑA","province":"37","population":32,"populationSource":"cadastre","status":"available","coverage":[0.0,0.0,0.0],"buildings":27,"coverage5":0.0,"coverage10":0.0,"coverage15":0.0}},{"type":"Feature","geometry":{"type":"Point","coordinates":[-6.71612,40.56543]},"properties":{"id":"37127","name":"ESPEJA","province":"37","population":212,"populationSource":"cadastre","status":"available","coverage":[0.0,0.0,0.0],"buildings":285,"coverage5":0.0,"coverage10":0.0,"coverage15":0.0}},{"type":"Feature","geometry":{"type":"Point","coordinates":[-5.42427,41.10598]},"properties":{"id":"37128","name":"ESPINO DE LA ORBADA","province":"37","population":238,"populationSource":"cadastre","status":"available","coverage":[0.0,0.0,0.0],"buildings":205,"coverage5":0.0,"coverage10":0.0,"coverage15":0.0}},{"type":"Feature","geometry":{"type":"Point","coordinates":[-5.7618,41.02301]},"properties":{"id":"37129","name":"FLORIDA DE LIÉBANA","province":"37","population":248,"populationSource":"cadastre","status":"available","coverage":[0.0,0.0,0.0],"buildings":258,"coverage5":0.0,"coverage10":0.0,"coverage15":0.0}},{"type":"Feature","geometry":{"type":"Point","coordinates":[-5.7487,41.09706]},"properties":{"id":"37130","name":"FORFOLEDA","province":"37","population":207,"populationSource":"cadastre","status":"available","coverage":[0.0,0.0,0.0],"buildings":83,"coverage5":0.0,"coverage10":0.0,"coverage15":0.0}},{"type":"Feature","geometry":{"type":"Point","coordinates":[-5.78369,40.65658]},"properties":{"id":"37131","name":"FRADES DE LA SIERRA","province":"37","population":163,"populationSource":"cadastre","status":"available","coverage":[0.0,0.0,0.0],"buildings":219,"coverage5":0.0,"coverage10":0.0,"coverage15":0.0}},{"type":"Feature","geometry":{"type":"Point","coordinates":[-6.8663,40.98811]},"properties":{"id":"37132","name":"LA FREGENEDA","province":"37","population":296,"populationSource":"cadastre","status":"available","coverage":[0.0,0.99,0.99],"buildings":484,"coverage5":0.0,"coverage10":0.99,"coverage15":0.99}},{"type":"Feature","geometry":{"type":"Point","coordinates":[-5.70944,40.43628]},"properties":{"id":"37133","name":"FRESNEDOSO","province":"37","population":94,"populationSource":"cadastre","status":"available","coverage":[0.0,0.0,0.0],"buildings":134,"coverage5":0.0,"coverage10":0.0,"coverage15":0.0}},{"type":"Feature","geometry":{"type":"Point","coordinates":[-5.61622,40.71244]},"properties":{"id":"37134","name":"FRESNO ALHÁNDIGA","province":"37","population":194,"populationSource":"cadastre","status":"available","coverage":[0.0,0.0,0.0],"buildings":175,"coverage5":0.0,"coverage10":0.0,"coverage15":0.0}},{"type":"Feature","geometry":{"type":"Point","coordinates":[-6.25746,40.80178]},"properties":{"id":"37135","name":"LA FUENTE DE SAN ESTEBAN","province":"37","population":1293,"populationSource":"cadastre","status":"available","coverage":[0.0,0.0,0.0],"buildings":933,"coverage5":0.0,"coverage10":0.0,"coverage15":0.0}},{"type":"Feature","geometry":{"type":"Point","coordinates":[-6.67625,40.42868]},"properties":{"id":"37136","name":"FUENTEGUINALDO","province":"37","population":635,"populationSource":"cadastre","status":"available","coverage":[0.0,0.0,0.0],"buildings":723,"coverage5":0.0,"coverage10":0.0,"coverage15":0.0}},{"type":"Feature","geometry":{"type":"Point","coordinates":[-6.57273,40.8751]},"properties":{"id":"37137","name":"FUENTELIANTE","province":"37","population":80,"populationSource":"cadastre","status":"available","coverage":[0.0,0.0,0.0],"buildings":67,"coverage5":0.0,"coverage10":0.0,"coverage15":0.0}},{"type":"Feature","geometry":{"type":"Point","coordinates":[-5.7332,40.56263]},"properties":{"id":"37138","name":"FUENTERROBLE DE SALVATIERRA","province":"37","population":260,"populationSource":"cadastre","status":"available","coverage":[0.0,0.0,0.0],"buildings":236,"coverage5":0.0,"coverage10":0.0,"coverage15":0.0}},{"type":"Feature","geometry":{"type":"Point","coordinates":[-5.6943,40.50755]},"properties":{"id":"37139","name":"FUENTES DE BÉJAR","province":"37","population":239,"populationSource":"cadastre","status":"available","coverage":[0.0,0.0,0.0],"buildings":320,"coverage5":0.0,"coverage10":0.0,"coverage15":0.0}},{"type":"Feature","geometry":{"type":"Point","coordinates":[-6.81175,40.58946]},"properties":{"id":"37140","name":"FUENTES DE OÑORO","province":"37","population":1012,"populationSource":"cadastre","status":"available","coverage":[0.0,0.0,0.0],"buildings":430,"coverage5":0.0,"coverage10":0.0,"coverage15":0.0}},{"type":"Feature","geometry":{"type":"Point","coordinates":[-5.36613,40.78246]},"properties":{"id":"37141","name":"GAJATES","province":"37","population":135,"populationSource":"cadastre","status":"available","coverage":[70.08,70.78,70.78],"buildings":187,"coverage5":70.08,"coverage10":70.78,"coverage15":70.78}},{"type":"Feature","geometry":{"type":"Point","coordinates":[-5.87269,40.94277]},"properties":{"id":"37142","name":"GALINDO Y PERAHUY","province":"37","population":713,"populationSource":"cadastre","status":"available","coverage":[0.0,0.0,0.0],"buildings":808,"coverage5":0.0,"coverage10":0.0,"coverage15":0.0}},{"type":"Feature","geometry":{"type":"Point","coordinates":[-5.5412,40.66273]},"properties":{"id":"37143","name":"GALINDUSTE","province":"37","population":401,"populationSource":"cadastre","status":"available","coverage":[0.0,0.0,0.0],"buildings":425,"coverage5":0.0,"coverage10":0.0,"coverage15":0.0}},{"type":"Feature","geometry":{"type":"Point","coordinates":[-5.55412,40.74389]},"properties":{"id":"37144","name":"GALISANCHO","province":"37","population":320,"populationSource":"cadastre","status":"available","coverage":[0.0,0.0,0.0],"buildings":284,"coverage5":0.0,"coverage10":0.0,"coverage15":0.0}},{"type":"Feature","geometry":{"type":"Point","coordinates":[-6.70221,40.62995]},"properties":{"id":"37145","name":"GALLEGOS DE ARGAÑÁN","province":"37","population":259,"populationSource":"cadastre","status":"available","coverage":[0.0,0.0,0.0],"buildings":300,"coverage5":0.0,"coverage10":0.0,"coverage15":0.0}},{"type":"Feature","geometry":{"type":"Point","coordinates":[-5.44956,40.53728]},"properties":{"id":"37146","name":"GALLEGOS DE SOLMIRÓN","province":"37","population":109,"populationSource":"cadastre","status":"available","coverage":[0.0,0.0,0.0],"buildings":189,"coverage5":0.0,"coverage10":0.0,"coverage15":0.0}},{"type":"Feature","geometry":{"type":"Point","coordinates":[-5.99288,40.51608]},"properties":{"id":"37147","name":"GARCIBUEY","province":"37","population":186,"populationSource":"cadastre","status":"available","coverage":[0.0,0.0,0.0],"buildings":198,"coverage5":0.0,"coverage10":0.0,"coverage15":0.0}},{"type":"Feature","geometry":{"type":"Point","coordinates":[-5.43475,40.86132]},"properties":{"id":"37148","name":"GARCIHERNÁNDEZ","province":"37","population":412,"populationSource":"cadastre","status":"available","coverage":[65.85,73.05,73.05],"buildings":186,"coverage5":65.85,"coverage10":73.05,"coverage15":73.05}},{"type":"Feature","geometry":{"type":"Point","coordinates":[-6.13059,40.90056]},"properties":{"id":"37149","name":"GARCIRREY","province":"37","population":52,"populationSource":"cadastre","status":"available","coverage":[0.0,0.0,0.0],"buildings":69,"coverage5":0.0,"coverage10":0.0,"coverage15":0.0}},{"type":"Feature","geometry":{"type":"Point","coordinates":[-6.12369,41.07716]},"properties":{"id":"37150","name":"GEJUELO DEL BARRO","province":"37","population":31,"populationSource":"cadastre","status":"available","coverage":[0.0,0.0,0.0],"buildings":12,"coverage5":0.0,"coverage10":0.0,"coverage15":0.0}},{"type":"Feature","geometry":{"type":"Point","coordinates":[-5.90825,40.99956]},"properties":{"id":"37151","name":"GOLPEJAS","province":"37","population":139,"populationSource":"cadastre","status":"available","coverage":[0.0,0.0,0.0],"buildings":126,"coverage5":0.0,"coverage10":0.0,"coverage15":0.0}},{"type":"Feature","geometry":{"type":"Point","coordinates":[-5.53545,41.04257]},"properties":{"id":"37152","name":"GOMECELLO","province":"37","population":411,"populationSource":"cadastre","status":"available","coverage":[0.0,0.0,0.0],"buildings":162,"coverage5":0.0,"coverage10":0.0,"coverage15":0.0}},{"type":"Feature","geometry":{"type":"Point","coordinates":[-6.49361,41.01682]},"properties":{"id":"37154","name":"GUADRAMIRO","province":"37","population":120,"populationSource":"cadastre","status":"available","coverage":[0.0,0.0,0.0],"buildings":127,"coverage5":0.0,"coverage10":0.0,"coverage15":0.0}},{"type":"Feature","geometry":{"type":"Point","coordinates":[-5.63962,40.5307]},"properties":{"id":"37155","name":"GUIJO DE ÁVILA","province":"37","population":81,"populationSource":"cadastre","status":"available","coverage":[0.0,0.0,0.0],"buildings":71,"coverage5":0.0,"coverage10":0.0,"coverage15":0.0}},{"type":"Feature","geometry":{"type":"Point","coordinates":[-5.67162,40.55564]},"properties":{"id":"37156","name":"GUIJUELO","province":"37","population":5427,"populationSource":"cadastre","status":"available","coverage":[0.0,0.75,10.45],"buildings":1339,"coverage5":0.0,"coverage10":0.75,"coverage15":10.45}},{"type":"Feature","geometry":{"type":"Point","coordinates":[-6.52144,40.4582]},"properties":{"id":"37157","name":"HERGUIJUELA DE CIUDAD RODRIGO","province":"37","population":65,"populationSource":"cadastre","status":"available","coverage":[0.0,0.0,0.0],"buildings":124,"coverage5":0.0,"coverage10":0.0,"coverage15":0.0}},{"type":"Feature","geometry":{"type":"Point","coordinates":[-6.07354,40.44554]},"properties":{"id":"37158","name":"HERGUIJUELA DE LA SIERRA","province":"37","population":222,"populationSource":"cadastre","status":"available","coverage":[0.0,0.0,0.0],"buildings":266,"coverage5":0.0,"coverage10":0.0,"coverage15":0.0}},{"type":"Feature","geometry":{"type":"Point","coordinates":[-5.86398,40.63041]},"properties":{"id":"37159","name":"HERGUIJUELA DEL CAMPO","province":"37","population":60,"populationSource":"cadastre","status":"available","coverage":[0.0,0.0,0.0],"buildings":137,"coverage5":0.0,"coverage10":0.0,"coverage15":0.0}},{"type":"Feature","geometry":{"type":"Point","coordinates":[-6.79638,40.98544]},"properties":{"id":"37160","name":"HINOJOSA DE DUERO","province":"37","population":562,"populationSource":"cadastre","status":"available","coverage":[0.0,0.0,0.0],"buildings":632,"coverage5":0.0,"coverage10":0.0,"coverage15":0.0}},{"type":"Feature","geometry":{"type":"Point","coordinates":[-5.89435,40.42155]},"properties":{"id":"37161","name":"HORCAJO DE MONTEMAYOR","province":"37","population":107,"populationSource":"cadastre","status":"available","coverage":[0.0,0.0,0.0],"buildings":245,"coverage5":0.0,"coverage10":0.0,"coverage15":0.0}},{"type":"Feature","geometry":{"type":"Point","coordinates":[-5.40597,40.63912]},"properties":{"id":"37162","name":"HORCAJO MEDIANERO","province":"37","population":199,"populationSource":"cadastre","status":"available","coverage":[0.0,0.0,0.0],"buildings":547,"coverage5":0.0,"coverage10":0.0,"coverage15":0.0}},{"type":"Feature","geometry":{"type":"Point","coordinates":[-5.69954,40.40687]},"properties":{"id":"37163","name":"LA HOYA","province":"37","population":32,"populationSource":"cadastre","status":"available","coverage":[0.0,0.0,0.0],"buildings":80,"coverage5":0.0,"coverage10":0.0,"coverage15":0.0}},{"type":"Feature","geometry":{"type":"Point","coordinates":[-5.46829,40.96827]},"properties":{"id":"37164","name":"HUERTA","province":"37","population":282,"populationSource":"cadastre","status":"available","coverage":[0.0,0.0,0.0],"buildings":301,"coverage5":0.0,"coverage10":0.0,"coverage15":0.0}},{"type":"Feature","geometry":{"type":"Point","coordinates":[-6.32717,41.14077]},"properties":{"id":"37165","name":"IRUELOS","province":"37","population":29,"populationSource":"cadastre","status":"available","coverage":[0.0,0.0,0.0],"buildings":49,"coverage5":0.0,"coverage10":0.0,"coverage15":0.0}},{"type":"Feature","geometry":{"type":"Point","coordinates":[-6.69227,40.48575]},"properties":{"id":"37166","name":"ITUERO DE AZABA","province":"37","population":189,"populationSource":"cadastre","status":"available","coverage":[0.0,0.0,0.0],"buildings":179,"coverage5":0.0,"coverage10":0.0,"coverage15":0.0}},{"type":"Feature","geometry":{"type":"Point","coordinates":[-5.86284,41.07829]},"properties":{"id":"37167","name":"JUZBADO","province":"37","population":176,"populationSource":"cadastre","status":"available","coverage":[0.0,0.0,0.0],"buildings":107,"coverage5":0.0,"coverage10":0.0,"coverage15":0.0}},{"type":"Feature","geometry":{"type":"Point","coordinates":[-5.97147,40.32514]},"properties":{"id":"37168","name":"LAGUNILLA","province":"37","population":414,"populationSource":"cadastre","status":"available","coverage":[0.0,0.0,0.0],"buildings":653,"coverage5":0.0,"coverage10":0.0,"coverage15":0.0}},{"type":"Feature","geometry":{"type":"Point","coordinates":[-5.44921,40.73636]},"properties":{"id":"37169","name":"LARRODRIGO","province":"37","population":178,"populationSource":"cadastre","status":"available","coverage":[97.44,98.4,99.05],"buildings":146,"coverage5":97.44,"coverage10":98.4,"coverage15":99.05}},{"type":"Feature","geometry":{"type":"Point","coordinates":[-5.99997,41.08785]},"properties":{"id":"37170","name":"LEDESMA","province":"37","population":1480,"populationSource":"cadastre","status":"available","coverage":[10.0,19.74,48.37],"buildings":1041,"coverage5":10.0,"coverage10":19.74,"coverage15":48.37}},{"type":"Feature","geometry":{"type":"Point","coordinates":[-5.71947,40.46862]},"properties":{"id":"37171","name":"LEDRADA","province":"37","population":476,"populationSource":"cadastre","status":"available","coverage":[0.0,0.0,0.0],"buildings":378,"coverage5":0.0,"coverage10":0.0,"coverage15":0.0}},{"type":"Feature","geometry":{"type":"Point","coordinates":[-5.92122,40.58413]},"properties":{"id":"37172","name":"LINARES DE RIOFRÍO","province":"37","population":924,"populationSource":"cadastre","status":"available","coverage":[0.0,0.0,0.0],"buildings":687,"coverage5":0.0,"coverage10":0.0,"coverage15":0.0}},{"type":"Feature","geometry":{"type":"Point","coordinates":[-6.71924,40.93501]},"properties":{"id":"37173","name":"LUMBRALES","province":"37","population":1507,"populationSource":"cadastre","status":"available","coverage":[25.81,93.85,99.59],"buildings":1353,"coverage5":25.81,"coverage10":93.85,"coverage15":99.59}},{"type":"Feature","geometry":{"type":"Point","coordinates":[-5.28547,40.8308]},"properties":{"id":"37174","name":"MACOTERA","province":"37","population":1006,"populationSource":"cadastre","status":"available","coverage":[22.41,80.32,99.68],"buildings":1004,"coverage5":22.41,"coverage10":80.32,"coverage15":99.68}},{"type":"Feature","geometry":{"type":"Point","coordinates":[-5.52424,40.92624]},"properties":{"id":"37175","name":"MACHACÓN","province":"37","population":442,"populationSource":"cadastre","status":"available","coverage":[0.0,0.0,0.0],"buildings":291,"coverage5":0.0,"coverage10":0.0,"coverage15":0.0}},{"type":"Feature","geometry":{"type":"Point","coordinates":[-6.06296,40.46424]},"properties":{"id":"37176","name":"MADROÑAL","province":"37","population":128,"populationSource":"cadastre","status":"available","coverage":[0.0,0.0,0.0],"buildings":136,"coverage5":0.0,"coverage10":0.0,"coverage15":0.0}},{"type":"Feature","geometry":{"type":"Point","coordinates":[-6.17933,40.56492]},"properties":{"id":"37177","name":"EL MAÍLLO","province":"37","population":282,"populationSource":"cadastre","status":"available","coverage":[0.0,0.0,0.0],"buildings":378,"coverage5":0.0,"coverage10":0.0,"coverage15":0.0}},{"type":"Feature","geometry":{"type":"Point","coordinates":[-5.23184,40.76292]},"properties":{"id":"37178","name":"MALPARTIDA","province":"37","population":74,"populationSource":"cadastre","status":"available","coverage":[0.0,0.0,0.0],"buildings":99,"coverage5":0.0,"coverage10":0.0,"coverage15":0.0}},{"type":"Feature","geometry":{"type":"Point","coordinates":[-5.19965,40.8396]},"properties":{"id":"37179","name":"MANCERA DE ABAJO","province":"37","population":192,"populationSource":"cadastre","status":"available","coverage":[0.0,0.0,0.0],"buildings":277,"coverage5":0.0,"coverage10":0.0,"coverage15":0.0}},{"type":"Feature","geometry":{"type":"Point","coordinates":[-6.28724,41.17487]},"properties":{"id":"37180","name":"EL MANZANO","province":"37","population":54,"populationSource":"cadastre","status":"available","coverage":[0.0,0.0,0.0],"buildings":88,"coverage5":0.0,"coverage10":0.0,"coverage15":0.0}},{"type":"Feature","geometry":{"type":"Point","coordinates":[-6.49082,40.45346]},"properties":{"id":"37181","name":"MARTIAGO","province":"37","population":252,"populationSource":"cadastre","status":"available","coverage":[0.0,0.0,0.0],"buildings":266,"coverage5":0.0,"coverage10":0.0,"coverage15":0.0}},{"type":"Feature","geometry":{"type":"Point","coordinates":[-5.59897,40.80626]},"properties":{"id":"37182","name":"MARTINAMOR","province":"37","population":91,"populationSource":"cadastre","status":"available","coverage":[0.0,0.0,0.0],"buildings":87,"coverage5":0.0,"coverage10":0.0,"coverage15":0.0}},{"type":"Feature","geometry":{"type":"Point","coordinates":[-6.29117,40.77685]},"properties":{"id":"37183","name":"MARTÍN DE YELTES","province":"37","population":383,"populationSource":"cadastre","status":"available","coverage":[0.0,0.0,0.0],"buildings":296,"coverage5":0.0,"coverage10":0.0,"coverage15":0.0}},{"type":"Feature","geometry":{"type":"Point","coordinates":[-6.58943,41.20347]},"properties":{"id":"37184","name":"MASUECO","province":"37","population":240,"populationSource":"cadastre","status":"available","coverage":[0.0,0.0,0.0],"buildings":439,"coverage5":0.0,"coverage10":0.0,"coverage15":0.0}},{"type":"Feature","geometry":{"type":"Point","coordinates":[-5.69453,41.05133]},"properties":{"id":"37185","name":"CASTELLANOS DE VILLIQUERA","province":"37","population":727,"populationSource":"cadastre","status":"available","coverage":[0.0,0.0,0.0],"buildings":547,"coverage5":0.0,"coverage10":0.0,"coverage15":0.0}},{"type":"Feature","geometry":{"type":"Point","coordinates":[-5.97075,41.00038]},"properties":{"id":"37186","name":"LA MATA DE LEDESMA","province":"37","population":98,"populationSource":"cadastre","status":"available","coverage":[0.0,0.0,0.0],"buildings":97,"coverage5":0.0,"coverage10":0.0,"coverage15":0.0}},{"type":"Feature","geometry":{"type":"Point","coordinates":[-5.94311,40.82516]},"properties":{"id":"37187","name":"MATILLA DE LOS CAÑOS DEL RÍO","province":"37","population":607,"populationSource":"cadastre","status":"available","coverage":[0.0,0.0,0.0],"buildings":178,"coverage5":0.0,"coverage10":0.0,"coverage15":0.0}},{"type":"Feature","geometry":{"type":"Point","coordinates":[-5.61351,40.68698]},"properties":{"id":"37188","name":"LA MAYA","province":"37","population":163,"populationSource":"cadastre","status":"available","coverage":[0.0,0.0,0.0],"buildings":176,"coverage5":0.0,"coverage10":0.0,"coverage15":0.0}},{"type":"Feature","geometry":{"type":"Point","coordinates":[-5.80623,40.69094]},"properties":{"id":"37189","name":"MEMBRIBE DE LA SIERRA","province":"37","population":101,"populationSource":"cadastre","status":"available","coverage":[0.0,0.0,0.0],"buildings":101,"coverage5":0.0,"coverage10":0.0,"coverage15":0.0}},{"type":"Feature","geometry":{"type":"Point","coordinates":[-6.68797,41.1625]},"properties":{"id":"37190","name":"MIEZA","province":"37","population":170,"populationSource":"cadastre","status":"available","coverage":[0.0,0.0,0.0],"buildings":304,"coverage5":0.0,"coverage10":0.0,"coverage15":0.0}},{"type":"Feature","geometry":{"type":"Point","coordinates":[-6.59924,41.09174]},"properties":{"id":"37191","name":"EL MILANO","province":"37","population":88,"populationSource":"osm_fallback","status":"available","coverage":[0.0,0.0,0.0],"buildings":1,"coverage5":0.0,"coverage10":0.0,"coverage15":0.0}},{"type":"Feature","geometry":{"type":"Point","coordinates":[-5.68182,40.88652]},"properties":{"id":"37192","name":"MIRANDA DE AZÁN","province":"37","population":451,"populationSource":"cadastre","status":"review"}},{"type":"Feature","geometry":{"type":"Point","coordinates":[-6.00108,40.48477]},"properties":{"id":"37193","name":"MIRANDA DEL CASTAÑAR","province":"37","population":361,"populationSource":"cadastre","status":"available","coverage":[0.0,0.0,0.0],"buildings":519,"coverage5":0.0,"coverage10":0.0,"coverage15":0.0}},{"type":"Feature","geometry":{"type":"Point","coordinates":[-6.0528,40.49218]},"properties":{"id":"37194","name":"MOGARRAZ","province":"37","population":236,"populationSource":"cadastre","status":"available","coverage":[0.0,0.0,0.0],"buildings":318,"coverage5":0.0,"coverage10":0.0,"coverage15":0.0}},{"type":"Feature","geometry":{"type":"Point","coordinates":[-5.94496,40.46894]},"properties":{"id":"37195","name":"MOLINILLO","province":"37","population":43,"populationSource":"cadastre","status":"available","coverage":[0.0,0.0,0.0],"buildings":85,"coverage5":0.0,"coverage10":0.0,"coverage15":0.0}},{"type":"Feature","geometry":{"type":"Point","coordinates":[-6.05668,40.48341]},"properties":{"id":"37196","name":"MONFORTE DE LA SIERRA","province":"37","population":50,"populationSource":"cadastre","status":"available","coverage":[0.0,0.0,0.0],"buildings":112,"coverage5":0.0,"coverage10":0.0,"coverage15":0.0}},{"type":"Feature","geometry":{"type":"Point","coordinates":[-5.84645,40.58359]},"properties":{"id":"37197","name":"MONLEÓN","province":"37","population":88,"populationSource":"cadastre","status":"available","coverage":[0.0,0.0,0.0],"buildings":118,"coverage5":0.0,"coverage10":0.0,"coverage15":0.0}},{"type":"Feature","geometry":{"type":"Point","coordinates":[-6.22591,41.18668]},"properties":{"id":"37198","name":"MONLERAS","province":"37","population":241,"populationSource":"cadastre","status":"available","coverage":[0.0,0.0,0.0],"buildings":228,"coverage5":0.0,"coverage10":0.0,"coverage15":0.0}},{"type":"Feature","geometry":{"type":"Point","coordinates":[-6.26936,40.50291]},"properties":{"id":"37199","name":"MONSAGRO","province":"37","population":129,"populationSource":"cadastre","status":"available","coverage":[0.0,0.0,0.0],"buildings":141,"coverage5":0.0,"coverage10":0.0,"coverage15":0.0}},{"type":"Feature","geometry":{"type":"Point","coordinates":[-5.623,40.6314]},"properties":{"id":"37200","name":"MONTEJO","province":"37","population":186,"populationSource":"cadastre","status":"available","coverage":[0.0,0.0,0.0],"buildings":113,"coverage5":0.0,"coverage10":0.0,"coverage15":0.0}},{"type":"Feature","geometry":{"type":"Point","coordinates":[-5.89268,40.34892]},"properties":{"id":"37201","name":"MONTEMAYOR DEL RÍO","province":"37","population":245,"populationSource":"cadastre","status":"available","coverage":[0.0,0.0,0.0],"buildings":358,"coverage5":0.0,"coverage10":0.0,"coverage15":0.0}},{"type":"Feature","geometry":{"type":"Point","coordinates":[-5.64294,41.02727]},"properties":{"id":"37202","name":"MONTERRUBIO DE ARMUÑA","province":"37","population":1321,"populationSource":"cadastre","status":"available","coverage":[0.0,0.0,0.0],"buildings":412,"coverage5":0.0,"coverage10":0.0,"coverage15":0.0}},{"type":"Feature","geometry":{"type":"Point","coordinates":[-5.6931,40.75635]},"properties":{"id":"37203","name":"MONTERRUBIO DE LA SIERRA","province":"37","population":150,"populationSource":"cadastre","status":"available","coverage":[0.0,0.0,0.0],"buildings":116,"coverage5":0.0,"coverage10":0.0,"coverage15":0.0}},{"type":"Feature","geometry":{"type":"Point","coordinates":[-6.2751,40.60158]},"properties":{"id":"37204","name":"MORASVERDES","province":"37","population":230,"populationSource":"cadastre","status":"available","coverage":[0.0,0.0,0.0],"buildings":321,"coverage5":0.0,"coverage10":0.0,"coverage15":0.0}},{"type":"Feature","geometry":{"type":"Point","coordinates":[-5.69783,40.80698]},"properties":{"id":"37205","name":"MORILLE","province":"37","population":221,"populationSource":"cadastre","status":"available","coverage":[0.0,0.0,0.0],"buildings":246,"coverage5":0.0,"coverage10":0.0,"coverage15":0.0}},{"type":"Feature","geometry":{"type":"Point","coordinates":[-5.41376,40.97019]},"properties":{"id":"37206","name":"MORÍÑIGO","province":"37","population":93,"populationSource":"cadastre","status":"available","coverage":[0.0,0.0,1.27],"buildings":75,"coverage5":0.0,"coverage10":0.0,"coverage15":1.27}},{"type":"Feature","geometry":{"type":"Point","coordinates":[-5.58224,41.00742]},"properties":{"id":"37207","name":"MORISCOS","province":"37","population":577,"populationSource":"cadastre","status":"available","coverage":[0.0,0.0,0.0],"buildings":200,"coverage5":0.0,"coverage10":0.0,"coverage15":0.0}},{"type":"Feature","geometry":{"type":"Point","coordinates":[-6.4319,40.97786]},"properties":{"id":"37208","name":"MORONTA","province":"37","population":73,"populationSource":"cadastre","status":"available","coverage":[0.0,0.0,0.0],"buildings":91,"coverage5":0.0,"coverage10":0.0,"coverage15":0.0}},{"type":"Feature","geometry":{"type":"Point","coordinates":[-5.65112,40.85684]},"properties":{"id":"37209","name":"MOZÁRBEZ","province":"37","population":510,"populationSource":"cadastre","status":"available","coverage":[0.0,0.0,0.0],"buildings":376,"coverage5":0.0,"coverage10":0.0,"coverage15":0.0}},{"type":"Feature","geometry":{"type":"Point","coordinates":[-5.92617,40.69975]},"properties":{"id":"37211","name":"NARROS DE MATALAYEGUA","province":"37","population":187,"populationSource":"cadastre","status":"available","coverage":[0.0,0.0,0.0],"buildings":151,"coverage5":0.0,"coverage10":0.0,"coverage15":0.0}},{"type":"Feature","geometry":{"type":"Point","coordinates":[-5.71585,40.39836]},"properties":{"id":"37212","name":"NAVACARROS","province":"37","population":141,"populationSource":"cadastre","status":"available","coverage":[78.05,99.37,99.37],"buildings":156,"coverage5":78.05,"coverage10":99.37,"coverage15":99.37}},{"type":"Feature","geometry":{"type":"Point","coordinates":[-5.68072,40.47421]},"properties":{"id":"37213","name":"NAVA DE BÉJAR","province":"37","population":74,"populationSource":"cadastre","status":"available","coverage":[0.0,0.0,0.0],"buildings":163,"coverage5":0.0,"coverage10":0.0,"coverage15":0.0}},{"type":"Feature","geometry":{"type":"Point","coordinates":[-6.11604,40.53556]},"properties":{"id":"37214","name":"NAVA DE FRANCIA","province":"37","population":116,"populationSource":"cadastre","status":"available","coverage":[56.2,82.88,82.88],"buildings":176,"coverage5":56.2,"coverage10":82.88,"coverage15":82.88}},{"type":"Feature","geometry":{"type":"Point","coordinates":[-5.28661,40.88993]},"properties":{"id":"37215","name":"NAVA DE SOTROBAL","province":"37","population":147,"populationSource":"cadastre","status":"available","coverage":[0.0,0.0,0.0],"buildings":168,"coverage5":0.0,"coverage10":0.0,"coverage15":0.0}},{"type":"Feature","geometry":{"type":"Point","coordinates":[-5.47953,40.78849]},"properties":{"id":"37216","name":"NAVALES","province":"37","population":312,"populationSource":"cadastre","status":"available","coverage":[0.0,0.0,0.0],"buildings":238,"coverage5":0.0,"coverage10":0.0,"coverage15":0.0}},{"type":"Feature","geometry":{"type":"Point","coordinates":[-5.78253,40.4225]},"properties":{"id":"37217","name":"NAVALMORAL DE BÉJAR","province":"37","population":57,"populationSource":"cadastre","status":"available","coverage":[0.0,0.0,0.0],"buildings":84,"coverage5":0.0,"coverage10":0.0,"coverage15":0.0}},{"type":"Feature","geometry":{"type":"Point","coordinates":[-5.47787,40.47715]},"properties":{"id":"37218","name":"NAVAMORALES","province":"37","population":45,"populationSource":"cadastre","status":"available","coverage":[0.0,0.0,0.0],"buildings":205,"coverage5":0.0,"coverage10":0.0,"coverage15":0.0}},{"type":"Feature","geometry":{"type":"Point","coordinates":[-6.01262,40.60625]},"properties":{"id":"37219","name":"NAVARREDONDA DE LA RINCONADA","province":"37","population":153,"populationSource":"cadastre","status":"available","coverage":[0.0,0.0,0.0],"buildings":197,"coverage5":0.0,"coverage10":0.0,"coverage15":0.0}},{"type":"Feature","geometry":{"type":"Point","coordinates":[-6.81859,40.29513]},"properties":{"id":"37221","name":"NAVASFRÍAS","province":"37","population":365,"populationSource":"cadastre","status":"available","coverage":[0.0,0.0,0.0],"buildings":569,"coverage5":0.0,"coverage10":0.0,"coverage15":0.0}},{"type":"Feature","geometry":{"type":"Point","coordinates":[-5.5928,41.09182]},"properties":{"id":"37222","name":"NEGRILLA DE PALENCIA","province":"37","population":78,"populationSource":"cadastre","status":"available","coverage":[0.0,0.0,0.0],"buildings":80,"coverage5":0.0,"coverage10":0.0,"coverage15":0.0}},{"type":"Feature","geometry":{"type":"Point","coordinates":[-6.62389,40.879]},"properties":{"id":"37223","name":"OLMEDO DE CAMACES","province":"37","population":87,"populationSource":"cadastre","status":"available","coverage":[0.0,0.0,0.0],"buildings":103,"coverage5":0.0,"coverage10":0.0,"coverage15":0.0}},{"type":"Feature","geometry":{"type":"Point","coordinates":[-5.48292,41.10216]},"properties":{"id":"37224","name":"LA ORBADA","province":"37","population":177,"populationSource":"cadastre","status":"available","coverage":[0.0,0.0,0.0],"buildings":164,"coverage5":0.0,"coverage10":0.0,"coverage15":0.0}},{"type":"Feature","geometry":{"type":"Point","coordinates":[-5.50911,41.08792]},"properties":{"id":"37225","name":"PAJARES DE LA LAGUNA","province":"37","population":110,"populationSource":"cadastre","status":"available","coverage":[0.0,0.0,0.0],"buildings":90,"coverage5":0.0,"coverage10":0.0,"coverage15":0.0}},{"type":"Feature","geometry":{"type":"Point","coordinates":[-5.89015,41.16561]},"properties":{"id":"37226","name":"PALACIOS DEL ARZOBISPO","province":"37","population":141,"populationSource":"cadastre","status":"available","coverage":[0.0,0.0,0.0],"buildings":110,"coverage5":0.0,"coverage10":0.0,"coverage15":0.0}},{"type":"Feature","geometry":{"type":"Point","coordinates":[-5.19517,41.05202]},"properties":{"id":"37228","name":"PALACIOSRUBIOS","province":"37","population":283,"populationSource":"cadastre","status":"available","coverage":[0.0,0.0,0.0],"buildings":258,"coverage5":0.0,"coverage10":0.0,"coverage15":0.0}},{"type":"Feature","geometry":{"type":"Point","coordinates":[-5.60054,41.09428]},"properties":{"id":"37229","name":"PALENCIA DE NEGRILLA","province":"37","population":140,"populationSource":"cadastre","status":"available","coverage":[0.0,0.0,0.0],"buildings":118,"coverage5":0.0,"coverage10":0.0,"coverage15":0.0}},{"type":"Feature","geometry":{"type":"Point","coordinates":[-5.79244,40.98642]},"properties":{"id":"37230","name":"PARADA DE ARRIBA","province":"37","population":264,"populationSource":"cadastre","status":"available","coverage":[0.0,0.0,0.0],"buildings":184,"coverage5":0.0,"coverage10":0.0,"coverage15":0.0}},{"type":"Feature","geometry":{"type":"Point","coordinates":[-5.43662,41.14758]},"properties":{"id":"37231","name":"PARADA DE RUBIALES","province":"37","population":237,"populationSource":"cadastre","status":"available","coverage":[0.0,0.0,0.0],"buildings":305,"coverage5":0.0,"coverage10":0.0,"coverage15":0.0}},{"type":"Feature","geometry":{"type":"Point","coordinates":[-5.15345,40.98386]},"properties":{"id":"37232","name":"PARADINAS DE SAN JUAN","province":"37","population":380,"populationSource":"cadastre","status":"available","coverage":[0.0,0.0,0.0],"buildings":335,"coverage5":0.0,"coverage10":0.0,"coverage15":0.0}},{"type":"Feature","geometry":{"type":"Point","coordinates":[-6.50987,40.51471]},"properties":{"id":"37233","name":"PASTORES","province":"37","population":52,"populationSource":"cadastre","status":"available","coverage":[0.0,0.0,0.0],"buildings":72,"coverage5":0.0,"coverage10":0.0,"coverage15":0.0}},{"type":"Feature","geometry":{"type":"Point","coordinates":[-6.72684,40.28654]},"properties":{"id":"37234","name":"EL PAYO","province":"37","population":302,"populationSource":"cadastre","status":"available","coverage":[0.0,0.0,0.0],"buildings":482,"coverage5":0.0,"coverage10":0.0,"coverage15":0.0}},{"type":"Feature","geometry":{"type":"Point","coordinates":[-5.37505,40.75418]},"properties":{"id":"37235","name":"PEDRAZA DE ALBA","province":"37","population":214,"populationSource":"cadastre","status":"available","coverage":[0.0,0.0,0.0],"buildings":204,"coverage5":0.0,"coverage10":0.0,"coverage15":0.0}},{"type":"Feature","geometry":{"type":"Point","coordinates":[-5.39652,40.82279]},"properties":{"id":"37236","name":"PEDROSILLO DE ALBA","province":"37","population":123,"populationSource":"cadastre","status":"available","coverage":[0.0,0.0,0.0],"buildings":77,"coverage5":0.0,"coverage10":0.0,"coverage15":0.0}},{"type":"Feature","geometry":{"type":"Point","coordinates":[-5.70523,40.71458]},"properties":{"id":"37237","name":"PEDROSILLO DE LOS AIRES","province":"37","population":312,"populationSource":"cadastre","status":"available","coverage":[0.0,0.0,0.0],"buildings":321,"coverage5":0.0,"coverage10":0.0,"coverage15":0.0}},{"type":"Feature","geometry":{"type":"Point","coordinates":[-5.54877,41.06244]},"properties":{"id":"37238","name":"PEDROSILLO EL RALO","province":"37","population":147,"populationSource":"cadastre","status":"available","coverage":[0.0,0.0,0.0],"buildings":90,"coverage5":0.0,"coverage10":0.0,"coverage15":0.0}},{"type":"Feature","geometry":{"type":"Point","coordinates":[-5.3994,41.08033]},"properties":{"id":"37239","name":"EL PEDROSO DE LA ARMUÑA","province":"37","population":202,"populationSource":"cadastre","status":"available","coverage":[0.0,0.0,0.0],"buildings":336,"coverage5":0.0,"coverage10":0.0,"coverage15":0.0}},{"type":"Feature","geometry":{"type":"Point","coordinates":[-5.57873,40.93594]},"properties":{"id":"37240","name":"PELABRAVO","province":"37","population":1427,"populationSource":"cadastre","status":"available","coverage":[0.0,0.0,0.0],"buildings":721,"coverage5":0.0,"coverage10":0.0,"coverage15":0.0}},{"type":"Feature","geometry":{"type":"Point","coordinates":[-6.2127,40.88665]},"properties":{"id":"37241","name":"PELARRODRÍGUEZ","province":"37","population":161,"populationSource":"cadastre","status":"available","coverage":[0.0,0.0,0.0],"buildings":146,"coverage5":0.0,"coverage10":0.0,"coverage15":0.0}},{"type":"Feature","geometry":{"type":"Point","coordinates":[-5.57676,40.64882]},"properties":{"id":"37242","name":"PELAYOS","province":"37","population":72,"populationSource":"cadastre","status":"available","coverage":[0.0,0.0,0.0],"buildings":100,"coverage5":0.0,"coverage10":0.0,"coverage15":0.0}},{"type":"Feature","geometry":{"type":"Point","coordinates":[-6.51886,41.17423]},"properties":{"id":"37243","name":"LA PEÑA","province":"37","population":69,"populationSource":"cadastre","status":"available","coverage":[0.0,0.0,0.0],"buildings":95,"coverage5":0.0,"coverage10":0.0,"coverage15":0.0}},{"type":"Feature","geometry":{"type":"Point","coordinates":[-5.86057,40.34443]},"properties":{"id":"37244","name":"PEÑACABALLERA","province":"37","population":149,"populationSource":"cadastre","status":"available","coverage":[0.0,0.0,0.0],"buildings":175,"coverage5":0.0,"coverage10":0.0,"coverage15":0.0}},{"type":"Feature","geometry":{"type":"Point","coordinates":[-6.6686,40.32059]},"properties":{"id":"37245","name":"PEÑAPARDA","province":"37","population":298,"populationSource":"cadastre","status":"available","coverage":[0.0,0.0,0.0],"buildings":454,"coverage5":0.0,"coverage10":0.0,"coverage15":0.0}},{"type":"Feature","geometry":{"type":"Point","coordinates":[-5.20055,40.90174]},"properties":{"id":"37246","name":"PEÑARANDA DE BRACAMONTE","province":"37","population":6162,"populationSource":"cadastre","status":"available","coverage":[65.98,90.76,97.34],"buildings":1429,"coverage5":65.98,"coverage10":90.76,"coverage15":97.34}},{"type":"Feature","geometry":{"type":"Point","coordinates":[-5.39345,40.88339]},"properties":{"id":"37247","name":"PEÑARANDILLA","province":"37","population":171,"populationSource":"cadastre","status":"available","coverage":[0.0,0.0,0.0],"buildings":142,"coverage5":0.0,"coverage10":0.0,"coverage15":0.0}},{"type":"Feature","geometry":{"type":"Point","coordinates":[-6.36315,41.00433]},"properties":{"id":"37248","name":"PERALEJOS DE ABAJO","province":"37","population":162,"populationSource":"cadastre","status":"available","coverage":[0.0,0.0,0.0],"buildings":186,"coverage5":0.0,"coverage10":0.0,"coverage15":0.0}},{"type":"Feature","geometry":{"type":"Point","coordinates":[-6.33349,41.00457]},"properties":{"id":"37249","name":"PERALEJOS DE ARRIBA","province":"37","population":38,"populationSource":"cadastre","status":"available","coverage":[0.0,0.0,0.0],"buildings":56,"coverage5":0.0,"coverage10":0.0,"coverage15":0.0}},{"type":"Feature","geometry":{"type":"Point","coordinates":[-6.52441,41.23793]},"properties":{"id":"37250","name":"PEREÑA DE LA RIBERA","province":"37","population":300,"populationSource":"cadastre","status":"available","coverage":[0.0,0.0,0.0],"buildings":493,"coverage5":0.0,"coverage10":0.0,"coverage15":0.0}},{"type":"Feature","geometry":{"type":"Point","coordinates":[-5.77225,40.4631]},"properties":{"id":"37251","name":"PEROMINGO","province":"37","population":121,"populationSource":"cadastre","status":"available","coverage":[0.0,0.0,0.0],"buildings":164,"coverage5":0.0,"coverage10":0.0,"coverage15":0.0}},{"type":"Feature","geometry":{"type":"Point","coordinates":[-5.96049,40.44516]},"properties":{"id":"37252","name":"PINEDAS","province":"37","population":88,"populationSource":"cadastre","status":"available","coverage":[0.0,0.0,0.0],"buildings":136,"coverage5":0.0,"coverage10":0.0,"coverage15":0.0}},{"type":"Feature","geometry":{"type":"Point","coordinates":[-5.7941,41.03889]},"properties":{"id":"37253","name":"EL PINO DE TORMES","province":"37","population":147,"populationSource":"cadastre","status":"available","coverage":[0.0,0.0,0.0],"buildings":81,"coverage5":0.0,"coverage10":0.0,"coverage15":0.0}},{"type":"Feature","geometry":{"type":"Point","coordinates":[-5.46612,41.06141]},"properties":{"id":"37254","name":"PITIEGUA","province":"37","population":173,"populationSource":"cadastre","status":"available","coverage":[0.0,0.0,0.0],"buildings":144,"coverage5":0.0,"coverage10":0.0,"coverage15":0.0}},{"type":"Feature","geometry":{"type":"Point","coordinates":[-5.65236,40.61642]},"properties":{"id":"37255","name":"PIZARRAL","province":"37","population":70,"populationSource":"cadastre","status":"available","coverage":[0.0,0.0,0.0],"buildings":35,"coverage5":0.0,"coverage10":0.0,"coverage15":0.0}},{"type":"Feature","geometry":{"type":"Point","coordinates":[-5.2608,41.04609]},"properties":{"id":"37256","name":"POVEDA DE LAS CINTAS","province":"37","population":197,"populationSource":"cadastre","status":"available","coverage":[0.0,0.0,0.0],"buildings":128,"coverage5":0.0,"coverage10":0.0,"coverage15":0.0}},{"type":"Feature","geometry":{"type":"Point","coordinates":[-6.41025,40.91362]},"properties":{"id":"37257","name":"POZOS DE HINOJO","province":"37","population":48,"populationSource":"cadastre","status":"available","coverage":[0.0,0.0,0.0],"buildings":25,"coverage5":0.0,"coverage10":0.0,"coverage15":0.0}},{"type":"Feature","geometry":{"type":"Point","coordinates":[-6.74522,40.44685]},"properties":{"id":"37258","name":"PUEBLA DE AZABA","province":"37","population":145,"populationSource":"cadastre","status":"available","coverage":[0.0,0.0,0.0],"buildings":226,"coverage5":0.0,"coverage10":0.0,"coverage15":0.0}},{"type":"Feature","geometry":{"type":"Point","coordinates":[-5.73728,40.51121]},"properties":{"id":"37259","name":"PUEBLA DE SAN MEDEL","province":"37","population":32,"populationSource":"cadastre","status":"available","coverage":[0.0,0.0,0.0],"buildings":39,"coverage5":0.0,"coverage10":0.0,"coverage15":0.0}},{"type":"Feature","geometry":{"type":"Point","coordinates":[-6.18212,40.62624]},"properties":{"id":"37260","name":"PUEBLA DE YELTES","province":"37","population":136,"populationSource":"cadastre","status":"available","coverage":[0.0,0.0,0.0],"buildings":174,"coverage5":0.0,"coverage10":0.0,"coverage15":0.0}},{"type":"Feature","geometry":{"type":"Point","coordinates":[-5.52675,40.49145]},"properties":{"id":"37261","name":"PUENTE DEL CONGOSTO","province":"37","population":236,"populationSource":"cadastre","status":"available","coverage":[0.0,0.0,0.0],"buildings":519,"coverage5":0.0,"coverage10":0.0,"coverage15":0.0}},{"type":"Feature","geometry":{"type":"Point","coordinates":[-6.28637,41.09676]},"properties":{"id":"37262","name":"PUERTAS","province":"37","population":66,"populationSource":"cadastre","status":"available","coverage":[0.0,0.0,0.0],"buildings":22,"coverage5":0.0,"coverage10":0.0,"coverage15":0.0}},{"type":"Feature","geometry":{"type":"Point","coordinates":[-5.83701,40.35045]},"properties":{"id":"37263","name":"PUERTO DE BÉJAR","province":"37","population":342,"populationSource":"cadastre","status":"available","coverage":[0.0,0.0,0.0],"buildings":407,"coverage5":0.0,"coverage10":0.0,"coverage15":0.0}},{"type":"Feature","geometry":{"type":"Point","coordinates":[-6.76101,40.82776]},"properties":{"id":"37264","name":"PUERTO SEGURO","province":"37","population":52,"populationSource":"cadastre","status":"available","coverage":[0.0,0.0,0.0],"buildings":150,"coverage5":0.0,"coverage10":0.0,"coverage15":0.0}},{"type":"Feature","geometry":{"type":"Point","coordinates":[-5.12797,40.99675]},"properties":{"id":"37265","name":"RÁGAMA","province":"37","population":196,"populationSource":"cadastre","status":"available","coverage":[96.83,100.0,100.0],"buildings":203,"coverage5":96.83,"coverage10":100.0,"coverage15":100.0}},{"type":"Feature","geometry":{"type":"Point","coordinates":[-6.74955,40.9083]},"properties":{"id":"37266","name":"LA REDONDA","province":"37","population":61,"populationSource":"cadastre","status":"available","coverage":[0.0,0.0,0.0],"buildings":73,"coverage5":0.0,"coverage10":0.0,"coverage15":0.0}},{"type":"Feature","geometry":{"type":"Point","coordinates":[-6.35971,40.80229]},"properties":{"id":"37267","name":"RETORTILLO","province":"37","population":172,"populationSource":"cadastre","status":"available","coverage":[0.0,0.0,0.0],"buildings":196,"coverage5":0.0,"coverage10":0.0,"coverage15":0.0}},{"type":"Feature","geometry":{"type":"Point","coordinates":[-6.01986,40.61099]},"properties":{"id":"37268","name":"LA RINCONADA DE LA SIERRA","province":"37","population":97,"populationSource":"cadastre","status":"available","coverage":[0.0,0.0,0.0],"buildings":97,"coverage5":0.0,"coverage10":0.0,"coverage15":0.0}},{"type":"Feature","geometry":{"type":"Point","coordinates":[-6.60561,40.38488]},"properties":{"id":"37269","name":"ROBLEDA","province":"37","population":453,"populationSource":"cadastre","status":"available","coverage":[0.0,0.0,0.0],"buildings":455,"coverage5":0.0,"coverage10":0.0,"coverage15":0.0}},{"type":"Feature","geometry":{"type":"Point","coordinates":[-5.97685,40.86783]},"properties":{"id":"37270","name":"ROBLIZA DE COJOS","province":"37","population":185,"populationSource":"cadastre","status":"available","coverage":[0.0,0.0,0.0],"buildings":158,"coverage5":0.0,"coverage10":0.0,"coverage15":0.0}},{"type":"Feature","geometry":{"type":"Point","coordinates":[-5.91691,40.96193]},"properties":{"id":"37271","name":"ROLLÁN","province":"37","population":317,"populationSource":"cadastre","status":"available","coverage":[0.0,0.0,0.0],"buildings":209,"coverage5":0.0,"coverage10":0.0,"coverage15":0.0}},{"type":"Feature","geometry":{"type":"Point","coordinates":[-6.63296,40.67055]},"properties":{"id":"37272","name":"SAELICES EL CHICO","province":"37","population":175,"populationSource":"cadastre","status":"available","coverage":[65.02,97.91,97.91],"buildings":157,"coverage5":65.02,"coverage10":97.91,"coverage15":97.91}},{"type":"Feature","geometry":{"type":"Point","coordinates":[-6.07218,40.74361]},"properties":{"id":"37273","name":"LA SAGRADA","province":"37","population":78,"populationSource":"cadastre","status":"available","coverage":[0.0,0.0,0.0],"buildings":92,"coverage5":0.0,"coverage10":0.0,"coverage15":0.0}},{"type":"Feature","geometry":{"type":"Point","coordinates":[-5.66538,40.96737]},"properties":{"id":"37274","name":"SALAMANCA","province":"37","population":146110,"populationSource":"cadastre","status":"available","coverage":[76.83,95.54,98.92],"buildings":8136,"coverage5":76.83,"coverage10":95.54,"coverage15":98.92}},{"type":"Feature","geometry":{"type":"Point","coordinates":[-6.6392,41.02034]},"properties":{"id":"37275","name":"SALDEANA","province":"37","population":96,"populationSource":"cadastre","status":"available","coverage":[0.0,0.0,0.0],"buildings":129,"coverage5":0.0,"coverage10":0.0,"coverage15":0.0}},{"type":"Feature","geometry":{"type":"Point","coordinates":[-5.21927,40.80153]},"properties":{"id":"37276","name":"SALMORAL","province":"37","population":107,"populationSource":"cadastre","status":"available","coverage":[0.0,0.0,0.0],"buildings":407,"coverage5":0.0,"coverage10":0.0,"coverage15":0.0}},{"type":"Feature","geometry":{"type":"Point","coordinates":[-5.59976,40.59048]},"properties":{"id":"37277","name":"SALVATIERRA DE TORMES","province":"37","population":66,"populationSource":"cadastre","status":"available","coverage":[0.0,0.0,0.0],"buildings":42,"coverage5":0.0,"coverage10":0.0,"coverage15":0.0}},{"type":"Feature","geometry":{"type":"Point","coordinates":[-5.6188,41.02941]},"properties":{"id":"37278","name":"SAN CRISTÓBAL DE LA CUESTA","province":"37","population":1169,"populationSource":"cadastre","status":"available","coverage":[0.0,0.0,0.0],"buildings":428,"coverage5":0.0,"coverage10":0.0,"coverage15":0.0}},{"type":"Feature","geometry":{"type":"Point","coordinates":[-6.40073,40.7064]},"properties":{"id":"37279","name":"SANCTI-SPÍRITUS","province":"37","population":713,"populationSource":"osm_fallback","status":"available","coverage":[0.0,0.0,0.0],"buildings":27,"coverage5":0.0,"coverage10":0.0,"coverage15":0.0}},{"type":"Feature","geometry":{"type":"Point","coordinates":[-6.4132,41.08779]},"properties":{"id":"37280","name":"SANCHÓN DE LA RIBERA","province":"37","population":66,"populationSource":"cadastre","status":"available","coverage":[0.0,0.0,0.0],"buildings":78,"coverage5":0.0,"coverage10":0.0,"coverage15":0.0}},{"type":"Feature","geometry":{"type":"Point","coordinates":[-6.02527,40.7439]},"properties":{"id":"37281","name":"SANCHÓN DE LA SAGRADA","province":"37","population":43,"populationSource":"cadastre","status":"review"}},{"type":"Feature","geometry":{"type":"Point","coordinates":[-5.75274,40.43616]},"properties":{"id":"37282","name":"SANCHOTELLO","province":"37","population":206,"populationSource":"cadastre","status":"available","coverage":[0.0,0.0,0.0],"buildings":484,"coverage5":0.0,"coverage10":0.0,"coverage15":0.0}},{"type":"Feature","geometry":{"type":"Point","coordinates":[-6.1117,40.96691]},"properties":{"id":"37283","name":"SANDO","province":"37","population":111,"populationSource":"cadastre","status":"available","coverage":[0.0,0.0,0.0],"buildings":100,"coverage5":0.0,"coverage10":0.0,"coverage15":0.0}},{"type":"Feature","geometry":{"type":"Point","coordinates":[-5.90605,40.50672]},"properties":{"id":"37284","name":"SAN ESTEBAN DE LA SIERRA","province":"37","population":343,"populationSource":"cadastre","status":"available","coverage":[0.0,0.0,0.0],"buildings":359,"coverage5":0.0,"coverage10":0.0,"coverage15":0.0}},{"type":"Feature","geometry":{"type":"Point","coordinates":[-6.70893,40.84896]},"properties":{"id":"37285","name":"SAN FELICES DE LOS GALLEGOS","province":"37","population":355,"populationSource":"cadastre","status":"available","coverage":[0.0,0.0,0.0],"buildings":471,"coverage5":0.0,"coverage10":0.0,"coverage15":0.0}},{"type":"Feature","geometry":{"type":"Point","coordinates":[-6.06376,40.5214]},"properties":{"id":"37286","name":"SAN MARTÍN DEL CASTAÑAR","province":"37","population":233,"populationSource":"cadastre","status":"available","coverage":[0.0,0.0,0.0],"buildings":310,"coverage5":0.0,"coverage10":0.0,"coverage15":0.0}},{"type":"Feature","geometry":{"type":"Point","coordinates":[-5.92132,40.54348]},"properties":{"id":"37287","name":"SAN MIGUEL DE VALERO","province":"37","population":308,"populationSource":"cadastre","status":"available","coverage":[0.0,0.0,0.0],"buildings":323,"coverage5":0.0,"coverage10":0.0,"coverage15":0.0}},{"type":"Feature","geometry":{"type":"Point","coordinates":[-5.50264,40.993]},"properties":{"id":"37288","name":"SAN MORALES","province":"37","population":346,"populationSource":"cadastre","status":"available","coverage":[0.0,0.0,0.0],"buildings":279,"coverage5":0.0,"coverage10":0.0,"coverage15":0.0}},{"type":"Feature","geometry":{"type":"Point","coordinates":[-6.12684,40.78319]},"properties":{"id":"37289","name":"SAN MUÑOZ","province":"37","population":192,"populationSource":"cadastre","status":"available","coverage":[0.0,0.0,0.0],"buildings":158,"coverage5":0.0,"coverage10":0.0,"coverage15":0.0}},{"type":"Feature","geometry":{"type":"Point","coordinates":[-5.86095,41.03322]},"properties":{"id":"37290","name":"SAN PEDRO DEL VALLE","province":"37","population":143,"populationSource":"cadastre","status":"available","coverage":[0.0,0.0,0.0],"buildings":110,"coverage5":0.0,"coverage10":0.0,"coverage15":0.0}},{"type":"Feature","geometry":{"type":"Point","coordinates":[-5.7381,40.79057]},"properties":{"id":"37291","name":"SAN PEDRO DE ROZADOS","province":"37","population":273,"populationSource":"cadastre","status":"available","coverage":[0.0,0.0,0.0],"buildings":178,"coverage5":0.0,"coverage10":0.0,"coverage15":0.0}},{"type":"Feature","geometry":{"type":"Point","coordinates":[-5.85777,41.1158]},"properties":{"id":"37292","name":"SAN PELAYO DE GUAREÑA","province":"37","population":86,"populationSource":"cadastre","status":"available","coverage":[0.0,0.0,0.0],"buildings":57,"coverage5":0.0,"coverage10":0.0,"coverage15":0.0}},{"type":"Feature","geometry":{"type":"Point","coordinates":[-6.13061,40.97976]},"properties":{"id":"37293","name":"SANTA MARÍA DE SANDO","province":"37","population":91,"populationSource":"cadastre","status":"available","coverage":[0.0,0.0,0.0],"buildings":119,"coverage5":0.0,"coverage10":0.0,"coverage15":0.0}},{"type":"Feature","geometry":{"type":"Point","coordinates":[-5.63107,40.94968]},"properties":{"id":"37294","name":"SANTA MARTA DE TORMES","province":"37","population":14976,"populationSource":"cadastre","status":"available","coverage":[14.85,52.56,87.36],"buildings":2128,"coverage5":14.85,"coverage10":52.56,"coverage15":87.36}},{"type":"Feature","geometry":{"type":"Point","coordinates":[-5.27991,40.80084]},"properties":{"id":"37296","name":"SANTIAGO DE LA PUEBLA","province":"37","population":280,"populationSource":"cadastre","status":"available","coverage":[0.0,0.0,0.0],"buildings":410,"coverage5":0.0,"coverage10":0.0,"coverage15":0.0}},{"type":"Feature","geometry":{"type":"Point","coordinates":[-5.61175,40.48746]},"properties":{"id":"37297","name":"SANTIBÁÑEZ DE BÉJAR","province":"37","population":448,"populationSource":"cadastre","status":"available","coverage":[0.0,0.0,0.0],"buildings":322,"coverage5":0.0,"coverage10":0.0,"coverage15":0.0}},{"type":"Feature","geometry":{"type":"Point","coordinates":[-5.91535,40.49408]},"properties":{"id":"37298","name":"SANTIBÁÑEZ DE LA SIERRA","province":"37","population":142,"populationSource":"cadastre","status":"available","coverage":[0.0,0.0,0.0],"buildings":191,"coverage5":0.0,"coverage10":0.0,"coverage15":0.0}},{"type":"Feature","geometry":{"type":"Point","coordinates":[-5.89478,41.20421]},"properties":{"id":"37299","name":"SANTIZ","province":"37","population":225,"populationSource":"cadastre","status":"available","coverage":[0.0,0.0,0.0],"buildings":151,"coverage5":0.0,"coverage10":0.0,"coverage15":0.0}},{"type":"Feature","geometry":{"type":"Point","coordinates":[-5.79667,40.54394]},"properties":{"id":"37300","name":"LOS SANTOS","province":"37","population":570,"populationSource":"cadastre","status":"available","coverage":[0.0,0.0,0.0],"buildings":668,"coverage5":0.0,"coverage10":0.0,"coverage15":0.0}},{"type":"Feature","geometry":{"type":"Point","coordinates":[-6.27057,41.21397]},"properties":{"id":"37301","name":"SARDÓN DE LOS FRAILES","province":"37","population":98,"populationSource":"cadastre","status":"available","coverage":[43.47,80.54,80.54],"buildings":84,"coverage5":43.47,"coverage10":80.54,"coverage15":80.54}},{"type":"Feature","geometry":{"type":"Point","coordinates":[-6.75137,41.04786]},"properties":{"id":"37302","name":"SAUCELLE","province":"37","population":242,"populationSource":"cadastre","status":"available","coverage":[0.0,0.0,0.0],"buildings":336,"coverage5":0.0,"coverage10":0.0,"coverage15":0.0}},{"type":"Feature","geometry":{"type":"Point","coordinates":[-6.54312,40.41431]},"properties":{"id":"37303","name":"EL SAHUGO","province":"37","population":178,"populationSource":"cadastre","status":"available","coverage":[95.21,100.0,100.0],"buildings":192,"coverage5":95.21,"coverage10":100.0,"coverage15":100.0}},{"type":"Feature","geometry":{"type":"Point","coordinates":[-6.18738,40.70014]},"properties":{"id":"37304","name":"SEPULCRO-HILARIO","province":"37","population":153,"populationSource":"osm_fallback","status":"available","coverage":[0.0,0.0,0.0],"buildings":3,"coverage5":0.0,"coverage10":0.0,"coverage15":0.0}},{"type":"Feature","geometry":{"type":"Point","coordinates":[-6.02466,40.51234]},"properties":{"id":"37305","name":"SEQUEROS","province":"37","population":216,"populationSource":"cadastre","status":"available","coverage":[0.0,0.0,0.0],"buildings":385,"coverage5":0.0,"coverage10":0.0,"coverage15":0.0}},{"type":"Feature","geometry":{"type":"Point","coordinates":[-6.35848,40.52185]},"properties":{"id":"37306","name":"SERRADILLA DEL ARROYO","province":"37","population":239,"populationSource":"cadastre","status":"review"}},{"type":"Feature","geometry":{"type":"Point","coordinates":[-6.35842,40.49971]},"properties":{"id":"37307","name":"SERRADILLA DEL LLANO","province":"37","population":136,"populationSource":"cadastre","status":"available","coverage":[0.0,0.0,0.0],"buildings":139,"coverage5":0.0,"coverage10":0.0,"coverage15":0.0}},{"type":"Feature","geometry":{"type":"Point","coordinates":[-5.85627,40.64577]},"properties":{"id":"37309","name":"LA SIERPE","province":"37","population":41,"populationSource":"cadastre","status":"available","coverage":[0.0,0.0,0.0],"buildings":80,"coverage5":0.0,"coverage10":0.0,"coverage15":0.0}},{"type":"Feature","geometry":{"type":"Point","coordinates":[-5.57758,40.74204]},"properties":{"id":"37310","name":"SIETEIGLESIAS DE TORMES","province":"37","population":193,"populationSource":"cadastre","status":"available","coverage":[0.0,0.0,0.0],"buildings":72,"coverage5":0.0,"coverage10":0.0,"coverage15":0.0}},{"type":"Feature","geometry":{"type":"Point","coordinates":[-6.79665,40.91635]},"properties":{"id":"37311","name":"SOBRADILLO","province":"37","population":170,"populationSource":"cadastre","status":"available","coverage":[0.0,0.0,0.0],"buildings":402,"coverage5":0.0,"coverage10":0.0,"coverage15":0.0}},{"type":"Feature","geometry":{"type":"Point","coordinates":[-5.67882,40.44295]},"properties":{"id":"37312","name":"SORIHUELA","province":"37","population":255,"populationSource":"cadastre","status":"available","coverage":[89.32,100.0,100.0],"buildings":272,"coverage5":89.32,"coverage10":100.0,"coverage15":100.0}},{"type":"Feature","geometry":{"type":"Point","coordinates":[-6.03294,40.43779]},"properties":{"id":"37313","name":"SOTOSERRANO","province":"37","population":498,"populationSource":"cadastre","status":"available","coverage":[0.0,0.0,0.0],"buildings":351,"coverage5":0.0,"coverage10":0.0,"coverage15":0.0}},{"type":"Feature","geometry":{"type":"Point","coordinates":[-6.00192,40.9094]},"properties":{"id":"37314","name":"TABERA DE ABAJO","province":"37","population":97,"populationSource":"cadastre","status":"available","coverage":[0.0,0.0,0.0],"buildings":34,"coverage5":0.0,"coverage10":0.0,"coverage15":0.0}},{"type":"Feature","geometry":{"type":"Point","coordinates":[-5.53713,40.58899]},"properties":{"id":"37315","name":"LA TALA","province":"37","population":77,"populationSource":"cadastre","status":"available","coverage":[0.0,0.0,0.0],"buildings":120,"coverage5":0.0,"coverage10":0.0,"coverage15":0.0}},{"type":"Feature","geometry":{"type":"Point","coordinates":[-6.1051,40.6578]},"properties":{"id":"37316","name":"TAMAMES","province":"37","population":781,"populationSource":"cadastre","status":"available","coverage":[0.0,0.0,0.0],"buildings":609,"coverage5":0.0,"coverage10":0.0,"coverage15":0.0}},{"type":"Feature","geometry":{"type":"Point","coordinates":[-5.25145,41.17195]},"properties":{"id":"37317","name":"TARAZONA DE GUAREÑA","province":"37","population":261,"populationSource":"cadastre","status":"available","coverage":[0.0,0.0,0.0],"buildings":263,"coverage5":0.0,"coverage10":0.0,"coverage15":0.0}},{"type":"Feature","geometry":{"type":"Point","coordinates":[-5.57403,41.11404]},"properties":{"id":"37318","name":"TARDÁGUILA","province":"37","population":193,"populationSource":"cadastre","status":"available","coverage":[0.0,0.0,0.0],"buildings":85,"coverage5":0.0,"coverage10":0.0,"coverage15":0.0}},{"type":"Feature","geometry":{"type":"Point","coordinates":[-5.54135,40.44131]},"properties":{"id":"37319","name":"EL TEJADO","province":"37","population":83,"populationSource":"cadastre","status":"available","coverage":[0.0,0.0,0.0],"buildings":218,"coverage5":0.0,"coverage10":0.0,"coverage15":0.0}},{"type":"Feature","geometry":{"type":"Point","coordinates":[-6.02358,40.63194]},"properties":{"id":"37320","name":"TEJEDA Y SEGOYUELA","province":"37","population":97,"populationSource":"cadastre","status":"available","coverage":[0.0,0.0,0.0],"buildings":72,"coverage5":0.0,"coverage10":0.0,"coverage15":0.0}},{"type":"Feature","geometry":{"type":"Point","coordinates":[-6.35542,40.62435]},"properties":{"id":"37321","name":"TENEBRÓN","province":"37","population":123,"populationSource":"cadastre","status":"available","coverage":[0.0,0.0,0.0],"buildings":107,"coverage5":0.0,"coverage10":0.0,"coverage15":0.0}},{"type":"Feature","geometry":{"type":"Point","coordinates":[-5.54078,40.83798]},"properties":{"id":"37322","name":"TERRADILLOS","province":"37","population":3314,"populationSource":"cadastre","status":"available","coverage":[0.0,0.0,0.0],"buildings":519,"coverage5":0.0,"coverage10":0.0,"coverage15":0.0}},{"type":"Feature","geometry":{"type":"Point","coordinates":[-5.63443,41.15697]},"properties":{"id":"37323","name":"TOPAS","province":"37","population":518,"populationSource":"cadastre","status":"available","coverage":[0.0,0.0,0.0],"buildings":370,"coverage5":0.0,"coverage10":0.0,"coverage15":0.0}},{"type":"Feature","geometry":{"type":"Point","coordinates":[-5.35276,40.8535]},"properties":{"id":"37324","name":"TORDILLOS","province":"37","population":306,"populationSource":"cadastre","status":"available","coverage":[0.0,0.0,0.0],"buildings":275,"coverage5":0.0,"coverage10":0.0,"coverage15":0.0}},{"type":"Feature","geometry":{"type":"Point","coordinates":[-5.89062,40.54201]},"properties":{"id":"37325","name":"EL TORNADIZO","province":"37","population":88,"populationSource":"cadastre","status":"available","coverage":[0.0,0.0,0.0],"buildings":106,"coverage5":0.0,"coverage10":0.0,"coverage15":0.0}},{"type":"Feature","geometry":{"type":"Point","coordinates":[-5.78456,41.10204]},"properties":{"id":"37327","name":"TORRESMENUDAS","province":"37","population":192,"populationSource":"cadastre","status":"available","coverage":[0.0,0.0,0.0],"buildings":156,"coverage5":0.0,"coverage10":0.0,"coverage15":0.0}},{"type":"Feature","geometry":{"type":"Point","coordinates":[-6.38402,41.23303]},"properties":{"id":"37328","name":"TRABANCA","province":"37","population":159,"populationSource":"cadastre","status":"available","coverage":[0.0,0.0,0.0],"buildings":199,"coverage5":0.0,"coverage10":0.0,"coverage15":0.0}},{"type":"Feature","geometry":{"type":"Point","coordinates":[-6.18092,41.07406]},"properties":{"id":"37329","name":"TREMEDAL DE TORMES","province":"37","population":34,"populationSource":"cadastre","status":"available","coverage":[0.0,0.0,0.0],"buildings":21,"coverage5":0.0,"coverage10":0.0,"coverage15":0.0}},{"type":"Feature","geometry":{"type":"Point","coordinates":[-5.42307,40.77018]},"properties":{"id":"37330","name":"VALDECARROS","province":"37","population":296,"populationSource":"cadastre","status":"available","coverage":[0.0,0.0,0.0],"buildings":414,"coverage5":0.0,"coverage10":0.0,"coverage15":0.0}},{"type":"Feature","geometry":{"type":"Point","coordinates":[-5.83151,40.46604]},"properties":{"id":"37331","name":"VALDEFUENTES DE SANGUSÍN","province":"37","population":182,"populationSource":"cadastre","status":"available","coverage":[0.0,0.0,0.0],"buildings":211,"coverage5":0.0,"coverage10":0.0,"coverage15":0.0}},{"type":"Feature","geometry":{"type":"Point","coordinates":[-5.84843,40.4186]},"properties":{"id":"37332","name":"VALDEHIJADEROS","province":"37","population":84,"populationSource":"cadastre","status":"available","coverage":[0.0,0.0,0.0],"buildings":84,"coverage5":0.0,"coverage10":0.0,"coverage15":0.0}},{"type":"Feature","geometry":{"type":"Point","coordinates":[-5.76388,40.50584]},"properties":{"id":"37333","name":"VALDELACASA","province":"37","population":187,"populationSource":"cadastre","status":"available","coverage":[0.0,0.0,0.0],"buildings":115,"coverage5":0.0,"coverage10":0.0,"coverage15":0.0}},{"type":"Feature","geometry":{"type":"Point","coordinates":[-5.9923,40.36886]},"properties":{"id":"37334","name":"VALDELAGEVE","province":"37","population":66,"populationSource":"cadastre","status":"available","coverage":[0.0,0.0,0.0],"buildings":44,"coverage5":0.0,"coverage10":0.0,"coverage15":0.0}},{"type":"Feature","geometry":{"type":"Point","coordinates":[-5.78303,41.17171]},"properties":{"id":"37335","name":"VALDELOSA","province":"37","population":386,"populationSource":"cadastre","status":"available","coverage":[0.0,0.0,0.0],"buildings":270,"coverage5":0.0,"coverage10":0.0,"coverage15":0.0}},{"type":"Feature","geometry":{"type":"Point","coordinates":[-5.58389,40.82204]},"properties":{"id":"37336","name":"VALDEMIERQUE","province":"37","population":58,"populationSource":"cadastre","status":"available","coverage":[0.0,0.0,0.0],"buildings":49,"coverage5":0.0,"coverage10":0.0,"coverage15":0.0}},{"type":"Feature","geometry":{"type":"Point","coordinates":[-6.50941,41.06466]},"properties":{"id":"37337","name":"VALDERRODRIGO","province":"37","population":129,"populationSource":"cadastre","status":"available","coverage":[0.0,0.0,0.0],"buildings":78,"coverage5":0.0,"coverage10":0.0,"coverage15":0.0}},{"type":"Feature","geometry":{"type":"Point","coordinates":[-5.67207,41.0859]},"properties":{"id":"37338","name":"VALDUNCIEL","province":"37","population":125,"populationSource":"cadastre","status":"available","coverage":[0.0,0.0,0.0],"buildings":125,"coverage5":0.0,"coverage10":0.0,"coverage15":0.0}},{"type":"Feature","geometry":{"type":"Point","coordinates":[-5.94216,40.53489]},"properties":{"id":"37339","name":"VALERO","province":"37","population":269,"populationSource":"cadastre","status":"available","coverage":[0.0,0.0,0.0],"buildings":239,"coverage5":0.0,"coverage10":0.0,"coverage15":0.0}},{"type":"Feature","geometry":{"type":"Point","coordinates":[-6.50189,41.10884]},"properties":{"id":"37340","name":"VALSALABROSO","province":"37","population":120,"populationSource":"cadastre","status":"available","coverage":[0.0,0.0,0.0],"buildings":116,"coverage5":0.0,"coverage10":0.0,"coverage15":0.0}},{"type":"Feature","geometry":{"type":"Point","coordinates":[-5.78165,40.48058]},"properties":{"id":"37341","name":"VALVERDE DE VALDELACASA","province":"37","population":57,"populationSource":"cadastre","status":"available","coverage":[0.0,0.0,0.0],"buildings":98,"coverage5":0.0,"coverage10":0.0,"coverage15":0.0}},{"type":"Feature","geometry":{"type":"Point","coordinates":[-5.76956,41.04661]},"properties":{"id":"37342","name":"VALVERDÓN","province":"37","population":266,"populationSource":"cadastre","status":"available","coverage":[0.0,0.0,0.0],"buildings":166,"coverage5":0.0,"coverage10":0.0,"coverage15":0.0}},{"type":"Feature","geometry":{"type":"Point","coordinates":[-5.7201,40.40834]},"properties":{"id":"37343","name":"VALLEJERA DE RIOFRÍO","province":"37","population":67,"populationSource":"cadastre","status":"available","coverage":[0.0,0.0,0.0],"buildings":101,"coverage5":0.0,"coverage10":0.0,"coverage15":0.0}},{"type":"Feature","geometry":{"type":"Point","coordinates":[-5.87858,40.77825]},"properties":{"id":"37344","name":"VECINOS","province":"37","population":231,"populationSource":"cadastre","status":"available","coverage":[0.0,0.0,0.0],"buildings":111,"coverage5":0.0,"coverage10":0.0,"coverage15":0.0}},{"type":"Feature","geometry":{"type":"Point","coordinates":[-5.88629,41.02616]},"properties":{"id":"37345","name":"VEGA DE TIRADOS","province":"37","population":139,"populationSource":"cadastre","status":"available","coverage":[0.0,0.0,0.0],"buildings":128,"coverage5":0.0,"coverage10":0.0,"coverage15":0.0}},{"type":"Feature","geometry":{"type":"Point","coordinates":[-5.83124,40.71587]},"properties":{"id":"37346","name":"LAS VEGUILLAS","province":"37","population":275,"populationSource":"cadastre","status":"available","coverage":[0.0,0.0,0.0],"buildings":242,"coverage5":0.0,"coverage10":0.0,"coverage15":0.0}},{"type":"Feature","geometry":{"type":"Point","coordinates":[-5.56825,41.07347]},"properties":{"id":"37347","name":"LA VELLÉS","province":"37","population":566,"populationSource":"cadastre","status":"available","coverage":[0.0,0.0,0.0],"buildings":399,"coverage5":0.0,"coverage10":0.0,"coverage15":0.0}},{"type":"Feature","geometry":{"type":"Point","coordinates":[-5.34798,40.92622]},"properties":{"id":"37348","name":"VENTOSA DEL RÍO ALMAR","province":"37","population":97,"populationSource":"cadastre","status":"available","coverage":[0.0,0.0,0.0],"buildings":127,"coverage5":0.0,"coverage10":0.0,"coverage15":0.0}},{"type":"Feature","geometry":{"type":"Point","coordinates":[-6.4871,41.15301]},"properties":{"id":"37349","name":"LA VÍDOLA","province":"37","population":95,"populationSource":"cadastre","status":"available","coverage":[0.0,0.0,0.0],"buildings":113,"coverage5":0.0,"coverage10":0.0,"coverage15":0.0}},{"type":"Feature","geometry":{"type":"Point","coordinates":[-6.72584,41.10456]},"properties":{"id":"37350","name":"VILVESTRE","province":"37","population":374,"populationSource":"cadastre","status":"available","coverage":[0.0,0.0,0.0],"buildings":405,"coverage5":0.0,"coverage10":0.0,"coverage15":0.0}},{"type":"Feature","geometry":{"type":"Point","coordinates":[-5.23375,41.08354]},"properties":{"id":"37351","name":"VILLAFLORES","province":"37","population":255,"populationSource":"cadastre","status":"available","coverage":[0.0,0.0,0.0],"buildings":262,"coverage5":0.0,"coverage10":0.0,"coverage15":0.0}},{"type":"Feature","geometry":{"type":"Point","coordinates":[-5.49663,40.89164]},"properties":{"id":"37352","name":"VILLAGONZALO DE TORMES","province":"37","population":212,"populationSource":"cadastre","status":"available","coverage":[0.0,0.0,0.0],"buildings":230,"coverage5":0.0,"coverage10":0.0,"coverage15":0.0}},{"type":"Feature","geometry":{"type":"Point","coordinates":[-5.97427,40.80055]},"properties":{"id":"37353","name":"VILLALBA DE LOS LLANOS","province":"37","population":107,"populationSource":"cadastre","status":"available","coverage":[0.0,0.0,0.0],"buildings":90,"coverage5":0.0,"coverage10":0.0,"coverage15":0.0}},{"type":"Feature","geometry":{"type":"Point","coordinates":[-5.69693,40.99964]},"properties":{"id":"37354","name":"VILLAMAYOR","province":"37","population":7728,"populationSource":"cadastre","status":"available","coverage":[20.12,41.31,50.37],"buildings":1990,"coverage5":20.12,"coverage10":41.31,"coverage15":50.37}},{"type":"Feature","geometry":{"type":"Point","coordinates":[-6.01214,40.50922]},"properties":{"id":"37355","name":"VILLANUEVA DEL CONDE","province":"37","population":172,"populationSource":"cadastre","status":"available","coverage":[0.0,0.0,0.0],"buildings":282,"coverage5":0.0,"coverage10":0.0,"coverage15":0.0}},{"type":"Feature","geometry":{"type":"Point","coordinates":[-6.71896,40.67367]},"properties":{"id":"37356","name":"VILLAR DE ARGAÑÁN","province":"37","population":95,"populationSource":"cadastre","status":"available","coverage":[0.0,0.0,0.0],"buildings":68,"coverage5":0.0,"coverage10":0.0,"coverage15":0.0}},{"type":"Feature","geometry":{"type":"Point","coordinates":[-6.73996,40.73688]},"properties":{"id":"37357","name":"VILLAR DE CIERVO","province":"37","population":253,"populationSource":"cadastre","status":"available","coverage":[0.0,0.0,0.0],"buildings":292,"coverage5":0.0,"coverage10":0.0,"coverage15":0.0}},{"type":"Feature","geometry":{"type":"Point","coordinates":[-5.28882,40.95374]},"properties":{"id":"37358","name":"VILLAR DE GALLIMAZO","province":"37","population":192,"populationSource":"cadastre","status":"available","coverage":[0.0,0.0,0.0],"buildings":148,"coverage5":0.0,"coverage10":0.0,"coverage15":0.0}},{"type":"Feature","geometry":{"type":"Point","coordinates":[-6.7041,40.72489]},"properties":{"id":"37359","name":"VILLAR DE LA YEGUA","province":"37","population":151,"populationSource":"cadastre","status":"available","coverage":[0.0,0.0,0.0],"buildings":291,"coverage5":0.0,"coverage10":0.0,"coverage15":0.0}},{"type":"Feature","geometry":{"type":"Point","coordinates":[-6.22173,41.03215]},"properties":{"id":"37360","name":"VILLAR DE PERALONSO","province":"37","population":212,"populationSource":"cadastre","status":"available","coverage":[0.0,0.0,0.0],"buildings":236,"coverage5":0.0,"coverage10":0.0,"coverage15":0.0}},{"type":"Feature","geometry":{"type":"Point","coordinates":[-6.44681,41.12312]},"properties":{"id":"37361","name":"VILLAR DE SAMANIEGO","province":"37","population":79,"populationSource":"cadastre","status":"available","coverage":[0.0,0.0,0.0],"buildings":79,"coverage5":0.0,"coverage10":0.0,"coverage15":0.0}},{"type":"Feature","geometry":{"type":"Point","coordinates":[-5.64906,41.0091]},"properties":{"id":"37362","name":"VILLARES DE LA REINA","province":"37","population":6784,"populationSource":"cadastre","status":"available","coverage":[5.87,14.21,14.63],"buildings":977,"coverage5":5.87,"coverage10":14.21,"coverage15":14.63}},{"type":"Feature","geometry":{"type":"Point","coordinates":[-6.41319,40.86725]},"properties":{"id":"37363","name":"VILLARES DE YELTES","province":"37","population":102,"populationSource":"cadastre","status":"available","coverage":[0.0,0.0,0.0],"buildings":102,"coverage5":0.0,"coverage10":0.0,"coverage15":0.0}},{"type":"Feature","geometry":{"type":"Point","coordinates":[-6.46772,41.26972]},"properties":{"id":"37364","name":"VILLARINO DE LOS AIRES","province":"37","population":727,"populationSource":"cadastre","status":"available","coverage":[0.0,0.0,0.0],"buildings":1160,"coverage5":0.0,"coverage10":0.0,"coverage15":0.0}},{"type":"Feature","geometry":{"type":"Point","coordinates":[-5.97239,41.0149]},"properties":{"id":"37365","name":"VILLARMAYOR","province":"37","population":139,"populationSource":"cadastre","status":"available","coverage":[0.0,0.0,0.0],"buildings":129,"coverage5":0.0,"coverage10":0.0,"coverage15":0.0}},{"type":"Feature","geometry":{"type":"Point","coordinates":[-6.36431,41.05448]},"properties":{"id":"37366","name":"VILLARMUERTO","province":"37","population":38,"populationSource":"cadastre","status":"available","coverage":[0.0,0.0,0.0],"buildings":52,"coverage5":0.0,"coverage10":0.0,"coverage15":0.0}},{"type":"Feature","geometry":{"type":"Point","coordinates":[-6.59497,41.06203]},"properties":{"id":"37367","name":"VILLASBUENAS","province":"37","population":158,"populationSource":"cadastre","status":"available","coverage":[0.0,0.0,0.0],"buildings":223,"coverage5":0.0,"coverage10":0.0,"coverage15":0.0}},{"type":"Feature","geometry":{"type":"Point","coordinates":[-6.16268,41.00485]},"properties":{"id":"37368","name":"VILLASDARDO","province":"37","population":22,"populationSource":"cadastre","status":"available","coverage":[0.0,0.0,0.0],"buildings":15,"coverage5":0.0,"coverage10":0.0,"coverage15":0.0}},{"type":"Feature","geometry":{"type":"Point","coordinates":[-6.11271,41.03663]},"properties":{"id":"37369","name":"VILLASECO DE LOS GAMITOS","province":"37","population":138,"populationSource":"cadastre","status":"available","coverage":[0.0,0.0,0.0],"buildings":163,"coverage5":0.0,"coverage10":0.0,"coverage15":0.0}},{"type":"Feature","geometry":{"type":"Point","coordinates":[-6.18591,41.16195]},"properties":{"id":"37370","name":"VILLASECO DE LOS REYES","province":"37","population":296,"populationSource":"cadastre","status":"available","coverage":[0.0,0.0,0.0],"buildings":201,"coverage5":0.0,"coverage10":0.0,"coverage15":0.0}},{"type":"Feature","geometry":{"type":"Point","coordinates":[-6.63905,40.33846]},"properties":{"id":"37371","name":"VILLASRUBIAS","province":"37","population":231,"populationSource":"cadastre","status":"available","coverage":[0.0,0.0,0.0],"buildings":257,"coverage5":0.0,"coverage10":0.0,"coverage15":0.0}},{"type":"Feature","geometry":{"type":"Point","coordinates":[-5.52558,41.06377]},"properties":{"id":"37372","name":"VILLAVERDE DE GUAREÑA","province":"37","population":128,"populationSource":"cadastre","status":"available","coverage":[0.0,0.0,0.0],"buildings":91,"coverage5":0.0,"coverage10":0.0,"coverage15":0.0}},{"type":"Feature","geometry":{"type":"Point","coordinates":[-6.46781,40.87555]},"properties":{"id":"37373","name":"VILLAVIEJA DE YELTES","province":"37","population":676,"populationSource":"cadastre","status":"available","coverage":[0.0,0.0,0.0],"buildings":779,"coverage5":0.0,"coverage10":0.0,"coverage15":0.0}},{"type":"Feature","geometry":{"type":"Point","coordinates":[-5.37433,40.99525]},"properties":{"id":"37374","name":"VILLORIA","province":"37","population":1239,"populationSource":"cadastre","status":"available","coverage":[0.0,0.0,0.0],"buildings":764,"coverage5":0.0,"coverage10":0.0,"coverage15":0.0}},{"type":"Feature","geometry":{"type":"Point","coordinates":[-5.39441,41.00756]},"properties":{"id":"37375","name":"VILLORUELA","province":"37","population":729,"populationSource":"cadastre","status":"available","coverage":[52.01,97.29,100.0],"buildings":405,"coverage5":52.01,"coverage10":97.29,"coverage15":100.0}},{"type":"Feature","geometry":{"type":"Point","coordinates":[-6.43579,41.00818]},"properties":{"id":"37376","name":"VITIGUDINO","province":"37","population":2344,"populationSource":"cadastre","status":"available","coverage":[5.68,5.68,5.68],"buildings":1101,"coverage5":5.68,"coverage10":5.68,"coverage15":5.68}},{"type":"Feature","geometry":{"type":"Point","coordinates":[-6.48815,40.95955]},"properties":{"id":"37377","name":"YECLA DE YELTES","province":"37","population":223,"populationSource":"cadastre","status":"available","coverage":[0.0,0.0,0.0],"buildings":248,"coverage5":0.0,"coverage10":0.0,"coverage15":0.0}},{"type":"Feature","geometry":{"type":"Point","coordinates":[-6.45205,40.51924]},"properties":{"id":"37378","name":"ZAMARRA","province":"37","population":70,"populationSource":"cadastre","status":"available","coverage":[0.0,0.0,0.0],"buildings":115,"coverage5":0.0,"coverage10":0.0,"coverage15":0.0}},{"type":"Feature","geometry":{"type":"Point","coordinates":[-5.82953,41.14776]},"properties":{"id":"37379","name":"ZAMAYÓN","province":"37","population":192,"populationSource":"cadastre","status":"available","coverage":[0.0,0.0,0.0],"buildings":95,"coverage5":0.0,"coverage10":0.0,"coverage15":0.0}},{"type":"Feature","geometry":{"type":"Point","coordinates":[-5.8448,41.03863]},"properties":{"id":"37380","name":"ZARAPICOS","province":"37","population":50,"populationSource":"cadastre","status":"available","coverage":[0.0,0.0,0.0],"buildings":67,"coverage5":0.0,"coverage10":0.0,"coverage15":0.0}},{"type":"Feature","geometry":{"type":"Point","coordinates":[-6.62664,41.16204]},"properties":{"id":"37381","name":"LA ZARZA DE PUMAREDA","province":"37","population":131,"populationSource":"cadastre","status":"available","coverage":[0.0,0.0,0.0],"buildings":175,"coverage5":0.0,"coverage10":0.0,"coverage15":0.0}},{"type":"Feature","geometry":{"type":"Point","coordinates":[-5.19669,41.01422]},"properties":{"id":"37382","name":"ZORITA DE LA FRONTERA","province":"37","population":140,"populationSource":"cadastre","status":"available","coverage":[0.0,0.0,0.0],"buildings":176,"coverage5":0.0,"coverage10":0.0,"coverage15":0.0}},{"type":"Feature","geometry":{"type":"Point","coordinates":[-4.26787,40.91634]},"properties":{"id":"40001","name":"ABADES","province":"40","population":849,"populationSource":"cadastre","status":"available","coverage":[0.0,0.0,0.0],"buildings":501,"coverage5":0.0,"coverage10":0.0,"coverage15":0.0}},{"type":"Feature","geometry":{"type":"Point","coordinates":[-4.0499,41.05159]},"properties":{"id":"40002","name":"ADRADA DE PIRÓN","province":"40","population":39,"populationSource":"cadastre","status":"available","coverage":[0.0,0.0,0.0],"buildings":93,"coverage5":0.0,"coverage10":0.0,"coverage15":0.0}},{"type":"Feature","geometry":{"type":"Point","coordinates":[-4.11562,41.36859]},"properties":{"id":"40003","name":"ADRADOS","province":"40","population":113,"populationSource":"cadastre","status":"available","coverage":[0.0,0.0,0.0],"buildings":253,"coverage5":0.0,"coverage10":0.0,"coverage15":0.0}},{"type":"Feature","geometry":{"type":"Point","coordinates":[-4.11194,41.22795]},"properties":{"id":"40004","name":"AGUILAFUENTE","province":"40","population":564,"populationSource":"cadastre","status":"available","coverage":[0.0,0.0,0.0],"buildings":570,"coverage5":0.0,"coverage10":0.0,"coverage15":0.0}},{"type":"Feature","geometry":{"type":"Point","coordinates":[-3.48651,41.45029]},"properties":{"id":"40005","name":"ALCONADA DE MADERUELO","province":"40","population":23,"populationSource":"cadastre","status":"available","coverage":[0.0,0.0,0.0],"buildings":89,"coverage5":0.0,"coverage10":0.0,"coverage15":0.0}},{"type":"Feature","geometry":{"type":"Point","coordinates":[-3.7913,41.244]},"properties":{"id":"40006","name":"ALDEALCORVO","province":"40","population":15,"populationSource":"cadastre","status":"available","coverage":[0.0,0.0,0.0],"buildings":87,"coverage5":0.0,"coverage10":0.0,"coverage15":0.0}},{"type":"Feature","geometry":{"type":"Point","coordinates":[-3.80605,41.06404]},"properties":{"id":"40007","name":"ALDEALENGUA DE PEDRAZA","province":"40","population":78,"populationSource":"cadastre","status":"available","coverage":[0.0,0.0,0.0],"buildings":196,"coverage5":0.0,"coverage10":0.0,"coverage15":0.0}},{"type":"Feature","geometry":{"type":"Point","coordinates":[-3.46774,41.46215]},"properties":{"id":"40008","name":"ALDEALENGUA DE SANTA MARÍA","province":"40","population":50,"populationSource":"cadastre","status":"available","coverage":[0.0,0.0,0.0],"buildings":122,"coverage5":0.0,"coverage10":0.0,"coverage15":0.0}},{"type":"Feature","geometry":{"type":"Point","coordinates":[-3.78296,41.46092]},"properties":{"id":"40009","name":"ALDEANUEVA DE LA SERREZUELA","province":"40","population":42,"populationSource":"cadastre","status":"available","coverage":[0.0,0.0,0.0],"buildings":169,"coverage5":0.0,"coverage10":0.0,"coverage15":0.0}},{"type":"Feature","geometry":{"type":"Point","coordinates":[-4.54334,41.0834]},"properties":{"id":"40010","name":"ALDEANUEVA DEL CODONAL","province":"40","population":105,"populationSource":"cadastre","status":"available","coverage":[0.0,0.0,0.0],"buildings":146,"coverage5":0.0,"coverage10":0.0,"coverage15":0.0}},{"type":"Feature","geometry":{"type":"Point","coordinates":[-4.1651,41.18523]},"properties":{"id":"40012","name":"ALDEA REAL","province":"40","population":275,"populationSource":"cadastre","status":"available","coverage":[0.0,0.0,0.0],"buildings":297,"coverage5":0.0,"coverage10":0.0,"coverage15":0.0}},{"type":"Feature","geometry":{"type":"Point","coordinates":[-4.05567,41.47135]},"properties":{"id":"40013","name":"ALDEASOÑA","province":"40","population":61,"populationSource":"cadastre","status":"available","coverage":[99.04,100.0,100.0],"buildings":119,"coverage5":99.04,"coverage10":100.0,"coverage15":100.0}},{"type":"Feature","geometry":{"type":"Point","coordinates":[-3.77938,41.51275]},"properties":{"id":"40014","name":"ALDEHORNO","province":"40","population":64,"populationSource":"cadastre","status":"available","coverage":[0.0,0.0,0.0],"buildings":158,"coverage5":0.0,"coverage10":0.0,"coverage15":0.0}},{"type":"Feature","geometry":{"type":"Point","coordinates":[-4.53684,41.0556]},"properties":{"id":"40015","name":"ALDEHUELA DEL CODONAL","province":"40","population":24,"populationSource":"cadastre","status":"available","coverage":[0.0,0.0,0.0],"buildings":125,"coverage5":0.0,"coverage10":0.0,"coverage15":0.0}},{"type":"Feature","geometry":{"type":"Point","coordinates":[-3.67855,41.35102]},"properties":{"id":"40016","name":"ALDEONTE","province":"40","population":55,"populationSource":"cadastre","status":"available","coverage":[0.0,0.0,0.0],"buildings":62,"coverage5":0.0,"coverage10":0.0,"coverage15":0.0}},{"type":"Feature","geometry":{"type":"Point","coordinates":[-4.30829,40.99057]},"properties":{"id":"40017","name":"ANAYA","province":"40","population":111,"populationSource":"cadastre","status":"available","coverage":[0.0,0.0,0.0],"buildings":104,"coverage5":0.0,"coverage10":0.0,"coverage15":0.0}},{"type":"Feature","geometry":{"type":"Point","coordinates":[-4.29513,41.03745]},"properties":{"id":"40018","name":"AÑE","province":"40","population":67,"populationSource":"cadastre","status":"available","coverage":[0.0,0.0,0.0],"buildings":103,"coverage5":0.0,"coverage10":0.0,"coverage15":0.0}},{"type":"Feature","geometry":{"type":"Point","coordinates":[-3.85695,41.13781]},"properties":{"id":"40019","name":"ARAHUETES","province":"40","population":31,"populationSource":"cadastre","status":"available","coverage":[0.0,0.0,0.0],"buildings":106,"coverage5":0.0,"coverage10":0.0,"coverage15":0.0}},{"type":"Feature","geometry":{"type":"Point","coordinates":[-3.7243,41.1185]},"properties":{"id":"40020","name":"ARCONES","province":"40","population":179,"populationSource":"cadastre","status":"available","coverage":[0.0,0.0,0.0],"buildings":487,"coverage5":0.0,"coverage10":0.0,"coverage15":0.0}},{"type":"Feature","geometry":{"type":"Point","coordinates":[-3.88924,41.16163]},"properties":{"id":"40021","name":"AREVALILLO DE CEGA","province":"40","population":18,"populationSource":"cadastre","status":"available","coverage":[0.0,0.0,0.0],"buildings":53,"coverage5":0.0,"coverage10":0.0,"coverage15":0.0}},{"type":"Feature","geometry":{"type":"Point","coordinates":[-4.31866,41.07786]},"properties":{"id":"40022","name":"ARMUÑA","province":"40","population":253,"populationSource":"cadastre","status":"available","coverage":[34.23,34.23,34.23],"buildings":366,"coverage5":34.23,"coverage10":34.23,"coverage15":34.23}},{"type":"Feature","geometry":{"type":"Point","coordinates":[-3.37688,41.42081]},"properties":{"id":"40024","name":"AYLLÓN","province":"40","population":1110,"populationSource":"cadastre","status":"available","coverage":[0.0,0.0,0.0],"buildings":1275,"coverage5":0.0,"coverage10":0.0,"coverage15":0.0}},{"type":"Feature","geometry":{"type":"Point","coordinates":[-3.6722,41.32563]},"properties":{"id":"40025","name":"BARBOLLA","province":"40","population":142,"populationSource":"cadastre","status":"available","coverage":[0.0,0.0,0.0],"buildings":190,"coverage5":0.0,"coverage10":0.0,"coverage15":0.0}},{"type":"Feature","geometry":{"type":"Point","coordinates":[-4.02494,41.02723]},"properties":{"id":"40026","name":"BASARDILLA","province":"40","population":136,"populationSource":"cadastre","status":"available","coverage":[0.0,0.0,0.0],"buildings":187,"coverage5":0.0,"coverage10":0.0,"coverage15":0.0}},{"type":"Feature","geometry":{"type":"Point","coordinates":[-4.43631,40.90587]},"properties":{"id":"40028","name":"BERCIAL","province":"40","population":102,"populationSource":"cadastre","status":"available","coverage":[0.0,0.0,0.0],"buildings":130,"coverage5":0.0,"coverage10":0.0,"coverage15":0.0}},{"type":"Feature","geometry":{"type":"Point","coordinates":[-3.57179,41.39978]},"properties":{"id":"40029","name":"BERCIMUEL","province":"40","population":34,"populationSource":"cadastre","status":"available","coverage":[0.0,0.0,0.0],"buildings":104,"coverage5":0.0,"coverage10":0.0,"coverage15":0.0}},{"type":"Feature","geometry":{"type":"Point","coordinates":[-4.35234,41.12941]},"properties":{"id":"40030","name":"BERNARDOS","province":"40","population":462,"populationSource":"cadastre","status":"available","coverage":[0.0,0.0,0.0],"buildings":558,"coverage5":0.0,"coverage10":0.0,"coverage15":0.0}},{"type":"Feature","geometry":{"type":"Point","coordinates":[-4.11598,41.00079]},"properties":{"id":"40031","name":"BERNUY DE PORREROS","province":"40","population":1342,"populationSource":"cadastre","status":"available","coverage":[55.86,85.93,100.0],"buildings":370,"coverage5":55.86,"coverage10":85.93,"coverage15":100.0}},{"type":"Feature","geometry":{"type":"Point","coordinates":[-3.63823,41.337]},"properties":{"id":"40032","name":"BOCEGUILLAS","province":"40","population":746,"populationSource":"cadastre","status":"available","coverage":[0.0,0.0,0.0],"buildings":403,"coverage5":0.0,"coverage10":0.0,"coverage15":0.0}},{"type":"Feature","geometry":{"type":"Point","coordinates":[-4.05363,41.03474]},"properties":{"id":"40033","name":"BRIEVA","province":"40","population":93,"populationSource":"cadastre","status":"available","coverage":[0.0,0.0,0.0],"buildings":144,"coverage5":0.0,"coverage10":0.0,"coverage15":0.0}},{"type":"Feature","geometry":{"type":"Point","coordinates":[-3.96441,41.12019]},"properties":{"id":"40034","name":"CABALLAR","province":"40","population":78,"populationSource":"cadastre","status":"available","coverage":[0.0,0.0,0.0],"buildings":154,"coverage5":0.0,"coverage10":0.0,"coverage15":0.0}},{"type":"Feature","geometry":{"type":"Point","coordinates":[-4.10984,41.06717]},"properties":{"id":"40035","name":"CABAÑAS DE POLENDOS","province":"40","population":202,"populationSource":"cadastre","status":"available","coverage":[0.0,0.0,0.0],"buildings":186,"coverage5":0.0,"coverage10":0.0,"coverage15":0.0}},{"type":"Feature","geometry":{"type":"Point","coordinates":[-3.93289,41.23546]},"properties":{"id":"40036","name":"CABEZUELA","province":"40","population":655,"populationSource":"cadastre","status":"available","coverage":[0.0,0.0,0.0],"buildings":540,"coverage5":0.0,"coverage10":0.0,"coverage15":0.0}},{"type":"Feature","geometry":{"type":"Point","coordinates":[-4.0101,41.44568]},"properties":{"id":"40037","name":"CALABAZAS DE FUENTIDUEÑA","province":"40","population":23,"populationSource":"cadastre","status":"available","coverage":[98.75,100.0,100.0],"buildings":84,"coverage5":98.75,"coverage10":100.0,"coverage15":100.0}},{"type":"Feature","geometry":{"type":"Point","coordinates":[-3.54856,41.42983]},"properties":{"id":"40039","name":"CAMPO DE SAN PEDRO","province":"40","population":257,"populationSource":"cadastre","status":"available","coverage":[0.0,0.0,0.0],"buildings":349,"coverage5":0.0,"coverage10":0.0,"coverage15":0.0}},{"type":"Feature","geometry":{"type":"Point","coordinates":[-3.92707,41.25845]},"properties":{"id":"40040","name":"CANTALEJO","province":"40","population":3619,"populationSource":"cadastre","status":"available","coverage":[29.18,77.32,83.38],"buildings":1933,"coverage5":29.18,"coverage10":77.32,"coverage15":83.38}},{"type":"Feature","geometry":{"type":"Point","coordinates":[-4.15916,41.07467]},"properties":{"id":"40041","name":"CANTIMPALOS","province":"40","population":1533,"populationSource":"cadastre","status":"available","coverage":[0.0,0.0,0.0],"buildings":645,"coverage5":0.0,"coverage10":0.0,"coverage15":0.0}},{"type":"Feature","geometry":{"type":"Point","coordinates":[-4.26611,41.12232]},"properties":{"id":"40043","name":"CARBONERO EL MAYOR","province":"40","population":2463,"populationSource":"cadastre","status":"available","coverage":[35.46,95.38,98.61],"buildings":1148,"coverage5":35.46,"coverage10":95.38,"coverage15":98.61}},{"type":"Feature","geometry":{"type":"Point","coordinates":[-3.89817,41.36753]},"properties":{"id":"40044","name":"CARRASCAL DEL RÍO","province":"40","population":143,"populationSource":"cadastre","status":"available","coverage":[0.0,0.0,0.0],"buildings":234,"coverage5":0.0,"coverage10":0.0,"coverage15":0.0}},{"type":"Feature","geometry":{"type":"Point","coordinates":[-3.6555,41.16696]},"properties":{"id":"40045","name":"CASLA","province":"40","population":155,"populationSource":"cadastre","status":"available","coverage":[0.0,0.0,0.0],"buildings":350,"coverage5":0.0,"coverage10":0.0,"coverage15":0.0}},{"type":"Feature","geometry":{"type":"Point","coordinates":[-3.60096,41.28094]},"properties":{"id":"40046","name":"CASTILLEJO DE MESLEÓN","province":"40","population":119,"populationSource":"cadastre","status":"available","coverage":[0.0,0.0,0.0],"buildings":280,"coverage5":0.0,"coverage10":0.0,"coverage15":0.0}},{"type":"Feature","geometry":{"type":"Point","coordinates":[-3.85645,41.42051]},"properties":{"id":"40047","name":"CASTRO DE FUENTIDUEÑA","province":"40","population":41,"populationSource":"cadastre","status":"available","coverage":[0.0,0.0,0.0],"buildings":141,"coverage5":0.0,"coverage10":0.0,"coverage15":0.0}},{"type":"Feature","geometry":{"type":"Point","coordinates":[-3.84884,41.395]},"properties":{"id":"40048","name":"CASTROJIMENO","province":"40","population":27,"populationSource":"cadastre","status":"available","coverage":[0.0,0.0,0.0],"buildings":122,"coverage5":0.0,"coverage10":0.0,"coverage15":0.0}},{"type":"Feature","geometry":{"type":"Point","coordinates":[-3.7345,41.20792]},"properties":{"id":"40049","name":"CASTROSERNA DE ABAJO","province":"40","population":31,"populationSource":"cadastre","status":"available","coverage":[0.0,0.0,0.0],"buildings":93,"coverage5":0.0,"coverage10":0.0,"coverage15":0.0}},{"type":"Feature","geometry":{"type":"Point","coordinates":[-3.80307,41.39233]},"properties":{"id":"40051","name":"CASTROSERRACÍN","province":"40","population":24,"populationSource":"cadastre","status":"available","coverage":[0.0,0.0,0.0],"buildings":104,"coverage5":0.0,"coverage10":0.0,"coverage15":0.0}},{"type":"Feature","geometry":{"type":"Point","coordinates":[-3.60592,41.42459]},"properties":{"id":"40052","name":"CEDILLO DE LA TORRE","province":"40","population":80,"populationSource":"cadastre","status":"available","coverage":[0.0,0.0,0.0],"buildings":183,"coverage5":0.0,"coverage10":0.0,"coverage15":0.0}},{"type":"Feature","geometry":{"type":"Point","coordinates":[-3.59257,41.21753]},"properties":{"id":"40053","name":"CEREZO DE ABAJO","province":"40","population":150,"populationSource":"cadastre","status":"available","coverage":[0.0,0.0,0.0],"buildings":250,"coverage5":0.0,"coverage10":0.0,"coverage15":0.0}},{"type":"Feature","geometry":{"type":"Point","coordinates":[-3.55806,41.23692]},"properties":{"id":"40054","name":"CEREZO DE ARRIBA","province":"40","population":119,"populationSource":"cadastre","status":"available","coverage":[72.15,75.34,75.34],"buildings":224,"coverage5":72.15,"coverage10":75.34,"coverage15":75.34}},{"type":"Feature","geometry":{"type":"Point","coordinates":[-3.56652,41.43124]},"properties":{"id":"40055","name":"CILLERUELO DE SAN MAMÉS","province":"40","population":41,"populationSource":"cadastre","status":"available","coverage":[0.0,0.0,0.0],"buildings":65,"coverage5":0.0,"coverage10":0.0,"coverage15":0.0}},{"type":"Feature","geometry":{"type":"Point","coordinates":[-3.92896,41.38214]},"properties":{"id":"40056","name":"COBOS DE FUENTIDUEÑA","province":"40","population":25,"populationSource":"cadastre","status":"available","coverage":[0.0,0.0,0.0],"buildings":94,"coverage5":0.0,"coverage10":0.0,"coverage15":0.0}},{"type":"Feature","geometry":{"type":"Point","coordinates":[-4.52213,41.2184]},"properties":{"id":"40057","name":"COCA","province":"40","population":1706,"populationSource":"cadastre","status":"available","coverage":[32.92,77.6,78.7],"buildings":1205,"coverage5":32.92,"coverage10":77.6,"coverage15":78.7}},{"type":"Feature","geometry":{"type":"Point","coordinates":[-4.59877,41.06726]},"properties":{"id":"40058","name":"CODORNIZ","province":"40","population":294,"populationSource":"cadastre","status":"available","coverage":[0.0,0.0,0.0],"buildings":355,"coverage5":0.0,"coverage10":0.0,"coverage15":0.0}},{"type":"Feature","geometry":{"type":"Point","coordinates":[-3.91771,41.03857]},"properties":{"id":"40059","name":"COLLADO HERMOSO","province":"40","population":116,"populationSource":"cadastre","status":"available","coverage":[0.0,0.0,0.0],"buildings":203,"coverage5":0.0,"coverage10":0.0,"coverage15":0.0}},{"type":"Feature","geometry":{"type":"Point","coordinates":[-3.74416,41.24172]},"properties":{"id":"40060","name":"CONDADO DE CASTILNOVO","province":"40","population":74,"populationSource":"cadastre","status":"available","coverage":[0.0,0.0,0.0],"buildings":165,"coverage5":0.0,"coverage10":0.0,"coverage15":0.0}},{"type":"Feature","geometry":{"type":"Point","coordinates":[-3.45932,41.39132]},"properties":{"id":"40061","name":"CORRAL DE AYLLÓN","province":"40","population":76,"populationSource":"cadastre","status":"available","coverage":[0.0,0.0,0.0],"buildings":142,"coverage5":0.0,"coverage10":0.0,"coverage15":0.0}},{"type":"Feature","geometry":{"type":"Point","coordinates":[-3.90921,41.1217]},"properties":{"id":"40062","name":"CUBILLO","province":"40","population":74,"populationSource":"cadastre","status":"available","coverage":[90.33,100.0,100.0],"buildings":87,"coverage5":90.33,"coverage10":100.0,"coverage15":100.0}},{"type":"Feature","geometry":{"type":"Point","coordinates":[-4.31739,41.4037]},"properties":{"id":"40063","name":"CUÉLLAR","province":"40","population":9527,"populationSource":"cadastre","status":"available","coverage":[25.17,45.72,62.51],"buildings":3053,"coverage5":25.17,"coverage10":45.72,"coverage15":62.51}},{"type":"Feature","geometry":{"type":"Point","coordinates":[-4.42874,41.33942]},"properties":{"id":"40065","name":"CHAÑE","province":"40","population":739,"populationSource":"cadastre","status":"available","coverage":[0.0,0.0,0.0],"buildings":393,"coverage5":0.0,"coverage10":0.0,"coverage15":0.0}},{"type":"Feature","geometry":{"type":"Point","coordinates":[-4.37791,41.11502]},"properties":{"id":"40068","name":"DOMINGO GARCÍA","province":"40","population":29,"populationSource":"cadastre","status":"available","coverage":[0.0,0.0,0.0],"buildings":60,"coverage5":0.0,"coverage10":0.0,"coverage15":0.0}},{"type":"Feature","geometry":{"type":"Point","coordinates":[-4.69429,41.11664]},"properties":{"id":"40069","name":"DONHIERRO","province":"40","population":73,"populationSource":"cadastre","status":"available","coverage":[0.0,0.0,0.0],"buildings":65,"coverage5":0.0,"coverage10":0.0,"coverage15":0.0}},{"type":"Feature","geometry":{"type":"Point","coordinates":[-3.64793,41.23685]},"properties":{"id":"40070","name":"DURUELO","province":"40","population":172,"populationSource":"cadastre","status":"available","coverage":[22.67,33.31,39.9],"buildings":604,"coverage5":22.67,"coverage10":33.31,"coverage15":39.9}},{"type":"Feature","geometry":{"type":"Point","coordinates":[-3.66852,41.37477]},"properties":{"id":"40071","name":"ENCINAS","province":"40","population":39,"populationSource":"cadastre","status":"available","coverage":[0.0,0.0,0.0],"buildings":59,"coverage5":0.0,"coverage10":0.0,"coverage15":0.0}},{"type":"Feature","geometry":{"type":"Point","coordinates":[-4.15791,41.01782]},"properties":{"id":"40072","name":"ENCINILLAS","province":"40","population":358,"populationSource":"cadastre","status":"available","coverage":[0.0,0.0,0.0],"buildings":222,"coverage5":0.0,"coverage10":0.0,"coverage15":0.0}},{"type":"Feature","geometry":{"type":"Point","coordinates":[-4.12278,41.16663]},"properties":{"id":"40073","name":"ESCALONA DEL PRADO","province":"40","population":475,"populationSource":"cadastre","status":"available","coverage":[0.0,0.0,0.0],"buildings":433,"coverage5":0.0,"coverage10":0.0,"coverage15":0.0}},{"type":"Feature","geometry":{"type":"Point","coordinates":[-4.19463,41.10406]},"properties":{"id":"40074","name":"ESCARABAJOSA DE CABEZAS","province":"40","population":269,"populationSource":"cadastre","status":"available","coverage":[93.31,97.98,97.98],"buildings":228,"coverage5":93.31,"coverage10":97.98,"coverage15":97.98}},{"type":"Feature","geometry":{"type":"Point","coordinates":[-4.13094,41.09084]},"properties":{"id":"40075","name":"ESCOBAR DE POLENDOS","province":"40","population":172,"populationSource":"cadastre","status":"available","coverage":[0.0,0.0,0.0],"buildings":220,"coverage5":0.0,"coverage10":0.0,"coverage15":0.0}},{"type":"Feature","geometry":{"type":"Point","coordinates":[-4.24753,40.71809]},"properties":{"id":"40076","name":"EL ESPINAR","province":"40","population":10409,"populationSource":"cadastre","status":"available","coverage":[22.32,59.26,68.45],"buildings":4888,"coverage5":22.32,"coverage10":59.26,"coverage15":68.45}},{"type":"Feature","geometry":{"type":"Point","coordinates":[-4.07414,40.99774]},"properties":{"id":"40077","name":"ESPIRDO","province":"40","population":1613,"populationSource":"cadastre","status":"available","coverage":[52.92,62.39,80.27],"buildings":401,"coverage5":52.92,"coverage10":62.39,"coverage15":80.27}},{"type":"Feature","geometry":{"type":"Point","coordinates":[-4.45039,41.31827]},"properties":{"id":"40078","name":"FRESNEDA DE CUÉLLAR","province":"40","population":162,"populationSource":"cadastre","status":"available","coverage":[0.0,0.0,0.0],"buildings":124,"coverage5":0.0,"coverage10":0.0,"coverage15":0.0}},{"type":"Feature","geometry":{"type":"Point","coordinates":[-3.49933,41.36829]},"properties":{"id":"40079","name":"FRESNO DE CANTESPINO","province":"40","population":290,"populationSource":"cadastre","status":"available","coverage":[0.0,0.0,0.0],"buildings":884,"coverage5":0.0,"coverage10":0.0,"coverage15":0.0}},{"type":"Feature","geometry":{"type":"Point","coordinates":[-3.64474,41.39333]},"properties":{"id":"40080","name":"FRESNO DE LA FUENTE","province":"40","population":75,"populationSource":"cadastre","status":"available","coverage":[0.0,0.0,0.0],"buildings":121,"coverage5":0.0,"coverage10":0.0,"coverage15":0.0}},{"type":"Feature","geometry":{"type":"Point","coordinates":[-4.18703,41.38421]},"properties":{"id":"40081","name":"FRUMALES","province":"40","population":120,"populationSource":"cadastre","status":"available","coverage":[0.0,0.0,0.0],"buildings":240,"coverage5":0.0,"coverage10":0.0,"coverage15":0.0}},{"type":"Feature","geometry":{"type":"Point","coordinates":[-4.63422,41.20938]},"properties":{"id":"40082","name":"FUENTE DE SANTA CRUZ","province":"40","population":105,"populationSource":"cadastre","status":"available","coverage":[0.0,0.0,0.0],"buildings":123,"coverage5":0.0,"coverage10":0.0,"coverage15":0.0}},{"type":"Feature","geometry":{"type":"Point","coordinates":[-4.00046,41.3812]},"properties":{"id":"40083","name":"FUENTE EL OLMO DE FUENTIDUEÑA","province":"40","population":396,"populationSource":"cadastre","status":"available","coverage":[0.0,0.0,0.0],"buildings":206,"coverage5":0.0,"coverage10":0.0,"coverage15":0.0}},{"type":"Feature","geometry":{"type":"Point","coordinates":[-4.49453,41.2798]},"properties":{"id":"40084","name":"FUENTE EL OLMO DE ÍSCAR","province":"40","population":51,"populationSource":"cadastre","status":"available","coverage":[0.0,0.0,0.0],"buildings":84,"coverage5":0.0,"coverage10":0.0,"coverage15":0.0}},{"type":"Feature","geometry":{"type":"Point","coordinates":[-4.1768,41.22079]},"properties":{"id":"40086","name":"FUENTEPELAYO","province":"40","population":764,"populationSource":"cadastre","status":"available","coverage":[91.15,100.0,100.0],"buildings":592,"coverage5":91.15,"coverage10":100.0,"coverage15":100.0}},{"type":"Feature","geometry":{"type":"Point","coordinates":[-4.04291,41.40032]},"properties":{"id":"40087","name":"FUENTEPIÑEL","province":"40","population":63,"populationSource":"cadastre","status":"available","coverage":[0.0,0.0,0.0],"buildings":105,"coverage5":0.0,"coverage10":0.0,"coverage15":0.0}},{"type":"Feature","geometry":{"type":"Point","coordinates":[-3.93292,41.29737]},"properties":{"id":"40088","name":"FUENTERREBOLLO","province":"40","population":313,"populationSource":"cadastre","status":"available","coverage":[0.0,0.0,0.0],"buildings":556,"coverage5":0.0,"coverage10":0.0,"coverage15":0.0}},{"type":"Feature","geometry":{"type":"Point","coordinates":[-4.0625,41.4245]},"properties":{"id":"40089","name":"FUENTESAÚCO DE FUENTIDUEÑA","province":"40","population":216,"populationSource":"cadastre","status":"available","coverage":[0.0,0.0,0.0],"buildings":235,"coverage5":0.0,"coverage10":0.0,"coverage15":0.0}},{"type":"Feature","geometry":{"type":"Point","coordinates":[-3.9186,41.45673]},"properties":{"id":"40091","name":"FUENTESOTO","province":"40","population":96,"populationSource":"cadastre","status":"available","coverage":[0.0,0.0,0.0],"buildings":174,"coverage5":0.0,"coverage10":0.0,"coverage15":0.0}},{"type":"Feature","geometry":{"type":"Point","coordinates":[-3.98029,41.44151]},"properties":{"id":"40092","name":"FUENTIDUEÑA","province":"40","population":125,"populationSource":"cadastre","status":"available","coverage":[0.0,0.0,0.0],"buildings":230,"coverage5":0.0,"coverage10":0.0,"coverage15":0.0}},{"type":"Feature","geometry":{"type":"Point","coordinates":[-3.78597,41.07454]},"properties":{"id":"40093","name":"GALLEGOS","province":"40","population":96,"populationSource":"cadastre","status":"available","coverage":[0.0,0.0,0.0],"buildings":217,"coverage5":0.0,"coverage10":0.0,"coverage15":0.0}},{"type":"Feature","geometry":{"type":"Point","coordinates":[-4.26408,40.97709]},"properties":{"id":"40094","name":"GARCILLÁN","province":"40","population":513,"populationSource":"cadastre","status":"available","coverage":[0.0,0.0,0.0],"buildings":292,"coverage5":0.0,"coverage10":0.0,"coverage15":0.0}},{"type":"Feature","geometry":{"type":"Point","coordinates":[-4.32596,41.28837]},"properties":{"id":"40095","name":"GOMEZSERRACÍN","province":"40","population":614,"populationSource":"cadastre","status":"available","coverage":[68.05,98.19,98.57],"buildings":357,"coverage5":68.05,"coverage10":98.19,"coverage15":98.57}},{"type":"Feature","geometry":{"type":"Point","coordinates":[-3.61373,41.37108]},"properties":{"id":"40097","name":"GRAJERA","province":"40","population":252,"populationSource":"cadastre","status":"available","coverage":[0.0,0.0,0.0],"buildings":117,"coverage5":0.0,"coverage10":0.0,"coverage15":0.0}},{"type":"Feature","geometry":{"type":"Point","coordinates":[-3.70469,41.51092]},"properties":{"id":"40099","name":"HONRUBIA DE LA CUESTA","province":"40","population":49,"populationSource":"cadastre","status":"available","coverage":[0.0,0.0,0.0],"buildings":116,"coverage5":0.0,"coverage10":0.0,"coverage15":0.0}},{"type":"Feature","geometry":{"type":"Point","coordinates":[-4.12155,41.34588]},"properties":{"id":"40100","name":"HONTALBILLA","province":"40","population":277,"populationSource":"cadastre","status":"available","coverage":[0.0,0.0,0.0],"buildings":395,"coverage5":0.0,"coverage10":0.0,"coverage15":0.0}},{"type":"Feature","geometry":{"type":"Point","coordinates":[-4.20348,40.98181]},"properties":{"id":"40101","name":"HONTANARES DE ERESMA","province":"40","population":1680,"populationSource":"cadastre","status":"available","coverage":[34.63,60.29,90.3],"buildings":686,"coverage5":34.63,"coverage10":60.29,"coverage15":90.3}},{"type":"Feature","geometry":{"type":"Point","coordinates":[-4.21868,41.01035]},"properties":{"id":"40103","name":"LOS HUERTOS","province":"40","population":173,"populationSource":"cadastre","status":"available","coverage":[0.0,0.0,0.0],"buildings":136,"coverage5":0.0,"coverage10":0.0,"coverage15":0.0}},{"type":"Feature","geometry":{"type":"Point","coordinates":[-4.3775,40.80028]},"properties":{"id":"40104","name":"ITUERO Y LAMA","province":"40","population":492,"populationSource":"cadastre","status":"available","coverage":[10.55,11.02,11.02],"buildings":992,"coverage5":10.55,"coverage10":11.02,"coverage15":11.02}},{"type":"Feature","geometry":{"type":"Point","coordinates":[-4.30941,40.94642]},"properties":{"id":"40105","name":"JUARROS DE RIOMOROS","province":"40","population":53,"populationSource":"cadastre","status":"available","coverage":[0.0,0.0,0.0],"buildings":91,"coverage5":0.0,"coverage10":0.0,"coverage15":0.0}},{"type":"Feature","geometry":{"type":"Point","coordinates":[-4.51862,41.03245]},"properties":{"id":"40106","name":"JUARROS DE VOLTOYA","province":"40","population":185,"populationSource":"cadastre","status":"available","coverage":[0.0,0.0,0.0],"buildings":325,"coverage5":0.0,"coverage10":0.0,"coverage15":0.0}},{"type":"Feature","geometry":{"type":"Point","coordinates":[-4.52128,40.84355]},"properties":{"id":"40107","name":"LABAJOS","province":"40","population":105,"populationSource":"cadastre","status":"available","coverage":[0.0,0.0,0.0],"buildings":213,"coverage5":0.0,"coverage10":0.0,"coverage15":0.0}},{"type":"Feature","geometry":{"type":"Point","coordinates":[-4.02854,41.49451]},"properties":{"id":"40108","name":"LAGUNA DE CONTRERAS","province":"40","population":111,"populationSource":"cadastre","status":"available","coverage":[0.0,0.0,0.0],"buildings":218,"coverage5":0.0,"coverage10":0.0,"coverage15":0.0}},{"type":"Feature","geometry":{"type":"Point","coordinates":[-3.4241,41.44898]},"properties":{"id":"40109","name":"LANGUILLA","province":"40","population":79,"populationSource":"cadastre","status":"available","coverage":[0.0,0.0,0.0],"buildings":173,"coverage5":0.0,"coverage10":0.0,"coverage15":0.0}},{"type":"Feature","geometry":{"type":"Point","coordinates":[-4.10659,41.29682]},"properties":{"id":"40110","name":"LASTRAS DE CUÉLLAR","province":"40","population":295,"populationSource":"cadastre","status":"available","coverage":[69.59,97.41,98.26],"buildings":530,"coverage5":69.59,"coverage10":97.41,"coverage15":98.26}},{"type":"Feature","geometry":{"type":"Point","coordinates":[-4.34459,40.87908]},"properties":{"id":"40111","name":"LASTRAS DEL POZO","province":"40","population":55,"populationSource":"cadastre","status":"available","coverage":[69.96,73.39,80.38],"buildings":76,"coverage5":69.96,"coverage10":73.39,"coverage15":80.38}},{"type":"Feature","geometry":{"type":"Point","coordinates":[-4.10376,40.96894]},"properties":{"id":"40112","name":"LA LASTRILLA","province":"40","population":4781,"populationSource":"cadastre","status":"available","coverage":[0.0,0.3,8.31],"buildings":738,"coverage5":0.0,"coverage10":0.3,"coverage15":8.31}},{"type":"Feature","geometry":{"type":"Point","coordinates":[-4.16465,40.85446]},"properties":{"id":"40113","name":"LA LOSA","province":"40","population":543,"populationSource":"cadastre","status":"available","coverage":[68.26,100.0,100.0],"buildings":322,"coverage5":68.26,"coverage10":100.0,"coverage15":100.0}},{"type":"Feature","geometry":{"type":"Point","coordinates":[-3.5219,41.48723]},"properties":{"id":"40115","name":"MADERUELO","province":"40","population":100,"populationSource":"cadastre","status":"available","coverage":[0.0,0.0,0.0],"buildings":166,"coverage5":0.0,"coverage10":0.0,"coverage15":0.0}},{"type":"Feature","geometry":{"type":"Point","coordinates":[-4.36464,40.97798]},"properties":{"id":"40118","name":"MARAZUELA","province":"40","population":58,"populationSource":"cadastre","status":"available","coverage":[0.0,0.0,0.0],"buildings":94,"coverage5":0.0,"coverage10":0.0,"coverage15":0.0}},{"type":"Feature","geometry":{"type":"Point","coordinates":[-4.27282,40.95049]},"properties":{"id":"40119","name":"MARTÍN MIGUEL","province":"40","population":276,"populationSource":"cadastre","status":"available","coverage":[0.0,0.0,0.0],"buildings":205,"coverage5":0.0,"coverage10":0.0,"coverage15":0.0}},{"type":"Feature","geometry":{"type":"Point","coordinates":[-4.68692,41.06622]},"properties":{"id":"40120","name":"MARTÍN MUÑOZ DE LA DEHESA","province":"40","population":309,"populationSource":"cadastre","status":"available","coverage":[63.67,70.51,83.11],"buildings":216,"coverage5":63.67,"coverage10":70.51,"coverage15":83.11}},{"type":"Feature","geometry":{"type":"Point","coordinates":[-4.59591,40.99612]},"properties":{"id":"40121","name":"MARTÍN MUÑOZ DE LAS POSADAS","province":"40","population":251,"populationSource":"cadastre","status":"available","coverage":[0.0,0.0,0.0],"buildings":466,"coverage5":0.0,"coverage10":0.0,"coverage15":0.0}},{"type":"Feature","geometry":{"type":"Point","coordinates":[-4.38428,40.89682]},"properties":{"id":"40122","name":"MARUGÁN","province":"40","population":775,"populationSource":"cadastre","status":"available","coverage":[15.21,16.66,18.39],"buildings":1474,"coverage5":15.21,"coverage10":16.66,"coverage15":18.39}},{"type":"Feature","geometry":{"type":"Point","coordinates":[-3.75659,41.0957]},"properties":{"id":"40123","name":"MATABUENA","province":"40","population":204,"populationSource":"cadastre","status":"available","coverage":[0.0,0.0,0.0],"buildings":369,"coverage5":0.0,"coverage10":0.0,"coverage15":0.0}},{"type":"Feature","geometry":{"type":"Point","coordinates":[-4.47219,41.39867]},"properties":{"id":"40124","name":"MATA DE CUÉLLAR","province":"40","population":261,"populationSource":"cadastre","status":"available","coverage":[0.0,0.0,0.0],"buildings":167,"coverage5":0.0,"coverage10":0.0,"coverage15":0.0}},{"type":"Feature","geometry":{"type":"Point","coordinates":[-3.79488,41.19113]},"properties":{"id":"40125","name":"LA MATILLA","province":"40","population":72,"populationSource":"cadastre","status":"available","coverage":[0.0,0.0,0.0],"buildings":123,"coverage5":0.0,"coverage10":0.0,"coverage15":0.0}},{"type":"Feature","geometry":{"type":"Point","coordinates":[-4.46902,41.05117]},"properties":{"id":"40126","name":"MELQUE DE CERCOS","province":"40","population":58,"populationSource":"cadastre","status":"available","coverage":[0.0,0.0,0.0],"buildings":136,"coverage5":0.0,"coverage10":0.0,"coverage15":0.0}},{"type":"Feature","geometry":{"type":"Point","coordinates":[-4.09874,41.44801]},"properties":{"id":"40127","name":"MEMBIBRE DE LA HOZ","province":"40","population":42,"populationSource":"cadastre","status":"available","coverage":[0.0,0.0,0.0],"buildings":81,"coverage5":0.0,"coverage10":0.0,"coverage15":0.0}},{"type":"Feature","geometry":{"type":"Point","coordinates":[-4.36372,41.12233]},"properties":{"id":"40128","name":"MIGUELÁÑEZ","province":"40","population":136,"populationSource":"cadastre","status":"available","coverage":[0.0,0.0,0.0],"buildings":203,"coverage5":0.0,"coverage10":0.0,"coverage15":0.0}},{"type":"Feature","geometry":{"type":"Point","coordinates":[-4.6652,41.1404]},"properties":{"id":"40129","name":"MONTEJO DE ARÉVALO","province":"40","population":158,"populationSource":"cadastre","status":"available","coverage":[0.0,0.0,0.0],"buildings":182,"coverage5":0.0,"coverage10":0.0,"coverage15":0.0}},{"type":"Feature","geometry":{"type":"Point","coordinates":[-3.65268,41.54911]},"properties":{"id":"40130","name":"MONTEJO DE LA VEGA DE LA SERREZUELA","province":"40","population":121,"populationSource":"osm_fallback","status":"available","coverage":[0.0,0.0,0.0],"buildings":13,"coverage5":0.0,"coverage10":0.0,"coverage15":0.0}},{"type":"Feature","geometry":{"type":"Point","coordinates":[-4.3518,40.84837]},"properties":{"id":"40131","name":"MONTERRUBIO","province":"40","population":51,"populationSource":"cadastre","status":"available","coverage":[0.0,0.0,0.0],"buildings":127,"coverage5":0.0,"coverage10":0.0,"coverage15":0.0}},{"type":"Feature","geometry":{"type":"Point","coordinates":[-3.61688,41.46451]},"properties":{"id":"40132","name":"MORAL DE HORNUEZ","province":"40","population":38,"populationSource":"cadastre","status":"available","coverage":[0.0,0.0,0.0],"buildings":193,"coverage5":0.0,"coverage10":0.0,"coverage15":0.0}},{"type":"Feature","geometry":{"type":"Point","coordinates":[-4.18621,41.14805]},"properties":{"id":"40134","name":"MOZONCILLO","province":"40","population":916,"populationSource":"cadastre","status":"available","coverage":[70.63,98.62,99.56],"buildings":720,"coverage5":70.63,"coverage10":98.62,"coverage15":99.56}},{"type":"Feature","geometry":{"type":"Point","coordinates":[-4.47204,40.88803]},"properties":{"id":"40135","name":"MUÑOPEDRO","province":"40","population":298,"populationSource":"cadastre","status":"available","coverage":[0.0,0.0,0.0],"buildings":300,"coverage5":0.0,"coverage10":0.0,"coverage15":0.0}},{"type":"Feature","geometry":{"type":"Point","coordinates":[-3.9518,41.17282]},"properties":{"id":"40136","name":"MUÑOVEROS","province":"40","population":138,"populationSource":"cadastre","status":"available","coverage":[0.0,0.0,0.0],"buildings":182,"coverage5":0.0,"coverage10":0.0,"coverage15":0.0}},{"type":"Feature","geometry":{"type":"Point","coordinates":[-4.48896,41.15664]},"properties":{"id":"40138","name":"NAVA DE LA ASUNCIÓN","province":"40","population":2806,"populationSource":"cadastre","status":"available","coverage":[10.9,56.54,86.95],"buildings":1535,"coverage5":10.9,"coverage10":56.54,"coverage15":86.95}},{"type":"Feature","geometry":{"type":"Point","coordinates":[-3.82457,41.05709]},"properties":{"id":"40139","name":"NAVAFRÍA","province":"40","population":282,"populationSource":"cadastre","status":"available","coverage":[76.38,98.49,100.0],"buildings":421,"coverage5":76.38,"coverage10":98.49,"coverage15":100.0}},{"type":"Feature","geometry":{"type":"Point","coordinates":[-3.93226,41.34073]},"properties":{"id":"40140","name":"NAVALILLA","province":"40","population":90,"populationSource":"cadastre","status":"available","coverage":[0.0,0.0,0.0],"buildings":228,"coverage5":0.0,"coverage10":0.0,"coverage15":0.0}},{"type":"Feature","geometry":{"type":"Point","coordinates":[-4.25629,41.21473]},"properties":{"id":"40141","name":"NAVALMANZANO","province":"40","population":1041,"populationSource":"cadastre","status":"available","coverage":[86.75,100.0,100.0],"buildings":751,"coverage5":86.75,"coverage10":100.0,"coverage15":100.0}},{"type":"Feature","geometry":{"type":"Point","coordinates":[-3.70667,41.37275]},"properties":{"id":"40142","name":"NAVARES DE AYUSO","province":"40","population":58,"populationSource":"cadastre","status":"available","coverage":[0.0,0.0,0.0],"buildings":155,"coverage5":0.0,"coverage10":0.0,"coverage15":0.0}},{"type":"Feature","geometry":{"type":"Point","coordinates":[-3.72311,41.38095]},"properties":{"id":"40143","name":"NAVARES DE ENMEDIO","province":"40","population":90,"populationSource":"cadastre","status":"available","coverage":[0.0,0.0,0.0],"buildings":211,"coverage5":0.0,"coverage10":0.0,"coverage15":0.0}},{"type":"Feature","geometry":{"type":"Point","coordinates":[-3.75114,41.41398]},"properties":{"id":"40144","name":"NAVARES DE LAS CUEVAS","province":"40","population":22,"populationSource":"cadastre","status":"available","coverage":[0.0,0.0,0.0],"buildings":101,"coverage5":0.0,"coverage10":0.0,"coverage15":0.0}},{"type":"Feature","geometry":{"type":"Point","coordinates":[-4.43738,41.19606]},"properties":{"id":"40145","name":"NAVAS DE ORO","province":"40","population":1305,"populationSource":"cadastre","status":"available","coverage":[57.39,99.03,100.0],"buildings":978,"coverage5":57.39,"coverage10":99.03,"coverage15":100.0}},{"type":"Feature","geometry":{"type":"Point","coordinates":[-4.32941,40.76157]},"properties":{"id":"40146","name":"NAVAS DE SAN ANTONIO","province":"40","population":368,"populationSource":"cadastre","status":"available","coverage":[0.0,0.0,0.0],"buildings":485,"coverage5":0.0,"coverage10":0.0,"coverage15":0.0}},{"type":"Feature","geometry":{"type":"Point","coordinates":[-4.42652,41.08017]},"properties":{"id":"40148","name":"NIEVA","province":"40","population":256,"populationSource":"cadastre","status":"available","coverage":[0.0,0.0,0.0],"buildings":276,"coverage5":0.0,"coverage10":0.0,"coverage15":0.0}},{"type":"Feature","geometry":{"type":"Point","coordinates":[-4.16122,41.41524]},"properties":{"id":"40149","name":"OLOMBRADA","province":"40","population":490,"populationSource":"cadastre","status":"available","coverage":[0.0,0.0,0.0],"buildings":642,"coverage5":0.0,"coverage10":0.0,"coverage15":0.0}},{"type":"Feature","geometry":{"type":"Point","coordinates":[-3.78046,41.16468]},"properties":{"id":"40150","name":"OREJANA","province":"40","population":61,"populationSource":"cadastre","status":"available","coverage":[0.0,0.0,0.0],"buildings":209,"coverage5":0.0,"coverage10":0.0,"coverage15":0.0}},{"type":"Feature","geometry":{"type":"Point","coordinates":[-4.39396,41.08714]},"properties":{"id":"40151","name":"ORTIGOSA DE PESTAÑO","province":"40","population":51,"populationSource":"cadastre","status":"review"}},{"type":"Feature","geometry":{"type":"Point","coordinates":[-4.21045,40.81947]},"properties":{"id":"40152","name":"OTERO DE HERREROS","province":"40","population":987,"populationSource":"cadastre","status":"available","coverage":[55.15,73.29,76.12],"buildings":693,"coverage5":55.15,"coverage10":73.29,"coverage15":76.12}},{"type":"Feature","geometry":{"type":"Point","coordinates":[-3.5904,41.39034]},"properties":{"id":"40154","name":"PAJAREJOS","province":"40","population":22,"populationSource":"cadastre","status":"available","coverage":[0.0,0.0,0.0],"buildings":35,"coverage5":0.0,"coverage10":0.0,"coverage15":0.0}},{"type":"Feature","geometry":{"type":"Point","coordinates":[-4.06118,40.93055]},"properties":{"id":"40155","name":"PALAZUELOS DE ERESMA","province":"40","population":6107,"populationSource":"cadastre","status":"available","coverage":[0.3,9.09,16.77],"buildings":1540,"coverage5":0.3,"coverage10":9.09,"coverage15":16.77}},{"type":"Feature","geometry":{"type":"Point","coordinates":[-3.81089,41.1282]},"properties":{"id":"40156","name":"PEDRAZA","province":"40","population":335,"populationSource":"cadastre","status":"available","coverage":[24.05,28.55,28.55],"buildings":419,"coverage5":24.05,"coverage10":28.55,"coverage15":28.55}},{"type":"Feature","geometry":{"type":"Point","coordinates":[-3.93967,41.05114]},"properties":{"id":"40157","name":"PELAYOS DEL ARROYO","province":"40","population":45,"populationSource":"cadastre","status":"available","coverage":[0.0,0.0,0.0],"buildings":108,"coverage5":0.0,"coverage10":0.0,"coverage15":0.0}},{"type":"Feature","geometry":{"type":"Point","coordinates":[-4.14184,41.39282]},"properties":{"id":"40158","name":"PEROSILLO","province":"40","population":21,"populationSource":"cadastre","status":"available","coverage":[0.0,0.0,0.0],"buildings":46,"coverage5":0.0,"coverage10":0.0,"coverage15":0.0}},{"type":"Feature","geometry":{"type":"Point","coordinates":[-4.29366,41.25996]},"properties":{"id":"40159","name":"PINAREJOS","province":"40","population":205,"populationSource":"cadastre","status":"available","coverage":[98.78,100.0,100.0],"buildings":157,"coverage5":98.78,"coverage10":100.0,"coverage15":100.0}},{"type":"Feature","geometry":{"type":"Point","coordinates":[-4.20698,41.19043]},"properties":{"id":"40160","name":"PINARNEGRILLO","province":"40","population":98,"populationSource":"cadastre","status":"available","coverage":[99.49,100.0,100.0],"buildings":159,"coverage5":99.49,"coverage10":100.0,"coverage15":100.0}},{"type":"Feature","geometry":{"type":"Point","coordinates":[-3.70732,41.45584]},"properties":{"id":"40161","name":"CARABIAS","province":"40","population":55,"populationSource":"cadastre","status":"available","coverage":[0.0,0.0,0.0],"buildings":141,"coverage5":0.0,"coverage10":0.0,"coverage15":0.0}},{"type":"Feature","geometry":{"type":"Point","coordinates":[-3.68846,41.13892]},"properties":{"id":"40162","name":"PRÁDENA","province":"40","population":473,"populationSource":"cadastre","status":"available","coverage":[17.88,67.27,84.69],"buildings":670,"coverage5":17.88,"coverage10":67.27,"coverage15":84.69}},{"type":"Feature","geometry":{"type":"Point","coordinates":[-3.91375,41.20451]},"properties":{"id":"40163","name":"PUEBLA DE PEDRAZA","province":"40","population":56,"populationSource":"cadastre","status":"available","coverage":[0.0,0.0,0.0],"buildings":91,"coverage5":0.0,"coverage10":0.0,"coverage15":0.0}},{"type":"Feature","geometry":{"type":"Point","coordinates":[-4.65417,41.09445]},"properties":{"id":"40164","name":"RAPARIEGOS","province":"40","population":187,"populationSource":"cadastre","status":"available","coverage":[0.0,0.0,0.0],"buildings":174,"coverage5":0.0,"coverage10":0.0,"coverage15":0.0}},{"type":"Feature","geometry":{"type":"Point","coordinates":[-3.8568,41.19236]},"properties":{"id":"40165","name":"REBOLLO","province":"40","population":70,"populationSource":"cadastre","status":"available","coverage":[98.61,98.61,98.61],"buildings":154,"coverage5":98.61,"coverage10":98.61,"coverage15":98.61}},{"type":"Feature","geometry":{"type":"Point","coordinates":[-4.48336,41.34171]},"properties":{"id":"40166","name":"REMONDO","province":"40","population":329,"populationSource":"cadastre","status":"available","coverage":[0.0,0.0,0.0],"buildings":181,"coverage5":0.0,"coverage10":0.0,"coverage15":0.0}},{"type":"Feature","geometry":{"type":"Point","coordinates":[-3.48989,41.42667]},"properties":{"id":"40168","name":"RIAGUAS DE SAN BARTOLOMÉ","province":"40","population":28,"populationSource":"cadastre","status":"available","coverage":[0.0,0.0,0.0],"buildings":94,"coverage5":0.0,"coverage10":0.0,"coverage15":0.0}},{"type":"Feature","geometry":{"type":"Point","coordinates":[-3.47725,41.27974]},"properties":{"id":"40170","name":"RIAZA","province":"40","population":2128,"populationSource":"cadastre","status":"available","coverage":[35.38,48.89,70.95],"buildings":1690,"coverage5":35.38,"coverage10":48.89,"coverage15":70.95}},{"type":"Feature","geometry":{"type":"Point","coordinates":[-3.42945,41.36579]},"properties":{"id":"40171","name":"RIBOTA","province":"40","population":40,"populationSource":"cadastre","status":"available","coverage":[0.0,0.0,0.0],"buildings":117,"coverage5":0.0,"coverage10":0.0,"coverage15":0.0}},{"type":"Feature","geometry":{"type":"Point","coordinates":[-3.44947,41.24795]},"properties":{"id":"40172","name":"RIOFRÍO DE RIAZA","province":"40","population":29,"populationSource":"cadastre","status":"available","coverage":[0.0,0.0,0.0],"buildings":116,"coverage5":0.0,"coverage10":0.0,"coverage15":0.0}},{"type":"Feature","geometry":{"type":"Point","coordinates":[-4.18118,41.02784]},"properties":{"id":"40173","name":"RODA DE ERESMA","province":"40","population":260,"populationSource":"cadastre","status":"available","coverage":[0.0,0.0,0.0],"buildings":118,"coverage5":0.0,"coverage10":0.0,"coverage15":0.0}},{"type":"Feature","geometry":{"type":"Point","coordinates":[-3.96335,41.49466]},"properties":{"id":"40174","name":"SACRAMENIA","province":"40","population":324,"populationSource":"cadastre","status":"available","coverage":[0.0,0.0,0.0],"buildings":415,"coverage5":0.0,"coverage10":0.0,"coverage15":0.0}},{"type":"Feature","geometry":{"type":"Point","coordinates":[-4.41921,41.25929]},"properties":{"id":"40176","name":"SAMBOAL","province":"40","population":459,"populationSource":"cadastre","status":"available","coverage":[78.96,100.0,100.0],"buildings":419,"coverage5":78.96,"coverage10":100.0,"coverage15":100.0}},{"type":"Feature","geometry":{"type":"Point","coordinates":[-4.4043,41.40686]},"properties":{"id":"40177","name":"SAN CRISTÓBAL DE CUÉLLAR","province":"40","population":161,"populationSource":"cadastre","status":"available","coverage":[0.0,0.0,0.0],"buildings":153,"coverage5":0.0,"coverage10":0.0,"coverage15":0.0}},{"type":"Feature","geometry":{"type":"Point","coordinates":[-4.6469,41.11296]},"properties":{"id":"40178","name":"SAN CRISTÓBAL DE LA VEGA","province":"40","population":81,"populationSource":"cadastre","status":"available","coverage":[0.0,0.0,0.0],"buildings":173,"coverage5":0.0,"coverage10":0.0,"coverage15":0.0}},{"type":"Feature","geometry":{"type":"Point","coordinates":[-4.3059,41.32247]},"properties":{"id":"40179","name":"SANCHONUÑO","province":"40","population":1053,"populationSource":"cadastre","status":"available","coverage":[85.41,100.0,100.0],"buildings":664,"coverage5":85.41,"coverage10":100.0,"coverage15":100.0}},{"type":"Feature","geometry":{"type":"Point","coordinates":[-4.41437,40.94739]},"properties":{"id":"40180","name":"SANGARCÍA","province":"40","population":281,"populationSource":"cadastre","status":"available","coverage":[0.0,0.0,0.0],"buildings":359,"coverage5":0.0,"coverage10":0.0,"coverage15":0.0}},{"type":"Feature","geometry":{"type":"Point","coordinates":[-4.00476,40.89763]},"properties":{"id":"40181","name":"REAL SITIO DE SAN ILDEFONSO","province":"40","population":5217,"populationSource":"cadastre","status":"available","coverage":[56.53,80.39,96.36],"buildings":1147,"coverage5":56.53,"coverage10":80.39,"coverage15":96.36}},{"type":"Feature","geometry":{"type":"Point","coordinates":[-4.33185,41.22323]},"properties":{"id":"40182","name":"SAN MARTÍN Y MUDRIÁN","province":"40","population":263,"populationSource":"cadastre","status":"available","coverage":[0.0,0.0,0.0],"buildings":282,"coverage5":0.0,"coverage10":0.0,"coverage15":0.0}},{"type":"Feature","geometry":{"type":"Point","coordinates":[-3.9527,41.39906]},"properties":{"id":"40183","name":"SAN MIGUEL DE BERNUY","province":"40","population":119,"populationSource":"cadastre","status":"available","coverage":[0.0,0.0,0.0],"buildings":160,"coverage5":0.0,"coverage10":0.0,"coverage15":0.0}},{"type":"Feature","geometry":{"type":"Point","coordinates":[-3.81005,41.22704]},"properties":{"id":"40184","name":"SAN PEDRO DE GAÍLLOS","province":"40","population":315,"populationSource":"cadastre","status":"available","coverage":[68.8,81.21,81.21],"buildings":459,"coverage5":68.8,"coverage10":81.21,"coverage15":81.21}},{"type":"Feature","geometry":{"type":"Point","coordinates":[-4.40648,41.07037]},"properties":{"id":"40185","name":"SANTA MARÍA LA REAL DE NIEVA","province":"40","population":906,"populationSource":"cadastre","status":"available","coverage":[0.0,0.0,0.0],"buildings":1197,"coverage5":0.0,"coverage10":0.0,"coverage15":0.0}},{"type":"Feature","geometry":{"type":"Point","coordinates":[-3.68532,41.21786]},"properties":{"id":"40186","name":"SANTA MARTA DEL CERRO","province":"40","population":45,"populationSource":"cadastre","status":"available","coverage":[0.0,0.0,0.0],"buildings":85,"coverage5":0.0,"coverage10":0.0,"coverage15":0.0}},{"type":"Feature","geometry":{"type":"Point","coordinates":[-3.88587,41.09025]},"properties":{"id":"40188","name":"SANTIUSTE DE PEDRAZA","province":"40","population":81,"populationSource":"cadastre","status":"available","coverage":[0.0,0.0,5.01],"buildings":221,"coverage5":0.0,"coverage10":0.0,"coverage15":5.01}},{"type":"Feature","geometry":{"type":"Point","coordinates":[-4.57206,41.15717]},"properties":{"id":"40189","name":"SANTIUSTE DE SAN JUAN BAUTISTA","province":"40","population":534,"populationSource":"cadastre","status":"available","coverage":[0.0,0.0,0.0],"buildings":462,"coverage5":0.0,"coverage10":0.0,"coverage15":0.0}},{"type":"Feature","geometry":{"type":"Point","coordinates":[-3.98969,41.04076]},"properties":{"id":"40190","name":"SANTO DOMINGO DE PIRÓN","province":"40","population":51,"populationSource":"cadastre","status":"available","coverage":[0.0,0.0,0.0],"buildings":86,"coverage5":0.0,"coverage10":0.0,"coverage15":0.0}},{"type":"Feature","geometry":{"type":"Point","coordinates":[-3.57743,41.19438]},"properties":{"id":"40191","name":"SANTO TOMÉ DEL PUERTO","province":"40","population":230,"populationSource":"cadastre","status":"available","coverage":[0.0,0.0,0.0],"buildings":637,"coverage5":0.0,"coverage10":0.0,"coverage15":0.0}},{"type":"Feature","geometry":{"type":"Point","coordinates":[-4.06863,41.19515]},"properties":{"id":"40192","name":"SAUQUILLO DE CABEZAS","province":"40","population":135,"populationSource":"cadastre","status":"available","coverage":[99.16,100.0,100.0],"buildings":198,"coverage5":99.16,"coverage10":100.0,"coverage15":100.0}},{"type":"Feature","geometry":{"type":"Point","coordinates":[-3.88365,41.27053]},"properties":{"id":"40193","name":"SEBÚLCOR","province":"40","population":239,"populationSource":"cadastre","status":"available","coverage":[0.0,0.0,0.0],"buildings":231,"coverage5":0.0,"coverage10":0.0,"coverage15":0.0}},{"type":"Feature","geometry":{"type":"Point","coordinates":[-4.12524,40.94987]},"properties":{"id":"40194","name":"SEGOVIA","province":"40","population":52375,"populationSource":"cadastre","status":"available","coverage":[79.1,90.97,92.16],"buildings":4301,"coverage5":79.1,"coverage10":90.97,"coverage15":92.16}},{"type":"Feature","geometry":{"type":"Point","coordinates":[-3.75028,41.29825]},"properties":{"id":"40195","name":"SEPÚLVEDA","province":"40","population":979,"populationSource":"cadastre","status":"available","coverage":[0.0,0.0,0.0],"buildings":1125,"coverage5":0.0,"coverage10":0.0,"coverage15":0.0}},{"type":"Feature","geometry":{"type":"Point","coordinates":[-3.54677,41.36731]},"properties":{"id":"40196","name":"SEQUERA DE FRESNO","province":"40","population":42,"populationSource":"cadastre","status":"available","coverage":[0.0,0.0,0.0],"buildings":70,"coverage5":0.0,"coverage10":0.0,"coverage15":0.0}},{"type":"Feature","geometry":{"type":"Point","coordinates":[-3.63895,41.25717]},"properties":{"id":"40198","name":"SOTILLO","province":"40","population":31,"populationSource":"cadastre","status":"available","coverage":[0.0,0.0,0.0],"buildings":54,"coverage5":0.0,"coverage10":0.0,"coverage15":0.0}},{"type":"Feature","geometry":{"type":"Point","coordinates":[-3.94298,41.03485]},"properties":{"id":"40199","name":"SOTOSALBOS","province":"40","population":132,"populationSource":"cadastre","status":"available","coverage":[0.0,0.0,0.0],"buildings":207,"coverage5":0.0,"coverage10":0.0,"coverage15":0.0}},{"type":"Feature","geometry":{"type":"Point","coordinates":[-4.23935,41.09627]},"properties":{"id":"40200","name":"TABANERA LA LUENGA","province":"40","population":51,"populationSource":"cadastre","status":"available","coverage":[0.0,0.0,0.0],"buildings":88,"coverage5":0.0,"coverage10":0.0,"coverage15":0.0}},{"type":"Feature","geometry":{"type":"Point","coordinates":[-4.65153,41.13373]},"properties":{"id":"40201","name":"TOLOCIRIO","province":"40","population":38,"populationSource":"cadastre","status":"available","coverage":[0.0,0.0,0.0],"buildings":43,"coverage5":0.0,"coverage10":0.0,"coverage15":0.0}},{"type":"Feature","geometry":{"type":"Point","coordinates":[-3.84076,41.44358]},"properties":{"id":"40202","name":"TORREADRADA","province":"40","population":53,"populationSource":"cadastre","status":"available","coverage":[0.0,0.0,0.0],"buildings":197,"coverage5":0.0,"coverage10":0.0,"coverage15":0.0}},{"type":"Feature","geometry":{"type":"Point","coordinates":[-4.02467,40.99306]},"properties":{"id":"40203","name":"TORRECABALLEROS","province":"40","population":1505,"populationSource":"cadastre","status":"available","coverage":[42.68,64.89,64.89],"buildings":511,"coverage5":42.68,"coverage10":64.89,"coverage15":64.89}},{"type":"Feature","geometry":{"type":"Point","coordinates":[-4.03841,41.37468]},"properties":{"id":"40204","name":"TORRECILLA DEL PINAR","province":"40","population":188,"populationSource":"cadastre","status":"available","coverage":[0.0,0.0,0.0],"buildings":353,"coverage5":0.0,"coverage10":0.0,"coverage15":0.0}},{"type":"Feature","geometry":{"type":"Point","coordinates":[-4.03151,41.10232]},"properties":{"id":"40205","name":"TORREIGLESIAS","province":"40","population":257,"populationSource":"cadastre","status":"available","coverage":[0.0,0.0,0.0],"buildings":423,"coverage5":0.0,"coverage10":0.0,"coverage15":0.0}},{"type":"Feature","geometry":{"type":"Point","coordinates":[-3.86923,41.07241]},"properties":{"id":"40206","name":"TORRE VAL DE SAN PEDRO","province":"40","population":165,"populationSource":"cadastre","status":"available","coverage":[43.09,50.98,50.98],"buildings":358,"coverage5":43.09,"coverage10":50.98,"coverage15":50.98}},{"type":"Feature","geometry":{"type":"Point","coordinates":[-4.03586,40.96419]},"properties":{"id":"40207","name":"TRESCASAS","province":"40","population":1130,"populationSource":"cadastre","status":"available","coverage":[17.13,53.76,79.09],"buildings":391,"coverage5":17.13,"coverage10":53.76,"coverage15":79.09}},{"type":"Feature","geometry":{"type":"Point","coordinates":[-4.00692,41.15618]},"properties":{"id":"40208","name":"TURÉGANO","province":"40","population":1007,"populationSource":"cadastre","status":"available","coverage":[41.31,69.44,70.81],"buildings":961,"coverage5":41.31,"coverage10":69.44,"coverage15":70.81}},{"type":"Feature","geometry":{"type":"Point","coordinates":[-3.77324,41.35749]},"properties":{"id":"40210","name":"URUEÑAS","province":"40","population":105,"populationSource":"cadastre","status":"available","coverage":[0.0,0.0,0.0],"buildings":229,"coverage5":0.0,"coverage10":0.0,"coverage15":0.0}},{"type":"Feature","geometry":{"type":"Point","coordinates":[-4.25666,40.81792]},"properties":{"id":"40211","name":"VALDEPRADOS","province":"40","population":63,"populationSource":"cadastre","status":"available","coverage":[0.0,0.0,0.0],"buildings":77,"coverage5":0.0,"coverage10":0.0,"coverage15":0.0}},{"type":"Feature","geometry":{"type":"Point","coordinates":[-3.63585,41.5221]},"properties":{"id":"40212","name":"VALDEVACAS DE MONTEJO","province":"40","population":29,"populationSource":"cadastre","status":"available","coverage":[100.0,100.0,100.0],"buildings":79,"coverage5":100.0,"coverage10":100.0,"coverage15":100.0}},{"type":"Feature","geometry":{"type":"Point","coordinates":[-3.91106,41.1456]},"properties":{"id":"40213","name":"VALDEVACAS Y GUIJAR","province":"40","population":83,"populationSource":"cadastre","status":"available","coverage":[0.0,0.0,0.0],"buildings":123,"coverage5":0.0,"coverage10":0.0,"coverage15":0.0}},{"type":"Feature","geometry":{"type":"Point","coordinates":[-4.17448,41.00029]},"properties":{"id":"40214","name":"VALSECA","province":"40","population":208,"populationSource":"cadastre","status":"available","coverage":[0.0,0.0,0.0],"buildings":209,"coverage5":0.0,"coverage10":0.0,"coverage15":0.0}},{"type":"Feature","geometry":{"type":"Point","coordinates":[-3.9171,41.47847]},"properties":{"id":"40215","name":"VALTIENDAS","province":"40","population":75,"populationSource":"cadastre","status":"available","coverage":[0.0,0.0,0.0],"buildings":231,"coverage5":0.0,"coverage10":0.0,"coverage15":0.0}},{"type":"Feature","geometry":{"type":"Point","coordinates":[-4.23388,40.9564]},"properties":{"id":"40216","name":"VALVERDE DEL MAJANO","province":"40","population":1097,"populationSource":"cadastre","status":"available","coverage":[94.96,99.23,99.23],"buildings":394,"coverage5":94.96,"coverage10":99.23,"coverage15":99.23}},{"type":"Feature","geometry":{"type":"Point","coordinates":[-3.83996,41.36238]},"properties":{"id":"40218","name":"VALLE DE TABLADILLO","province":"40","population":78,"populationSource":"cadastre","status":"available","coverage":[0.0,0.0,0.0],"buildings":168,"coverage5":0.0,"coverage10":0.0,"coverage15":0.0}},{"type":"Feature","geometry":{"type":"Point","coordinates":[-4.4266,41.40622]},"properties":{"id":"40219","name":"VALLELADO","province":"40","population":750,"populationSource":"cadastre","status":"available","coverage":[57.29,98.94,98.94],"buildings":525,"coverage5":57.29,"coverage10":98.94,"coverage15":98.94}},{"type":"Feature","geometry":{"type":"Point","coordinates":[-3.80667,41.17942]},"properties":{"id":"40220","name":"VALLERUELA DE PEDRAZA","province":"40","population":61,"populationSource":"cadastre","status":"available","coverage":[0.0,0.0,0.0],"buildings":109,"coverage5":0.0,"coverage10":0.0,"coverage15":0.0}},{"type":"Feature","geometry":{"type":"Point","coordinates":[-3.773,41.19036]},"properties":{"id":"40221","name":"VALLERUELA DE SEPÚLVEDA","province":"40","population":48,"populationSource":"cadastre","status":"available","coverage":[0.0,0.0,0.0],"buildings":135,"coverage5":0.0,"coverage10":0.0,"coverage15":0.0}},{"type":"Feature","geometry":{"type":"Point","coordinates":[-3.99338,41.19267]},"properties":{"id":"40222","name":"VEGANZONES","province":"40","population":211,"populationSource":"cadastre","status":"available","coverage":[0.0,0.0,0.0],"buildings":256,"coverage5":0.0,"coverage10":0.0,"coverage15":0.0}},{"type":"Feature","geometry":{"type":"Point","coordinates":[-4.27864,40.79699]},"properties":{"id":"40223","name":"VEGAS DE MATUTE","province":"40","population":370,"populationSource":"cadastre","status":"available","coverage":[0.0,0.0,0.0],"buildings":535,"coverage5":0.0,"coverage10":0.0,"coverage15":0.0}},{"type":"Feature","geometry":{"type":"Point","coordinates":[-3.69441,41.18148]},"properties":{"id":"40224","name":"VENTOSILLA Y TEJADILLA","province":"40","population":17,"populationSource":"cadastre","status":"available","coverage":[0.0,0.0,0.0],"buildings":103,"coverage5":0.0,"coverage10":0.0,"coverage15":0.0}},{"type":"Feature","geometry":{"type":"Point","coordinates":[-4.41211,40.78156]},"properties":{"id":"40225","name":"VILLACASTÍN","province":"40","population":1567,"populationSource":"cadastre","status":"available","coverage":[0.0,0.0,0.0],"buildings":903,"coverage5":0.0,"coverage10":0.0,"coverage15":0.0}},{"type":"Feature","geometry":{"type":"Point","coordinates":[-4.52672,41.30824]},"properties":{"id":"40228","name":"VILLAVERDE DE ÍSCAR","province":"40","population":579,"populationSource":"cadastre","status":"available","coverage":[0.0,0.0,0.0],"buildings":339,"coverage5":0.0,"coverage10":0.0,"coverage15":0.0}},{"type":"Feature","geometry":{"type":"Point","coordinates":[-3.654,41.52196]},"properties":{"id":"40229","name":"VILLAVERDE DE MONTEJO","province":"40","population":22,"populationSource":"cadastre","status":"available","coverage":[0.0,0.0,0.0],"buildings":120,"coverage5":0.0,"coverage10":0.0,"coverage15":0.0}},{"type":"Feature","geometry":{"type":"Point","coordinates":[-4.57835,41.2524]},"properties":{"id":"40230","name":"VILLEGUILLO","province":"40","population":129,"populationSource":"cadastre","status":"available","coverage":[100.0,100.0,100.0],"buildings":108,"coverage5":100.0,"coverage10":100.0,"coverage15":100.0}},{"type":"Feature","geometry":{"type":"Point","coordinates":[-4.23824,41.07173]},"properties":{"id":"40231","name":"YANGUAS DE ERESMA","province":"40","population":117,"populationSource":"cadastre","status":"available","coverage":[0.0,0.0,0.0],"buildings":222,"coverage5":0.0,"coverage10":0.0,"coverage15":0.0}},{"type":"Feature","geometry":{"type":"Point","coordinates":[-4.33781,40.8081]},"properties":{"id":"40233","name":"ZARZUELA DEL MONTE","province":"40","population":507,"populationSource":"cadastre","status":"available","coverage":[0.0,0.0,0.0],"buildings":682,"coverage5":0.0,"coverage10":0.0,"coverage15":0.0}},{"type":"Feature","geometry":{"type":"Point","coordinates":[-4.18472,41.25864]},"properties":{"id":"40234","name":"ZARZUELA DEL PINAR","province":"40","population":408,"populationSource":"cadastre","status":"available","coverage":[75.85,99.86,99.86],"buildings":409,"coverage5":75.85,"coverage10":99.86,"coverage15":99.86}},{"type":"Feature","geometry":{"type":"Point","coordinates":[-4.17598,40.84362]},"properties":{"id":"40901","name":"ORTIGOSA DEL MONTE","province":"40","population":608,"populationSource":"cadastre","status":"available","coverage":[0.0,0.0,1.73],"buildings":394,"coverage5":0.0,"coverage10":0.0,"coverage15":1.73}},{"type":"Feature","geometry":{"type":"Point","coordinates":[-4.09528,41.39134]},"properties":{"id":"40902","name":"COZUELOS DE FUENTIDUEÑA","province":"40","population":102,"populationSource":"cadastre","status":"available","coverage":[0.0,0.0,0.0],"buildings":187,"coverage5":0.0,"coverage10":0.0,"coverage15":0.0}},{"type":"Feature","geometry":{"type":"Point","coordinates":[-4.33751,40.96186]},"properties":{"id":"40903","name":"MARAZOLEJA","province":"40","population":98,"populationSource":"cadastre","status":"available","coverage":[0.0,0.0,0.0],"buildings":155,"coverage5":0.0,"coverage10":0.0,"coverage15":0.0}},{"type":"Feature","geometry":{"type":"Point","coordinates":[-4.13527,40.8682]},"properties":{"id":"40904","name":"NAVAS DE RIOFRÍO","province":"40","population":430,"populationSource":"cadastre","status":"available","coverage":[0.0,0.0,0.0],"buildings":399,"coverage5":0.0,"coverage10":0.0,"coverage15":0.0}},{"type":"Feature","geometry":{"type":"Point","coordinates":[-3.9609,41.54181]},"properties":{"id":"40905","name":"CUEVAS DE PROVANCO","province":"40","population":131,"populationSource":"cadastre","status":"available","coverage":[0.0,0.0,0.0],"buildings":214,"coverage5":0.0,"coverage10":0.0,"coverage15":0.0}},{"type":"Feature","geometry":{"type":"Point","coordinates":[-4.07579,40.95206]},"properties":{"id":"40906","name":"SAN CRISTÓBAL DE SEGOVIA","province":"40","population":3161,"populationSource":"cadastre","status":"available","coverage":[36.56,74.71,94.64],"buildings":589,"coverage5":36.56,"coverage10":74.71,"coverage15":94.64}},{"type":"Feature","geometry":{"type":"Point","coordinates":[-2.78291,41.80793]},"properties":{"id":"42001","name":"ABEJAR","province":"42","population":287,"populationSource":"cadastre","status":"available","coverage":[87.29,98.07,98.41],"buildings":289,"coverage5":87.29,"coverage10":98.07,"coverage15":98.41}},{"type":"Feature","geometry":{"type":"Point","coordinates":[-2.47378,41.35107]},"properties":{"id":"42003","name":"ADRADAS","province":"42","population":65,"populationSource":"cadastre","status":"available","coverage":[0.0,0.0,0.0],"buildings":82,"coverage5":0.0,"coverage10":0.0,"coverage15":0.0}},{"type":"Feature","geometry":{"type":"Point","coordinates":[-1.91966,41.85517]},"properties":{"id":"42004","name":"ÁGREDA","province":"42","population":3133,"populationSource":"cadastre","status":"available","coverage":[0.0,2.94,14.26],"buildings":1147,"coverage5":0.0,"coverage10":2.94,"coverage15":14.26}},{"type":"Feature","geometry":{"type":"Point","coordinates":[-2.38569,41.72415]},"properties":{"id":"42006","name":"ALCONABA","province":"42","population":198,"populationSource":"cadastre","status":"available","coverage":[29.14,48.39,48.39],"buildings":154,"coverage5":29.14,"coverage10":48.39,"coverage15":48.39}},{"type":"Feature","geometry":{"type":"Point","coordinates":[-3.30409,41.72597]},"properties":{"id":"42007","name":"ALCUBILLA DE AVELLANEDA","province":"42","population":111,"populationSource":"cadastre","status":"available","coverage":[0.0,0.0,0.0],"buildings":275,"coverage5":0.0,"coverage10":0.0,"coverage15":0.0}},{"type":"Feature","geometry":{"type":"Point","coordinates":[-2.52742,41.25195]},"properties":{"id":"42008","name":"ALCUBILLA DE LAS PEÑAS","province":"42","population":61,"populationSource":"cadastre","status":"available","coverage":[0.0,0.0,0.0],"buildings":462,"coverage5":0.0,"coverage10":0.0,"coverage15":0.0}},{"type":"Feature","geometry":{"type":"Point","coordinates":[-2.32538,41.67191]},"properties":{"id":"42009","name":"ALDEALAFUENTE","province":"42","population":85,"populationSource":"cadastre","status":"available","coverage":[0.0,0.0,0.0],"buildings":144,"coverage5":0.0,"coverage10":0.0,"coverage15":0.0}},{"type":"Feature","geometry":{"type":"Point","coordinates":[-2.30977,41.89983]},"properties":{"id":"42010","name":"ALDEALICES","province":"42","population":22,"populationSource":"cadastre","status":"available","coverage":[0.0,0.0,0.0],"buildings":23,"coverage5":0.0,"coverage10":0.0,"coverage15":0.0}},{"type":"Feature","geometry":{"type":"Point","coordinates":[-2.20663,41.78156]},"properties":{"id":"42011","name":"ALDEALPOZO","province":"42","population":18,"populationSource":"cadastre","status":"available","coverage":[100.0,100.0,100.0],"buildings":39,"coverage5":100.0,"coverage10":100.0,"coverage15":100.0}},{"type":"Feature","geometry":{"type":"Point","coordinates":[-2.31546,41.879]},"properties":{"id":"42012","name":"ALDEALSEÑOR","province":"42","population":29,"populationSource":"cadastre","status":"available","coverage":[0.0,0.0,0.0],"buildings":70,"coverage5":0.0,"coverage10":0.0,"coverage15":0.0}},{"type":"Feature","geometry":{"type":"Point","coordinates":[-2.3061,41.8083]},"properties":{"id":"42013","name":"ALDEHUELA DE PERIÁÑEZ","province":"42","population":27,"populationSource":"cadastre","status":"available","coverage":[0.0,0.0,0.0],"buildings":67,"coverage5":0.0,"coverage10":0.0,"coverage15":0.0}},{"type":"Feature","geometry":{"type":"Point","coordinates":[-2.36601,41.99497]},"properties":{"id":"42014","name":"LAS ALDEHUELAS","province":"42","population":58,"populationSource":"cadastre","status":"available","coverage":[73.69,73.69,73.69],"buildings":136,"coverage5":73.69,"coverage10":73.69,"coverage15":73.69}},{"type":"Feature","geometry":{"type":"Point","coordinates":[-2.33196,41.42055]},"properties":{"id":"42015","name":"ALENTISQUE","province":"42","population":23,"populationSource":"cadastre","status":"available","coverage":[0.0,0.0,0.0],"buildings":49,"coverage5":0.0,"coverage10":0.0,"coverage15":0.0}},{"type":"Feature","geometry":{"type":"Point","coordinates":[-2.25239,41.65429]},"properties":{"id":"42016","name":"ALIUD","province":"42","population":20,"populationSource":"cadastre","status":"available","coverage":[0.0,0.0,0.0],"buildings":32,"coverage5":0.0,"coverage10":0.0,"coverage15":0.0}},{"type":"Feature","geometry":{"type":"Point","coordinates":[-2.33881,41.84999]},"properties":{"id":"42017","name":"ALMAJANO","province":"42","population":179,"populationSource":"cadastre","status":"available","coverage":[0.0,0.0,0.0],"buildings":158,"coverage5":0.0,"coverage10":0.0,"coverage15":0.0}},{"type":"Feature","geometry":{"type":"Point","coordinates":[-2.26907,41.28972]},"properties":{"id":"42018","name":"ALMALUEZ","province":"42","population":113,"populationSource":"cadastre","status":"available","coverage":[0.0,0.0,0.0],"buildings":275,"coverage5":0.0,"coverage10":0.0,"coverage15":0.0}},{"type":"Feature","geometry":{"type":"Point","coordinates":[-2.46853,41.94781]},"properties":{"id":"42019","name":"ALMARZA","province":"42","population":601,"populationSource":"cadastre","status":"available","coverage":[0.0,0.0,0.0],"buildings":726,"coverage5":0.0,"coverage10":0.0,"coverage15":0.0}},{"type":"Feature","geometry":{"type":"Point","coordinates":[-2.53291,41.48699]},"properties":{"id":"42020","name":"ALMAZÁN","province":"42","population":5544,"populationSource":"cadastre","status":"available","coverage":[1.4,30.83,81.14],"buildings":1268,"coverage5":1.4,"coverage10":30.83,"coverage15":81.14}},{"type":"Feature","geometry":{"type":"Point","coordinates":[-2.14623,41.57393]},"properties":{"id":"42021","name":"ALMAZUL","province":"42","population":61,"populationSource":"cadastre","status":"available","coverage":[0.0,0.0,0.0],"buildings":198,"coverage5":0.0,"coverage10":0.0,"coverage15":0.0}},{"type":"Feature","geometry":{"type":"Point","coordinates":[-2.20004,41.68248]},"properties":{"id":"42022","name":"ALMENAR DE SORIA","province":"42","population":233,"populationSource":"cadastre","status":"available","coverage":[0.0,0.0,0.0],"buildings":340,"coverage5":0.0,"coverage10":0.0,"coverage15":0.0}},{"type":"Feature","geometry":{"type":"Point","coordinates":[-2.67075,41.26399]},"properties":{"id":"42023","name":"ALPANSEQUE","province":"42","population":52,"populationSource":"cadastre","status":"available","coverage":[0.0,0.0,0.0],"buildings":120,"coverage5":0.0,"coverage10":0.0,"coverage15":0.0}},{"type":"Feature","geometry":{"type":"Point","coordinates":[-2.28016,41.79938]},"properties":{"id":"42024","name":"ARANCÓN","province":"42","population":73,"populationSource":"cadastre","status":"available","coverage":[0.0,0.0,0.0],"buildings":110,"coverage5":0.0,"coverage10":0.0,"coverage15":0.0}},{"type":"Feature","geometry":{"type":"Point","coordinates":[-2.27251,41.21342]},"properties":{"id":"42025","name":"ARCOS DE JALÓN","province":"42","population":1531,"populationSource":"cadastre","status":"available","coverage":[11.14,29.79,33.18],"buildings":2146,"coverage5":11.14,"coverage10":29.79,"coverage15":33.18}},{"type":"Feature","geometry":{"type":"Point","coordinates":[-2.84619,41.34699]},"properties":{"id":"42026","name":"ARENILLAS","province":"42","population":29,"populationSource":"cadastre","status":"available","coverage":[0.0,0.0,0.0],"buildings":87,"coverage5":0.0,"coverage10":0.0,"coverage15":0.0}},{"type":"Feature","geometry":{"type":"Point","coordinates":[-2.40054,41.94622]},"properties":{"id":"42027","name":"ARÉVALO DE LA SIERRA","province":"42","population":71,"populationSource":"cadastre","status":"available","coverage":[0.0,0.0,0.0],"buildings":155,"coverage5":0.0,"coverage10":0.0,"coverage15":0.0}},{"type":"Feature","geometry":{"type":"Point","coordinates":[-2.37466,41.8962]},"properties":{"id":"42028","name":"AUSEJO DE LA SIERRA","province":"42","population":113,"populationSource":"cadastre","status":"available","coverage":[0.0,0.0,0.0],"buildings":100,"coverage5":0.0,"coverage10":0.0,"coverage15":0.0}},{"type":"Feature","geometry":{"type":"Point","coordinates":[-2.65774,41.2953]},"properties":{"id":"42029","name":"BARAONA","province":"42","population":117,"populationSource":"cadastre","status":"available","coverage":[0.0,0.0,0.0],"buildings":305,"coverage5":0.0,"coverage10":0.0,"coverage15":0.0}},{"type":"Feature","geometry":{"type":"Point","coordinates":[-2.62155,41.45605]},"properties":{"id":"42030","name":"BARCA","province":"42","population":116,"populationSource":"cadastre","status":"available","coverage":[0.0,0.0,0.0],"buildings":208,"coverage5":0.0,"coverage10":0.0,"coverage15":0.0}},{"type":"Feature","geometry":{"type":"Point","coordinates":[-2.81646,41.29164]},"properties":{"id":"42031","name":"BARCONES","province":"42","population":25,"populationSource":"cadastre","status":"available","coverage":[0.0,0.0,0.0],"buildings":133,"coverage5":0.0,"coverage10":0.0,"coverage15":0.0}},{"type":"Feature","geometry":{"type":"Point","coordinates":[-2.89624,41.52652]},"properties":{"id":"42032","name":"BAYUBAS DE ABAJO","province":"42","population":148,"populationSource":"cadastre","status":"available","coverage":[0.0,0.0,0.0],"buildings":253,"coverage5":0.0,"coverage10":0.0,"coverage15":0.0}},{"type":"Feature","geometry":{"type":"Point","coordinates":[-2.88781,41.55786]},"properties":{"id":"42033","name":"BAYUBAS DE ARRIBA","province":"42","population":56,"populationSource":"cadastre","status":"available","coverage":[0.0,0.0,0.0],"buildings":75,"coverage5":0.0,"coverage10":0.0,"coverage15":0.0}},{"type":"Feature","geometry":{"type":"Point","coordinates":[-1.81145,41.71764]},"properties":{"id":"42034","name":"BERATÓN","province":"42","population":38,"populationSource":"cadastre","status":"available","coverage":[0.0,0.0,0.0],"buildings":100,"coverage5":0.0,"coverage10":0.0,"coverage15":0.0}},{"type":"Feature","geometry":{"type":"Point","coordinates":[-2.86073,41.46478]},"properties":{"id":"42035","name":"BERLANGA DE DUERO","province":"42","population":810,"populationSource":"cadastre","status":"available","coverage":[0.0,0.0,0.0],"buildings":992,"coverage5":0.0,"coverage10":0.0,"coverage15":0.0}},{"type":"Feature","geometry":{"type":"Point","coordinates":[-2.85847,41.68139]},"properties":{"id":"42036","name":"BLACOS","province":"42","population":36,"populationSource":"cadastre","status":"available","coverage":[0.0,0.0,0.0],"buildings":106,"coverage5":0.0,"coverage10":0.0,"coverage15":0.0}},{"type":"Feature","geometry":{"type":"Point","coordinates":[-2.27158,41.5284]},"properties":{"id":"42037","name":"BLIECOS","province":"42","population":25,"populationSource":"cadastre","status":"available","coverage":[0.0,0.0,0.0],"buildings":43,"coverage5":0.0,"coverage10":0.0,"coverage15":0.0}},{"type":"Feature","geometry":{"type":"Point","coordinates":[-2.36495,41.55371]},"properties":{"id":"42038","name":"BORJABAD","province":"42","population":29,"populationSource":"cadastre","status":"available","coverage":[0.0,0.0,0.0],"buildings":42,"coverage5":0.0,"coverage10":0.0,"coverage15":0.0}},{"type":"Feature","geometry":{"type":"Point","coordinates":[-1.89661,41.66536]},"properties":{"id":"42039","name":"BOROBIA","province":"42","population":218,"populationSource":"cadastre","status":"available","coverage":[0.0,0.0,0.0],"buildings":289,"coverage5":0.0,"coverage10":0.0,"coverage15":0.0}},{"type":"Feature","geometry":{"type":"Point","coordinates":[-2.19417,41.64614]},"properties":{"id":"42041","name":"BUBEROS","province":"42","population":27,"populationSource":"cadastre","status":"available","coverage":[0.0,0.0,0.0],"buildings":28,"coverage5":0.0,"coverage10":0.0,"coverage15":0.0}},{"type":"Feature","geometry":{"type":"Point","coordinates":[-2.40834,41.84728]},"properties":{"id":"42042","name":"BUITRAGO","province":"42","population":68,"populationSource":"cadastre","status":"available","coverage":[0.0,0.0,0.0],"buildings":39,"coverage5":0.0,"coverage10":0.0,"coverage15":0.0}},{"type":"Feature","geometry":{"type":"Point","coordinates":[-3.07151,41.58578]},"properties":{"id":"42043","name":"BURGO DE OSMA-CIUDAD DE OSMA","province":"42","population":5283,"populationSource":"osm_fallback","status":"available","coverage":[30.05,59.24,60.56],"buildings":857,"coverage5":30.05,"coverage10":59.24,"coverage15":60.56}},{"type":"Feature","geometry":{"type":"Point","coordinates":[-2.2697,41.6817]},"properties":{"id":"42044","name":"CABREJAS DEL CAMPO","province":"42","population":48,"populationSource":"cadastre","status":"available","coverage":[0.0,0.0,0.0],"buildings":43,"coverage5":0.0,"coverage10":0.0,"coverage15":0.0}},{"type":"Feature","geometry":{"type":"Point","coordinates":[-2.85071,41.79473]},"properties":{"id":"42045","name":"CABREJAS DEL PINAR","province":"42","population":288,"populationSource":"cadastre","status":"available","coverage":[0.0,0.0,0.0],"buildings":307,"coverage5":0.0,"coverage10":0.0,"coverage15":0.0}},{"type":"Feature","geometry":{"type":"Point","coordinates":[-2.81886,41.69835]},"properties":{"id":"42046","name":"CALATAÑAZOR","province":"42","population":43,"populationSource":"cadastre","status":"available","coverage":[0.0,0.0,0.0],"buildings":128,"coverage5":0.0,"coverage10":0.0,"coverage15":0.0}},{"type":"Feature","geometry":{"type":"Point","coordinates":[-2.76416,41.40272]},"properties":{"id":"42048","name":"CALTOJAR","province":"42","population":53,"populationSource":"cadastre","status":"available","coverage":[0.0,0.0,0.0],"buildings":239,"coverage5":0.0,"coverage10":0.0,"coverage15":0.0}},{"type":"Feature","geometry":{"type":"Point","coordinates":[-2.29995,41.70408]},"properties":{"id":"42049","name":"CANDILICHERA","province":"42","population":99,"populationSource":"cadastre","status":"available","coverage":[0.0,0.0,0.0],"buildings":149,"coverage5":0.0,"coverage10":0.0,"coverage15":0.0}},{"type":"Feature","geometry":{"type":"Point","coordinates":[-2.23891,41.44431]},"properties":{"id":"42050","name":"CAÑAMAQUE","province":"42","population":29,"populationSource":"cadastre","status":"available","coverage":[0.0,0.0,0.0],"buildings":142,"coverage5":0.0,"coverage10":0.0,"coverage15":0.0}},{"type":"Feature","geometry":{"type":"Point","coordinates":[-1.99802,41.55251]},"properties":{"id":"42051","name":"CARABANTES","province":"42","population":21,"populationSource":"cadastre","status":"available","coverage":[0.0,0.0,0.0],"buildings":81,"coverage5":0.0,"coverage10":0.0,"coverage15":0.0}},{"type":"Feature","geometry":{"type":"Point","coordinates":[-3.09009,41.38348]},"properties":{"id":"42052","name":"CARACENA","province":"42","population":13,"populationSource":"cadastre","status":"available","coverage":[0.0,0.0,0.0],"buildings":42,"coverage5":0.0,"coverage10":0.0,"coverage15":0.0}},{"type":"Feature","geometry":{"type":"Point","coordinates":[-3.09027,41.42371]},"properties":{"id":"42053","name":"CARRASCOSA DE ABAJO","province":"42","population":18,"populationSource":"cadastre","status":"available","coverage":[0.0,0.0,0.0],"buildings":74,"coverage5":0.0,"coverage10":0.0,"coverage15":0.0}},{"type":"Feature","geometry":{"type":"Point","coordinates":[-2.28181,41.89442]},"properties":{"id":"42054","name":"CARRASCOSA DE LA SIERRA","province":"42","population":19,"populationSource":"cadastre","status":"available","coverage":[0.0,0.0,0.0],"buildings":63,"coverage5":0.0,"coverage10":0.0,"coverage15":0.0}},{"type":"Feature","geometry":{"type":"Point","coordinates":[-3.03204,41.79771]},"properties":{"id":"42055","name":"CASAREJOS","province":"42","population":145,"populationSource":"cadastre","status":"available","coverage":[0.0,0.0,0.0],"buildings":227,"coverage5":0.0,"coverage10":0.0,"coverage15":0.0}},{"type":"Feature","geometry":{"type":"Point","coordinates":[-2.30547,41.9199]},"properties":{"id":"42056","name":"CASTILFRÍO DE LA SIERRA","province":"42","population":35,"populationSource":"cadastre","status":"available","coverage":[0.0,0.0,0.0],"buildings":53,"coverage5":0.0,"coverage10":0.0,"coverage15":0.0}},{"type":"Feature","geometry":{"type":"Point","coordinates":[-2.0592,41.87709]},"properties":{"id":"42057","name":"CASTILRUIZ","province":"42","population":170,"populationSource":"cadastre","status":"available","coverage":[0.0,0.0,0.0],"buildings":222,"coverage5":0.0,"coverage10":0.0,"coverage15":0.0}},{"type":"Feature","geometry":{"type":"Point","coordinates":[-3.49563,41.55739]},"properties":{"id":"42058","name":"CASTILLEJO DE ROBLEDO","province":"42","population":100,"populationSource":"cadastre","status":"available","coverage":[0.0,0.0,0.0],"buildings":394,"coverage5":0.0,"coverage10":0.0,"coverage15":0.0}},{"type":"Feature","geometry":{"type":"Point","coordinates":[-2.71849,41.50701]},"properties":{"id":"42059","name":"CENTENERA DE ANDALUZ","province":"42","population":19,"populationSource":"cadastre","status":"available","coverage":[0.0,0.0,0.0],"buildings":69,"coverage5":0.0,"coverage10":0.0,"coverage15":0.0}},{"type":"Feature","geometry":{"type":"Point","coordinates":[-2.17177,41.92997]},"properties":{"id":"42060","name":"CERBÓN","province":"42","population":27,"populationSource":"cadastre","status":"available","coverage":[0.0,0.0,0.0],"buildings":83,"coverage5":0.0,"coverage10":0.0,"coverage15":0.0}},{"type":"Feature","geometry":{"type":"Point","coordinates":[-2.64034,41.815]},"properties":{"id":"42061","name":"CIDONES","province":"42","population":313,"populationSource":"cadastre","status":"available","coverage":[0.0,0.0,0.0],"buildings":578,"coverage5":0.0,"coverage10":0.0,"coverage15":0.0}},{"type":"Feature","geometry":{"type":"Point","coordinates":[-2.05589,41.93642]},"properties":{"id":"42062","name":"CIGUDOSA","province":"42","population":14,"populationSource":"cadastre","status":"available","coverage":[0.0,0.0,0.0],"buildings":106,"coverage5":0.0,"coverage10":0.0,"coverage15":0.0}},{"type":"Feature","geometry":{"type":"Point","coordinates":[-1.99888,41.40606]},"properties":{"id":"42063","name":"CIHUELA","province":"42","population":35,"populationSource":"cadastre","status":"available","coverage":[0.0,0.0,0.0],"buildings":154,"coverage5":0.0,"coverage10":0.0,"coverage15":0.0}},{"type":"Feature","geometry":{"type":"Point","coordinates":[-1.96555,41.61899]},"properties":{"id":"42064","name":"CIRIA","province":"42","population":67,"populationSource":"cadastre","status":"available","coverage":[0.0,0.0,0.0],"buildings":173,"coverage5":0.0,"coverage10":0.0,"coverage15":0.0}},{"type":"Feature","geometry":{"type":"Point","coordinates":[-2.32585,41.86692]},"properties":{"id":"42065","name":"CIRUJALES DEL RÍO","province":"42","population":21,"populationSource":"cadastre","status":"available","coverage":[0.0,0.0,0.0],"buildings":32,"coverage5":0.0,"coverage10":0.0,"coverage15":0.0}},{"type":"Feature","geometry":{"type":"Point","coordinates":[-2.4755,41.43492]},"properties":{"id":"42068","name":"COSCURITA","province":"42","population":69,"populationSource":"cadastre","status":"available","coverage":[0.0,0.0,0.0],"buildings":113,"coverage5":0.0,"coverage10":0.0,"coverage15":0.0}},{"type":"Feature","geometry":{"type":"Point","coordinates":[-2.88162,41.93554]},"properties":{"id":"42069","name":"COVALEDA","province":"42","population":1560,"populationSource":"cadastre","status":"available","coverage":[70.68,98.7,99.74],"buildings":743,"coverage5":70.68,"coverage10":98.7,"coverage15":99.74}},{"type":"Feature","geometry":{"type":"Point","coordinates":[-2.93849,41.74886]},"properties":{"id":"42070","name":"CUBILLA","province":"42","population":22,"populationSource":"cadastre","status":"available","coverage":[0.0,0.0,0.0],"buildings":62,"coverage5":0.0,"coverage10":0.0,"coverage15":0.0}},{"type":"Feature","geometry":{"type":"Point","coordinates":[-2.42286,41.60254]},"properties":{"id":"42071","name":"CUBO DE LA SOLANA","province":"42","population":177,"populationSource":"cadastre","status":"review"}},{"type":"Feature","geometry":{"type":"Point","coordinates":[-1.88933,41.76315]},"properties":{"id":"42073","name":"CUEVA DE ÁGREDA","province":"42","population":67,"populationSource":"cadastre","status":"available","coverage":[0.0,0.0,0.0],"buildings":166,"coverage5":0.0,"coverage10":0.0,"coverage15":0.0}},{"type":"Feature","geometry":{"type":"Point","coordinates":[-1.94677,41.90452]},"properties":{"id":"42075","name":"DÉVANOS","province":"42","population":72,"populationSource":"cadastre","status":"available","coverage":[0.0,0.0,0.0],"buildings":129,"coverage5":0.0,"coverage10":0.0,"coverage15":0.0}},{"type":"Feature","geometry":{"type":"Point","coordinates":[-2.02211,41.46339]},"properties":{"id":"42076","name":"DEZA","province":"42","population":162,"populationSource":"cadastre","status":"available","coverage":[0.0,0.0,0.0],"buildings":528,"coverage5":0.0,"coverage10":0.0,"coverage15":0.0}},{"type":"Feature","geometry":{"type":"Point","coordinates":[-2.93124,41.95586]},"properties":{"id":"42078","name":"DURUELO DE LA SIERRA","province":"42","population":1035,"populationSource":"cadastre","status":"available","coverage":[0.0,0.0,0.0],"buildings":478,"coverage5":0.0,"coverage10":0.0,"coverage15":0.0}},{"type":"Feature","geometry":{"type":"Point","coordinates":[-2.37088,41.48684]},"properties":{"id":"42079","name":"ESCOBOSA DE ALMAZÁN","province":"42","population":19,"populationSource":"cadastre","status":"available","coverage":[0.0,0.0,0.0],"buildings":34,"coverage5":0.0,"coverage10":0.0,"coverage15":0.0}},{"type":"Feature","geometry":{"type":"Point","coordinates":[-3.22091,41.80215]},"properties":{"id":"42080","name":"ESPEJA DE SAN MARCELINO","province":"42","population":160,"populationSource":"cadastre","status":"available","coverage":[0.0,0.0,0.0],"buildings":505,"coverage5":0.0,"coverage10":0.0,"coverage15":0.0}},{"type":"Feature","geometry":{"type":"Point","coordinates":[-3.25915,41.83091]},"properties":{"id":"42081","name":"ESPEJÓN","province":"42","population":122,"populationSource":"cadastre","status":"available","coverage":[0.0,0.0,0.0],"buildings":217,"coverage5":0.0,"coverage10":0.0,"coverage15":0.0}},{"type":"Feature","geometry":{"type":"Point","coordinates":[-2.33454,41.92713]},"properties":{"id":"42082","name":"ESTEPA DE SAN JUAN","province":"42","population":13,"populationSource":"cadastre","status":"available","coverage":[0.0,0.0,0.0],"buildings":18,"coverage5":0.0,"coverage10":0.0,"coverage15":0.0}},{"type":"Feature","geometry":{"type":"Point","coordinates":[-2.51539,41.42626]},"properties":{"id":"42083","name":"FRECHILLA DE ALMAZÁN","province":"42","population":20,"populationSource":"cadastre","status":"available","coverage":[0.0,0.0,0.0],"buildings":36,"coverage5":0.0,"coverage10":0.0,"coverage15":0.0}},{"type":"Feature","geometry":{"type":"Point","coordinates":[-3.09259,41.45235]},"properties":{"id":"42084","name":"FRESNO DE CARACENA","province":"42","population":16,"populationSource":"cadastre","status":"available","coverage":[0.0,0.0,0.0],"buildings":94,"coverage5":0.0,"coverage10":0.0,"coverage15":0.0}},{"type":"Feature","geometry":{"type":"Point","coordinates":[-3.18236,41.71503]},"properties":{"id":"42085","name":"FUENTEARMEGIL","province":"42","population":148,"populationSource":"cadastre","status":"available","coverage":[0.0,0.0,0.0],"buildings":852,"coverage5":0.0,"coverage10":0.0,"coverage15":0.0}},{"type":"Feature","geometry":{"type":"Point","coordinates":[-3.3288,41.50496]},"properties":{"id":"42086","name":"FUENTECAMBRÓN","province":"42","population":29,"populationSource":"cadastre","status":"available","coverage":[0.0,0.0,0.0],"buildings":67,"coverage5":0.0,"coverage10":0.0,"coverage15":0.0}},{"type":"Feature","geometry":{"type":"Point","coordinates":[-2.42878,41.8487]},"properties":{"id":"42087","name":"FUENTECANTOS","province":"42","population":65,"populationSource":"cadastre","status":"available","coverage":[0.0,0.0,0.0],"buildings":65,"coverage5":0.0,"coverage10":0.0,"coverage15":0.0}},{"type":"Feature","geometry":{"type":"Point","coordinates":[-2.18818,41.42161]},"properties":{"id":"42088","name":"FUENTELMONGE","province":"42","population":58,"populationSource":"cadastre","status":"available","coverage":[0.0,0.0,0.0],"buildings":140,"coverage5":0.0,"coverage10":0.0,"coverage15":0.0}},{"type":"Feature","geometry":{"type":"Point","coordinates":[-2.41427,41.86736]},"properties":{"id":"42089","name":"FUENTELSAZ DE SORIA","province":"42","population":65,"populationSource":"cadastre","status":"available","coverage":[0.0,0.0,0.0],"buildings":96,"coverage5":0.0,"coverage10":0.0,"coverage15":0.0}},{"type":"Feature","geometry":{"type":"Point","coordinates":[-2.76327,41.56805]},"properties":{"id":"42090","name":"FUENTEPINILLA","province":"42","population":73,"populationSource":"cadastre","status":"available","coverage":[0.0,0.0,0.0],"buildings":126,"coverage5":0.0,"coverage10":0.0,"coverage15":0.0}},{"type":"Feature","geometry":{"type":"Point","coordinates":[-2.17926,41.93464]},"properties":{"id":"42092","name":"FUENTES DE MAGAÑA","province":"42","population":47,"populationSource":"cadastre","status":"available","coverage":[0.0,0.0,0.0],"buildings":109,"coverage5":0.0,"coverage10":0.0,"coverage15":0.0}},{"type":"Feature","geometry":{"type":"Point","coordinates":[-2.0817,41.87457]},"properties":{"id":"42093","name":"FUENTESTRÚN","province":"42","population":55,"populationSource":"cadastre","status":"available","coverage":[0.0,0.0,0.0],"buildings":75,"coverage5":0.0,"coverage10":0.0,"coverage15":0.0}},{"type":"Feature","geometry":{"type":"Point","coordinates":[-2.44643,41.81535]},"properties":{"id":"42094","name":"GARRAY","province":"42","population":794,"populationSource":"cadastre","status":"available","coverage":[17.06,17.58,17.58],"buildings":529,"coverage5":17.06,"coverage10":17.58,"coverage15":17.58}},{"type":"Feature","geometry":{"type":"Point","coordinates":[-2.52415,41.76543]},"properties":{"id":"42095","name":"GOLMAYO","province":"42","population":3085,"populationSource":"cadastre","status":"available","coverage":[28.87,37.32,37.63],"buildings":1221,"coverage5":28.87,"coverage10":37.32,"coverage15":37.63}},{"type":"Feature","geometry":{"type":"Point","coordinates":[-2.22496,41.62374]},"properties":{"id":"42096","name":"GÓMARA","province":"42","population":286,"populationSource":"cadastre","status":"available","coverage":[0.0,0.0,0.0],"buildings":268,"coverage5":0.0,"coverage10":0.0,"coverage15":0.0}},{"type":"Feature","geometry":{"type":"Point","coordinates":[-3.00783,41.4938]},"properties":{"id":"42097","name":"GORMAZ","province":"42","population":18,"populationSource":"cadastre","status":"available","coverage":[0.0,0.0,0.0],"buildings":39,"coverage5":0.0,"coverage10":0.0,"coverage15":0.0}},{"type":"Feature","geometry":{"type":"Point","coordinates":[-3.01217,41.763]},"properties":{"id":"42098","name":"HERRERA DE SORIA","province":"42","population":12,"populationSource":"cadastre","status":"available","coverage":[0.0,0.0,0.0],"buildings":49,"coverage5":0.0,"coverage10":0.0,"coverage15":0.0}},{"type":"Feature","geometry":{"type":"Point","coordinates":[-2.1012,41.73848]},"properties":{"id":"42100","name":"HINOJOSA DEL CAMPO","province":"42","population":24,"populationSource":"cadastre","status":"available","coverage":[0.0,0.0,0.0],"buildings":57,"coverage5":0.0,"coverage10":0.0,"coverage15":0.0}},{"type":"Feature","geometry":{"type":"Point","coordinates":[-3.40161,41.61025]},"properties":{"id":"42103","name":"LANGA DE DUERO","province":"42","population":696,"populationSource":"cadastre","status":"available","coverage":[37.63,56.47,56.54],"buildings":901,"coverage5":37.63,"coverage10":56.47,"coverage15":56.54}},{"type":"Feature","geometry":{"type":"Point","coordinates":[-3.24369,41.38024]},"properties":{"id":"42105","name":"LICERAS","province":"42","population":49,"populationSource":"cadastre","status":"available","coverage":[100.0,100.0,100.0],"buildings":110,"coverage5":100.0,"coverage10":100.0,"coverage15":100.0}},{"type":"Feature","geometry":{"type":"Point","coordinates":[-2.27746,41.87297]},"properties":{"id":"42106","name":"LA LOSILLA","province":"42","population":12,"populationSource":"cadastre","status":"available","coverage":[0.0,0.0,0.0],"buildings":23,"coverage5":0.0,"coverage10":0.0,"coverage15":0.0}},{"type":"Feature","geometry":{"type":"Point","coordinates":[-2.1561,41.89886]},"properties":{"id":"42107","name":"MAGAÑA","province":"42","population":61,"populationSource":"cadastre","status":"available","coverage":[0.0,0.0,0.0],"buildings":227,"coverage5":0.0,"coverage10":0.0,"coverage15":0.0}},{"type":"Feature","geometry":{"type":"Point","coordinates":[-2.30355,41.46881]},"properties":{"id":"42108","name":"MAJÁN","province":"42","population":10,"populationSource":"cadastre","status":"available","coverage":[0.0,0.0,0.0],"buildings":47,"coverage5":0.0,"coverage10":0.0,"coverage15":0.0}},{"type":"Feature","geometry":{"type":"Point","coordinates":[-2.04673,41.84237]},"properties":{"id":"42110","name":"MATALEBRERAS","province":"42","population":81,"populationSource":"cadastre","status":"available","coverage":[63.02,90.63,90.63],"buildings":136,"coverage5":63.02,"coverage10":90.63,"coverage15":90.63}},{"type":"Feature","geometry":{"type":"Point","coordinates":[-2.63985,41.50494]},"properties":{"id":"42111","name":"MATAMALA DE ALMAZÁN","province":"42","population":251,"populationSource":"cadastre","status":"available","coverage":[0.0,0.0,0.0],"buildings":424,"coverage5":0.0,"coverage10":0.0,"coverage15":0.0}},{"type":"Feature","geometry":{"type":"Point","coordinates":[-2.43477,41.17173]},"properties":{"id":"42113","name":"MEDINACELI","province":"42","population":686,"populationSource":"cadastre","status":"available","coverage":[41.52,46.1,46.13],"buildings":846,"coverage5":41.52,"coverage10":46.1,"coverage15":46.13}},{"type":"Feature","geometry":{"type":"Point","coordinates":[-2.51951,41.18962]},"properties":{"id":"42115","name":"MIÑO DE MEDINACELI","province":"42","population":73,"populationSource":"cadastre","status":"available","coverage":[0.0,0.0,0.0],"buildings":295,"coverage5":0.0,"coverage10":0.0,"coverage15":0.0}},{"type":"Feature","geometry":{"type":"Point","coordinates":[-3.346,41.53592]},"properties":{"id":"42116","name":"MIÑO DE SAN ESTEBAN","province":"42","population":43,"populationSource":"cadastre","status":"available","coverage":[0.0,0.0,0.0],"buildings":124,"coverage5":0.0,"coverage10":0.0,"coverage15":0.0}},{"type":"Feature","geometry":{"type":"Point","coordinates":[-2.78776,41.88549]},"properties":{"id":"42117","name":"MOLINOS DE DUERO","province":"42","population":162,"populationSource":"cadastre","status":"available","coverage":[0.0,0.0,0.0],"buildings":145,"coverage5":0.0,"coverage10":0.0,"coverage15":0.0}},{"type":"Feature","geometry":{"type":"Point","coordinates":[-2.34636,41.44442]},"properties":{"id":"42118","name":"MOMBLONA","province":"42","population":19,"populationSource":"cadastre","status":"available","coverage":[0.0,0.0,0.0],"buildings":46,"coverage5":0.0,"coverage10":0.0,"coverage15":0.0}},{"type":"Feature","geometry":{"type":"Point","coordinates":[-2.16664,41.36629]},"properties":{"id":"42119","name":"MONTEAGUDO DE LAS VICARÍAS","province":"42","population":169,"populationSource":"cadastre","status":"available","coverage":[0.0,0.0,0.0],"buildings":319,"coverage5":0.0,"coverage10":0.0,"coverage15":0.0}},{"type":"Feature","geometry":{"type":"Point","coordinates":[-3.19974,41.36855]},"properties":{"id":"42120","name":"MONTEJO DE TIERMES","province":"42","population":134,"populationSource":"cadastre","status":"available","coverage":[0.0,0.0,0.0],"buildings":631,"coverage5":0.0,"coverage10":0.0,"coverage15":0.0}},{"type":"Feature","geometry":{"type":"Point","coordinates":[-2.75384,42.08974]},"properties":{"id":"42121","name":"MONTENEGRO DE CAMEROS","province":"42","population":43,"populationSource":"cadastre","status":"available","coverage":[0.0,0.0,0.0],"buildings":90,"coverage5":0.0,"coverage10":0.0,"coverage15":0.0}},{"type":"Feature","geometry":{"type":"Point","coordinates":[-2.41309,41.41493]},"properties":{"id":"42123","name":"MORÓN DE ALMAZÁN","province":"42","population":196,"populationSource":"cadastre","status":"available","coverage":[0.0,0.0,0.0],"buildings":217,"coverage5":0.0,"coverage10":0.0,"coverage15":0.0}},{"type":"Feature","geometry":{"type":"Point","coordinates":[-2.85945,41.72471]},"properties":{"id":"42124","name":"MURIEL DE LA FUENTE","province":"42","population":53,"populationSource":"cadastre","status":"available","coverage":[0.0,0.0,0.0],"buildings":71,"coverage5":0.0,"coverage10":0.0,"coverage15":0.0}},{"type":"Feature","geometry":{"type":"Point","coordinates":[-2.91538,41.78283]},"properties":{"id":"42125","name":"MURIEL VIEJO","province":"42","population":73,"populationSource":"cadastre","status":"available","coverage":[0.0,0.0,0.0],"buildings":71,"coverage5":0.0,"coverage10":0.0,"coverage15":0.0}},{"type":"Feature","geometry":{"type":"Point","coordinates":[-3.09488,41.7219]},"properties":{"id":"42127","name":"NAFRÍA DE UCERO","province":"42","population":35,"populationSource":"cadastre","status":"available","coverage":[0.0,0.0,0.0],"buildings":122,"coverage5":0.0,"coverage10":0.0,"coverage15":0.0}},{"type":"Feature","geometry":{"type":"Point","coordinates":[-2.2942,41.84757]},"properties":{"id":"42128","name":"NARROS","province":"42","population":68,"populationSource":"cadastre","status":"available","coverage":[0.0,0.0,0.0],"buildings":73,"coverage5":0.0,"coverage10":0.0,"coverage15":0.0}},{"type":"Feature","geometry":{"type":"Point","coordinates":[-3.00415,41.83793]},"properties":{"id":"42129","name":"NAVALENO","province":"42","population":698,"populationSource":"cadastre","status":"available","coverage":[0.0,0.0,0.0],"buildings":466,"coverage5":0.0,"coverage10":0.0,"coverage15":0.0}},{"type":"Feature","geometry":{"type":"Point","coordinates":[-2.39816,41.52621]},"properties":{"id":"42130","name":"NEPAS","province":"42","population":49,"populationSource":"cadastre","status":"available","coverage":[0.0,0.0,0.0],"buildings":56,"coverage5":0.0,"coverage10":0.0,"coverage15":0.0}},{"type":"Feature","geometry":{"type":"Point","coordinates":[-2.35188,41.52716]},"properties":{"id":"42131","name":"NOLAY","province":"42","population":45,"populationSource":"cadastre","status":"available","coverage":[0.0,0.0,0.0],"buildings":53,"coverage5":0.0,"coverage10":0.0,"coverage15":0.0}},{"type":"Feature","geometry":{"type":"Point","coordinates":[-2.03694,41.71204]},"properties":{"id":"42132","name":"NOVIERCAS","province":"42","population":156,"populationSource":"cadastre","status":"available","coverage":[0.0,0.0,0.0],"buildings":171,"coverage5":0.0,"coverage10":0.0,"coverage15":0.0}},{"type":"Feature","geometry":{"type":"Point","coordinates":[-1.98267,41.78046]},"properties":{"id":"42134","name":"ÓLVEGA","province":"42","population":3782,"populationSource":"cadastre","status":"available","coverage":[68.91,84.27,84.43],"buildings":1013,"coverage5":68.91,"coverage10":84.27,"coverage15":84.43}},{"type":"Feature","geometry":{"type":"Point","coordinates":[-2.31345,41.9701]},"properties":{"id":"42135","name":"ONCALA","province":"42","population":61,"populationSource":"cadastre","status":"available","coverage":[27.68,27.68,27.68],"buildings":177,"coverage5":27.68,"coverage10":27.68,"coverage15":27.68}},{"type":"Feature","geometry":{"type":"Point","coordinates":[-2.08495,41.71678]},"properties":{"id":"42139","name":"PINILLA DEL CAMPO","province":"42","population":17,"populationSource":"cadastre","status":"available","coverage":[0.0,0.0,0.0],"buildings":25,"coverage5":0.0,"coverage10":0.0,"coverage15":0.0}},{"type":"Feature","geometry":{"type":"Point","coordinates":[-2.11907,41.63543]},"properties":{"id":"42140","name":"PORTILLO DE SORIA","province":"42","population":11,"populationSource":"cadastre","status":"available","coverage":[0.0,0.0,0.0],"buildings":15,"coverage5":0.0,"coverage10":0.0,"coverage15":0.0}},{"type":"Feature","geometry":{"type":"Point","coordinates":[-2.50451,42.01253]},"properties":{"id":"42141","name":"LA PÓVEDA DE SORIA","province":"42","population":108,"populationSource":"cadastre","status":"available","coverage":[0.0,0.0,0.0],"buildings":179,"coverage5":0.0,"coverage10":0.0,"coverage15":0.0}},{"type":"Feature","geometry":{"type":"Point","coordinates":[-2.10549,41.77289]},"properties":{"id":"42142","name":"POZALMURO","province":"42","population":49,"populationSource":"cadastre","status":"available","coverage":[0.0,0.0,0.0],"buildings":115,"coverage5":0.0,"coverage10":0.0,"coverage15":0.0}},{"type":"Feature","geometry":{"type":"Point","coordinates":[-2.61506,41.64018]},"properties":{"id":"42144","name":"QUINTANA REDONDA","province":"42","population":499,"populationSource":"cadastre","status":"available","coverage":[0.0,20.27,53.25],"buildings":500,"coverage5":0.0,"coverage10":20.27,"coverage15":53.25}},{"type":"Feature","geometry":{"type":"Point","coordinates":[-2.97581,41.50812]},"properties":{"id":"42145","name":"QUINTANAS DE GORMAZ","province":"42","population":119,"populationSource":"cadastre","status":"available","coverage":[0.0,0.0,0.0],"buildings":177,"coverage5":0.0,"coverage10":0.0,"coverage15":0.0}},{"type":"Feature","geometry":{"type":"Point","coordinates":[-2.03768,41.56851]},"properties":{"id":"42148","name":"QUIÑONERÍA","province":"42","population":10,"populationSource":"cadastre","status":"available","coverage":[0.0,0.0,0.0],"buildings":34,"coverage5":0.0,"coverage10":0.0,"coverage15":0.0}},{"type":"Feature","geometry":{"type":"Point","coordinates":[-2.4758,41.71724]},"properties":{"id":"42149","name":"LOS RÁBANOS","province":"42","population":470,"populationSource":"cadastre","status":"available","coverage":[0.0,17.47,34.09],"buildings":379,"coverage5":0.0,"coverage10":17.47,"coverage15":34.09}},{"type":"Feature","geometry":{"type":"Point","coordinates":[-2.50511,41.91367]},"properties":{"id":"42151","name":"REBOLLAR","province":"42","population":36,"populationSource":"cadastre","status":"available","coverage":[0.0,0.0,0.0],"buildings":35,"coverage5":0.0,"coverage10":0.0,"coverage15":0.0}},{"type":"Feature","geometry":{"type":"Point","coordinates":[-2.99477,41.47572]},"properties":{"id":"42152","name":"RECUERDA","province":"42","population":61,"populationSource":"cadastre","status":"available","coverage":[0.0,0.0,0.0],"buildings":165,"coverage5":0.0,"coverage10":0.0,"coverage15":0.0}},{"type":"Feature","geometry":{"type":"Point","coordinates":[-2.74898,41.33271]},"properties":{"id":"42153","name":"RELLO","province":"42","population":21,"populationSource":"cadastre","status":"available","coverage":[0.0,0.0,0.0],"buildings":62,"coverage5":0.0,"coverage10":0.0,"coverage15":0.0}},{"type":"Feature","geometry":{"type":"Point","coordinates":[-2.37499,41.82143]},"properties":{"id":"42154","name":"RENIEBLAS","province":"42","population":107,"populationSource":"cadastre","status":"available","coverage":[0.0,0.0,0.0],"buildings":141,"coverage5":0.0,"coverage10":0.0,"coverage15":0.0}},{"type":"Feature","geometry":{"type":"Point","coordinates":[-2.9807,41.31132]},"properties":{"id":"42155","name":"RETORTILLO DE SORIA","province":"42","population":126,"populationSource":"cadastre","status":"available","coverage":[0.0,0.0,0.0],"buildings":511,"coverage5":0.0,"coverage10":0.0,"coverage15":0.0}},{"type":"Feature","geometry":{"type":"Point","coordinates":[-2.02824,41.59123]},"properties":{"id":"42156","name":"REZNOS","province":"42","population":21,"populationSource":"cadastre","status":"available","coverage":[0.0,0.0,0.0],"buildings":58,"coverage5":0.0,"coverage10":0.0,"coverage15":0.0}},{"type":"Feature","geometry":{"type":"Point","coordinates":[-2.79619,41.35182]},"properties":{"id":"42157","name":"LA RIBA DE ESCALOTE","province":"42","population":9,"populationSource":"cadastre","status":"available","coverage":[0.0,0.0,0.0],"buildings":67,"coverage5":0.0,"coverage10":0.0,"coverage15":0.0}},{"type":"Feature","geometry":{"type":"Point","coordinates":[-2.84131,41.63975]},"properties":{"id":"42158","name":"RIOSECO DE SORIA","province":"42","population":123,"populationSource":"cadastre","status":"available","coverage":[0.0,0.0,0.0],"buildings":207,"coverage5":0.0,"coverage10":0.0,"coverage15":0.0}},{"type":"Feature","geometry":{"type":"Point","coordinates":[-2.53141,41.92639]},"properties":{"id":"42159","name":"ROLLAMIENTA","province":"42","population":49,"populationSource":"cadastre","status":"available","coverage":[0.0,0.0,0.0],"buildings":68,"coverage5":0.0,"coverage10":0.0,"coverage15":0.0}},{"type":"Feature","geometry":{"type":"Point","coordinates":[-2.64483,41.90854]},"properties":{"id":"42160","name":"EL ROYO","province":"42","population":248,"populationSource":"cadastre","status":"available","coverage":[0.0,0.0,0.0],"buildings":551,"coverage5":0.0,"coverage10":0.0,"coverage15":0.0}},{"type":"Feature","geometry":{"type":"Point","coordinates":[-2.79945,41.88991]},"properties":{"id":"42161","name":"SALDUERO","province":"42","population":148,"populationSource":"cadastre","status":"available","coverage":[0.0,0.0,0.0],"buildings":136,"coverage5":0.0,"coverage10":0.0,"coverage15":0.0}},{"type":"Feature","geometry":{"type":"Point","coordinates":[-3.20832,41.57529]},"properties":{"id":"42162","name":"SAN ESTEBAN DE GORMAZ","province":"42","population":2962,"populationSource":"cadastre","status":"available","coverage":[18.15,38.21,45.59],"buildings":2315,"coverage5":18.15,"coverage10":38.21,"coverage15":45.59}},{"type":"Feature","geometry":{"type":"Point","coordinates":[-2.02695,41.93734]},"properties":{"id":"42163","name":"SAN FELICES","province":"42","population":55,"populationSource":"cadastre","status":"available","coverage":[98.23,100.0,100.0],"buildings":145,"coverage5":98.23,"coverage10":100.0,"coverage15":100.0}},{"type":"Feature","geometry":{"type":"Point","coordinates":[-3.06674,41.8293]},"properties":{"id":"42164","name":"SAN LEONARDO DE YAGÜE","province":"42","population":1954,"populationSource":"cadastre","status":"available","coverage":[52.84,87.19,96.59],"buildings":879,"coverage5":52.84,"coverage10":87.19,"coverage15":96.59}},{"type":"Feature","geometry":{"type":"Point","coordinates":[-2.23062,42.02958]},"properties":{"id":"42165","name":"SAN PEDRO MANRIQUE","province":"42","population":626,"populationSource":"cadastre","status":"available","coverage":[54.99,75.79,76.29],"buildings":711,"coverage5":54.99,"coverage10":75.79,"coverage15":76.29}},{"type":"Feature","geometry":{"type":"Point","coordinates":[-2.44756,42.0629]},"properties":{"id":"42166","name":"SANTA CRUZ DE YANGUAS","province":"42","population":56,"populationSource":"cadastre","status":"available","coverage":[0.0,0.0,0.0],"buildings":98,"coverage5":0.0,"coverage10":0.0,"coverage15":0.0}},{"type":"Feature","geometry":{"type":"Point","coordinates":[-2.17674,41.2613]},"properties":{"id":"42167","name":"SANTA MARÍA DE HUERTA","province":"42","population":239,"populationSource":"cadastre","status":"available","coverage":[0.0,0.0,0.0],"buildings":316,"coverage5":0.0,"coverage10":0.0,"coverage15":0.0}},{"type":"Feature","geometry":{"type":"Point","coordinates":[-3.14415,41.77007]},"properties":{"id":"42168","name":"SANTA MARÍA DE LAS HOYAS","province":"42","population":112,"populationSource":"cadastre","status":"available","coverage":[0.0,0.0,0.0],"buildings":296,"coverage5":0.0,"coverage10":0.0,"coverage15":0.0}},{"type":"Feature","geometry":{"type":"Point","coordinates":[-2.20128,41.49619]},"properties":{"id":"42171","name":"SERÓN DE NÁGIMA","province":"42","population":125,"populationSource":"cadastre","status":"available","coverage":[0.0,0.0,0.0],"buildings":281,"coverage5":0.0,"coverage10":0.0,"coverage15":0.0}},{"type":"Feature","geometry":{"type":"Point","coordinates":[-2.38144,41.46907]},"properties":{"id":"42172","name":"SOLIEDRA","province":"42","population":37,"populationSource":"cadastre","status":"available","coverage":[0.0,0.0,0.0],"buildings":29,"coverage5":0.0,"coverage10":0.0,"coverage15":0.0}},{"type":"Feature","geometry":{"type":"Point","coordinates":[-2.46625,41.76328]},"properties":{"id":"42173","name":"SORIA","province":"42","population":41025,"populationSource":"cadastre","status":"available","coverage":[74.06,92.24,95.61],"buildings":2802,"coverage5":74.06,"coverage10":92.24,"coverage15":95.61}},{"type":"Feature","geometry":{"type":"Point","coordinates":[-2.60238,41.93233]},"properties":{"id":"42174","name":"SOTILLO DEL RINCÓN","province":"42","population":171,"populationSource":"cadastre","status":"available","coverage":[0.0,0.0,0.0],"buildings":305,"coverage5":0.0,"coverage10":0.0,"coverage15":0.0}},{"type":"Feature","geometry":{"type":"Point","coordinates":[-2.22324,41.85246]},"properties":{"id":"42175","name":"SUELLACABRAS","province":"42","population":32,"populationSource":"cadastre","status":"available","coverage":[0.0,0.0,0.0],"buildings":110,"coverage5":0.0,"coverage10":0.0,"coverage15":0.0}},{"type":"Feature","geometry":{"type":"Point","coordinates":[-2.15075,41.74104]},"properties":{"id":"42176","name":"TAJAHUERCE","province":"42","population":22,"populationSource":"cadastre","status":"available","coverage":[0.0,0.0,0.0],"buildings":31,"coverage5":0.0,"coverage10":0.0,"coverage15":0.0}},{"type":"Feature","geometry":{"type":"Point","coordinates":[-2.84946,41.53632]},"properties":{"id":"42177","name":"TAJUECO","province":"42","population":61,"populationSource":"cadastre","status":"available","coverage":[0.0,0.0,0.0],"buildings":116,"coverage5":0.0,"coverage10":0.0,"coverage15":0.0}},{"type":"Feature","geometry":{"type":"Point","coordinates":[-2.96728,41.78408]},"properties":{"id":"42178","name":"TALVEILA","province":"42","population":105,"populationSource":"cadastre","status":"available","coverage":[0.0,0.0,0.0],"buildings":200,"coverage5":0.0,"coverage10":0.0,"coverage15":0.0}},{"type":"Feature","geometry":{"type":"Point","coordinates":[-2.64468,41.59547]},"properties":{"id":"42181","name":"TARDELCUENDE","province":"42","population":414,"populationSource":"cadastre","status":"available","coverage":[0.0,0.0,0.0],"buildings":344,"coverage5":0.0,"coverage10":0.0,"coverage15":0.0}},{"type":"Feature","geometry":{"type":"Point","coordinates":[-2.43228,41.34763]},"properties":{"id":"42182","name":"TARODA","province":"42","population":45,"populationSource":"cadastre","status":"available","coverage":[0.0,0.0,0.0],"buildings":80,"coverage5":0.0,"coverage10":0.0,"coverage15":0.0}},{"type":"Feature","geometry":{"type":"Point","coordinates":[-2.26679,41.58833]},"properties":{"id":"42183","name":"TEJADO","province":"42","population":100,"populationSource":"cadastre","status":"available","coverage":[0.0,0.0,0.0],"buildings":142,"coverage5":0.0,"coverage10":0.0,"coverage15":0.0}},{"type":"Feature","geometry":{"type":"Point","coordinates":[-2.16385,41.45537]},"properties":{"id":"42184","name":"TORLENGUA","province":"42","population":43,"populationSource":"cadastre","status":"available","coverage":[0.0,0.0,0.0],"buildings":143,"coverage5":0.0,"coverage10":0.0,"coverage15":0.0}},{"type":"Feature","geometry":{"type":"Point","coordinates":[-2.87834,41.67027]},"properties":{"id":"42185","name":"TORREBLACOS","province":"42","population":28,"populationSource":"cadastre","status":"available","coverage":[0.0,0.0,0.0],"buildings":52,"coverage5":0.0,"coverage10":0.0,"coverage15":0.0}},{"type":"Feature","geometry":{"type":"Point","coordinates":[-2.09028,41.6302]},"properties":{"id":"42187","name":"TORRUBIA DE SORIA","province":"42","population":52,"populationSource":"cadastre","status":"available","coverage":[0.0,0.0,0.0],"buildings":76,"coverage5":0.0,"coverage10":0.0,"coverage15":0.0}},{"type":"Feature","geometry":{"type":"Point","coordinates":[-2.1023,41.87396]},"properties":{"id":"42188","name":"TRÉVAGO","province":"42","population":47,"populationSource":"cadastre","status":"available","coverage":[99.23,99.23,99.23],"buildings":86,"coverage5":99.23,"coverage10":99.23,"coverage15":99.23}},{"type":"Feature","geometry":{"type":"Point","coordinates":[-3.05105,41.71723]},"properties":{"id":"42189","name":"UCERO","province":"42","population":80,"populationSource":"cadastre","status":"available","coverage":[0.0,0.0,0.0],"buildings":138,"coverage5":0.0,"coverage10":0.0,"coverage15":0.0}},{"type":"Feature","geometry":{"type":"Point","coordinates":[-3.00857,41.79187]},"properties":{"id":"42190","name":"VADILLO","province":"42","population":81,"populationSource":"cadastre","status":"available","coverage":[0.0,0.0,0.0],"buildings":84,"coverage5":0.0,"coverage10":0.0,"coverage15":0.0}},{"type":"Feature","geometry":{"type":"Point","coordinates":[-2.57395,41.93939]},"properties":{"id":"42191","name":"VALDEAVELLANO DE TERA","province":"42","population":222,"populationSource":"cadastre","status":"available","coverage":[0.0,0.0,0.0],"buildings":293,"coverage5":0.0,"coverage10":0.0,"coverage15":0.0}},{"type":"Feature","geometry":{"type":"Point","coordinates":[-2.17548,41.81704]},"properties":{"id":"42192","name":"VALDEGEÑA","province":"42","population":36,"populationSource":"cadastre","status":"available","coverage":[0.0,0.0,0.0],"buildings":46,"coverage5":0.0,"coverage10":0.0,"coverage15":0.0}},{"type":"Feature","geometry":{"type":"Point","coordinates":[-2.11536,41.88839]},"properties":{"id":"42193","name":"VALDELAGUA DEL CERRO","province":"42","population":13,"populationSource":"cadastre","status":"available","coverage":[0.0,0.0,0.0],"buildings":52,"coverage5":0.0,"coverage10":0.0,"coverage15":0.0}},{"type":"Feature","geometry":{"type":"Point","coordinates":[-3.04688,41.67464]},"properties":{"id":"42194","name":"VALDEMALUQUE","province":"42","population":139,"populationSource":"cadastre","status":"available","coverage":[0.0,0.0,0.0],"buildings":394,"coverage5":0.0,"coverage10":0.0,"coverage15":0.0}},{"type":"Feature","geometry":{"type":"Point","coordinates":[-2.9655,41.57239]},"properties":{"id":"42195","name":"VALDENEBRO","province":"42","population":85,"populationSource":"cadastre","status":"available","coverage":[0.0,0.0,0.0],"buildings":206,"coverage5":0.0,"coverage10":0.0,"coverage15":0.0}},{"type":"Feature","geometry":{"type":"Point","coordinates":[-2.10856,41.93811]},"properties":{"id":"42196","name":"VALDEPRADO","province":"42","population":8,"populationSource":"cadastre","status":"available","coverage":[0.0,0.0,0.0],"buildings":92,"coverage5":0.0,"coverage10":0.0,"coverage15":0.0}},{"type":"Feature","geometry":{"type":"Point","coordinates":[-2.80813,41.56381]},"properties":{"id":"42197","name":"VALDERRODILLA","province":"42","population":59,"populationSource":"cadastre","status":"available","coverage":[0.0,0.0,0.0],"buildings":125,"coverage5":0.0,"coverage10":0.0,"coverage15":0.0}},{"type":"Feature","geometry":{"type":"Point","coordinates":[-2.22314,41.93882]},"properties":{"id":"42198","name":"VALTAJEROS","province":"42","population":16,"populationSource":"cadastre","status":"available","coverage":[0.0,0.0,0.0],"buildings":69,"coverage5":0.0,"coverage10":0.0,"coverage15":0.0}},{"type":"Feature","geometry":{"type":"Point","coordinates":[-2.69947,41.45055]},"properties":{"id":"42200","name":"VELAMAZÁN","province":"42","population":66,"populationSource":"cadastre","status":"available","coverage":[0.0,0.0,0.0],"buildings":231,"coverage5":0.0,"coverage10":0.0,"coverage15":0.0}},{"type":"Feature","geometry":{"type":"Point","coordinates":[-2.4034,41.80975]},"properties":{"id":"42201","name":"VELILLA DE LA SIERRA","province":"42","population":26,"populationSource":"cadastre","status":"available","coverage":[0.0,0.0,0.0],"buildings":57,"coverage5":0.0,"coverage10":0.0,"coverage15":0.0}},{"type":"Feature","geometry":{"type":"Point","coordinates":[-2.2542,41.49074]},"properties":{"id":"42202","name":"VELILLA DE LOS AJOS","province":"42","population":15,"populationSource":"cadastre","status":"available","coverage":[0.0,0.0,0.0],"buildings":76,"coverage5":0.0,"coverage10":0.0,"coverage15":0.0}},{"type":"Feature","geometry":{"type":"Point","coordinates":[-2.46115,41.53401]},"properties":{"id":"42204","name":"VIANA DE DUERO","province":"42","population":47,"populationSource":"cadastre","status":"available","coverage":[0.0,0.0,0.0],"buildings":92,"coverage5":0.0,"coverage10":0.0,"coverage15":0.0}},{"type":"Feature","geometry":{"type":"Point","coordinates":[-2.62755,41.76491]},"properties":{"id":"42205","name":"VILLACIERVOS","province":"42","population":86,"populationSource":"cadastre","status":"available","coverage":[0.0,0.0,0.0],"buildings":88,"coverage5":0.0,"coverage10":0.0,"coverage15":0.0}},{"type":"Feature","geometry":{"type":"Point","coordinates":[-3.06237,41.46782]},"properties":{"id":"42206","name":"VILLANUEVA DE GORMAZ","province":"42","population":6,"populationSource":"cadastre","status":"available","coverage":[0.0,0.0,0.0],"buildings":65,"coverage5":0.0,"coverage10":0.0,"coverage15":0.0}},{"type":"Feature","geometry":{"type":"Point","coordinates":[-2.56636,41.91508]},"properties":{"id":"42207","name":"VILLAR DEL ALA","province":"42","population":50,"populationSource":"cadastre","status":"available","coverage":[0.0,0.0,0.0],"buildings":93,"coverage5":0.0,"coverage10":0.0,"coverage15":0.0}},{"type":"Feature","geometry":{"type":"Point","coordinates":[-2.14949,41.78752]},"properties":{"id":"42208","name":"VILLAR DEL CAMPO","province":"42","population":29,"populationSource":"cadastre","status":"available","coverage":[0.0,0.0,0.0],"buildings":48,"coverage5":0.0,"coverage10":0.0,"coverage15":0.0}},{"type":"Feature","geometry":{"type":"Point","coordinates":[-2.35078,42.07584]},"properties":{"id":"42209","name":"VILLAR DEL RÍO","province":"42","population":155,"populationSource":"cadastre","status":"available","coverage":[0.0,0.0,0.0],"buildings":430,"coverage5":0.0,"coverage10":0.0,"coverage15":0.0}},{"type":"Feature","geometry":{"type":"Point","coordinates":[-2.35539,41.86442]},"properties":{"id":"42211","name":"LOS VILLARES DE SORIA","province":"42","population":72,"populationSource":"cadastre","status":"available","coverage":[0.0,0.0,0.0],"buildings":112,"coverage5":0.0,"coverage10":0.0,"coverage15":0.0}},{"type":"Feature","geometry":{"type":"Point","coordinates":[-2.61028,41.35311]},"properties":{"id":"42212","name":"VILLASAYAS","province":"42","population":59,"populationSource":"cadastre","status":"available","coverage":[0.0,0.0,0.0],"buildings":167,"coverage5":0.0,"coverage10":0.0,"coverage15":0.0}},{"type":"Feature","geometry":{"type":"Point","coordinates":[-2.16135,41.62424]},"properties":{"id":"42213","name":"VILLASECA DE ARCIEL","province":"42","population":23,"populationSource":"cadastre","status":"available","coverage":[0.0,0.0,0.0],"buildings":41,"coverage5":0.0,"coverage10":0.0,"coverage15":0.0}},{"type":"Feature","geometry":{"type":"Point","coordinates":[-2.76273,41.91179]},"properties":{"id":"42215","name":"VINUESA","province":"42","population":826,"populationSource":"cadastre","status":"available","coverage":[32.52,75.97,87.23],"buildings":672,"coverage5":32.52,"coverage10":75.97,"coverage15":87.23}},{"type":"Feature","geometry":{"type":"Point","coordinates":[-2.40875,42.02434]},"properties":{"id":"42216","name":"VIZMANOS","province":"42","population":31,"populationSource":"cadastre","status":"available","coverage":[0.0,0.0,0.0],"buildings":58,"coverage5":0.0,"coverage10":0.0,"coverage15":0.0}},{"type":"Feature","geometry":{"type":"Point","coordinates":[-1.85627,41.83778]},"properties":{"id":"42217","name":"VOZMEDIANO","province":"42","population":29,"populationSource":"cadastre","status":"available","coverage":[0.0,0.0,0.0],"buildings":152,"coverage5":0.0,"coverage10":0.0,"coverage15":0.0}},{"type":"Feature","geometry":{"type":"Point","coordinates":[-2.3393,42.10176]},"properties":{"id":"42218","name":"YANGUAS","province":"42","population":104,"populationSource":"cadastre","status":"available","coverage":[0.0,0.0,0.0],"buildings":191,"coverage5":0.0,"coverage10":0.0,"coverage15":0.0}},{"type":"Feature","geometry":{"type":"Point","coordinates":[-2.52731,41.21032]},"properties":{"id":"42219","name":"YELO","province":"42","population":40,"populationSource":"cadastre","status":"available","coverage":[0.0,0.0,0.0],"buildings":158,"coverage5":0.0,"coverage10":0.0,"coverage15":0.0}},{"type":"Feature","geometry":{"type":"Point","coordinates":[-5.12051,41.65025]},"properties":{"id":"47001","name":"ADALIA","province":"47","population":50,"populationSource":"cadastre","status":"available","coverage":[0.0,0.0,0.0],"buildings":44,"coverage5":0.0,"coverage10":0.0,"coverage15":0.0}},{"type":"Feature","geometry":{"type":"Point","coordinates":[-4.65254,41.27453]},"properties":{"id":"47002","name":"AGUASAL","province":"47","population":18,"populationSource":"cadastre","status":"available","coverage":[0.0,0.0,0.0],"buildings":23,"coverage5":0.0,"coverage10":0.0,"coverage15":0.0}},{"type":"Feature","geometry":{"type":"Point","coordinates":[-5.17938,41.98486]},"properties":{"id":"47003","name":"AGUILAR DE CAMPOS","province":"47","population":258,"populationSource":"cadastre","status":"available","coverage":[0.0,0.0,0.0],"buildings":240,"coverage5":0.0,"coverage10":0.0,"coverage15":0.0}},{"type":"Feature","geometry":{"type":"Point","coordinates":[-5.21676,41.30757]},"properties":{"id":"47004","name":"ALAEJOS","province":"47","population":1427,"populationSource":"cadastre","status":"available","coverage":[2.96,35.2,92.62],"buildings":967,"coverage5":2.96,"coverage10":35.2,"coverage15":92.62}},{"type":"Feature","geometry":{"type":"Point","coordinates":[-4.67309,41.37109]},"properties":{"id":"47005","name":"ALCAZARÉN","province":"47","population":623,"populationSource":"cadastre","status":"available","coverage":[0.0,0.0,0.0],"buildings":486,"coverage5":0.0,"coverage10":0.0,"coverage15":0.0}},{"type":"Feature","geometry":{"type":"Point","coordinates":[-4.6185,41.46116]},"properties":{"id":"47006","name":"ALDEA DE SAN MIGUEL","province":"47","population":212,"populationSource":"cadastre","status":"available","coverage":[0.0,0.0,0.0],"buildings":152,"coverage5":0.0,"coverage10":0.0,"coverage15":0.0}},{"type":"Feature","geometry":{"type":"Point","coordinates":[-4.63967,41.51175]},"properties":{"id":"47007","name":"ALDEAMAYOR DE SAN MARTÍN","province":"47","population":6290,"populationSource":"cadastre","status":"available","coverage":[19.87,28.75,29.24],"buildings":1967,"coverage5":19.87,"coverage10":28.75,"coverage15":29.24}},{"type":"Feature","geometry":{"type":"Point","coordinates":[-4.67616,41.21406]},"properties":{"id":"47008","name":"ALMENARA DE ADAJA","province":"47","population":24,"populationSource":"cadastre","status":"available","coverage":[0.0,0.0,0.0],"buildings":30,"coverage5":0.0,"coverage10":0.0,"coverage15":0.0}},{"type":"Feature","geometry":{"type":"Point","coordinates":[-4.30252,41.74858]},"properties":{"id":"47009","name":"AMUSQUILLO","province":"47","population":95,"populationSource":"cadastre","status":"available","coverage":[0.0,0.0,0.0],"buildings":118,"coverage5":0.0,"coverage10":0.0,"coverage15":0.0}},{"type":"Feature","geometry":{"type":"Point","coordinates":[-4.79781,41.60911]},"properties":{"id":"47010","name":"ARROYO DE LA ENCOMIENDA","province":"47","population":22800,"populationSource":"cadastre","status":"available","coverage":[39.42,71.35,90.52],"buildings":1537,"coverage5":39.42,"coverage10":71.35,"coverage15":90.52}},{"type":"Feature","geometry":{"type":"Point","coordinates":[-4.80373,41.18167]},"properties":{"id":"47011","name":"ATAQUINES","province":"47","population":580,"populationSource":"cadastre","status":"available","coverage":[0.0,0.0,0.0],"buildings":425,"coverage5":0.0,"coverage10":0.0,"coverage15":0.0}},{"type":"Feature","geometry":{"type":"Point","coordinates":[-4.28239,41.48134]},"properties":{"id":"47012","name":"BAHABÓN","province":"47","population":97,"populationSource":"cadastre","status":"available","coverage":[0.0,0.0,0.0],"buildings":142,"coverage5":0.0,"coverage10":0.0,"coverage15":0.0}},{"type":"Feature","geometry":{"type":"Point","coordinates":[-5.28221,41.95199]},"properties":{"id":"47013","name":"BARCIAL DE LA LOMA","province":"47","population":98,"populationSource":"cadastre","status":"available","coverage":[0.0,0.0,0.0],"buildings":113,"coverage5":0.0,"coverage10":0.0,"coverage15":0.0}},{"type":"Feature","geometry":{"type":"Point","coordinates":[-5.06868,41.67247]},"properties":{"id":"47014","name":"BARRUELO DEL VALLE","province":"47","population":51,"populationSource":"cadastre","status":"available","coverage":[0.0,0.0,0.0],"buildings":39,"coverage5":0.0,"coverage10":0.0,"coverage15":0.0}},{"type":"Feature","geometry":{"type":"Point","coordinates":[-5.21843,42.0985]},"properties":{"id":"47015","name":"BECILLA DE VALDERADUEY","province":"47","population":206,"populationSource":"cadastre","status":"available","coverage":[95.64,98.55,98.55],"buildings":248,"coverage5":95.64,"coverage10":98.55,"coverage15":98.55}},{"type":"Feature","geometry":{"type":"Point","coordinates":[-5.29399,41.62099]},"properties":{"id":"47016","name":"BENAFARCES","province":"47","population":68,"populationSource":"cadastre","status":"available","coverage":[0.0,0.0,0.0],"buildings":83,"coverage5":0.0,"coverage10":0.0,"coverage15":0.0}},{"type":"Feature","geometry":{"type":"Point","coordinates":[-5.05607,41.56354]},"properties":{"id":"47017","name":"BERCERO","province":"47","population":170,"populationSource":"cadastre","status":"available","coverage":[0.0,0.0,0.0],"buildings":194,"coverage5":0.0,"coverage10":0.0,"coverage15":0.0}},{"type":"Feature","geometry":{"type":"Point","coordinates":[-5.03361,41.58041]},"properties":{"id":"47018","name":"BERCERUELO","province":"47","population":36,"populationSource":"cadastre","status":"available","coverage":[0.0,0.0,0.0],"buildings":30,"coverage5":0.0,"coverage10":0.0,"coverage15":0.0}},{"type":"Feature","geometry":{"type":"Point","coordinates":[-5.09719,41.94574]},"properties":{"id":"47019","name":"BERRUECES","province":"47","population":85,"populationSource":"cadastre","status":"available","coverage":[0.0,0.0,0.0],"buildings":108,"coverage5":0.0,"coverage10":0.0,"coverage15":0.0}},{"type":"Feature","geometry":{"type":"Point","coordinates":[-5.02255,41.20507]},"properties":{"id":"47020","name":"BOBADILLA DEL CAMPO","province":"47","population":279,"populationSource":"cadastre","status":"available","coverage":[94.13,100.0,100.0],"buildings":209,"coverage5":94.13,"coverage10":100.0,"coverage15":100.0}},{"type":"Feature","geometry":{"type":"Point","coordinates":[-4.68094,41.2293]},"properties":{"id":"47021","name":"BOCIGAS","province":"47","population":75,"populationSource":"cadastre","status":"available","coverage":[0.0,0.0,0.0],"buildings":87,"coverage5":0.0,"coverage10":0.0,"coverage15":0.0}},{"type":"Feature","geometry":{"type":"Point","coordinates":[-4.06895,41.62355]},"properties":{"id":"47022","name":"BOCOS DE DUERO","province":"47","population":79,"populationSource":"cadastre","status":"available","coverage":[0.0,0.0,0.0],"buildings":75,"coverage5":0.0,"coverage10":0.0,"coverage15":0.0}},{"type":"Feature","geometry":{"type":"Point","coordinates":[-4.6994,41.54046]},"properties":{"id":"47023","name":"BOECILLO","province":"47","population":4446,"populationSource":"cadastre","status":"available","coverage":[38.62,64.58,69.07],"buildings":1374,"coverage5":38.62,"coverage10":64.58,"coverage15":69.07}},{"type":"Feature","geometry":{"type":"Point","coordinates":[-5.28532,42.00647]},"properties":{"id":"47024","name":"BOLAÑOS DE CAMPOS","province":"47","population":244,"populationSource":"cadastre","status":"available","coverage":[0.0,0.0,0.0],"buildings":170,"coverage5":0.0,"coverage10":0.0,"coverage15":0.0}},{"type":"Feature","geometry":{"type":"Point","coordinates":[-5.04165,41.22295]},"properties":{"id":"47025","name":"BRAHOJOS DE MEDINA","province":"47","population":96,"populationSource":"cadastre","status":"available","coverage":[0.0,0.0,0.0],"buildings":115,"coverage5":0.0,"coverage10":0.0,"coverage15":0.0}},{"type":"Feature","geometry":{"type":"Point","coordinates":[-5.09042,42.13283]},"properties":{"id":"47026","name":"BUSTILLO DE CHAVES","province":"47","population":66,"populationSource":"cadastre","status":"available","coverage":[0.0,0.0,0.0],"buildings":41,"coverage5":0.0,"coverage10":0.0,"coverage15":0.0}},{"type":"Feature","geometry":{"type":"Point","coordinates":[-4.64728,41.73365]},"properties":{"id":"47027","name":"CABEZÓN DE PISUERGA","province":"47","population":3910,"populationSource":"cadastre","status":"available","coverage":[12.03,32.23,42.12],"buildings":992,"coverage5":12.03,"coverage10":32.23,"coverage15":42.12}},{"type":"Feature","geometry":{"type":"Point","coordinates":[-5.15936,42.16722]},"properties":{"id":"47028","name":"CABEZÓN DE VALDERADUEY","province":"47","population":24,"populationSource":"cadastre","status":"available","coverage":[0.0,0.0,0.0],"buildings":20,"coverage5":0.0,"coverage10":0.0,"coverage15":0.0}},{"type":"Feature","geometry":{"type":"Point","coordinates":[-5.26801,41.84768]},"properties":{"id":"47029","name":"CABREROS DEL MONTE","province":"47","population":64,"populationSource":"cadastre","status":"available","coverage":[0.0,0.0,0.0],"buildings":79,"coverage5":0.0,"coverage10":0.0,"coverage15":0.0}},{"type":"Feature","geometry":{"type":"Point","coordinates":[-4.19503,41.49148]},"properties":{"id":"47030","name":"CAMPASPERO","province":"47","population":1001,"populationSource":"cadastre","status":"available","coverage":[88.33,100.0,100.0],"buildings":822,"coverage5":88.33,"coverage10":100.0,"coverage15":100.0}},{"type":"Feature","geometry":{"type":"Point","coordinates":[-5.01308,41.25718]},"properties":{"id":"47031","name":"EL CAMPILLO","province":"47","population":204,"populationSource":"cadastre","status":"available","coverage":[0.0,0.0,0.0],"buildings":221,"coverage5":0.0,"coverage10":0.0,"coverage15":0.0}},{"type":"Feature","geometry":{"type":"Point","coordinates":[-4.50456,41.47379]},"properties":{"id":"47032","name":"CAMPORREDONDO","province":"47","population":143,"populationSource":"cadastre","status":"available","coverage":[70.56,97.57,100.0],"buildings":175,"coverage5":70.56,"coverage10":97.57,"coverage15":100.0}},{"type":"Feature","geometry":{"type":"Point","coordinates":[-4.11645,41.52712]},"properties":{"id":"47033","name":"CANALEJAS DE PEÑAFIEL","province":"47","population":248,"populationSource":"cadastre","status":"available","coverage":[0.0,0.0,0.0],"buildings":1,"coverage5":0.0,"coverage10":0.0,"coverage15":0.0}},{"type":"Feature","geometry":{"type":"Point","coordinates":[-4.12465,41.7561]},"properties":{"id":"47034","name":"CANILLAS DE ESGUEVA","province":"47","population":71,"populationSource":"cadastre","status":"available","coverage":[0.0,0.0,0.0],"buildings":1,"coverage5":0.0,"coverage10":0.0,"coverage15":0.0}},{"type":"Feature","geometry":{"type":"Point","coordinates":[-5.11199,41.21509]},"properties":{"id":"47035","name":"CARPIO","province":"47","population":923,"populationSource":"osm_fallback","status":"available","coverage":[0.0,0.0,0.0],"buildings":39,"coverage5":0.0,"coverage10":0.0,"coverage15":0.0}},{"type":"Feature","geometry":{"type":"Point","coordinates":[-5.24058,41.57905]},"properties":{"id":"47036","name":"CASASOLA DE ARIÓN","province":"47","population":205,"populationSource":"osm_fallback","status":"available","coverage":[95.86,98.6,98.67],"buildings":33,"coverage5":95.86,"coverage10":98.6,"coverage15":98.67}},{"type":"Feature","geometry":{"type":"Point","coordinates":[-5.17048,41.25182]},"properties":{"id":"47037","name":"CASTREJÓN DE TRABANCOS","province":"47","population":171,"populationSource":"cadastre","status":"available","coverage":[0.0,0.0,0.0],"buildings":1,"coverage5":0.0,"coverage10":0.0,"coverage15":0.0}},{"type":"Feature","geometry":{"type":"Point","coordinates":[-4.01518,41.57554]},"properties":{"id":"47038","name":"CASTRILLO DE DUERO","province":"47","population":108,"populationSource":"cadastre","status":"available","coverage":[0.0,0.0,0.0],"buildings":1,"coverage5":0.0,"coverage10":0.0,"coverage15":0.0}},{"type":"Feature","geometry":{"type":"Point","coordinates":[-4.37075,41.70358]},"properties":{"id":"47039","name":"CASTRILLO-TEJERIEGO","province":"47","population":157,"populationSource":"osm_fallback","status":"available","coverage":[0.0,0.0,0.0],"buildings":9,"coverage5":0.0,"coverage10":0.0,"coverage15":0.0}},{"type":"Feature","geometry":{"type":"Point","coordinates":[-5.31496,42.13617]},"properties":{"id":"47040","name":"CASTROBOL","province":"47","population":43,"populationSource":"cadastre","status":"review"}},{"type":"Feature","geometry":{"type":"Point","coordinates":[-4.95864,41.648]},"properties":{"id":"47041","name":"CASTRODEZA","province":"47","population":148,"populationSource":"osm_fallback","status":"available","coverage":[30.4,84.64,100.0],"buildings":13,"coverage5":30.4,"coverage10":84.64,"coverage15":100.0}},{"type":"Feature","geometry":{"type":"Point","coordinates":[-5.30538,41.67387]},"properties":{"id":"47042","name":"CASTROMEMBIBRE","province":"47","population":49,"populationSource":"osm_fallback","status":"available","coverage":[0.0,0.0,0.0],"buildings":27,"coverage5":0.0,"coverage10":0.0,"coverage15":0.0}},{"type":"Feature","geometry":{"type":"Point","coordinates":[-5.04074,41.77339]},"properties":{"id":"47043","name":"CASTROMONTE","province":"47","population":319,"populationSource":"cadastre","status":"available","coverage":[19.58,65.2,65.2],"buildings":6,"coverage5":19.58,"coverage10":65.2,"coverage15":65.2}},{"type":"Feature","geometry":{"type":"Point","coordinates":[-4.5877,41.68154]},"properties":{"id":"47044","name":"CASTRONUEVO DE ESGUEVA","province":"47","population":412,"populationSource":"cadastre","status":"available","coverage":[100.0,100.0,100.0],"buildings":4,"coverage5":100.0,"coverage10":100.0,"coverage15":100.0}},{"type":"Feature","geometry":{"type":"Point","coordinates":[-5.2625,41.39048]},"properties":{"id":"47045","name":"CASTRONUÑO","province":"47","population":737,"populationSource":"cadastre","status":"available","coverage":[0.0,100.0,100.0],"buildings":1,"coverage5":0.0,"coverage10":100.0,"coverage15":100.0}},{"type":"Feature","geometry":{"type":"Point","coordinates":[-5.18216,42.12649]},"properties":{"id":"47046","name":"CASTROPONCE","province":"47","population":128,"populationSource":"cadastre","status":"available","coverage":[0.0,0.0,0.0],"buildings":3,"coverage5":0.0,"coverage10":0.0,"coverage15":0.0}},{"type":"Feature","geometry":{"type":"Point","coordinates":[-4.22041,41.75692]},"properties":{"id":"47047","name":"CASTROVERDE DE CERRATO","province":"47","population":192,"populationSource":"osm_fallback","status":"available","coverage":[0.0,0.0,0.0],"buildings":1,"coverage5":0.0,"coverage10":0.0,"coverage15":0.0}},{"type":"Feature","geometry":{"type":"Point","coordinates":[-5.151,42.03164]},"properties":{"id":"47048","name":"CEINOS DE CAMPOS","province":"47","population":172,"populationSource":"osm_fallback","status":"available","coverage":[0.0,0.0,0.0],"buildings":4,"coverage5":0.0,"coverage10":0.0,"coverage15":0.0}},{"type":"Feature","geometry":{"type":"Point","coordinates":[-4.94959,41.18677]},"properties":{"id":"47049","name":"CERVILLEGO DE LA CRUZ","province":"47","population":87,"populationSource":"osm_fallback","status":"available","coverage":[0.0,0.0,0.0],"buildings":3,"coverage5":0.0,"coverage10":0.0,"coverage15":0.0}},{"type":"Feature","geometry":{"type":"Point","coordinates":[-4.69986,41.75813]},"properties":{"id":"47050","name":"CIGALES","province":"47","population":5454,"populationSource":"osm_fallback","status":"available","coverage":[0.0,0.0,0.0],"buildings":1465,"coverage5":0.0,"coverage10":0.0,"coverage15":0.0}},{"type":"Feature","geometry":{"type":"Point","coordinates":[-4.85685,41.6399]},"properties":{"id":"47051","name":"CIGUÑUELA","province":"47","population":361,"populationSource":"cadastre","status":"available","coverage":[0.0,100.0,100.0],"buildings":1,"coverage5":0.0,"coverage10":100.0,"coverage15":100.0}},{"type":"Feature","geometry":{"type":"Point","coordinates":[-4.6857,41.61228]},"properties":{"id":"47052","name":"CISTÉRNIGA","province":"47","population":9489,"populationSource":"cadastre","status":"available","coverage":[0.0,10.92,21.41],"buildings":29,"coverage5":0.0,"coverage10":10.92,"coverage15":21.41}},{"type":"Feature","geometry":{"type":"Point","coordinates":[-4.54616,41.4067]},"properties":{"id":"47053","name":"COGECES DE ÍSCAR","province":"47","population":143,"populationSource":"cadastre","status":"available","coverage":[0.0,0.0,17.43],"buildings":25,"coverage5":0.0,"coverage10":0.0,"coverage15":17.43}},{"type":"Feature","geometry":{"type":"Point","coordinates":[-4.31505,41.51121]},"properties":{"id":"47054","name":"COGECES DEL MONTE","province":"47","population":640,"populationSource":"cadastre","status":"available","coverage":[14.86,73.66,97.77],"buildings":21,"coverage5":14.86,"coverage10":73.66,"coverage15":97.77}},{"type":"Feature","geometry":{"type":"Point","coordinates":[-4.69445,41.81145]},"properties":{"id":"47055","name":"CORCOS","province":"47","population":203,"populationSource":"cadastre","status":"available","coverage":[0.0,0.0,0.0],"buildings":9,"coverage5":0.0,"coverage10":0.0,"coverage15":0.0}},{"type":"Feature","geometry":{"type":"Point","coordinates":[-4.04931,41.67064]},"properties":{"id":"47056","name":"CORRALES DE DUERO","province":"47","population":104,"populationSource":"cadastre","status":"available","coverage":[0.0,0.0,0.0],"buildings":2,"coverage5":0.0,"coverage10":0.0,"coverage15":0.0}},{"type":"Feature","geometry":{"type":"Point","coordinates":[-4.61311,41.83442]},"properties":{"id":"47057","name":"CUBILLAS DE SANTA MARTA","province":"47","population":394,"populationSource":"cadastre","status":"available","coverage":[0.0,0.0,0.0],"buildings":84,"coverage5":0.0,"coverage10":0.0,"coverage15":0.0}},{"type":"Feature","geometry":{"type":"Point","coordinates":[-5.05591,42.05747]},"properties":{"id":"47058","name":"CUENCA DE CAMPOS","province":"47","population":179,"populationSource":"cadastre","status":"available","coverage":[0.0,0.0,0.0],"buildings":1,"coverage5":0.0,"coverage10":0.0,"coverage15":0.0}},{"type":"Feature","geometry":{"type":"Point","coordinates":[-4.09919,41.63994]},"properties":{"id":"47059","name":"CURIEL DE DUERO","province":"47","population":111,"populationSource":"cadastre","status":"available","coverage":[0.0,0.0,0.0],"buildings":7,"coverage5":0.0,"coverage10":0.0,"coverage15":0.0}},{"type":"Feature","geometry":{"type":"Point","coordinates":[-4.10441,41.75651]},"properties":{"id":"47060","name":"ENCINAS DE ESGUEVA","province":"47","population":214,"populationSource":"osm_fallback","status":"available","coverage":[0.0,0.0,0.0],"buildings":433,"coverage5":0.0,"coverage10":0.0,"coverage15":0.0}},{"type":"Feature","geometry":{"type":"Point","coordinates":[-4.37998,41.75163]},"properties":{"id":"47061","name":"ESGUEVILLAS DE ESGUEVA","province":"47","population":257,"populationSource":"cadastre","status":"available","coverage":[0.0,0.0,0.0],"buildings":5,"coverage5":0.0,"coverage10":0.0,"coverage15":0.0}},{"type":"Feature","geometry":{"type":"Point","coordinates":[-4.18419,41.76396]},"properties":{"id":"47062","name":"FOMBELLIDA","province":"47","population":169,"populationSource":"cadastre","status":"available","coverage":[0.0,0.0,0.0],"buildings":11,"coverage5":0.0,"coverage10":0.0,"coverage15":0.0}},{"type":"Feature","geometry":{"type":"Point","coordinates":[-4.14569,41.53717]},"properties":{"id":"47063","name":"FOMPEDRAZA","province":"47","population":113,"populationSource":"osm_fallback","status":"available","coverage":[0.0,0.0,0.0],"buildings":9,"coverage5":0.0,"coverage10":0.0,"coverage15":0.0}},{"type":"Feature","geometry":{"type":"Point","coordinates":[-5.0582,42.16015]},"properties":{"id":"47064","name":"FONTIHOYUELO","province":"47","population":29,"populationSource":"cadastre","status":"available","coverage":[0.0,0.0,0.0],"buildings":2,"coverage5":0.0,"coverage10":0.0,"coverage15":0.0}},{"type":"Feature","geometry":{"type":"Point","coordinates":[-5.14633,41.19673]},"properties":{"id":"47065","name":"FRESNO EL VIEJO","province":"47","population":825,"populationSource":"osm_fallback","status":"available","coverage":[94.83,94.83,100.0],"buildings":3,"coverage5":94.83,"coverage10":94.83,"coverage15":100.0}},{"type":"Feature","geometry":{"type":"Point","coordinates":[-4.76542,41.70728]},"properties":{"id":"47066","name":"FUENSALDAÑA","province":"47","population":2146,"populationSource":"cadastre","status":"available","coverage":[0.0,0.0,12.31],"buildings":17,"coverage5":0.0,"coverage10":0.0,"coverage15":12.31}},{"type":"Feature","geometry":{"type":"Point","coordinates":[-4.93578,41.17546]},"properties":{"id":"47067","name":"FUENTE EL SOL","province":"47","population":150,"populationSource":"cadastre","status":"available","coverage":[0.0,0.0,0.0],"buildings":2,"coverage5":0.0,"coverage10":0.0,"coverage15":0.0}},{"type":"Feature","geometry":{"type":"Point","coordinates":[-4.6472,41.24473]},"properties":{"id":"47068","name":"FUENTE-OLMEDO","province":"47","population":42,"populationSource":"osm_fallback","status":"available","coverage":[0.0,0.0,0.0],"buildings":2,"coverage5":0.0,"coverage10":0.0,"coverage15":0.0}},{"type":"Feature","geometry":{"type":"Point","coordinates":[-5.09781,41.60954]},"properties":{"id":"47069","name":"GALLEGOS DE HORNIJA","province":"47","population":104,"populationSource":"cadastre","status":"review"}},{"type":"Feature","geometry":{"type":"Point","coordinates":[-4.97897,42.05005]},"properties":{"id":"47070","name":"GATÓN DE CAMPOS","province":"47","population":46,"populationSource":"osm_fallback","status":"available","coverage":[0.0,0.0,0.0],"buildings":1,"coverage5":0.0,"coverage10":0.0,"coverage15":0.0}},{"type":"Feature","geometry":{"type":"Point","coordinates":[-4.87566,41.5791]},"properties":{"id":"47071","name":"GERIA","province":"47","population":492,"populationSource":"osm_fallback","status":"available","coverage":[0.0,0.0,0.0],"buildings":96,"coverage5":0.0,"coverage10":0.0,"coverage15":0.0}},{"type":"Feature","geometry":{"type":"Point","coordinates":[-4.95345,42.12363]},"properties":{"id":"47073","name":"HERRÍN DE CAMPOS","province":"47","population":111,"populationSource":"cadastre","status":"available","coverage":[0.0,0.0,0.0],"buildings":1,"coverage5":0.0,"coverage10":0.0,"coverage15":0.0}},{"type":"Feature","geometry":{"type":"Point","coordinates":[-4.71994,41.36613]},"properties":{"id":"47074","name":"HORNILLOS DE ERESMA","province":"47","population":182,"populationSource":"cadastre","status":"available","coverage":[91.16,100.0,100.0],"buildings":12,"coverage5":91.16,"coverage10":100.0,"coverage15":100.0}},{"type":"Feature","geometry":{"type":"Point","coordinates":[-4.53071,41.3642]},"properties":{"id":"47075","name":"ÍSCAR","province":"47","population":6493,"populationSource":"osm_fallback","status":"available","coverage":[22.1,60.76,92.19],"buildings":57,"coverage5":22.1,"coverage10":60.76,"coverage15":92.19}},{"type":"Feature","geometry":{"type":"Point","coordinates":[-4.72215,41.58332]},"properties":{"id":"47076","name":"LAGUNA DE DUERO","province":"47","population":22965,"populationSource":"osm_fallback","status":"available","coverage":[55.02,81.79,88.69],"buildings":1857,"coverage5":55.02,"coverage10":81.79,"coverage15":88.69}},{"type":"Feature","geometry":{"type":"Point","coordinates":[-4.19965,41.57029]},"properties":{"id":"47077","name":"LANGAYO","province":"47","population":246,"populationSource":"cadastre","status":"available","coverage":[100.0,100.0,100.0],"buildings":2,"coverage5":100.0,"coverage10":100.0,"coverage15":100.0}},{"type":"Feature","geometry":{"type":"Point","coordinates":[-4.91785,41.1499]},"properties":{"id":"47078","name":"LOMOVIEJO","province":"47","population":155,"populationSource":"cadastre","status":"available","coverage":[0.0,0.0,0.0],"buildings":2,"coverage5":0.0,"coverage10":0.0,"coverage15":0.0}},{"type":"Feature","geometry":{"type":"Point","coordinates":[-4.61295,41.26811]},"properties":{"id":"47079","name":"LLANO DE OLMEDO","province":"47","population":49,"populationSource":"cadastre","status":"available","coverage":[0.0,0.0,0.0],"buildings":1,"coverage5":0.0,"coverage10":0.0,"coverage15":0.0}},{"type":"Feature","geometry":{"type":"Point","coordinates":[-4.18859,41.58582]},"properties":{"id":"47080","name":"MANZANILLO","province":"47","population":48,"populationSource":"cadastre","status":"available","coverage":[100.0,100.0,100.0],"buildings":1,"coverage5":100.0,"coverage10":100.0,"coverage15":100.0}},{"type":"Feature","geometry":{"type":"Point","coordinates":[-5.13361,41.58754]},"properties":{"id":"47081","name":"MARZALES","province":"47","population":45,"populationSource":"osm_fallback","status":"available","coverage":[0.0,0.0,0.0],"buildings":2,"coverage5":0.0,"coverage10":0.0,"coverage15":0.0}},{"type":"Feature","geometry":{"type":"Point","coordinates":[-4.79044,41.41147]},"properties":{"id":"47082","name":"MATAPOZUELOS","province":"47","population":977,"populationSource":"cadastre","status":"available","coverage":[0.0,0.0,3.85],"buildings":12,"coverage5":0.0,"coverage10":0.0,"coverage15":3.85}},{"type":"Feature","geometry":{"type":"Point","coordinates":[-4.96639,41.54654]},"properties":{"id":"47083","name":"MATILLA DE LOS CAÑOS","province":"47","population":116,"populationSource":"cadastre","status":"available","coverage":[0.0,0.0,0.0],"buildings":6,"coverage5":0.0,"coverage10":0.0,"coverage15":0.0}},{"type":"Feature","geometry":{"type":"Point","coordinates":[-5.26251,42.16649]},"properties":{"id":"47084","name":"MAYORGA","province":"47","population":1354,"populationSource":"osm_fallback","status":"available","coverage":[14.82,27.32,41.11],"buildings":126,"coverage5":14.82,"coverage10":27.32,"coverage15":41.11}},{"type":"Feature","geometry":{"type":"Point","coordinates":[-4.91519,41.30758]},"properties":{"id":"47085","name":"MEDINA DEL CAMPO","province":"47","population":20215,"populationSource":"osm_fallback","status":"available","coverage":[33.78,62.23,77.83],"buildings":5718,"coverage5":33.78,"coverage10":62.23,"coverage15":77.83}},{"type":"Feature","geometry":{"type":"Point","coordinates":[-5.04318,41.88307]},"properties":{"id":"47086","name":"MEDINA DE RIOSECO","province":"47","population":4617,"populationSource":"osm_fallback","status":"available","coverage":[9.0,29.76,65.76],"buildings":296,"coverage5":9.0,"coverage10":29.76,"coverage15":65.76}},{"type":"Feature","geometry":{"type":"Point","coordinates":[-4.56419,41.40783]},"properties":{"id":"47087","name":"MEGECES","province":"47","population":419,"populationSource":"cadastre","status":"available","coverage":[0.0,100.0,100.0],"buildings":2,"coverage5":0.0,"coverage10":100.0,"coverage15":100.0}},{"type":"Feature","geometry":{"type":"Point","coordinates":[-5.14166,42.24487]},"properties":{"id":"47088","name":"MELGAR DE ABAJO","province":"47","population":117,"populationSource":"cadastre","status":"available","coverage":[0.0,0.0,0.0],"buildings":3,"coverage5":0.0,"coverage10":0.0,"coverage15":0.0}},{"type":"Feature","geometry":{"type":"Point","coordinates":[-5.09198,42.2705]},"properties":{"id":"47089","name":"MELGAR DE ARRIBA","province":"47","population":161,"populationSource":"cadastre","status":"available","coverage":[0.0,0.0,0.0],"buildings":2,"coverage5":0.0,"coverage10":0.0,"coverage15":0.0}},{"type":"Feature","geometry":{"type":"Point","coordinates":[-4.66159,41.43281]},"properties":{"id":"47090","name":"MOJADOS","province":"47","population":3415,"populationSource":"osm_fallback","status":"available","coverage":[1.5,12.46,13.3],"buildings":54,"coverage5":1.5,"coverage10":12.46,"coverage15":13.3}},{"type":"Feature","geometry":{"type":"Point","coordinates":[-5.18044,42.23091]},"properties":{"id":"47091","name":"MONASTERIO DE VEGA","province":"47","population":79,"populationSource":"cadastre","status":"available","coverage":[0.0,0.0,0.0],"buildings":5,"coverage5":0.0,"coverage10":0.0,"coverage15":0.0}},{"type":"Feature","geometry":{"type":"Point","coordinates":[-4.89849,41.90244]},"properties":{"id":"47092","name":"MONTEALEGRE DE CAMPOS","province":"47","population":105,"populationSource":"osm_fallback","status":"available","coverage":[0.0,0.0,0.0],"buildings":22,"coverage5":0.0,"coverage10":0.0,"coverage15":0.0}},{"type":"Feature","geometry":{"type":"Point","coordinates":[-4.45812,41.50756]},"properties":{"id":"47093","name":"MONTEMAYOR DE PILILLA","province":"47","population":837,"populationSource":"osm_fallback","status":"available","coverage":[9.82,10.09,10.09],"buildings":48,"coverage5":9.82,"coverage10":10.09,"coverage15":10.09}},{"type":"Feature","geometry":{"type":"Point","coordinates":[-5.06782,41.98562]},"properties":{"id":"47094","name":"MORAL DE LA REINA","province":"47","population":129,"populationSource":"cadastre","status":"available","coverage":[0.0,0.0,0.0],"buildings":1,"coverage5":0.0,"coverage10":0.0,"coverage15":0.0}},{"type":"Feature","geometry":{"type":"Point","coordinates":[-4.82563,41.27658]},"properties":{"id":"47095","name":"MORALEJA DE LAS PANADERAS","province":"47","population":42,"populationSource":"cadastre","status":"available","coverage":[0.0,0.0,0.0],"buildings":7,"coverage5":0.0,"coverage10":0.0,"coverage15":0.0}},{"type":"Feature","geometry":{"type":"Point","coordinates":[-5.17448,41.85998]},"properties":{"id":"47096","name":"MORALES DE CAMPOS","province":"47","population":128,"populationSource":"cadastre","status":"available","coverage":[0.0,0.0,0.0],"buildings":5,"coverage5":0.0,"coverage10":0.0,"coverage15":0.0}},{"type":"Feature","geometry":{"type":"Point","coordinates":[-5.17885,41.63251]},"properties":{"id":"47097","name":"MOTA DEL MARQUÉS","province":"47","population":342,"populationSource":"cadastre","status":"available","coverage":[0.0,0.0,0.0],"buildings":1,"coverage5":0.0,"coverage10":0.0,"coverage15":0.0}},{"type":"Feature","geometry":{"type":"Point","coordinates":[-4.76079,41.74386]},"properties":{"id":"47098","name":"MUCIENTES","province":"47","population":690,"populationSource":"cadastre","status":"available","coverage":[0.0,0.0,0.0],"buildings":4,"coverage5":0.0,"coverage10":0.0,"coverage15":0.0}},{"type":"Feature","geometry":{"type":"Point","coordinates":[-4.94411,41.7793]},"properties":{"id":"47099","name":"LA MUDARRA","province":"47","population":167,"populationSource":"cadastre","status":"available","coverage":[0.0,0.0,0.0],"buildings":2,"coverage5":0.0,"coverage10":0.0,"coverage15":0.0}},{"type":"Feature","geometry":{"type":"Point","coordinates":[-4.84251,41.12209]},"properties":{"id":"47100","name":"MURIEL","province":"47","population":106,"populationSource":"cadastre","status":"available","coverage":[0.0,0.0,0.0],"buildings":2,"coverage5":0.0,"coverage10":0.0,"coverage15":0.0}},{"type":"Feature","geometry":{"type":"Point","coordinates":[-5.08166,41.33049]},"properties":{"id":"47101","name":"NAVA DEL REY","province":"47","population":1924,"populationSource":"osm_fallback","status":"available","coverage":[54.73,81.67,83.89],"buildings":29,"coverage5":54.73,"coverage10":81.67,"coverage15":83.89}},{"type":"Feature","geometry":{"type":"Point","coordinates":[-5.05678,41.26802]},"properties":{"id":"47102","name":"NUEVA VILLA DE LAS TORRES","province":"47","population":265,"populationSource":"cadastre","status":"available","coverage":[0.0,0.0,0.0],"buildings":1,"coverage5":0.0,"coverage10":0.0,"coverage15":0.0}},{"type":"Feature","geometry":{"type":"Point","coordinates":[-4.36692,41.63835]},"properties":{"id":"47103","name":"OLIVARES DE DUERO","province":"47","population":328,"populationSource":"cadastre","status":"available","coverage":[39.11,81.1,100.0],"buildings":13,"coverage5":39.11,"coverage10":81.1,"coverage15":100.0}},{"type":"Feature","geometry":{"type":"Point","coordinates":[-4.68473,41.28888]},"properties":{"id":"47104","name":"OLMEDO","province":"47","population":3592,"populationSource":"osm_fallback","status":"available","coverage":[17.88,60.45,65.41],"buildings":1248,"coverage5":17.88,"coverage10":60.45,"coverage15":65.41}},{"type":"Feature","geometry":{"type":"Point","coordinates":[-4.52083,41.68761]},"properties":{"id":"47105","name":"OLMOS DE ESGUEVA","province":"47","population":187,"populationSource":"cadastre","status":"available","coverage":[100.0,100.0,100.0],"buildings":3,"coverage5":100.0,"coverage10":100.0,"coverage15":100.0}},{"type":"Feature","geometry":{"type":"Point","coordinates":[-4.04197,41.5724]},"properties":{"id":"47106","name":"OLMOS DE PEÑAFIEL","province":"47","population":35,"populationSource":"osm_fallback","status":"available","coverage":[0.0,0.0,0.0],"buildings":6,"coverage5":0.0,"coverage10":0.0,"coverage15":0.0}},{"type":"Feature","geometry":{"type":"Point","coordinates":[-5.14517,41.92809]},"properties":{"id":"47109","name":"PALAZUELO DE VEDIJA","province":"47","population":164,"populationSource":"cadastre","status":"available","coverage":[0.0,0.0,0.0],"buildings":2,"coverage5":0.0,"coverage10":0.0,"coverage15":0.0}},{"type":"Feature","geometry":{"type":"Point","coordinates":[-4.53515,41.53673]},"properties":{"id":"47110","name":"LA PARRILLA","province":"47","population":471,"populationSource":"osm_fallback","status":"available","coverage":[31.51,31.51,31.51],"buildings":4,"coverage5":31.51,"coverage10":31.51,"coverage15":31.51}},{"type":"Feature","geometry":{"type":"Point","coordinates":[-4.64713,41.47253]},"properties":{"id":"47111","name":"LA PEDRAJA DE PORTILLO","province":"47","population":1186,"populationSource":"osm_fallback","status":"available","coverage":[18.5,36.1,37.53],"buildings":30,"coverage5":18.5,"coverage10":36.1,"coverage15":37.53}},{"type":"Feature","geometry":{"type":"Point","coordinates":[-4.58399,41.34187]},"properties":{"id":"47112","name":"PEDRAJAS DE SAN ESTEBAN","province":"47","population":3434,"populationSource":"osm_fallback","status":"available","coverage":[23.53,48.98,80.08],"buildings":42,"coverage5":23.53,"coverage10":48.98,"coverage15":80.08}},{"type":"Feature","geometry":{"type":"Point","coordinates":[-5.20444,41.55552]},"properties":{"id":"47113","name":"PEDROSA DEL REY","province":"47","population":147,"populationSource":"osm_fallback","status":"available","coverage":[0.0,0.0,0.0],"buildings":9,"coverage5":0.0,"coverage10":0.0,"coverage15":0.0}},{"type":"Feature","geometry":{"type":"Point","coordinates":[-4.11869,41.59645]},"properties":{"id":"47114","name":"PEÑAFIEL","province":"47","population":5143,"populationSource":"osm_fallback","status":"available","coverage":[10.49,32.53,49.32],"buildings":274,"coverage5":10.49,"coverage10":32.53,"coverage15":49.32}},{"type":"Feature","geometry":{"type":"Point","coordinates":[-4.984,41.71166]},"properties":{"id":"47115","name":"PEÑAFLOR DE HORNIJA","province":"47","population":350,"populationSource":"osm_fallback","status":"available","coverage":[0.0,0.0,0.0],"buildings":44,"coverage5":0.0,"coverage10":0.0,"coverage15":0.0}},{"type":"Feature","geometry":{"type":"Point","coordinates":[-4.15594,41.64126]},"properties":{"id":"47116","name":"PESQUERA DE DUERO","province":"47","population":403,"populationSource":"osm_fallback","status":"available","coverage":[14.6,19.01,23.34],"buildings":141,"coverage5":14.6,"coverage10":19.01,"coverage15":23.34}},{"type":"Feature","geometry":{"type":"Point","coordinates":[-4.42818,41.72976]},"properties":{"id":"47117","name":"PIÑA DE ESGUEVA","province":"47","population":313,"populationSource":"osm_fallback","status":"available","coverage":[0.0,0.0,0.0],"buildings":22,"coverage5":0.0,"coverage10":0.0,"coverage15":0.0}},{"type":"Feature","geometry":{"type":"Point","coordinates":[-4.14655,41.67531]},"properties":{"id":"47118","name":"PIÑEL DE ABAJO","province":"47","population":165,"populationSource":"osm_fallback","status":"available","coverage":[0.0,0.0,0.0],"buildings":309,"coverage5":0.0,"coverage10":0.0,"coverage15":0.0}},{"type":"Feature","geometry":{"type":"Point","coordinates":[-4.12805,41.69944]},"properties":{"id":"47119","name":"PIÑEL DE ARRIBA","province":"47","population":81,"populationSource":"osm_fallback","status":"available","coverage":[0.0,0.0,0.0],"buildings":362,"coverage5":0.0,"coverage10":0.0,"coverage15":0.0}},{"type":"Feature","geometry":{"type":"Point","coordinates":[-5.12527,41.44348]},"properties":{"id":"47121","name":"POLLOS","province":"47","population":565,"populationSource":"osm_fallback","status":"available","coverage":[0.0,0.0,0.0],"buildings":13,"coverage5":0.0,"coverage10":0.0,"coverage15":0.0}},{"type":"Feature","geometry":{"type":"Point","coordinates":[-4.58806,41.47907]},"properties":{"id":"47122","name":"PORTILLO","province":"47","population":2377,"populationSource":"osm_fallback","status":"available","coverage":[58.6,76.69,87.54],"buildings":1080,"coverage5":58.6,"coverage10":76.69,"coverage15":87.54}},{"type":"Feature","geometry":{"type":"Point","coordinates":[-4.83964,41.31766]},"properties":{"id":"47123","name":"POZAL DE GALLINAS","province":"47","population":556,"populationSource":"osm_fallback","status":"available","coverage":[28.94,48.64,60.31],"buildings":34,"coverage5":28.94,"coverage10":48.64,"coverage15":60.31}},{"type":"Feature","geometry":{"type":"Point","coordinates":[-4.84604,41.37198]},"properties":{"id":"47124","name":"POZALDEZ","province":"47","population":503,"populationSource":"osm_fallback","status":"available","coverage":[0.0,0.0,0.0],"buildings":2,"coverage5":0.0,"coverage10":0.0,"coverage15":0.0}},{"type":"Feature","geometry":{"type":"Point","coordinates":[-5.25926,41.82292]},"properties":{"id":"47125","name":"POZUELO DE LA ORDEN","province":"47","population":56,"populationSource":"osm_fallback","status":"available","coverage":[0.0,0.0,0.0],"buildings":25,"coverage5":0.0,"coverage10":0.0,"coverage15":0.0}},{"type":"Feature","geometry":{"type":"Point","coordinates":[-4.64838,41.18277]},"properties":{"id":"47126","name":"PURAS","province":"47","population":44,"populationSource":"osm_fallback","status":"available","coverage":[0.0,0.0,0.0],"buildings":4,"coverage5":0.0,"coverage10":0.0,"coverage15":0.0}},{"type":"Feature","geometry":{"type":"Point","coordinates":[-4.21663,41.62004]},"properties":{"id":"47127","name":"QUINTANILLA DE ARRIBA","province":"47","population":161,"populationSource":"osm_fallback","status":"available","coverage":[1.62,15.37,36.87],"buildings":11,"coverage5":1.62,"coverage10":15.37,"coverage15":36.87}},{"type":"Feature","geometry":{"type":"Point","coordinates":[-5.44962,41.98963]},"properties":{"id":"47128","name":"QUINTANILLA DEL MOLAR","province":"47","population":43,"populationSource":"osm_fallback","status":"available","coverage":[0.0,0.0,0.0],"buildings":5,"coverage5":0.0,"coverage10":0.0,"coverage15":0.0}},{"type":"Feature","geometry":{"type":"Point","coordinates":[-4.36534,41.62598]},"properties":{"id":"47129","name":"QUINTANILLA DE ONÉSIMO","province":"47","population":1043,"populationSource":"osm_fallback","status":"available","coverage":[5.46,7.49,9.14],"buildings":26,"coverage5":5.46,"coverage10":7.49,"coverage15":9.14}},{"type":"Feature","geometry":{"type":"Point","coordinates":[-4.65928,41.85379]},"properties":{"id":"47130","name":"QUINTANILLA DE TRIGUEROS","province":"47","population":100,"populationSource":"osm_fallback","status":"available","coverage":[0.0,0.0,0.0],"buildings":30,"coverage5":0.0,"coverage10":0.0,"coverage15":0.0}},{"type":"Feature","geometry":{"type":"Point","coordinates":[-4.06271,41.53171]},"properties":{"id":"47131","name":"RÁBANO","province":"47","population":169,"populationSource":"osm_fallback","status":"available","coverage":[0.0,0.0,0.0],"buildings":10,"coverage5":0.0,"coverage10":0.0,"coverage15":0.0}},{"type":"Feature","geometry":{"type":"Point","coordinates":[-4.78601,41.22921]},"properties":{"id":"47132","name":"RAMIRO","province":"47","population":44,"populationSource":"osm_fallback","status":"available","coverage":[0.0,0.0,0.0],"buildings":1,"coverage5":0.0,"coverage10":0.0,"coverage15":0.0}},{"type":"Feature","geometry":{"type":"Point","coordinates":[-4.62767,41.65499]},"properties":{"id":"47133","name":"RENEDO DE ESGUEVA","province":"47","population":3993,"populationSource":"osm_fallback","status":"available","coverage":[5.74,15.07,52.63],"buildings":174,"coverage5":5.74,"coverage10":15.07,"coverage15":52.63}},{"type":"Feature","geometry":{"type":"Point","coordinates":[-5.47545,42.03036]},"properties":{"id":"47134","name":"ROALES DE CAMPOS","province":"47","population":155,"populationSource":"osm_fallback","status":"available","coverage":[0.0,0.0,0.0],"buildings":6,"coverage5":0.0,"coverage10":0.0,"coverage15":0.0}},{"type":"Feature","geometry":{"type":"Point","coordinates":[-4.91,41.60793]},"properties":{"id":"47135","name":"ROBLADILLO","province":"47","population":86,"populationSource":"osm_fallback","status":"available","coverage":[0.0,0.0,0.0],"buildings":7,"coverage5":0.0,"coverage10":0.0,"coverage15":0.0}},{"type":"Feature","geometry":{"type":"Point","coordinates":[-4.11838,41.66703]},"properties":{"id":"47137","name":"ROTURAS","province":"47","population":26,"populationSource":"osm_fallback","status":"available","coverage":[0.0,0.0,0.0],"buildings":60,"coverage5":0.0,"coverage10":0.0,"coverage15":0.0}},{"type":"Feature","geometry":{"type":"Point","coordinates":[-4.92444,41.21445]},"properties":{"id":"47138","name":"RUBÍ DE BRACAMONTE","province":"47","population":207,"populationSource":"osm_fallback","status":"available","coverage":[0.0,0.0,0.0],"buildings":6,"coverage5":0.0,"coverage10":0.0,"coverage15":0.0}},{"type":"Feature","geometry":{"type":"Point","coordinates":[-4.96072,41.41368]},"properties":{"id":"47139","name":"RUEDA","province":"47","population":1118,"populationSource":"osm_fallback","status":"available","coverage":[6.89,46.2,63.69],"buildings":357,"coverage5":6.89,"coverage10":46.2,"coverage15":63.69}},{"type":"Feature","geometry":{"type":"Point","coordinates":[-5.20613,42.21206]},"properties":{"id":"47140","name":"SAELICES DE MAYORGA","province":"47","population":116,"populationSource":"osm_fallback","status":"available","coverage":[0.0,0.0,0.0],"buildings":61,"coverage5":0.0,"coverage10":0.0,"coverage15":0.0}},{"type":"Feature","geometry":{"type":"Point","coordinates":[-4.87578,41.11602]},"properties":{"id":"47141","name":"SALVADOR DE ZAPARDIEL","province":"47","population":99,"populationSource":"nominatim_point","status":"available","coverage":[0.0,0.0,0.0],"buildings":1,"coverage5":0.0,"coverage10":0.0,"coverage15":0.0}},{"type":"Feature","geometry":{"type":"Point","coordinates":[-5.14712,41.68088]},"properties":{"id":"47142","name":"SAN CEBRIÁN DE MAZOTE","province":"47","population":99,"populationSource":"osm_fallback","status":"available","coverage":[0.0,0.0,0.0],"buildings":71,"coverage5":0.0,"coverage10":0.0,"coverage15":0.0}},{"type":"Feature","geometry":{"type":"Point","coordinates":[-4.06468,41.68618]},"properties":{"id":"47143","name":"SAN LLORENTE","province":"47","population":93,"populationSource":"osm_fallback","status":"available","coverage":[0.0,100.0,100.0],"buildings":1,"coverage5":0.0,"coverage10":100.0,"coverage15":100.0}},{"type":"Feature","geometry":{"type":"Point","coordinates":[-4.5662,41.75352]},"properties":{"id":"47144","name":"SAN MARTÍN DE VALVENÍ","province":"47","population":78,"populationSource":"osm_fallback","status":"available","coverage":[0.0,0.0,0.0],"buildings":15,"coverage5":0.0,"coverage10":0.0,"coverage15":0.0}},{"type":"Feature","geometry":{"type":"Point","coordinates":[-4.4609,41.4422]},"properties":{"id":"47145","name":"SAN MIGUEL DEL ARROYO","province":"47","population":641,"populationSource":"osm_fallback","status":"available","coverage":[0.0,0.0,0.0],"buildings":20,"coverage5":0.0,"coverage10":0.0,"coverage15":0.0}},{"type":"Feature","geometry":{"type":"Point","coordinates":[-4.91005,41.50793]},"properties":{"id":"47146","name":"SAN MIGUEL DEL PINO","province":"47","population":365,"populationSource":"osm_fallback","status":"available","coverage":[0.0,46.73,96.87],"buildings":22,"coverage5":0.0,"coverage10":46.73,"coverage15":96.87}},{"type":"Feature","geometry":{"type":"Point","coordinates":[-4.7738,41.16022]},"properties":{"id":"47147","name":"SAN PABLO DE LA MORALEJA","province":"47","population":113,"populationSource":"osm_fallback","status":"available","coverage":[0.0,0.0,0.0],"buildings":3,"coverage5":0.0,"coverage10":0.0,"coverage15":0.0}},{"type":"Feature","geometry":{"type":"Point","coordinates":[-5.32694,41.73536]},"properties":{"id":"47148","name":"SAN PEDRO DE LATARCE","province":"47","population":429,"populationSource":"osm_fallback","status":"available","coverage":[0.0,0.0,0.0],"buildings":105,"coverage5":0.0,"coverage10":0.0,"coverage15":0.0}},{"type":"Feature","geometry":{"type":"Point","coordinates":[-5.03405,41.68138]},"properties":{"id":"47149","name":"SAN PELAYO","province":"47","population":42,"populationSource":"osm_fallback","status":"available","coverage":[100.0,100.0,100.0],"buildings":1,"coverage5":100.0,"coverage10":100.0,"coverage15":100.0}},{"type":"Feature","geometry":{"type":"Point","coordinates":[-5.2844,41.4803]},"properties":{"id":"47150","name":"SAN ROMÁN DE HORNIJA","province":"47","population":295,"populationSource":"nominatim_point","status":"available","coverage":[0.0,0.0,0.0],"buildings":1,"coverage5":0.0,"coverage10":0.0,"coverage15":0.0}},{"type":"Feature","geometry":{"type":"Point","coordinates":[-5.08877,41.62096]},"properties":{"id":"47151","name":"SAN SALVADOR","province":"47","population":20,"populationSource":"osm_fallback","status":"available","coverage":[0.0,0.0,0.0],"buildings":2,"coverage5":0.0,"coverage10":0.0,"coverage15":0.0}},{"type":"Feature","geometry":{"type":"Point","coordinates":[-5.26517,41.89481]},"properties":{"id":"47152","name":"SANTA EUFEMIA DEL ARROYO","province":"47","population":78,"populationSource":"osm_fallback","status":"available","coverage":[0.0,0.0,0.0],"buildings":116,"coverage5":0.0,"coverage10":0.0,"coverage15":0.0}},{"type":"Feature","geometry":{"type":"Point","coordinates":[-5.10097,42.21716]},"properties":{"id":"47153","name":"SANTERVÁS DE CAMPOS","province":"47","population":100,"populationSource":"osm_fallback","status":"available","coverage":[0.0,0.0,0.0],"buildings":66,"coverage5":0.0,"coverage10":0.0,"coverage15":0.0}},{"type":"Feature","geometry":{"type":"Point","coordinates":[-4.45142,41.57007]},"properties":{"id":"47154","name":"SANTIBÁÑEZ DE VALCORBA","province":"47","population":195,"populationSource":"osm_fallback","status":"available","coverage":[9.65,9.82,9.97],"buildings":31,"coverage5":9.65,"coverage10":9.82,"coverage15":9.97}},{"type":"Feature","geometry":{"type":"Point","coordinates":[-4.69103,41.69635]},"properties":{"id":"47155","name":"SANTOVENIA DE PISUERGA","province":"47","population":4762,"populationSource":"osm_fallback","status":"available","coverage":[16.54,30.84,32.38],"buildings":105,"coverage5":16.54,"coverage10":30.84,"coverage15":32.38}},{"type":"Feature","geometry":{"type":"Point","coordinates":[-4.85209,41.21867]},"properties":{"id":"47156","name":"SAN VICENTE DEL PALACIO","province":"47","population":155,"populationSource":"osm_fallback","status":"available","coverage":[0.0,0.0,0.0],"buildings":42,"coverage5":0.0,"coverage10":0.0,"coverage15":0.0}},{"type":"Feature","geometry":{"type":"Point","coordinates":[-4.43377,41.60927]},"properties":{"id":"47157","name":"SARDÓN DE DUERO","province":"47","population":600,"populationSource":"osm_fallback","status":"available","coverage":[3.14,21.76,21.76],"buildings":18,"coverage5":3.14,"coverage10":21.76,"coverage15":21.76}},{"type":"Feature","geometry":{"type":"Point","coordinates":[-4.90753,41.41398]},"properties":{"id":"47158","name":"LA SECA","province":"47","population":1015,"populationSource":"osm_fallback","status":"available","coverage":[1.25,1.25,1.25],"buildings":134,"coverage5":1.25,"coverage10":1.25,"coverage15":1.25}},{"type":"Feature","geometry":{"type":"Point","coordinates":[-4.86227,41.45737]},"properties":{"id":"47159","name":"SERRADA","province":"47","population":1117,"populationSource":"osm_fallback","status":"available","coverage":[53.37,76.72,81.13],"buildings":89,"coverage5":53.37,"coverage10":76.72,"coverage15":81.13}},{"type":"Feature","geometry":{"type":"Point","coordinates":[-5.18526,41.35157]},"properties":{"id":"47160","name":"SIETE IGLESIAS DE TRABANCOS","province":"47","population":413,"populationSource":"osm_fallback","status":"available","coverage":[0.0,0.0,0.0],"buildings":3,"coverage5":0.0,"coverage10":0.0,"coverage15":0.0}},{"type":"Feature","geometry":{"type":"Point","coordinates":[-4.8278,41.59047]},"properties":{"id":"47161","name":"SIMANCAS","province":"47","population":5533,"populationSource":"osm_fallback","status":"available","coverage":[9.53,43.07,55.51],"buildings":722,"coverage5":9.53,"coverage10":43.07,"coverage15":55.51}},{"type":"Feature","geometry":{"type":"Point","coordinates":[-5.02457,41.97454]},"properties":{"id":"47162","name":"TAMARIZ DE CAMPOS","province":"47","population":85,"populationSource":"osm_fallback","status":"available","coverage":[0.0,0.0,0.0],"buildings":10,"coverage5":0.0,"coverage10":0.0,"coverage15":0.0}},{"type":"Feature","geometry":{"type":"Point","coordinates":[-5.26935,41.65231]},"properties":{"id":"47163","name":"TIEDRA","province":"47","population":273,"populationSource":"osm_fallback","status":"available","coverage":[0.0,0.0,0.0],"buildings":43,"coverage5":0.0,"coverage10":0.0,"coverage15":0.0}},{"type":"Feature","geometry":{"type":"Point","coordinates":[-5.16072,41.81327]},"properties":{"id":"47164","name":"TORDEHUMOS","province":"47","population":362,"populationSource":"osm_fallback","status":"available","coverage":[0.0,0.0,0.0],"buildings":101,"coverage5":0.0,"coverage10":0.0,"coverage15":0.0}},{"type":"Feature","geometry":{"type":"Point","coordinates":[-5.00128,41.50202]},"properties":{"id":"47165","name":"TORDESILLAS","province":"47","population":8773,"populationSource":"osm_fallback","status":"available","coverage":[25.96,73.15,75.47],"buildings":888,"coverage5":25.96,"coverage10":73.15,"coverage15":75.47}},{"type":"Feature","geometry":{"type":"Point","coordinates":[-5.08904,41.48573]},"properties":{"id":"47166","name":"TORRECILLA DE LA ABADESA","province":"47","population":237,"populationSource":"osm_fallback","status":"available","coverage":[0.0,0.0,0.0],"buildings":18,"coverage5":0.0,"coverage10":0.0,"coverage15":0.0}},{"type":"Feature","geometry":{"type":"Point","coordinates":[-5.22289,41.21954]},"properties":{"id":"47167","name":"TORRECILLA DE LA ORDEN","province":"47","population":226,"populationSource":"osm_fallback","status":"available","coverage":[0.0,0.0,0.0],"buildings":2,"coverage5":0.0,"coverage10":0.0,"coverage15":0.0}},{"type":"Feature","geometry":{"type":"Point","coordinates":[-5.05026,41.66553]},"properties":{"id":"47168","name":"TORRECILLA DE LA TORRE","province":"47","population":27,"populationSource":"osm_fallback","status":"available","coverage":[0.0,0.0,0.0],"buildings":1,"coverage5":0.0,"coverage10":0.0,"coverage15":0.0}},{"type":"Feature","geometry":{"type":"Point","coordinates":[-4.20004,41.76745]},"properties":{"id":"47169","name":"TORRE DE ESGUEVA","province":"47","population":60,"populationSource":"osm_fallback","status":"available","coverage":[0.0,0.0,0.0],"buildings":15,"coverage5":0.0,"coverage10":0.0,"coverage15":0.0}},{"type":"Feature","geometry":{"type":"Point","coordinates":[-4.08885,41.53651]},"properties":{"id":"47170","name":"TORRE DE PEÑAFIEL","province":"47","population":57,"populationSource":"osm_fallback","status":"available","coverage":[0.0,0.0,0.0],"buildings":3,"coverage5":0.0,"coverage10":0.0,"coverage15":0.0}},{"type":"Feature","geometry":{"type":"Point","coordinates":[-5.02538,41.64937]},"properties":{"id":"47171","name":"TORRELOBATÓN","province":"47","population":387,"populationSource":"osm_fallback","status":"available","coverage":[0.0,0.0,0.0],"buildings":407,"coverage5":0.0,"coverage10":0.0,"coverage15":0.0}},{"type":"Feature","geometry":{"type":"Point","coordinates":[-4.31995,41.48483]},"properties":{"id":"47172","name":"TORRESCÁRCELA","province":"47","population":162,"populationSource":"osm_fallback","status":"available","coverage":[0.0,0.0,0.0],"buildings":57,"coverage5":0.0,"coverage10":0.0,"coverage15":0.0}},{"type":"Feature","geometry":{"type":"Point","coordinates":[-4.47592,41.58249]},"properties":{"id":"47173","name":"TRASPINEDO","province":"47","population":1308,"populationSource":"osm_fallback","status":"available","coverage":[0.0,0.0,0.0],"buildings":11,"coverage5":0.0,"coverage10":0.0,"coverage15":0.0}},{"type":"Feature","geometry":{"type":"Point","coordinates":[-4.65144,41.83017]},"properties":{"id":"47174","name":"TRIGUEROS DEL VALLE","province":"47","population":320,"populationSource":"osm_fallback","status":"available","coverage":[0.0,0.0,0.0],"buildings":376,"coverage5":0.0,"coverage10":0.0,"coverage15":0.0}},{"type":"Feature","geometry":{"type":"Point","coordinates":[-4.58001,41.58401]},"properties":{"id":"47175","name":"TUDELA DE DUERO","province":"47","population":8861,"populationSource":"osm_fallback","status":"available","coverage":[0.0,0.0,0.0],"buildings":183,"coverage5":0.0,"coverage10":0.0,"coverage15":0.0}},{"type":"Feature","geometry":{"type":"Point","coordinates":[-5.32488,42.07595]},"properties":{"id":"47176","name":"LA UNIÓN DE CAMPOS","province":"47","population":210,"populationSource":"osm_fallback","status":"available","coverage":[0.0,0.0,0.0],"buildings":3,"coverage5":0.0,"coverage10":0.0,"coverage15":0.0}},{"type":"Feature","geometry":{"type":"Point","coordinates":[-5.28298,42.09877]},"properties":{"id":"47177","name":"URONES DE CASTROPONCE","province":"47","population":94,"populationSource":"osm_fallback","status":"available","coverage":[0.0,0.0,0.0],"buildings":27,"coverage5":0.0,"coverage10":0.0,"coverage15":0.0}},{"type":"Feature","geometry":{"type":"Point","coordinates":[-5.20257,41.72775]},"properties":{"id":"47178","name":"URUEÑA","province":"47","population":200,"populationSource":"osm_fallback","status":"available","coverage":[0.0,0.0,0.0],"buildings":372,"coverage5":0.0,"coverage10":0.0,"coverage15":0.0}},{"type":"Feature","geometry":{"type":"Point","coordinates":[-4.29268,41.64247]},"properties":{"id":"47179","name":"VALBUENA DE DUERO","province":"47","population":385,"populationSource":"osm_fallback","status":"available","coverage":[0.0,1.16,4.94],"buildings":41,"coverage5":0.0,"coverage10":1.16,"coverage15":4.94}},{"type":"Feature","geometry":{"type":"Point","coordinates":[-4.04862,41.64241]},"properties":{"id":"47180","name":"VALDEARCOS DE LA VEGA","province":"47","population":56,"populationSource":"osm_fallback","status":"available","coverage":[0.0,0.0,0.0],"buildings":1,"coverage5":0.0,"coverage10":0.0,"coverage15":0.0}},{"type":"Feature","geometry":{"type":"Point","coordinates":[-4.96906,41.85591]},"properties":{"id":"47181","name":"VALDENEBRO DE LOS VALLES","province":"47","population":187,"populationSource":"osm_fallback","status":"available","coverage":[0.0,0.0,0.0],"buildings":308,"coverage5":0.0,"coverage10":0.0,"coverage15":0.0}},{"type":"Feature","geometry":{"type":"Point","coordinates":[-4.77154,41.47581]},"properties":{"id":"47182","name":"VALDESTILLAS","province":"47","population":1634,"populationSource":"osm_fallback","status":"available","coverage":[43.45,86.83,87.16],"buildings":104,"coverage5":43.45,"coverage10":86.83,"coverage15":87.16}},{"type":"Feature","geometry":{"type":"Point","coordinates":[-5.3122,42.03933]},"properties":{"id":"47183","name":"VALDUNQUILLO","province":"47","population":111,"populationSource":"osm_fallback","status":"available","coverage":[0.0,0.0,0.0],"buildings":5,"coverage5":0.0,"coverage10":0.0,"coverage15":0.0}},{"type":"Feature","geometry":{"type":"Point","coordinates":[-4.5309,41.80054]},"properties":{"id":"47184","name":"VALORIA LA BUENA","province":"47","population":740,"populationSource":"osm_fallback","status":"available","coverage":[0.0,0.0,0.0],"buildings":24,"coverage5":0.0,"coverage10":0.0,"coverage15":0.0}},{"type":"Feature","geometry":{"type":"Point","coordinates":[-5.03821,41.83445]},"properties":{"id":"47185","name":"VALVERDE DE CAMPOS","province":"47","population":89,"populationSource":"osm_fallback","status":"available","coverage":[0.0,0.0,0.0],"buildings":120,"coverage5":0.0,"coverage10":0.0,"coverage15":0.0}},{"type":"Feature","geometry":{"type":"Point","coordinates":[-4.72335,41.65233]},"properties":{"id":"47186","name":"VALLADOLID","province":"47","population":302614,"populationSource":"osm_fallback","status":"available","coverage":[38.81,81.61,91.92],"buildings":14660,"coverage5":38.81,"coverage10":81.61,"coverage15":91.92}},{"type":"Feature","geometry":{"type":"Point","coordinates":[-5.11288,42.18938]},"properties":{"id":"47187","name":"VEGA DE RUIPONCE","province":"47","population":81,"populationSource":"osm_fallback","status":"available","coverage":[0.0,0.0,0.0],"buildings":25,"coverage5":0.0,"coverage10":0.0,"coverage15":0.0}},{"type":"Feature","geometry":{"type":"Point","coordinates":[-5.11389,41.59307]},"properties":{"id":"47188","name":"VEGA DE VALDETRONCO","province":"47","population":88,"populationSource":"osm_fallback","status":"available","coverage":[0.0,0.0,0.0],"buildings":2,"coverage5":0.0,"coverage10":0.0,"coverage15":0.0}},{"type":"Feature","geometry":{"type":"Point","coordinates":[-4.97165,41.23067]},"properties":{"id":"47189","name":"VELASCÁLVARO","province":"47","population":156,"populationSource":"osm_fallback","status":"available","coverage":[0.0,0.0,0.0],"buildings":6,"coverage5":0.0,"coverage10":0.0,"coverage15":0.0}},{"type":"Feature","geometry":{"type":"Point","coordinates":[-5.00544,41.55786]},"properties":{"id":"47190","name":"VELILLA","province":"47","population":109,"populationSource":"osm_fallback","status":"available","coverage":[0.0,0.0,0.0],"buildings":1,"coverage5":0.0,"coverage10":0.0,"coverage15":0.0}},{"type":"Feature","geometry":{"type":"Point","coordinates":[-4.94662,41.57856]},"properties":{"id":"47191","name":"VELLIZA","province":"47","population":121,"populationSource":"osm_fallback","status":"available","coverage":[0.0,0.0,0.0],"buildings":10,"coverage5":0.0,"coverage10":0.0,"coverage15":0.0}},{"type":"Feature","geometry":{"type":"Point","coordinates":[-4.8313,41.41276]},"properties":{"id":"47192","name":"VENTOSA DE LA CUESTA","province":"47","population":110,"populationSource":"osm_fallback","status":"available","coverage":[0.0,0.0,0.0],"buildings":9,"coverage5":0.0,"coverage10":0.0,"coverage15":0.0}},{"type":"Feature","geometry":{"type":"Point","coordinates":[-4.75422,41.52943]},"properties":{"id":"47193","name":"VIANA DE CEGA","province":"47","population":2282,"populationSource":"osm_fallback","status":"available","coverage":[29.02,38.49,43.51],"buildings":16,"coverage5":29.02,"coverage10":38.49,"coverage15":43.51}},{"type":"Feature","geometry":{"type":"Point","coordinates":[-4.38233,41.4455]},"properties":{"id":"47194","name":"VILORIA","province":"47","population":338,"populationSource":"osm_fallback","status":"available","coverage":[0.0,0.0,0.0],"buildings":40,"coverage5":0.0,"coverage10":0.0,"coverage15":0.0}},{"type":"Feature","geometry":{"type":"Point","coordinates":[-4.52246,41.62975]},"properties":{"id":"47195","name":"VILLABÁÑEZ","province":"47","population":516,"populationSource":"osm_fallback","status":"available","coverage":[0.0,0.0,0.0],"buildings":18,"coverage5":0.0,"coverage10":0.0,"coverage15":0.0}},{"type":"Feature","geometry":{"type":"Point","coordinates":[-4.9953,42.01035]},"properties":{"id":"47196","name":"VILLABARUZ DE CAMPOS","province":"47","population":31,"populationSource":"osm_fallback","status":"available","coverage":[0.0,0.0,0.0],"buildings":1,"coverage5":0.0,"coverage10":0.0,"coverage15":0.0}},{"type":"Feature","geometry":{"type":"Point","coordinates":[-5.11781,41.82289]},"properties":{"id":"47197","name":"VILLABRÁGIMA","province":"47","population":1075,"populationSource":"osm_fallback","status":"available","coverage":[0.0,0.0,0.0],"buildings":41,"coverage5":0.0,"coverage10":0.0,"coverage15":0.0}},{"type":"Feature","geometry":{"type":"Point","coordinates":[-5.04364,42.19079]},"properties":{"id":"47198","name":"VILLACARRALÓN","province":"47","population":71,"populationSource":"osm_fallback","status":"available","coverage":[0.0,0.0,0.0],"buildings":19,"coverage5":0.0,"coverage10":0.0,"coverage15":0.0}},{"type":"Feature","geometry":{"type":"Point","coordinates":[-5.12503,42.08142]},"properties":{"id":"47199","name":"VILLACID DE CAMPOS","province":"47","population":83,"populationSource":"nominatim_point","status":"available","coverage":[0.0,0.0,0.0],"buildings":1,"coverage5":0.0,"coverage10":0.0,"coverage15":0.0}},{"type":"Feature","geometry":{"type":"Point","coordinates":[-4.2699,41.73974]},"properties":{"id":"47200","name":"VILLACO","province":"47","population":72,"populationSource":"osm_fallback","status":"available","coverage":[0.0,0.0,0.0],"buildings":6,"coverage5":0.0,"coverage10":0.0,"coverage15":0.0}},{"type":"Feature","geometry":{"type":"Point","coordinates":[-4.97129,42.07853]},"properties":{"id":"47203","name":"VILLAFRADES DE CAMPOS","province":"47","population":59,"populationSource":"osm_fallback","status":"available","coverage":[0.0,0.0,0.0],"buildings":2,"coverage5":0.0,"coverage10":0.0,"coverage15":0.0}},{"type":"Feature","geometry":{"type":"Point","coordinates":[-5.29981,41.43304]},"properties":{"id":"47204","name":"VILLAFRANCA DE DUERO","province":"47","population":247,"populationSource":"osm_fallback","status":"available","coverage":[0.0,0.0,0.0],"buildings":1,"coverage5":0.0,"coverage10":0.0,"coverage15":0.0}},{"type":"Feature","geometry":{"type":"Point","coordinates":[-5.21873,41.8936]},"properties":{"id":"47205","name":"VILLAFRECHÓS","province":"47","population":473,"populationSource":"osm_fallback","status":"available","coverage":[0.0,0.0,0.0],"buildings":24,"coverage5":0.0,"coverage10":0.0,"coverage15":0.0}},{"type":"Feature","geometry":{"type":"Point","coordinates":[-4.32537,41.73274]},"properties":{"id":"47206","name":"VILLAFUERTE","province":"47","population":80,"populationSource":"osm_fallback","status":"available","coverage":[0.0,0.0,0.0],"buildings":3,"coverage5":0.0,"coverage10":0.0,"coverage15":0.0}},{"type":"Feature","geometry":{"type":"Point","coordinates":[-5.19298,41.78086]},"properties":{"id":"47207","name":"VILLAGARCÍA DE CAMPOS","province":"47","population":297,"populationSource":"osm_fallback","status":"available","coverage":[0.0,0.0,0.0],"buildings":123,"coverage5":0.0,"coverage10":0.0,"coverage15":0.0}},{"type":"Feature","geometry":{"type":"Point","coordinates":[-5.1438,42.15531]},"properties":{"id":"47208","name":"VILLAGÓMEZ LA NUEVA","province":"47","population":46,"populationSource":"osm_fallback","status":"available","coverage":[0.0,0.0,0.0],"buildings":13,"coverage5":0.0,"coverage10":0.0,"coverage15":0.0}},{"type":"Feature","geometry":{"type":"Point","coordinates":[-5.23511,42.01523]},"properties":{"id":"47209","name":"VILLALÁN DE CAMPOS","province":"47","population":36,"populationSource":"osm_fallback","status":"available","coverage":[0.0,0.0,0.0],"buildings":1,"coverage5":0.0,"coverage10":0.0,"coverage15":0.0}},{"type":"Feature","geometry":{"type":"Point","coordinates":[-5.13746,41.54897]},"properties":{"id":"47210","name":"VILLALAR DE LOS COMUNEROS","province":"47","population":469,"populationSource":"osm_fallback","status":"available","coverage":[0.0,0.0,0.0],"buildings":301,"coverage5":0.0,"coverage10":0.0,"coverage15":0.0}},{"type":"Feature","geometry":{"type":"Point","coordinates":[-5.19036,42.17423]},"properties":{"id":"47211","name":"VILLALBA DE LA LOMA","province":"47","population":56,"populationSource":"osm_fallback","status":"available","coverage":[80.54,98.7,98.7],"buildings":24,"coverage5":80.54,"coverage10":98.7,"coverage15":98.7}},{"type":"Feature","geometry":{"type":"Point","coordinates":[-4.86181,41.86313]},"properties":{"id":"47212","name":"VILLALBA DE LOS ALCORES","province":"47","population":383,"populationSource":"osm_fallback","status":"available","coverage":[0.0,0.0,0.0],"buildings":83,"coverage5":0.0,"coverage10":0.0,"coverage15":0.0}},{"type":"Feature","geometry":{"type":"Point","coordinates":[-5.21324,41.60295]},"properties":{"id":"47213","name":"VILLALBARBA","province":"47","population":96,"populationSource":"osm_fallback","status":"available","coverage":[0.0,0.0,0.0],"buildings":23,"coverage5":0.0,"coverage10":0.0,"coverage15":0.0}},{"type":"Feature","geometry":{"type":"Point","coordinates":[-5.03429,42.09854]},"properties":{"id":"47214","name":"VILLALÓN DE CAMPOS","province":"47","population":1473,"populationSource":"osm_fallback","status":"available","coverage":[0.95,8.01,36.96],"buildings":36,"coverage5":0.95,"coverage10":8.01,"coverage15":36.96}},{"type":"Feature","geometry":{"type":"Point","coordinates":[-5.2079,41.94729]},"properties":{"id":"47215","name":"VILLAMURIEL DE CAMPOS","province":"47","population":55,"populationSource":"osm_fallback","status":"available","coverage":[0.0,0.0,0.0],"buildings":1,"coverage5":0.0,"coverage10":0.0,"coverage15":0.0}},{"type":"Feature","geometry":{"type":"Point","coordinates":[-4.9221,41.59323]},"properties":{"id":"47216","name":"VILLÁN DE TORDESILLAS","province":"47","population":122,"populationSource":"osm_fallback","status":"available","coverage":[0.0,0.0,0.0],"buildings":8,"coverage5":0.0,"coverage10":0.0,"coverage15":0.0}},{"type":"Feature","geometry":{"type":"Point","coordinates":[-4.84123,41.69958]},"properties":{"id":"47217","name":"VILLANUBLA","province":"47","population":2903,"populationSource":"osm_fallback","status":"available","coverage":[9.81,37.67,71.33],"buildings":464,"coverage5":9.81,"coverage10":37.67,"coverage15":71.33}},{"type":"Feature","geometry":{"type":"Point","coordinates":[-4.87123,41.51825]},"properties":{"id":"47218","name":"VILLANUEVA DE DUERO","province":"47","population":1263,"populationSource":"osm_fallback","status":"available","coverage":[0.0,0.0,0.0],"buildings":15,"coverage5":0.0,"coverage10":0.0,"coverage15":0.0}},{"type":"Feature","geometry":{"type":"Point","coordinates":[-5.09475,42.14956]},"properties":{"id":"47219","name":"VILLANUEVA DE LA CONDESA","province":"47","population":64,"populationSource":"osm_fallback","status":"available","coverage":[0.0,0.0,0.0],"buildings":4,"coverage5":0.0,"coverage10":0.0,"coverage15":0.0}},{"type":"Feature","geometry":{"type":"Point","coordinates":[-5.24685,41.75795]},"properties":{"id":"47220","name":"VILLANUEVA DE LOS CABALLEROS","province":"47","population":147,"populationSource":"osm_fallback","status":"available","coverage":[0.0,0.0,0.0],"buildings":78,"coverage5":0.0,"coverage10":0.0,"coverage15":0.0}},{"type":"Feature","geometry":{"type":"Point","coordinates":[-4.48383,41.70325]},"properties":{"id":"47221","name":"VILLANUEVA DE LOS INFANTES","province":"47","population":116,"populationSource":"osm_fallback","status":"available","coverage":[0.0,0.0,0.0],"buildings":2,"coverage5":0.0,"coverage10":0.0,"coverage15":0.0}},{"type":"Feature","geometry":{"type":"Point","coordinates":[-5.01294,41.92901]},"properties":{"id":"47222","name":"VILLANUEVA DE SAN MANCIO","province":"47","population":96,"populationSource":"osm_fallback","status":"available","coverage":[0.0,0.0,0.0],"buildings":132,"coverage5":0.0,"coverage10":0.0,"coverage15":0.0}},{"type":"Feature","geometry":{"type":"Point","coordinates":[-5.25012,41.72039]},"properties":{"id":"47223","name":"VILLARDEFRADES","province":"47","population":145,"populationSource":"osm_fallback","status":"available","coverage":[0.0,0.0,0.0],"buildings":38,"coverage5":0.0,"coverage10":0.0,"coverage15":0.0}},{"type":"Feature","geometry":{"type":"Point","coordinates":[-4.54716,41.68577]},"properties":{"id":"47224","name":"VILLARMENTERO DE ESGUEVA","province":"47","population":99,"populationSource":"osm_fallback","status":"available","coverage":[0.0,0.0,0.0],"buildings":16,"coverage5":0.0,"coverage10":0.0,"coverage15":0.0}},{"type":"Feature","geometry":{"type":"Point","coordinates":[-5.06528,41.63833]},"properties":{"id":"47225","name":"VILLASEXMIR","province":"47","population":67,"populationSource":"osm_fallback","status":"available","coverage":[0.0,0.0,0.0],"buildings":2,"coverage5":0.0,"coverage10":0.0,"coverage15":0.0}},{"type":"Feature","geometry":{"type":"Point","coordinates":[-4.46223,41.66315]},"properties":{"id":"47226","name":"VILLAVAQUERÍN","province":"47","population":155,"populationSource":"osm_fallback","status":"available","coverage":[0.0,0.0,0.0],"buildings":4,"coverage5":0.0,"coverage10":0.0,"coverage15":0.0}},{"type":"Feature","geometry":{"type":"Point","coordinates":[-5.27886,41.69413]},"properties":{"id":"47227","name":"VILLAVELLID","province":"47","population":51,"populationSource":"osm_fallback","status":"available","coverage":[0.0,0.0,0.0],"buildings":27,"coverage5":0.0,"coverage10":0.0,"coverage15":0.0}},{"type":"Feature","geometry":{"type":"Point","coordinates":[-5.02429,41.30583]},"properties":{"id":"47228","name":"VILLAVERDE DE MEDINA","province":"47","population":497,"populationSource":"osm_fallback","status":"available","coverage":[2.67,2.67,77.82],"buildings":6,"coverage5":2.67,"coverage10":2.67,"coverage15":77.82}},{"type":"Feature","geometry":{"type":"Point","coordinates":[-5.23754,42.05591]},"properties":{"id":"47229","name":"VILLAVICENCIO DE LOS CABALLEROS","province":"47","population":215,"populationSource":"osm_fallback","status":"available","coverage":[0.0,0.0,0.0],"buildings":3,"coverage5":0.0,"coverage10":0.0,"coverage15":0.0}},{"type":"Feature","geometry":{"type":"Point","coordinates":[-4.91768,41.67622]},"properties":{"id":"47230","name":"WAMBA","province":"47","population":289,"populationSource":"osm_fallback","status":"available","coverage":[0.0,0.0,0.0],"buildings":329,"coverage5":0.0,"coverage10":0.0,"coverage15":0.0}},{"type":"Feature","geometry":{"type":"Point","coordinates":[-4.78289,41.66152]},"properties":{"id":"47231","name":"ZARATÁN","province":"47","population":6386,"populationSource":"osm_fallback","status":"available","coverage":[30.49,81.84,94.55],"buildings":221,"coverage5":30.49,"coverage10":81.84,"coverage15":94.55}},{"type":"Feature","geometry":{"type":"Point","coordinates":[-4.77129,41.26159]},"properties":{"id":"47232","name":"LA ZARZA","province":"47","population":109,"populationSource":"osm_fallback","status":"available","coverage":[0.0,0.0,0.0],"buildings":8,"coverage5":0.0,"coverage10":0.0,"coverage15":0.0}},{"type":"Feature","geometry":{"type":"Point","coordinates":[-5.42556,41.62554]},"properties":{"id":"49002","name":"ABEZAMES","province":"49","population":58,"populationSource":"osm_fallback","status":"available","coverage":[0.0,0.0,0.0],"buildings":2,"coverage5":0.0,"coverage10":0.0,"coverage15":0.0}},{"type":"Feature","geometry":{"type":"Point","coordinates":[-6.34944,41.69839]},"properties":{"id":"49003","name":"ALCAÑICES","province":"49","population":1062,"populationSource":"osm_fallback","status":"available","coverage":[13.25,66.79,70.13],"buildings":32,"coverage5":13.25,"coverage10":66.79,"coverage15":70.13}},{"type":"Feature","geometry":{"type":"Point","coordinates":[-5.92189,42.12775]},"properties":{"id":"49004","name":"ALCUBILLA DE NOGALES","province":"49","population":108,"populationSource":"osm_fallback","status":"available","coverage":[0.0,0.0,0.0],"buildings":280,"coverage5":0.0,"coverage10":0.0,"coverage15":0.0}},{"type":"Feature","geometry":{"type":"Point","coordinates":[-5.98281,41.22741]},"properties":{"id":"49005","name":"ALFARAZ DE SAYAGO","province":"49","population":120,"populationSource":"osm_fallback","status":"available","coverage":[0.0,0.0,0.0],"buildings":76,"coverage5":0.0,"coverage10":0.0,"coverage15":0.0}},{"type":"Feature","geometry":{"type":"Point","coordinates":[-5.60389,41.56508]},"properties":{"id":"49006","name":"ALGODRE","province":"49","population":131,"populationSource":"osm_fallback","status":"available","coverage":[0.0,0.0,0.0],"buildings":2,"coverage5":0.0,"coverage10":0.0,"coverage15":0.0}},{"type":"Feature","geometry":{"type":"Point","coordinates":[-5.91567,41.4741]},"properties":{"id":"49007","name":"ALMARAZ DE DUERO","province":"49","population":386,"populationSource":"osm_fallback","status":"available","coverage":[90.43,90.43,90.43],"buildings":10,"coverage5":90.43,"coverage10":90.43,"coverage15":90.43}},{"type":"Feature","geometry":{"type":"Point","coordinates":[-6.07551,41.26621]},"properties":{"id":"49008","name":"ALMEIDA DE SAYAGO","province":"49","population":411,"populationSource":"osm_fallback","status":"available","coverage":[64.41,64.41,64.41],"buildings":8,"coverage5":64.41,"coverage10":64.41,"coverage15":64.41}},{"type":"Feature","geometry":{"type":"Point","coordinates":[-5.85618,41.59718]},"properties":{"id":"49009","name":"ANDAVÍAS","province":"49","population":404,"populationSource":"osm_fallback","status":"available","coverage":[0.0,0.0,0.0],"buildings":17,"coverage5":0.0,"coverage10":0.0,"coverage15":0.0}},{"type":"Feature","geometry":{"type":"Point","coordinates":[-5.68659,41.45681]},"properties":{"id":"49010","name":"ARCENILLAS","province":"49","population":450,"populationSource":"osm_fallback","status":"available","coverage":[0.0,0.0,0.0],"buildings":20,"coverage5":0.0,"coverage10":0.0,"coverage15":0.0}},{"type":"Feature","geometry":{"type":"Point","coordinates":[-5.69876,41.94411]},"properties":{"id":"49011","name":"ARCOS DE LA POLVOROSA","province":"49","population":211,"populationSource":"osm_fallback","status":"available","coverage":[0.0,0.0,0.0],"buildings":1,"coverage5":0.0,"coverage10":0.0,"coverage15":0.0}},{"type":"Feature","geometry":{"type":"Point","coordinates":[-6.21018,41.43887]},"properties":{"id":"49012","name":"ARGAÑÍN","province":"49","population":79,"populationSource":"osm_fallback","status":"available","coverage":[0.0,0.0,0.0],"buildings":33,"coverage5":0.0,"coverage10":0.0,"coverage15":0.0}},{"type":"Feature","geometry":{"type":"Point","coordinates":[-5.58709,41.31174]},"properties":{"id":"49013","name":"ARGUJILLO","province":"49","population":215,"populationSource":"osm_fallback","status":"available","coverage":[0.0,0.0,0.0],"buildings":13,"coverage5":0.0,"coverage10":0.0,"coverage15":0.0}},{"type":"Feature","geometry":{"type":"Point","coordinates":[-5.65769,41.71001]},"properties":{"id":"49014","name":"ARQUILLINOS","province":"49","population":105,"populationSource":"osm_fallback","status":"available","coverage":[0.0,0.0,0.0],"buildings":5,"coverage5":0.0,"coverage10":0.0,"coverage15":0.0}},{"type":"Feature","geometry":{"type":"Point","coordinates":[-5.89316,42.10799]},"properties":{"id":"49015","name":"ARRABALDE","province":"49","population":186,"populationSource":"osm_fallback","status":"available","coverage":[58.35,58.35,84.36],"buildings":10,"coverage5":58.35,"coverage10":58.35,"coverage15":84.36}},{"type":"Feature","geometry":{"type":"Point","coordinates":[-5.59853,41.67354]},"properties":{"id":"49016","name":"ASPARIEGOS","province":"49","population":223,"populationSource":"osm_fallback","status":"available","coverage":[0.0,0.0,0.0],"buildings":13,"coverage5":0.0,"coverage10":0.0,"coverage15":0.0}},{"type":"Feature","geometry":{"type":"Point","coordinates":[-6.4892,42.05186]},"properties":{"id":"49017","name":"ASTURIANOS","province":"49","population":252,"populationSource":"osm_fallback","status":"available","coverage":[0.0,0.0,0.0],"buildings":8,"coverage5":0.0,"coverage10":0.0,"coverage15":0.0}},{"type":"Feature","geometry":{"type":"Point","coordinates":[-6.06571,42.13007]},"properties":{"id":"49018","name":"AYOÓ DE VIDRIALES","province":"49","population":264,"populationSource":"osm_fallback","status":"available","coverage":[0.0,0.0,0.0],"buildings":18,"coverage5":0.0,"coverage10":0.0,"coverage15":0.0}},{"type":"Feature","geometry":{"type":"Point","coordinates":[-5.66395,41.93366]},"properties":{"id":"49019","name":"BARCIAL DEL BARCO","province":"49","population":254,"populationSource":"osm_fallback","status":"available","coverage":[0.0,0.0,0.0],"buildings":8,"coverage5":0.0,"coverage10":0.0,"coverage15":0.0}},{"type":"Feature","geometry":{"type":"Point","coordinates":[-5.45205,41.72269]},"properties":{"id":"49020","name":"BELVER DE LOS MONTES","province":"49","population":252,"populationSource":"osm_fallback","status":"available","coverage":[0.0,0.0,0.0],"buildings":1,"coverage5":0.0,"coverage10":0.0,"coverage15":0.0}},{"type":"Feature","geometry":{"type":"Point","coordinates":[-5.68007,42.00173]},"properties":{"id":"49021","name":"BENAVENTE","province":"49","population":17309,"populationSource":"osm_fallback","status":"available","coverage":[54.67,85.42,91.9],"buildings":3988,"coverage5":54.67,"coverage10":85.42,"coverage15":91.9}},{"type":"Feature","geometry":{"type":"Point","coordinates":[-5.6351,41.62768]},"properties":{"id":"49022","name":"BENEGILES","province":"49","population":266,"populationSource":"osm_fallback","status":"available","coverage":[0.0,0.0,0.0],"buildings":1,"coverage5":0.0,"coverage10":0.0,"coverage15":0.0}},{"type":"Feature","geometry":{"type":"Point","coordinates":[-6.11289,41.36577]},"properties":{"id":"49023","name":"BERMILLO DE SAYAGO","province":"49","population":1028,"populationSource":"osm_fallback","status":"available","coverage":[12.86,52.27,58.27],"buildings":28,"coverage5":12.86,"coverage10":52.27,"coverage15":58.27}},{"type":"Feature","geometry":{"type":"Point","coordinates":[-5.40846,41.34287]},"properties":{"id":"49024","name":"LA BÓVEDA DE TORO","province":"49","population":682,"populationSource":"osm_fallback","status":"available","coverage":[39.16,100.0,100.0],"buildings":10,"coverage5":39.16,"coverage10":100.0,"coverage15":100.0}},{"type":"Feature","geometry":{"type":"Point","coordinates":[-5.73883,41.87967]},"properties":{"id":"49025","name":"BRETÓ","province":"49","population":163,"populationSource":"osm_fallback","status":"available","coverage":[85.59,85.59,85.59],"buildings":2,"coverage5":85.59,"coverage10":85.59,"coverage15":85.59}},{"type":"Feature","geometry":{"type":"Point","coordinates":[-5.75467,41.88379]},"properties":{"id":"49026","name":"BRETOCINO","province":"49","population":192,"populationSource":"osm_fallback","status":"available","coverage":[0.0,0.0,0.0],"buildings":1,"coverage5":0.0,"coverage10":0.0,"coverage15":0.0}},{"type":"Feature","geometry":{"type":"Point","coordinates":[-6.04653,42.06113]},"properties":{"id":"49027","name":"BRIME DE SOG","province":"49","population":114,"populationSource":"osm_fallback","status":"available","coverage":[0.0,0.0,0.0],"buildings":1,"coverage5":0.0,"coverage10":0.0,"coverage15":0.0}},{"type":"Feature","geometry":{"type":"Point","coordinates":[-5.87269,42.0375]},"properties":{"id":"49028","name":"BRIME DE URZ","province":"49","population":96,"populationSource":"osm_fallback","status":"available","coverage":[29.97,100.0,100.0],"buildings":4,"coverage5":29.97,"coverage10":100.0,"coverage15":100.0}},{"type":"Feature","geometry":{"type":"Point","coordinates":[-5.78223,41.92162]},"properties":{"id":"49029","name":"BURGANES DE VALVERDE","province":"49","population":593,"populationSource":"osm_fallback","status":"available","coverage":[79.55,100.0,100.0],"buildings":5,"coverage5":79.55,"coverage10":100.0,"coverage15":100.0}},{"type":"Feature","geometry":{"type":"Point","coordinates":[-5.46256,41.67518]},"properties":{"id":"49030","name":"BUSTILLO DEL ORO","province":"49","population":75,"populationSource":"osm_fallback","status":"available","coverage":[0.0,0.0,0.0],"buildings":1,"coverage5":0.0,"coverage10":0.0,"coverage15":0.0}},{"type":"Feature","geometry":{"type":"Point","coordinates":[-5.79168,41.3333]},"properties":{"id":"49031","name":"CABAÑAS DE SAYAGO","province":"49","population":143,"populationSource":"osm_fallback","status":"available","coverage":[6.34,6.34,6.34],"buildings":2,"coverage5":6.34,"coverage10":6.34,"coverage15":6.34}},{"type":"Feature","geometry":{"type":"Point","coordinates":[-6.08269,41.97875]},"properties":{"id":"49032","name":"CALZADILLA DE TERA","province":"49","population":278,"populationSource":"osm_fallback","status":"available","coverage":[0.0,0.0,0.0],"buildings":3,"coverage5":0.0,"coverage10":0.0,"coverage15":0.0}},{"type":"Feature","geometry":{"type":"Point","coordinates":[-6.0269,41.99506]},"properties":{"id":"49033","name":"CAMARZANA DE TERA","province":"49","population":740,"populationSource":"osm_fallback","status":"available","coverage":[0.0,0.0,0.0],"buildings":16,"coverage5":0.0,"coverage10":0.0,"coverage15":0.0}},{"type":"Feature","geometry":{"type":"Point","coordinates":[-5.36925,41.16765]},"properties":{"id":"49034","name":"CAÑIZAL","province":"49","population":410,"populationSource":"osm_fallback","status":"available","coverage":[67.86,89.42,89.42],"buildings":5,"coverage5":67.86,"coverage10":89.42,"coverage15":89.42}},{"type":"Feature","geometry":{"type":"Point","coordinates":[-5.50193,41.7689]},"properties":{"id":"49035","name":"CAÑIZO","province":"49","population":197,"populationSource":"osm_fallback","status":"available","coverage":[0.0,0.0,0.0],"buildings":3,"coverage5":0.0,"coverage10":0.0,"coverage15":0.0}},{"type":"Feature","geometry":{"type":"Point","coordinates":[-5.9982,41.65344]},"properties":{"id":"49036","name":"CARBAJALES DE ALBA","province":"49","population":463,"populationSource":"osm_fallback","status":"available","coverage":[0.0,0.0,0.0],"buildings":13,"coverage5":0.0,"coverage10":0.0,"coverage15":0.0}},{"type":"Feature","geometry":{"type":"Point","coordinates":[-6.14623,41.23196]},"properties":{"id":"49037","name":"CARBELLINO","province":"49","population":174,"populationSource":"osm_fallback","status":"available","coverage":[0.0,0.0,0.0],"buildings":6,"coverage5":0.0,"coverage10":0.0,"coverage15":0.0}},{"type":"Feature","geometry":{"type":"Point","coordinates":[-5.74561,41.37445]},"properties":{"id":"49038","name":"CASASECA DE CAMPEÁN","province":"49","population":88,"populationSource":"osm_fallback","status":"available","coverage":[0.0,0.0,0.0],"buildings":1,"coverage5":0.0,"coverage10":0.0,"coverage15":0.0}},{"type":"Feature","geometry":{"type":"Point","coordinates":[-5.67651,41.43867]},"properties":{"id":"49039","name":"CASASECA DE LAS CHANAS","province":"49","population":373,"populationSource":"osm_fallback","status":"available","coverage":[0.0,0.0,0.0],"buildings":19,"coverage5":0.0,"coverage10":0.0,"coverage15":0.0}},{"type":"Feature","geometry":{"type":"Point","coordinates":[-5.32558,41.23041]},"properties":{"id":"49040","name":"CASTRILLO DE LA GUAREÑA","province":"49","population":133,"populationSource":"osm_fallback","status":"available","coverage":[0.0,0.0,0.0],"buildings":1,"coverage5":0.0,"coverage10":0.0,"coverage15":0.0}},{"type":"Feature","geometry":{"type":"Point","coordinates":[-5.60292,41.99]},"properties":{"id":"49041","name":"CASTROGONZALO","province":"49","population":432,"populationSource":"osm_fallback","status":"available","coverage":[0.0,15.38,27.73],"buildings":18,"coverage5":0.0,"coverage10":15.38,"coverage15":27.73}},{"type":"Feature","geometry":{"type":"Point","coordinates":[-5.54337,41.72161]},"properties":{"id":"49042","name":"CASTRONUEVO","province":"49","population":216,"populationSource":"osm_fallback","status":"available","coverage":[0.0,0.0,0.0],"buildings":8,"coverage5":0.0,"coverage10":0.0,"coverage15":0.0}},{"type":"Feature","geometry":{"type":"Point","coordinates":[-5.3176,41.97]},"properties":{"id":"49043","name":"CASTROVERDE DE CAMPOS","province":"49","population":240,"populationSource":"osm_fallback","status":"available","coverage":[0.0,0.0,0.0],"buildings":11,"coverage5":0.0,"coverage10":0.0,"coverage15":0.0}},{"type":"Feature","geometry":{"type":"Point","coordinates":[-5.70368,41.4157]},"properties":{"id":"49044","name":"CAZURRA","province":"49","population":72,"populationSource":"osm_fallback","status":"available","coverage":[0.0,0.0,0.0],"buildings":1,"coverage5":0.0,"coverage10":0.0,"coverage15":0.0}},{"type":"Feature","geometry":{"type":"Point","coordinates":[-5.4829,41.89922]},"properties":{"id":"49046","name":"CERECINOS DE CAMPOS","province":"49","population":231,"populationSource":"osm_fallback","status":"available","coverage":[0.0,0.0,0.0],"buildings":26,"coverage5":0.0,"coverage10":0.0,"coverage15":0.0}},{"type":"Feature","geometry":{"type":"Point","coordinates":[-5.65176,41.68268]},"properties":{"id":"49047","name":"CERECINOS DEL CARRIZAL","province":"49","population":111,"populationSource":"osm_fallback","status":"available","coverage":[0.0,0.0,0.0],"buildings":1,"coverage5":0.0,"coverage10":0.0,"coverage15":0.0}},{"type":"Feature","geometry":{"type":"Point","coordinates":[-6.41673,42.02144]},"properties":{"id":"49048","name":"CERNADILLA","province":"49","population":105,"populationSource":"osm_fallback","status":"available","coverage":[0.0,0.0,0.0],"buildings":6,"coverage5":0.0,"coverage10":0.0,"coverage15":0.0}},{"type":"Feature","geometry":{"type":"Point","coordinates":[-6.70162,42.07568]},"properties":{"id":"49050","name":"COBREROS","province":"49","population":543,"populationSource":"osm_fallback","status":"available","coverage":[0.0,0.0,0.67],"buildings":336,"coverage5":0.0,"coverage10":0.0,"coverage15":0.67}},{"type":"Feature","geometry":{"type":"Point","coordinates":[-5.81308,42.11561]},"properties":{"id":"49052","name":"COOMONTE","province":"49","population":180,"populationSource":"osm_fallback","status":"available","coverage":[100.0,100.0,100.0],"buildings":1,"coverage5":100.0,"coverage10":100.0,"coverage15":100.0}},{"type":"Feature","geometry":{"type":"Point","coordinates":[-5.62169,41.54855]},"properties":{"id":"49053","name":"CORESES","province":"49","population":1054,"populationSource":"osm_fallback","status":"available","coverage":[0.0,6.93,9.87],"buildings":42,"coverage5":0.0,"coverage10":6.93,"coverage15":9.87}},{"type":"Feature","geometry":{"type":"Point","coordinates":[-5.72519,41.35782]},"properties":{"id":"49054","name":"CORRALES DEL VINO","province":"49","population":930,"populationSource":"osm_fallback","status":"available","coverage":[0.0,0.0,0.0],"buildings":12,"coverage5":0.0,"coverage10":0.0,"coverage15":0.0}},{"type":"Feature","geometry":{"type":"Point","coordinates":[-5.29014,41.8179]},"properties":{"id":"49055","name":"COTANES DEL MONTE","province":"49","population":79,"populationSource":"nominatim_point","status":"available","coverage":[0.0,0.0,0.0],"buildings":1,"coverage5":0.0,"coverage10":0.0,"coverage15":0.0}},{"type":"Feature","geometry":{"type":"Point","coordinates":[-5.73966,41.57408]},"properties":{"id":"49056","name":"CUBILLOS","province":"49","population":294,"populationSource":"osm_fallback","status":"available","coverage":[79.81,100.0,100.0],"buildings":3,"coverage5":79.81,"coverage10":100.0,"coverage15":100.0}},{"type":"Feature","geometry":{"type":"Point","coordinates":[-6.16279,42.1235]},"properties":{"id":"49057","name":"CUBO DE BENAVENTE","province":"49","population":115,"populationSource":"nominatim_point","status":"available","coverage":[0.0,0.0,0.0],"buildings":1,"coverage5":0.0,"coverage10":0.0,"coverage15":0.0}},{"type":"Feature","geometry":{"type":"Point","coordinates":[-5.70957,41.25511]},"properties":{"id":"49058","name":"EL CUBO DE TIERRA DEL VINO","province":"49","population":294,"populationSource":"osm_fallback","status":"available","coverage":[47.11,47.11,100.0],"buildings":8,"coverage5":47.11,"coverage10":47.11,"coverage15":100.0}},{"type":"Feature","geometry":{"type":"Point","coordinates":[-5.65797,41.30698]},"properties":{"id":"49059","name":"CUELGAMURES","province":"49","population":77,"populationSource":"osm_fallback","status":"available","coverage":[0.0,0.0,0.0],"buildings":1,"coverage5":0.0,"coverage10":0.0,"coverage15":0.0}},{"type":"Feature","geometry":{"type":"Point","coordinates":[-5.75679,41.42961]},"properties":{"id":"49061","name":"ENTRALA","province":"49","population":133,"populationSource":"osm_fallback","status":"available","coverage":[0.0,0.0,0.0],"buildings":11,"coverage5":0.0,"coverage10":0.0,"coverage15":0.0}},{"type":"Feature","geometry":{"type":"Point","coordinates":[-6.39413,42.11638]},"properties":{"id":"49062","name":"ESPADAÑEDO","province":"49","population":109,"populationSource":"osm_fallback","status":"available","coverage":[2.11,2.11,2.11],"buildings":126,"coverage5":2.11,"coverage10":2.11,"coverage15":2.11}},{"type":"Feature","geometry":{"type":"Point","coordinates":[-5.88864,41.83475]},"properties":{"id":"49063","name":"FARAMONTANOS DE TÁBARA","province":"49","population":318,"populationSource":"osm_fallback","status":"available","coverage":[0.0,0.0,0.0],"buildings":5,"coverage5":0.0,"coverage10":0.0,"coverage15":0.0}},{"type":"Feature","geometry":{"type":"Point","coordinates":[-6.27081,41.42006]},"properties":{"id":"49064","name":"FARIZA","province":"49","population":487,"populationSource":"osm_fallback","status":"available","coverage":[0.0,0.0,0.0],"buildings":21,"coverage5":0.0,"coverage10":0.0,"coverage15":0.0}},{"type":"Feature","geometry":{"type":"Point","coordinates":[-6.3993,41.31856]},"properties":{"id":"49065","name":"FERMOSELLE","province":"49","population":1131,"populationSource":"osm_fallback","status":"available","coverage":[6.81,22.74,29.91],"buildings":31,"coverage5":6.81,"coverage10":22.74,"coverage15":29.91}},{"type":"Feature","geometry":{"type":"Point","coordinates":[-6.07968,41.89673]},"properties":{"id":"49066","name":"FERRERAS DE ABAJO","province":"49","population":461,"populationSource":"osm_fallback","status":"available","coverage":[0.0,0.0,0.0],"buildings":390,"coverage5":0.0,"coverage10":0.0,"coverage15":0.0}},{"type":"Feature","geometry":{"type":"Point","coordinates":[-6.19301,41.89884]},"properties":{"id":"49067","name":"FERRERAS DE ARRIBA","province":"49","population":350,"populationSource":"osm_fallback","status":"available","coverage":[0.0,0.0,0.0],"buildings":4,"coverage5":0.0,"coverage10":0.0,"coverage15":0.0}},{"type":"Feature","geometry":{"type":"Point","coordinates":[-6.07153,41.76639]},"properties":{"id":"49068","name":"FERRERUELA","province":"49","population":409,"populationSource":"osm_fallback","status":"available","coverage":[59.49,91.85,91.85],"buildings":5,"coverage5":59.49,"coverage10":91.85,"coverage15":91.85}},{"type":"Feature","geometry":{"type":"Point","coordinates":[-6.44542,41.8688]},"properties":{"id":"49069","name":"FIGUERUELA DE ARRIBA","province":"49","population":310,"populationSource":"osm_fallback","status":"available","coverage":[0.0,0.0,0.0],"buildings":9,"coverage5":0.0,"coverage10":0.0,"coverage15":0.0}},{"type":"Feature","geometry":{"type":"Point","coordinates":[-6.13988,41.63573]},"properties":{"id":"49071","name":"FONFRÍA","province":"49","population":794,"populationSource":"osm_fallback","status":"available","coverage":[12.21,19.77,19.77],"buildings":42,"coverage5":12.21,"coverage10":19.77,"coverage15":19.77}},{"type":"Feature","geometry":{"type":"Point","coordinates":[-5.76932,42.08291]},"properties":{"id":"49075","name":"FRESNO DE LA POLVOROSA","province":"49","population":117,"populationSource":"osm_fallback","status":"available","coverage":[0.0,0.0,0.0],"buildings":1,"coverage5":0.0,"coverage10":0.0,"coverage15":0.0}},{"type":"Feature","geometry":{"type":"Point","coordinates":[-5.56578,41.52928]},"properties":{"id":"49076","name":"FRESNO DE LA RIBERA","province":"49","population":326,"populationSource":"osm_fallback","status":"available","coverage":[0.0,0.0,0.0],"buildings":8,"coverage5":0.0,"coverage10":0.0,"coverage15":0.0}},{"type":"Feature","geometry":{"type":"Point","coordinates":[-5.97144,41.31867]},"properties":{"id":"49077","name":"FRESNO DE SAYAGO","province":"49","population":137,"populationSource":"osm_fallback","status":"available","coverage":[0.0,0.0,0.0],"buildings":1,"coverage5":0.0,"coverage10":0.0,"coverage15":0.0}},{"type":"Feature","geometry":{"type":"Point","coordinates":[-5.84239,41.91182]},"properties":{"id":"49078","name":"FRIERA DE VALVERDE","province":"49","population":121,"populationSource":"nominatim_point","status":"available","coverage":[0.0,0.0,0.0],"buildings":1,"coverage5":0.0,"coverage10":0.0,"coverage15":0.0}},{"type":"Feature","geometry":{"type":"Point","coordinates":[-5.99429,42.11103]},"properties":{"id":"49079","name":"FUENTE ENCALADA","province":"49","population":92,"populationSource":"nominatim_point","status":"available","coverage":[0.0,0.0,0.0],"buildings":1,"coverage5":0.0,"coverage10":0.0,"coverage15":0.0}},{"type":"Feature","geometry":{"type":"Point","coordinates":[-5.3825,41.25357]},"properties":{"id":"49080","name":"FUENTELAPEÑA","province":"49","population":589,"populationSource":"osm_fallback","status":"available","coverage":[77.71,78.66,100.0],"buildings":9,"coverage5":77.71,"coverage10":78.66,"coverage15":100.0}},{"type":"Feature","geometry":{"type":"Point","coordinates":[-5.49563,41.23135]},"properties":{"id":"49081","name":"FUENTESAÚCO","province":"49","population":1593,"populationSource":"osm_fallback","status":"available","coverage":[74.41,93.54,100.0],"buildings":114,"coverage5":74.41,"coverage10":93.54,"coverage15":100.0}},{"type":"Feature","geometry":{"type":"Point","coordinates":[-5.54672,42.00342]},"properties":{"id":"49082","name":"FUENTES DE ROPEL","province":"49","population":369,"populationSource":"osm_fallback","status":"available","coverage":[0.0,0.0,0.0],"buildings":29,"coverage5":0.0,"coverage10":0.0,"coverage15":0.0}},{"type":"Feature","geometry":{"type":"Point","coordinates":[-5.47519,41.62876]},"properties":{"id":"49083","name":"FUENTESECAS","province":"49","population":43,"populationSource":"osm_fallback","status":"available","coverage":[0.0,0.0,0.0],"buildings":2,"coverage5":0.0,"coverage10":0.0,"coverage15":0.0}},{"type":"Feature","geometry":{"type":"Point","coordinates":[-5.62768,41.32614]},"properties":{"id":"49084","name":"FUENTESPREADAS","province":"49","population":267,"populationSource":"osm_fallback","status":"available","coverage":[28.02,100.0,100.0],"buildings":15,"coverage5":28.02,"coverage10":100.0,"coverage15":100.0}},{"type":"Feature","geometry":{"type":"Point","coordinates":[-6.66274,42.10596]},"properties":{"id":"49085","name":"GALENDE","province":"49","population":1019,"populationSource":"osm_fallback","status":"available","coverage":[0.0,0.0,0.0],"buildings":1155,"coverage5":0.0,"coverage10":0.0,"coverage15":0.0}},{"type":"Feature","geometry":{"type":"Point","coordinates":[-5.58058,41.59992]},"properties":{"id":"49086","name":"GALLEGOS DEL PAN","province":"49","population":118,"populationSource":"osm_fallback","status":"available","coverage":[0.0,0.0,0.0],"buildings":134,"coverage5":0.0,"coverage10":0.0,"coverage15":0.0}},{"type":"Feature","geometry":{"type":"Point","coordinates":[-6.17431,41.73519]},"properties":{"id":"49087","name":"GALLEGOS DEL RÍO","province":"49","population":455,"populationSource":"osm_fallback","status":"available","coverage":[0.0,0.0,0.0],"buildings":169,"coverage5":0.0,"coverage10":0.0,"coverage15":0.0}},{"type":"Feature","geometry":{"type":"Point","coordinates":[-6.17901,41.46783]},"properties":{"id":"49088","name":"GAMONES","province":"49","population":89,"populationSource":"osm_fallback","status":"available","coverage":[0.0,0.0,0.0],"buildings":1,"coverage5":0.0,"coverage10":0.0,"coverage15":0.0}},{"type":"Feature","geometry":{"type":"Point","coordinates":[-5.6488,41.4195]},"properties":{"id":"49090","name":"GEMA","province":"49","population":201,"populationSource":"osm_fallback","status":"available","coverage":[0.0,0.0,0.0],"buildings":13,"coverage5":0.0,"coverage10":0.0,"coverage15":0.0}},{"type":"Feature","geometry":{"type":"Point","coordinates":[-5.73884,41.80942]},"properties":{"id":"49091","name":"GRANJA DE MORERUELA","province":"49","population":228,"populationSource":"osm_fallback","status":"available","coverage":[0.0,0.0,0.0],"buildings":15,"coverage5":0.0,"coverage10":0.0,"coverage15":0.0}},{"type":"Feature","geometry":{"type":"Point","coordinates":[-5.92825,42.05051]},"properties":{"id":"49092","name":"GRANUCILLO","province":"49","population":105,"populationSource":"osm_fallback","status":"available","coverage":[0.0,0.0,0.0],"buildings":68,"coverage5":0.0,"coverage10":0.0,"coverage15":0.0}},{"type":"Feature","geometry":{"type":"Point","coordinates":[-5.44111,41.28927]},"properties":{"id":"49093","name":"GUARRATE","province":"49","population":313,"populationSource":"osm_fallback","status":"available","coverage":[93.06,100.0,100.0],"buildings":6,"coverage5":93.06,"coverage10":100.0,"coverage15":100.0}},{"type":"Feature","geometry":{"type":"Point","coordinates":[-6.89309,41.96993]},"properties":{"id":"49094","name":"HERMISENDE","province":"49","population":207,"populationSource":"osm_fallback","status":"available","coverage":[58.27,58.27,62.0],"buildings":92,"coverage5":58.27,"coverage10":58.27,"coverage15":62.0}},{"type":"Feature","geometry":{"type":"Point","coordinates":[-5.7987,41.55248]},"properties":{"id":"49095","name":"LA HINIESTA","province":"49","population":293,"populationSource":"osm_fallback","status":"available","coverage":[0.0,0.0,0.0],"buildings":17,"coverage5":0.0,"coverage10":0.0,"coverage15":0.0}},{"type":"Feature","geometry":{"type":"Point","coordinates":[-5.66461,41.39373]},"properties":{"id":"49096","name":"JAMBRINA","province":"49","population":149,"populationSource":"osm_fallback","status":"available","coverage":[0.0,0.0,0.0],"buildings":1,"coverage5":0.0,"coverage10":0.0,"coverage15":0.0}},{"type":"Feature","geometry":{"type":"Point","coordinates":[-6.29636,42.14843]},"properties":{"id":"49097","name":"JUSTEL","province":"49","population":75,"populationSource":"osm_fallback","status":"available","coverage":[0.0,0.0,0.0],"buildings":1,"coverage5":0.0,"coverage10":0.0,"coverage15":0.0}},{"type":"Feature","geometry":{"type":"Point","coordinates":[-6.07961,41.68086]},"properties":{"id":"49098","name":"LOSACINO","province":"49","population":189,"populationSource":"osm_fallback","status":"available","coverage":[0.0,0.0,0.0],"buildings":51,"coverage5":0.0,"coverage10":0.0,"coverage15":0.0}},{"type":"Feature","geometry":{"type":"Point","coordinates":[-6.03979,41.71101]},"properties":{"id":"49099","name":"LOSACIO","province":"49","population":90,"populationSource":"osm_fallback","status":"available","coverage":[0.0,0.0,0.0],"buildings":1,"coverage5":0.0,"coverage10":0.0,"coverage15":0.0}},{"type":"Feature","geometry":{"type":"Point","coordinates":[-6.90603,42.03546]},"properties":{"id":"49100","name":"LUBIÁN","province":"49","population":296,"populationSource":"osm_fallback","status":"available","coverage":[59.4,62.8,62.85],"buildings":323,"coverage5":59.4,"coverage10":62.8,"coverage15":62.85}},{"type":"Feature","geometry":{"type":"Point","coordinates":[-6.13474,41.43972]},"properties":{"id":"49101","name":"LUELMO","province":"49","population":148,"populationSource":"nominatim_point","status":"available","coverage":[0.0,0.0,0.0],"buildings":1,"coverage5":0.0,"coverage10":0.0,"coverage15":0.0}},{"type":"Feature","geometry":{"type":"Point","coordinates":[-5.62355,41.28277]},"properties":{"id":"49102","name":"EL MADERAL","province":"49","population":172,"populationSource":"osm_fallback","status":"available","coverage":[100.0,100.0,100.0],"buildings":2,"coverage5":100.0,"coverage10":100.0,"coverage15":100.0}},{"type":"Feature","geometry":{"type":"Point","coordinates":[-5.60475,41.47886]},"properties":{"id":"49103","name":"MADRIDANOS","province":"49","population":461,"populationSource":"osm_fallback","status":"available","coverage":[0.0,0.0,0.0],"buildings":109,"coverage5":0.0,"coverage10":0.0,"coverage15":0.0}},{"type":"Feature","geometry":{"type":"Point","coordinates":[-6.37721,41.86906]},"properties":{"id":"49104","name":"MAHIDE","province":"49","population":299,"populationSource":"osm_fallback","status":"available","coverage":[0.0,0.0,0.0],"buildings":38,"coverage5":0.0,"coverage10":0.0,"coverage15":0.0}},{"type":"Feature","geometry":{"type":"Point","coordinates":[-5.78479,42.1118]},"properties":{"id":"49105","name":"MAIRE DE CASTROPONCE","province":"49","population":138,"populationSource":"osm_fallback","status":"available","coverage":[0.0,0.0,0.0],"buildings":2,"coverage5":0.0,"coverage10":0.0,"coverage15":0.0}},{"type":"Feature","geometry":{"type":"Point","coordinates":[-5.48845,41.65346]},"properties":{"id":"49107","name":"MALVA","province":"49","population":92,"populationSource":"osm_fallback","status":"available","coverage":[0.0,0.0,0.0],"buildings":2,"coverage5":0.0,"coverage10":0.0,"coverage15":0.0}},{"type":"Feature","geometry":{"type":"Point","coordinates":[-5.71054,41.75201]},"properties":{"id":"49108","name":"MANGANESES DE LA LAMPREANA","province":"49","population":438,"populationSource":"osm_fallback","status":"available","coverage":[35.0,74.68,74.68],"buildings":10,"coverage5":35.0,"coverage10":74.68,"coverage15":74.68}},{"type":"Feature","geometry":{"type":"Point","coordinates":[-5.74671,42.03527]},"properties":{"id":"49109","name":"MANGANESES DE LA POLVOROSA","province":"49","population":637,"populationSource":"osm_fallback","status":"available","coverage":[0.0,0.0,0.0],"buildings":37,"coverage5":0.0,"coverage10":0.0,"coverage15":0.0}},{"type":"Feature","geometry":{"type":"Point","coordinates":[-6.44013,41.99207]},"properties":{"id":"49110","name":"MANZANAL DE ARRIBA","province":"49","population":332,"populationSource":"osm_fallback","status":"available","coverage":[0.0,0.0,0.0],"buildings":82,"coverage5":0.0,"coverage10":0.0,"coverage15":0.0}},{"type":"Feature","geometry":{"type":"Point","coordinates":[-5.94632,41.63497]},"properties":{"id":"49111","name":"MANZANAL DEL BARCO","province":"49","population":118,"populationSource":"osm_fallback","status":"available","coverage":[0.0,0.0,0.0],"buildings":5,"coverage5":0.0,"coverage10":0.0,"coverage15":0.0}},{"type":"Feature","geometry":{"type":"Point","coordinates":[-6.38311,42.0549]},"properties":{"id":"49112","name":"MANZANAL DE LOS INFANTES","province":"49","population":133,"populationSource":"osm_fallback","status":"available","coverage":[0.0,0.0,0.0],"buildings":138,"coverage5":0.0,"coverage10":0.0,"coverage15":0.0}},{"type":"Feature","geometry":{"type":"Point","coordinates":[-5.64214,42.10617]},"properties":{"id":"49113","name":"MATILLA DE ARZÓN","province":"49","population":150,"populationSource":"osm_fallback","status":"available","coverage":[0.0,0.0,0.0],"buildings":5,"coverage5":0.0,"coverage10":0.0,"coverage15":0.0}},{"type":"Feature","geometry":{"type":"Point","coordinates":[-5.50028,41.5789]},"properties":{"id":"49114","name":"MATILLA LA SECA","province":"49","population":33,"populationSource":"osm_fallback","status":"available","coverage":[0.0,0.0,0.0],"buildings":1,"coverage5":0.0,"coverage10":0.0,"coverage15":0.0}},{"type":"Feature","geometry":{"type":"Point","coordinates":[-5.79771,41.25097]},"properties":{"id":"49115","name":"MAYALDE","province":"49","population":140,"populationSource":"osm_fallback","status":"available","coverage":[0.0,6.9,58.14],"buildings":10,"coverage5":0.0,"coverage10":6.9,"coverage15":58.14}},{"type":"Feature","geometry":{"type":"Point","coordinates":[-6.01416,41.96624]},"properties":{"id":"49116","name":"MELGAR DE TERA","province":"49","population":331,"populationSource":"osm_fallback","status":"available","coverage":[0.0,0.0,0.0],"buildings":1,"coverage5":0.0,"coverage10":0.0,"coverage15":0.0}},{"type":"Feature","geometry":{"type":"Point","coordinates":[-5.87208,41.98907]},"properties":{"id":"49117","name":"MICERECES DE TERA","province":"49","population":404,"populationSource":"osm_fallback","status":"available","coverage":[0.0,0.0,0.0],"buildings":3,"coverage5":0.0,"coverage10":0.0,"coverage15":0.0}},{"type":"Feature","geometry":{"type":"Point","coordinates":[-5.73349,41.92392]},"properties":{"id":"49118","name":"MILLES DE LA POLVOROSA","province":"49","population":206,"populationSource":"osm_fallback","status":"available","coverage":[0.0,0.0,0.0],"buildings":18,"coverage5":0.0,"coverage10":0.0,"coverage15":0.0}},{"type":"Feature","geometry":{"type":"Point","coordinates":[-5.66014,41.5827]},"properties":{"id":"49119","name":"MOLACILLOS","province":"49","population":223,"populationSource":"nominatim_point","status":"available","coverage":[0.0,0.0,0.0],"buildings":1,"coverage5":0.0,"coverage10":0.0,"coverage15":0.0}},{"type":"Feature","geometry":{"type":"Point","coordinates":[-6.18642,42.08176]},"properties":{"id":"49120","name":"MOLEZUELAS DE LA CARBALLEDA","province":"49","population":47,"populationSource":"osm_fallback","status":"available","coverage":[0.0,0.0,0.0],"buildings":2,"coverage5":0.0,"coverage10":0.0,"coverage15":0.0}},{"type":"Feature","geometry":{"type":"Point","coordinates":[-6.33018,42.02333]},"properties":{"id":"49121","name":"MOMBUEY","province":"49","population":395,"populationSource":"osm_fallback","status":"available","coverage":[0.0,0.0,0.0],"buildings":92,"coverage5":0.0,"coverage10":0.0,"coverage15":0.0}},{"type":"Feature","geometry":{"type":"Point","coordinates":[-5.7068,41.55387]},"properties":{"id":"49122","name":"MONFARRACINOS","province":"49","population":998,"populationSource":"osm_fallback","status":"available","coverage":[68.44,84.08,100.0],"buildings":9,"coverage5":68.44,"coverage10":84.08,"coverage15":100.0}},{"type":"Feature","geometry":{"type":"Point","coordinates":[-5.80549,41.64832]},"properties":{"id":"49123","name":"MONTAMARTA","province":"49","population":549,"populationSource":"osm_fallback","status":"available","coverage":[0.0,0.0,0.0],"buildings":27,"coverage5":0.0,"coverage10":0.0,"coverage15":0.0}},{"type":"Feature","geometry":{"type":"Point","coordinates":[-6.10094,41.4731]},"properties":{"id":"49124","name":"MORAL DE SAYAGO","province":"49","population":265,"populationSource":"osm_fallback","status":"available","coverage":[0.0,0.0,0.0],"buildings":19,"coverage5":0.0,"coverage10":0.0,"coverage15":0.0}},{"type":"Feature","geometry":{"type":"Point","coordinates":[-5.65653,41.46237]},"properties":{"id":"49125","name":"MORALEJA DEL VINO","province":"49","population":1796,"populationSource":"osm_fallback","status":"available","coverage":[0.0,2.78,20.04],"buildings":24,"coverage5":0.0,"coverage10":2.78,"coverage15":20.04}},{"type":"Feature","geometry":{"type":"Point","coordinates":[-6.00387,41.1838]},"properties":{"id":"49126","name":"MORALEJA DE SAYAGO","province":"49","population":300,"populationSource":"osm_fallback","status":"available","coverage":[0.0,0.0,0.0],"buildings":7,"coverage5":0.0,"coverage10":0.0,"coverage15":0.0}},{"type":"Feature","geometry":{"type":"Point","coordinates":[-5.73092,41.44622]},"properties":{"id":"49127","name":"MORALES DEL VINO","province":"49","population":3040,"populationSource":"osm_fallback","status":"available","coverage":[22.83,52.44,76.76],"buildings":1133,"coverage5":22.83,"coverage10":52.44,"coverage15":76.76}},{"type":"Feature","geometry":{"type":"Point","coordinates":[-5.78554,42.06676]},"properties":{"id":"49128","name":"MORALES DE REY","province":"49","population":529,"populationSource":"osm_fallback","status":"available","coverage":[0.0,0.0,100.0],"buildings":1,"coverage5":0.0,"coverage10":0.0,"coverage15":100.0}},{"type":"Feature","geometry":{"type":"Point","coordinates":[-5.30865,41.53653]},"properties":{"id":"49129","name":"MORALES DE TORO","province":"49","population":918,"populationSource":"osm_fallback","status":"available","coverage":[0.0,0.0,0.0],"buildings":24,"coverage5":0.0,"coverage10":0.0,"coverage15":0.0}},{"type":"Feature","geometry":{"type":"Point","coordinates":[-5.88773,41.94022]},"properties":{"id":"49130","name":"MORALES DE VALVERDE","province":"49","population":156,"populationSource":"osm_fallback","status":"available","coverage":[0.0,0.0,0.0],"buildings":1,"coverage5":0.0,"coverage10":0.0,"coverage15":0.0}},{"type":"Feature","geometry":{"type":"Point","coordinates":[-6.13612,41.49019]},"properties":{"id":"49131","name":"MORALINA","province":"49","population":211,"populationSource":"osm_fallback","status":"available","coverage":[0.0,0.0,0.0],"buildings":99,"coverage5":0.0,"coverage10":0.0,"coverage15":0.0}},{"type":"Feature","geometry":{"type":"Point","coordinates":[-5.70585,41.63171]},"properties":{"id":"49132","name":"MORERUELA DE LOS INFANZONES","province":"49","population":318,"populationSource":"osm_fallback","status":"available","coverage":[0.0,0.0,0.0],"buildings":5,"coverage5":0.0,"coverage10":0.0,"coverage15":0.0}},{"type":"Feature","geometry":{"type":"Point","coordinates":[-5.86936,41.7993]},"properties":{"id":"49133","name":"MORERUELA DE TÁBARA","province":"49","population":290,"populationSource":"osm_fallback","status":"available","coverage":[0.0,12.29,12.29],"buildings":15,"coverage5":0.0,"coverage10":12.29,"coverage15":12.29}},{"type":"Feature","geometry":{"type":"Point","coordinates":[-6.33351,42.12859]},"properties":{"id":"49134","name":"MUELAS DE LOS CABALLEROS","province":"49","population":184,"populationSource":"osm_fallback","status":"available","coverage":[80.67,94.26,94.26],"buildings":282,"coverage5":80.67,"coverage10":94.26,"coverage15":94.26}},{"type":"Feature","geometry":{"type":"Point","coordinates":[-5.96816,41.52229]},"properties":{"id":"49135","name":"MUELAS DEL PAN","province":"49","population":592,"populationSource":"osm_fallback","status":"available","coverage":[0.85,3.27,11.03],"buildings":86,"coverage5":0.85,"coverage10":3.27,"coverage15":11.03}},{"type":"Feature","geometry":{"type":"Point","coordinates":[-6.19828,41.3886]},"properties":{"id":"49136","name":"MUGA DE SAYAGO","province":"49","population":313,"populationSource":"osm_fallback","status":"available","coverage":[100.0,100.0,100.0],"buildings":18,"coverage5":100.0,"coverage10":100.0,"coverage15":100.0}},{"type":"Feature","geometry":{"type":"Point","coordinates":[-5.8186,41.95338]},"properties":{"id":"49137","name":"NAVIANOS DE VALVERDE","province":"49","population":157,"populationSource":"osm_fallback","status":"available","coverage":[2.58,3.61,60.23],"buildings":7,"coverage5":2.58,"coverage10":3.61,"coverage15":60.23}},{"type":"Feature","geometry":{"type":"Point","coordinates":[-5.96853,41.73148]},"properties":{"id":"49138","name":"OLMILLOS DE CASTRO","province":"49","population":182,"populationSource":"osm_fallback","status":"available","coverage":[0.0,0.0,0.0],"buildings":2,"coverage5":0.0,"coverage10":0.0,"coverage15":0.0}},{"type":"Feature","geometry":{"type":"Point","coordinates":[-6.14946,41.93748]},"properties":{"id":"49139","name":"OTERO DE BODAS","province":"49","population":164,"populationSource":"osm_fallback","status":"available","coverage":[0.0,0.0,0.0],"buildings":3,"coverage5":0.0,"coverage10":0.0,"coverage15":0.0}},{"type":"Feature","geometry":{"type":"Point","coordinates":[-5.69611,41.7161]},"properties":{"id":"49141","name":"PAJARES DE LA LAMPREANA","province":"49","population":282,"populationSource":"osm_fallback","status":"available","coverage":[59.66,94.71,94.71],"buildings":7,"coverage5":59.66,"coverage10":94.71,"coverage15":94.71}},{"type":"Feature","geometry":{"type":"Point","coordinates":[-5.87822,41.6018]},"properties":{"id":"49142","name":"PALACIOS DEL PAN","province":"49","population":249,"populationSource":"osm_fallback","status":"available","coverage":[0.0,0.0,0.0],"buildings":4,"coverage5":0.0,"coverage10":0.0,"coverage15":0.0}},{"type":"Feature","geometry":{"type":"Point","coordinates":[-6.53084,42.05322]},"properties":{"id":"49143","name":"PALACIOS DE SANABRIA","province":"49","population":233,"populationSource":"osm_fallback","status":"available","coverage":[0.0,10.29,27.44],"buildings":34,"coverage5":0.0,"coverage10":10.29,"coverage15":27.44}},{"type":"Feature","geometry":{"type":"Point","coordinates":[-6.69321,42.02417]},"properties":{"id":"49145","name":"PEDRALBA DE LA PRADERÍA","province":"49","population":198,"populationSource":"osm_fallback","status":"available","coverage":[90.41,90.41,90.41],"buildings":338,"coverage5":90.41,"coverage10":90.41,"coverage15":90.41}},{"type":"Feature","geometry":{"type":"Point","coordinates":[-5.46666,41.3333]},"properties":{"id":"49146","name":"EL PEGO","province":"49","population":268,"populationSource":"osm_fallback","status":"available","coverage":[0.0,0.0,0.0],"buildings":9,"coverage5":0.0,"coverage10":0.0,"coverage15":0.0}},{"type":"Feature","geometry":{"type":"Point","coordinates":[-5.48246,41.48157]},"properties":{"id":"49147","name":"PELEAGONZALO","province":"49","population":286,"populationSource":"osm_fallback","status":"available","coverage":[0.0,0.0,0.0],"buildings":1,"coverage5":0.0,"coverage10":0.0,"coverage15":0.0}},{"type":"Feature","geometry":{"type":"Point","coordinates":[-5.68921,41.3928]},"properties":{"id":"49148","name":"PELEAS DE ABAJO","province":"49","population":248,"populationSource":"osm_fallback","status":"available","coverage":[100.0,100.0,100.0],"buildings":4,"coverage5":100.0,"coverage10":100.0,"coverage15":100.0}},{"type":"Feature","geometry":{"type":"Point","coordinates":[-5.8673,41.28664]},"properties":{"id":"49149","name":"PEÑAUSENDE","province":"49","population":386,"populationSource":"osm_fallback","status":"available","coverage":[0.0,0.0,0.0],"buildings":4,"coverage5":0.0,"coverage10":0.0,"coverage15":0.0}},{"type":"Feature","geometry":{"type":"Point","coordinates":[-6.27564,42.07283]},"properties":{"id":"49150","name":"PEQUE","province":"49","population":111,"populationSource":"cadastre","status":"available","coverage":[0.0,0.0,0.0],"buildings":5,"coverage5":0.0,"coverage10":0.0,"coverage15":0.0}},{"type":"Feature","geometry":{"type":"Point","coordinates":[-5.75455,41.41341]},"properties":{"id":"49151","name":"EL PERDIGÓN","province":"49","population":673,"populationSource":"osm_fallback","status":"available","coverage":[0.0,0.0,0.0],"buildings":29,"coverage5":0.0,"coverage10":0.0,"coverage15":0.0}},{"type":"Feature","geometry":{"type":"Point","coordinates":[-5.87775,41.41562]},"properties":{"id":"49152","name":"PERERUELA","province":"49","population":499,"populationSource":"osm_fallback","status":"available","coverage":[0.35,7.74,12.55],"buildings":235,"coverage5":0.35,"coverage10":7.74,"coverage15":12.55}},{"type":"Feature","geometry":{"type":"Point","coordinates":[-5.87664,41.72545]},"properties":{"id":"49153","name":"PERILLA DE CASTRO","province":"49","population":150,"populationSource":"osm_fallback","status":"available","coverage":[0.0,0.0,0.0],"buildings":10,"coverage5":0.0,"coverage10":0.0,"coverage15":0.0}},{"type":"Feature","geometry":{"type":"Point","coordinates":[-6.99868,42.08575]},"properties":{"id":"49154","name":"PÍAS","province":"49","population":91,"populationSource":"osm_fallback","status":"available","coverage":[0.0,66.99,66.99],"buildings":4,"coverage5":0.0,"coverage10":66.99,"coverage15":66.99}},{"type":"Feature","geometry":{"type":"Point","coordinates":[-5.72854,41.67998]},"properties":{"id":"49155","name":"PIEDRAHÍTA DE CASTRO","province":"49","population":104,"populationSource":"osm_fallback","status":"available","coverage":[0.0,0.0,0.0],"buildings":1,"coverage5":0.0,"coverage10":0.0,"coverage15":0.0}},{"type":"Feature","geometry":{"type":"Point","coordinates":[-5.36532,41.62769]},"properties":{"id":"49156","name":"PINILLA DE TORO","province":"49","population":186,"populationSource":"osm_fallback","status":"available","coverage":[0.0,0.0,0.0],"buildings":1,"coverage5":0.0,"coverage10":0.0,"coverage15":0.0}},{"type":"Feature","geometry":{"type":"Point","coordinates":[-6.12149,41.57695]},"properties":{"id":"49157","name":"PINO DEL ORO","province":"49","population":173,"populationSource":"osm_fallback","status":"available","coverage":[0.0,0.0,0.0],"buildings":16,"coverage5":0.0,"coverage10":0.0,"coverage15":0.0}},{"type":"Feature","geometry":{"type":"Point","coordinates":[-5.58887,41.35367]},"properties":{"id":"49158","name":"EL PIÑERO","province":"49","population":210,"populationSource":"osm_fallback","status":"available","coverage":[100.0,100.0,100.0],"buildings":2,"coverage5":100.0,"coverage10":100.0,"coverage15":100.0}},{"type":"Feature","geometry":{"type":"Point","coordinates":[-5.73419,42.10244]},"properties":{"id":"49159","name":"POBLADURA DEL VALLE","province":"49","population":269,"populationSource":"osm_fallback","status":"available","coverage":[18.44,67.18,85.57],"buildings":21,"coverage5":18.44,"coverage10":67.18,"coverage15":85.57}},{"type":"Feature","geometry":{"type":"Point","coordinates":[-5.54252,41.70001]},"properties":{"id":"49160","name":"POBLADURA DE VALDERADUEY","province":"49","population":34,"populationSource":"osm_fallback","status":"available","coverage":[0.0,0.0,0.0],"buildings":1,"coverage5":0.0,"coverage10":0.0,"coverage15":0.0}},{"type":"Feature","geometry":{"type":"Point","coordinates":[-6.89893,42.16795]},"properties":{"id":"49162","name":"PORTO","province":"49","population":147,"populationSource":"osm_fallback","status":"available","coverage":[69.51,79.41,79.41],"buildings":53,"coverage5":69.51,"coverage10":79.41,"coverage15":79.41}},{"type":"Feature","geometry":{"type":"Point","coordinates":[-5.43462,41.5954]},"properties":{"id":"49163","name":"POZOANTIGUO","province":"49","population":188,"populationSource":"osm_fallback","status":"available","coverage":[0.0,0.0,0.0],"buildings":1,"coverage5":0.0,"coverage10":0.0,"coverage15":0.0}},{"type":"Feature","geometry":{"type":"Point","coordinates":[-5.89641,41.78529]},"properties":{"id":"49164","name":"POZUELO DE TÁBARA","province":"49","population":150,"populationSource":"osm_fallback","status":"available","coverage":[0.0,0.0,0.0],"buildings":2,"coverage5":0.0,"coverage10":0.0,"coverage15":0.0}},{"type":"Feature","geometry":{"type":"Point","coordinates":[-5.41983,41.92083]},"properties":{"id":"49165","name":"PRADO","province":"49","population":53,"populationSource":"nominatim_point","status":"available","coverage":[0.0,0.0,0.0],"buildings":1,"coverage5":0.0,"coverage10":0.0,"coverage15":0.0}},{"type":"Feature","geometry":{"type":"Point","coordinates":[-6.63439,42.05495]},"properties":{"id":"49166","name":"PUEBLA DE SANABRIA","province":"49","population":1378,"populationSource":"osm_fallback","status":"available","coverage":[28.42,57.64,73.6],"buildings":897,"coverage5":28.42,"coverage10":57.64,"coverage15":73.6}},{"type":"Feature","geometry":{"type":"Point","coordinates":[-5.90011,41.91794]},"properties":{"id":"49167","name":"PUEBLICA DE VALVERDE","province":"49","population":172,"populationSource":"nominatim_point","status":"available","coverage":[0.0,0.0,0.0],"buildings":1,"coverage5":0.0,"coverage10":0.0,"coverage15":0.0}},{"type":"Feature","geometry":{"type":"Point","coordinates":[-5.351,41.8689]},"properties":{"id":"49168","name":"QUINTANILLA DEL MONTE","province":"49","population":93,"populationSource":"osm_fallback","status":"available","coverage":[0.0,0.0,0.0],"buildings":4,"coverage5":0.0,"coverage10":0.0,"coverage15":0.0}},{"type":"Feature","geometry":{"type":"Point","coordinates":[-5.40658,41.90513]},"properties":{"id":"49169","name":"QUINTANILLA DEL OLMO","province":"49","population":38,"populationSource":"cadastre","status":"available","coverage":[0.0,0.0,0.0],"buildings":1,"coverage5":0.0,"coverage10":0.0,"coverage15":0.0}},{"type":"Feature","geometry":{"type":"Point","coordinates":[-5.84993,42.03366]},"properties":{"id":"49170","name":"QUINTANILLA DE URZ","province":"49","population":98,"populationSource":"osm_fallback","status":"available","coverage":[0.0,0.0,0.0],"buildings":3,"coverage5":0.0,"coverage10":0.0,"coverage15":0.0}},{"type":"Feature","geometry":{"type":"Point","coordinates":[-5.82865,42.01707]},"properties":{"id":"49171","name":"QUIRUELAS DE VIDRIALES","province":"49","population":615,"populationSource":"osm_fallback","status":"available","coverage":[18.95,29.95,30.24],"buildings":58,"coverage5":18.95,"coverage10":29.95,"coverage15":30.24}},{"type":"Feature","geometry":{"type":"Point","coordinates":[-6.27739,41.74273]},"properties":{"id":"49172","name":"RABANALES","province":"49","population":497,"populationSource":"osm_fallback","status":"available","coverage":[0.0,0.0,0.0],"buildings":594,"coverage5":0.0,"coverage10":0.0,"coverage15":0.0}},{"type":"Feature","geometry":{"type":"Point","coordinates":[-6.43278,41.74225]},"properties":{"id":"49173","name":"RÁBANO DE ALISTE","province":"49","population":313,"populationSource":"osm_fallback","status":"available","coverage":[0.0,0.0,0.0],"buildings":3,"coverage5":0.0,"coverage10":0.0,"coverage15":0.0}},{"type":"Feature","geometry":{"type":"Point","coordinates":[-6.74248,42.03146]},"properties":{"id":"49174","name":"REQUEJO","province":"49","population":107,"populationSource":"osm_fallback","status":"available","coverage":[34.71,82.24,98.71],"buildings":218,"coverage5":34.71,"coverage10":82.24,"coverage15":98.71}},{"type":"Feature","geometry":{"type":"Point","coordinates":[-5.56899,41.89057]},"properties":{"id":"49175","name":"REVELLINOS","province":"49","population":223,"populationSource":"osm_fallback","status":"available","coverage":[0.0,0.0,0.0],"buildings":4,"coverage5":0.0,"coverage10":0.0,"coverage15":0.0}},{"type":"Feature","geometry":{"type":"Point","coordinates":[-6.17802,41.81769]},"properties":{"id":"49176","name":"RIOFRÍO DE ALISTE","province":"49","population":589,"populationSource":"osm_fallback","status":"available","coverage":[12.59,23.19,23.19],"buildings":20,"coverage5":12.59,"coverage10":23.19,"coverage15":23.19}},{"type":"Feature","geometry":{"type":"Point","coordinates":[-6.22671,42.00583]},"properties":{"id":"49177","name":"RIONEGRO DEL PUENTE","province":"49","population":224,"populationSource":"osm_fallback","status":"available","coverage":[0.0,0.0,0.0],"buildings":42,"coverage5":0.0,"coverage10":0.0,"coverage15":0.0}},{"type":"Feature","geometry":{"type":"Point","coordinates":[-5.774,41.55245]},"properties":{"id":"49178","name":"ROALES","province":"49","population":1019,"populationSource":"osm_fallback","status":"available","coverage":[0.0,0.0,0.0],"buildings":273,"coverage5":0.0,"coverage10":0.0,"coverage15":0.0}},{"type":"Feature","geometry":{"type":"Point","coordinates":[-6.59375,42.0836]},"properties":{"id":"49179","name":"ROBLEDA-CERVANTES","province":"49","population":375,"populationSource":"osm_fallback","status":"available","coverage":[0.0,0.0,0.0],"buildings":338,"coverage5":0.0,"coverage10":0.0,"coverage15":0.0}},{"type":"Feature","geometry":{"type":"Point","coordinates":[-6.17185,41.25196]},"properties":{"id":"49180","name":"ROELOS DE SAYAGO","province":"49","population":133,"populationSource":"osm_fallback","status":"available","coverage":[28.22,31.21,31.21],"buildings":6,"coverage5":28.22,"coverage10":31.21,"coverage15":31.21}},{"type":"Feature","geometry":{"type":"Point","coordinates":[-6.53609,42.08935]},"properties":{"id":"49181","name":"ROSINOS DE LA REQUEJADA","province":"49","population":292,"populationSource":"osm_fallback","status":"available","coverage":[0.0,2.72,2.72],"buildings":230,"coverage5":0.0,"coverage10":2.72,"coverage15":2.72}},{"type":"Feature","geometry":{"type":"Point","coordinates":[-6.21857,41.27021]},"properties":{"id":"49183","name":"SALCE","province":"49","population":83,"populationSource":"osm_fallback","status":"available","coverage":[0.0,0.0,0.0],"buildings":10,"coverage5":0.0,"coverage10":0.0,"coverage15":0.0}},{"type":"Feature","geometry":{"type":"Point","coordinates":[-6.16407,41.67271]},"properties":{"id":"49184","name":"SAMIR DE LOS CAÑOS","province":"49","population":158,"populationSource":"osm_fallback","status":"available","coverage":[0.0,0.0,0.0],"buildings":3,"coverage5":0.0,"coverage10":0.0,"coverage15":0.0}},{"type":"Feature","geometry":{"type":"Point","coordinates":[-5.59389,41.88641]},"properties":{"id":"49185","name":"SAN AGUSTÍN DEL POZO","province":"49","population":163,"populationSource":"osm_fallback","status":"available","coverage":[0.0,0.0,0.0],"buildings":34,"coverage5":0.0,"coverage10":0.0,"coverage15":0.0}},{"type":"Feature","geometry":{"type":"Point","coordinates":[-5.75489,41.70637]},"properties":{"id":"49186","name":"SAN CEBRIÁN DE CASTRO","province":"49","population":250,"populationSource":"osm_fallback","status":"available","coverage":[0.0,0.0,0.0],"buildings":18,"coverage5":0.0,"coverage10":0.0,"coverage15":0.0}},{"type":"Feature","geometry":{"type":"Point","coordinates":[-5.63394,42.04693]},"properties":{"id":"49187","name":"SAN CRISTÓBAL DE ENTREVIÑAS","province":"49","population":1328,"populationSource":"osm_fallback","status":"available","coverage":[31.41,31.41,32.08],"buildings":31,"coverage5":31.41,"coverage10":31.41,"coverage15":32.08}},{"type":"Feature","geometry":{"type":"Point","coordinates":[-5.5516,41.93666]},"properties":{"id":"49188","name":"SAN ESTEBAN DEL MOLAR","province":"49","population":117,"populationSource":"osm_fallback","status":"available","coverage":[0.0,0.0,0.0],"buildings":3,"coverage5":0.0,"coverage10":0.0,"coverage15":0.0}},{"type":"Feature","geometry":{"type":"Point","coordinates":[-6.62391,42.13353]},"properties":{"id":"49189","name":"SAN JUSTO","province":"49","population":207,"populationSource":"osm_fallback","status":"available","coverage":[0.0,0.0,0.0],"buildings":525,"coverage5":0.0,"coverage10":0.0,"coverage15":0.0}},{"type":"Feature","geometry":{"type":"Point","coordinates":[-5.47177,41.81368]},"properties":{"id":"49190","name":"SAN MARTÍN DE VALDERADUEY","province":"49","population":47,"populationSource":"osm_fallback","status":"available","coverage":[0.0,0.0,0.0],"buildings":5,"coverage5":0.0,"coverage10":0.0,"coverage15":0.0}},{"type":"Feature","geometry":{"type":"Point","coordinates":[-5.57597,41.33271]},"properties":{"id":"49191","name":"SAN MIGUEL DE LA RIBERA","province":"49","population":244,"populationSource":"osm_fallback","status":"available","coverage":[0.0,0.0,0.0],"buildings":6,"coverage5":0.0,"coverage10":0.0,"coverage15":0.0}},{"type":"Feature","geometry":{"type":"Point","coordinates":[-5.49702,42.02927]},"properties":{"id":"49192","name":"SAN MIGUEL DEL VALLE","province":"49","population":123,"populationSource":"osm_fallback","status":"available","coverage":[0.0,0.0,0.0],"buildings":1,"coverage5":0.0,"coverage10":0.0,"coverage15":0.0}},{"type":"Feature","geometry":{"type":"Point","coordinates":[-6.0727,42.04379]},"properties":{"id":"49193","name":"SAN PEDRO DE CEQUE","province":"49","population":417,"populationSource":"osm_fallback","status":"available","coverage":[0.0,0.0,0.0],"buildings":6,"coverage5":0.0,"coverage10":0.0,"coverage15":0.0}},{"type":"Feature","geometry":{"type":"Point","coordinates":[-5.92155,41.59148]},"properties":{"id":"49194","name":"SAN PEDRO DE LA NAVE-ALMENDRA","province":"49","population":313,"populationSource":"osm_fallback","status":"available","coverage":[0.0,0.0,0.0],"buildings":3,"coverage5":0.0,"coverage10":0.0,"coverage15":0.0}},{"type":"Feature","geometry":{"type":"Point","coordinates":[-5.6779,41.33858]},"properties":{"id":"49197","name":"SANTA CLARA DE AVEDILLO","province":"49","population":153,"populationSource":"nominatim_point","status":"available","coverage":[0.0,0.0,0.0],"buildings":1,"coverage5":0.0,"coverage10":0.0,"coverage15":0.0}},{"type":"Feature","geometry":{"type":"Point","coordinates":[-5.68364,41.95752]},"properties":{"id":"49199","name":"SANTA COLOMBA DE LAS MONJAS","province":"49","population":236,"populationSource":"osm_fallback","status":"available","coverage":[0.0,0.0,0.0],"buildings":11,"coverage5":0.0,"coverage10":0.0,"coverage15":0.0}},{"type":"Feature","geometry":{"type":"Point","coordinates":[-5.71445,42.00092]},"properties":{"id":"49200","name":"SANTA CRISTINA DE LA POLVOROSA","province":"49","population":1034,"populationSource":"osm_fallback","status":"available","coverage":[0.0,10.93,21.49],"buildings":75,"coverage5":0.0,"coverage10":10.93,"coverage15":21.49}},{"type":"Feature","geometry":{"type":"Point","coordinates":[-5.97479,41.98357]},"properties":{"id":"49201","name":"SANTA CROYA DE TERA","province":"49","population":253,"populationSource":"osm_fallback","status":"available","coverage":[0.0,0.0,0.0],"buildings":3,"coverage5":0.0,"coverage10":0.0,"coverage15":0.0}},{"type":"Feature","geometry":{"type":"Point","coordinates":[-5.89954,41.67849]},"properties":{"id":"49202","name":"SANTA EUFEMIA DEL BARCO","province":"49","population":169,"populationSource":"osm_fallback","status":"available","coverage":[0.0,0.0,0.0],"buildings":2,"coverage5":0.0,"coverage10":0.0,"coverage15":0.0}},{"type":"Feature","geometry":{"type":"Point","coordinates":[-5.80991,42.08507]},"properties":{"id":"49203","name":"SANTA MARÍA DE LA VEGA","province":"49","population":259,"populationSource":"osm_fallback","status":"available","coverage":[0.0,0.0,0.0],"buildings":3,"coverage5":0.0,"coverage10":0.0,"coverage15":0.0}},{"type":"Feature","geometry":{"type":"Point","coordinates":[-5.93551,41.93514]},"properties":{"id":"49204","name":"SANTA MARÍA DE VALVERDE","province":"49","population":50,"populationSource":"nominatim_point","status":"available","coverage":[0.0,0.0,0.0],"buildings":1,"coverage5":0.0,"coverage10":0.0,"coverage15":0.0}},{"type":"Feature","geometry":{"type":"Point","coordinates":[-5.92456,41.98576]},"properties":{"id":"49205","name":"SANTIBÁÑEZ DE TERA","province":"49","population":351,"populationSource":"osm_fallback","status":"available","coverage":[50.26,100.0,100.0],"buildings":7,"coverage5":50.26,"coverage10":100.0,"coverage15":100.0}},{"type":"Feature","geometry":{"type":"Point","coordinates":[-6.01341,42.07811]},"properties":{"id":"49206","name":"SANTIBÁÑEZ DE VIDRIALES","province":"49","population":846,"populationSource":"osm_fallback","status":"available","coverage":[0.0,0.0,0.0],"buildings":26,"coverage5":0.0,"coverage10":0.0,"coverage15":0.0}},{"type":"Feature","geometry":{"type":"Point","coordinates":[-5.70869,41.87948]},"properties":{"id":"49207","name":"SANTOVENIA","province":"49","population":219,"populationSource":"osm_fallback","status":"available","coverage":[0.0,0.0,0.0],"buildings":8,"coverage5":0.0,"coverage10":0.0,"coverage15":0.0}},{"type":"Feature","geometry":{"type":"Point","coordinates":[-6.25312,41.80438]},"properties":{"id":"49208","name":"SAN VICENTE DE LA CABEZA","province":"49","population":309,"populationSource":"osm_fallback","status":"available","coverage":[0.0,0.0,0.0],"buildings":7,"coverage5":0.0,"coverage10":0.0,"coverage15":0.0}},{"type":"Feature","geometry":{"type":"Point","coordinates":[-6.34914,41.77845]},"properties":{"id":"49209","name":"SAN VITERO","province":"49","population":419,"populationSource":"osm_fallback","status":"available","coverage":[14.68,14.68,14.68],"buildings":11,"coverage5":14.68,"coverage10":14.68,"coverage15":14.68}},{"type":"Feature","geometry":{"type":"Point","coordinates":[-5.56747,41.4326]},"properties":{"id":"49210","name":"SANZOLES","province":"49","population":454,"populationSource":"osm_fallback","status":"available","coverage":[100.0,100.0,100.0],"buildings":8,"coverage5":100.0,"coverage10":100.0,"coverage15":100.0}},{"type":"Feature","geometry":{"type":"Point","coordinates":[-5.95983,41.82465]},"properties":{"id":"49214","name":"TÁBARA","province":"49","population":743,"populationSource":"osm_fallback","status":"available","coverage":[35.98,48.66,74.43],"buildings":43,"coverage5":35.98,"coverage10":48.66,"coverage15":74.43}},{"type":"Feature","geometry":{"type":"Point","coordinates":[-5.49573,41.85729]},"properties":{"id":"49216","name":"TAPIOLES","province":"49","population":128,"populationSource":"osm_fallback","status":"available","coverage":[0.0,0.0,0.0],"buildings":16,"coverage5":0.0,"coverage10":0.0,"coverage15":0.0}},{"type":"Feature","geometry":{"type":"Point","coordinates":[-5.39464,41.51991]},"properties":{"id":"49219","name":"TORO","province":"49","population":8336,"populationSource":"osm_fallback","status":"available","coverage":[13.33,66.74,69.51],"buildings":1112,"coverage5":13.33,"coverage10":66.74,"coverage15":69.51}},{"type":"Feature","geometry":{"type":"Point","coordinates":[-5.7243,42.09029]},"properties":{"id":"49220","name":"LA TORRE DEL VALLE","province":"49","population":122,"populationSource":"osm_fallback","status":"available","coverage":[0.0,0.0,0.0],"buildings":35,"coverage5":0.0,"coverage10":0.0,"coverage15":0.0}},{"type":"Feature","geometry":{"type":"Point","coordinates":[-6.18053,41.48813]},"properties":{"id":"49221","name":"TORREGAMONES","province":"49","population":225,"populationSource":"osm_fallback","status":"available","coverage":[0.0,0.0,0.0],"buildings":87,"coverage5":0.0,"coverage10":0.0,"coverage15":0.0}},{"type":"Feature","geometry":{"type":"Point","coordinates":[-5.67065,41.61641]},"properties":{"id":"49222","name":"TORRES DEL CARRIZAL","province":"49","population":413,"populationSource":"osm_fallback","status":"available","coverage":[0.0,0.0,0.0],"buildings":1,"coverage5":0.0,"coverage10":0.0,"coverage15":0.0}},{"type":"Feature","geometry":{"type":"Point","coordinates":[-6.49221,41.74753]},"properties":{"id":"49223","name":"TRABAZOS","province":"49","population":848,"populationSource":"osm_fallback","status":"available","coverage":[13.81,25.31,39.44],"buildings":52,"coverage5":13.81,"coverage10":25.31,"coverage15":39.44}},{"type":"Feature","geometry":{"type":"Point","coordinates":[-6.64973,42.12258]},"properties":{"id":"49224","name":"TREFACIO","province":"49","population":163,"populationSource":"osm_fallback","status":"available","coverage":[0.0,0.0,0.0],"buildings":74,"coverage5":0.0,"coverage10":0.0,"coverage15":0.0}},{"type":"Feature","geometry":{"type":"Point","coordinates":[-6.14388,42.08656]},"properties":{"id":"49225","name":"UÑA DE QUINTANA","province":"49","population":119,"populationSource":"osm_fallback","status":"available","coverage":[0.0,0.0,0.0],"buildings":5,"coverage5":0.0,"coverage10":0.0,"coverage15":0.0}},{"type":"Feature","geometry":{"type":"Point","coordinates":[-5.35252,41.28301]},"properties":{"id":"49226","name":"VADILLO DE LA GUAREÑA","province":"49","population":240,"populationSource":"osm_fallback","status":"available","coverage":[100.0,100.0,100.0],"buildings":1,"coverage5":100.0,"coverage10":100.0,"coverage15":100.0}},{"type":"Feature","geometry":{"type":"Point","coordinates":[-5.74865,41.54846]},"properties":{"id":"49227","name":"VALCABADO","province":"49","population":414,"populationSource":"osm_fallback","status":"available","coverage":[0.0,0.0,0.0],"buildings":21,"coverage5":0.0,"coverage10":0.0,"coverage15":0.0}},{"type":"Feature","geometry":{"type":"Point","coordinates":[-5.45321,41.45248]},"properties":{"id":"49228","name":"VALDEFINJAS","province":"49","population":60,"populationSource":"osm_fallback","status":"available","coverage":[0.0,0.0,0.0],"buildings":1,"coverage5":0.0,"coverage10":0.0,"coverage15":0.0}},{"type":"Feature","geometry":{"type":"Point","coordinates":[-5.51034,42.02246]},"properties":{"id":"49229","name":"VALDESCORRIEL","province":"49","population":131,"populationSource":"osm_fallback","status":"available","coverage":[0.0,0.0,0.0],"buildings":10,"coverage5":0.0,"coverage10":0.0,"coverage15":0.0}},{"type":"Feature","geometry":{"type":"Point","coordinates":[-5.32698,41.13536]},"properties":{"id":"49230","name":"VALLESA DE LA GUAREÑA","province":"49","population":67,"populationSource":"osm_fallback","status":"available","coverage":[33.69,33.69,33.69],"buildings":4,"coverage5":33.69,"coverage10":33.69,"coverage15":33.69}},{"type":"Feature","geometry":{"type":"Point","coordinates":[-6.12514,41.99829]},"properties":{"id":"49231","name":"VEGA DE TERA","province":"49","population":265,"populationSource":"osm_fallback","status":"available","coverage":[0.0,0.0,0.0],"buildings":4,"coverage5":0.0,"coverage10":0.0,"coverage15":0.0}},{"type":"Feature","geometry":{"type":"Point","coordinates":[-5.46336,41.97101]},"properties":{"id":"49232","name":"VEGA DE VILLALOBOS","province":"49","population":88,"populationSource":"osm_fallback","status":"available","coverage":[0.0,0.0,0.0],"buildings":7,"coverage5":0.0,"coverage10":0.0,"coverage15":0.0}},{"type":"Feature","geometry":{"type":"Point","coordinates":[-6.10817,41.7004]},"properties":{"id":"49233","name":"VEGALATRAVE","province":"49","population":79,"populationSource":"osm_fallback","status":"available","coverage":[0.0,0.0,0.0],"buildings":1,"coverage5":0.0,"coverage10":0.0,"coverage15":0.0}},{"type":"Feature","geometry":{"type":"Point","coordinates":[-5.5391,41.38937]},"properties":{"id":"49234","name":"VENIALBO","province":"49","population":439,"populationSource":"osm_fallback","status":"available","coverage":[38.45,38.45,38.45],"buildings":9,"coverage5":38.45,"coverage10":38.45,"coverage15":38.45}},{"type":"Feature","geometry":{"type":"Point","coordinates":[-5.36595,41.65312]},"properties":{"id":"49235","name":"VEZDEMARBÁN","province":"49","population":423,"populationSource":"osm_fallback","status":"available","coverage":[0.0,0.0,0.0],"buildings":10,"coverage5":0.0,"coverage10":0.0,"coverage15":0.0}},{"type":"Feature","geometry":{"type":"Point","coordinates":[-5.57433,41.90959]},"properties":{"id":"49236","name":"VIDAYANES","province":"49","population":74,"populationSource":"osm_fallback","status":"available","coverage":[0.0,0.0,0.0],"buildings":175,"coverage5":0.0,"coverage10":0.0,"coverage15":0.0}},{"type":"Feature","geometry":{"type":"Point","coordinates":[-6.04013,41.61203]},"properties":{"id":"49237","name":"VIDEMALA","province":"49","population":131,"populationSource":"nominatim_point","status":"available","coverage":[0.0,0.0,0.0],"buildings":1,"coverage5":0.0,"coverage10":0.0,"coverage15":0.0}},{"type":"Feature","geometry":{"type":"Point","coordinates":[-5.72817,42.05373]},"properties":{"id":"49238","name":"VILLABRÁZARO","province":"49","population":255,"populationSource":"osm_fallback","status":"available","coverage":[0.0,0.0,0.0],"buildings":14,"coverage5":0.0,"coverage10":0.0,"coverage15":0.0}},{"type":"Feature","geometry":{"type":"Point","coordinates":[-5.40658,41.38096]},"properties":{"id":"49239","name":"VILLABUENA DEL PUENTE","province":"49","population":574,"populationSource":"osm_fallback","status":"available","coverage":[10.99,83.33,86.3],"buildings":14,"coverage5":10.99,"coverage10":83.33,"coverage15":86.3}},{"type":"Feature","geometry":{"type":"Point","coordinates":[-6.13144,41.54861]},"properties":{"id":"49240","name":"VILLADEPERA","province":"49","population":165,"populationSource":"osm_fallback","status":"available","coverage":[0.0,0.0,0.0],"buildings":18,"coverage5":0.0,"coverage10":0.0,"coverage15":0.0}},{"type":"Feature","geometry":{"type":"Point","coordinates":[-5.46369,41.20682]},"properties":{"id":"49241","name":"VILLAESCUSA","province":"49","population":237,"populationSource":"osm_fallback","status":"available","coverage":[0.0,0.0,0.0],"buildings":18,"coverage5":0.0,"coverage10":0.0,"coverage15":0.0}},{"type":"Feature","geometry":{"type":"Point","coordinates":[-5.61465,41.84879]},"properties":{"id":"49242","name":"VILLAFÁFILA","province":"49","population":429,"populationSource":"osm_fallback","status":"available","coverage":[0.0,0.0,0.0],"buildings":31,"coverage5":0.0,"coverage10":0.0,"coverage15":0.0}},{"type":"Feature","geometry":{"type":"Point","coordinates":[-5.85889,42.09872]},"properties":{"id":"49243","name":"VILLAFERRUEÑA","province":"49","population":105,"populationSource":"osm_fallback","status":"available","coverage":[0.0,0.0,0.0],"buildings":2,"coverage5":0.0,"coverage10":0.0,"coverage15":0.0}},{"type":"Feature","geometry":{"type":"Point","coordinates":[-5.95472,42.11836]},"properties":{"id":"49244","name":"VILLAGERIZ","province":"49","population":63,"populationSource":"nominatim_point","status":"available","coverage":[100.0,100.0,100.0],"buildings":1,"coverage5":100.0,"coverage10":100.0,"coverage15":100.0}},{"type":"Feature","geometry":{"type":"Point","coordinates":[-5.58895,41.49417]},"properties":{"id":"49245","name":"VILLALAZÁN","province":"49","population":241,"populationSource":"osm_fallback","status":"available","coverage":[0.0,0.0,0.0],"buildings":8,"coverage5":0.0,"coverage10":0.0,"coverage15":0.0}},{"type":"Feature","geometry":{"type":"Point","coordinates":[-5.64103,41.74327]},"properties":{"id":"49246","name":"VILLALBA DE LA LAMPREANA","province":"49","population":212,"populationSource":"osm_fallback","status":"available","coverage":[0.0,0.0,0.0],"buildings":5,"coverage5":0.0,"coverage10":0.0,"coverage15":0.0}},{"type":"Feature","geometry":{"type":"Point","coordinates":[-6.04658,41.52305]},"properties":{"id":"49247","name":"VILLALCAMPO","province":"49","population":380,"populationSource":"osm_fallback","status":"available","coverage":[0.0,0.0,0.0],"buildings":55,"coverage5":0.0,"coverage10":0.0,"coverage15":0.0}},{"type":"Feature","geometry":{"type":"Point","coordinates":[-5.47576,41.94823]},"properties":{"id":"49248","name":"VILLALOBOS","province":"49","population":200,"populationSource":"osm_fallback","status":"available","coverage":[0.0,0.0,0.0],"buildings":6,"coverage5":0.0,"coverage10":0.0,"coverage15":0.0}},{"type":"Feature","geometry":{"type":"Point","coordinates":[-5.29758,41.5962]},"properties":{"id":"49249","name":"VILLALONSO","province":"49","population":80,"populationSource":"osm_fallback","status":"available","coverage":[0.0,0.0,0.0],"buildings":6,"coverage5":0.0,"coverage10":0.0,"coverage15":0.0}},{"type":"Feature","geometry":{"type":"Point","coordinates":[-5.4147,41.86488]},"properties":{"id":"49250","name":"VILLALPANDO","province":"49","population":1433,"populationSource":"osm_fallback","status":"available","coverage":[0.0,0.0,0.0],"buildings":701,"coverage5":0.0,"coverage10":0.0,"coverage15":0.0}},{"type":"Feature","geometry":{"type":"Point","coordinates":[-5.54509,41.60989]},"properties":{"id":"49251","name":"VILLALUBE","province":"49","population":143,"populationSource":"osm_fallback","status":"available","coverage":[100.0,100.0,100.0],"buildings":4,"coverage5":100.0,"coverage10":100.0,"coverage15":100.0}},{"type":"Feature","geometry":{"type":"Point","coordinates":[-5.36289,41.89748]},"properties":{"id":"49252","name":"VILLAMAYOR DE CAMPOS","province":"49","population":330,"populationSource":"osm_fallback","status":"available","coverage":[40.88,100.0,100.0],"buildings":2,"coverage5":40.88,"coverage10":100.0,"coverage15":100.0}},{"type":"Feature","geometry":{"type":"Point","coordinates":[-5.57463,41.25303]},"properties":{"id":"49255","name":"VILLAMOR DE LOS ESCUDEROS","province":"49","population":362,"populationSource":"osm_fallback","status":"available","coverage":[0.0,0.0,0.0],"buildings":94,"coverage5":0.0,"coverage10":0.0,"coverage15":0.0}},{"type":"Feature","geometry":{"type":"Point","coordinates":[-5.78029,41.97413]},"properties":{"id":"49256","name":"VILLANÁZAR","province":"49","population":256,"populationSource":"osm_fallback","status":"available","coverage":[0.0,0.0,0.0],"buildings":27,"coverage5":0.0,"coverage10":0.0,"coverage15":0.0}},{"type":"Feature","geometry":{"type":"Point","coordinates":[-5.66515,41.97686]},"properties":{"id":"49257","name":"VILLANUEVA DE AZOAGUE","province":"49","population":398,"populationSource":"osm_fallback","status":"available","coverage":[0.0,0.0,0.0],"buildings":359,"coverage5":0.0,"coverage10":0.0,"coverage15":0.0}},{"type":"Feature","geometry":{"type":"Point","coordinates":[-5.76989,41.35486]},"properties":{"id":"49258","name":"VILLANUEVA DE CAMPEÁN","province":"49","population":115,"populationSource":"nominatim_point","status":"available","coverage":[100.0,100.0,100.0],"buildings":1,"coverage5":100.0,"coverage10":100.0,"coverage15":100.0}},{"type":"Feature","geometry":{"type":"Point","coordinates":[-5.97995,41.93643]},"properties":{"id":"49259","name":"VILLANUEVA DE LAS PERAS","province":"49","population":85,"populationSource":"nominatim_point","status":"available","coverage":[0.0,0.0,0.0],"buildings":1,"coverage5":0.0,"coverage10":0.0,"coverage15":0.0}},{"type":"Feature","geometry":{"type":"Point","coordinates":[-5.40439,41.98487]},"properties":{"id":"49260","name":"VILLANUEVA DEL CAMPO","province":"49","population":736,"populationSource":"osm_fallback","status":"available","coverage":[57.07,90.97,92.23],"buildings":1300,"coverage5":57.07,"coverage10":90.97,"coverage15":92.23}},{"type":"Feature","geometry":{"type":"Point","coordinates":[-5.68275,41.49148]},"properties":{"id":"49261","name":"VILLARALBO","province":"49","population":1782,"populationSource":"osm_fallback","status":"available","coverage":[77.63,90.57,90.57],"buildings":220,"coverage5":77.63,"coverage10":90.57,"coverage15":90.57}},{"type":"Feature","geometry":{"type":"Point","coordinates":[-6.28965,41.94232]},"properties":{"id":"49262","name":"VILLARDECIERVOS","province":"49","population":383,"populationSource":"osm_fallback","status":"available","coverage":[0.0,29.59,29.59],"buildings":2,"coverage5":0.0,"coverage10":29.59,"coverage15":29.59}},{"type":"Feature","geometry":{"type":"Point","coordinates":[-5.34039,41.92496]},"properties":{"id":"49263","name":"VILLAR DE FALLAVES","province":"49","population":50,"populationSource":"nominatim_point","status":"available","coverage":[0.0,0.0,0.0],"buildings":1,"coverage5":0.0,"coverage10":0.0,"coverage15":0.0}},{"type":"Feature","geometry":{"type":"Point","coordinates":[-6.19478,41.33282]},"properties":{"id":"49264","name":"VILLAR DEL BUEY","province":"49","population":483,"populationSource":"osm_fallback","status":"available","coverage":[16.47,16.47,16.47],"buildings":32,"coverage5":16.47,"coverage10":16.47,"coverage15":16.47}},{"type":"Feature","geometry":{"type":"Point","coordinates":[-6.18203,41.53635]},"properties":{"id":"49265","name":"VILLARDIEGUA DE LA RIBERA","province":"49","population":106,"populationSource":"osm_fallback","status":"available","coverage":[0.0,0.0,0.0],"buildings":7,"coverage5":0.0,"coverage10":0.0,"coverage15":0.0}},{"type":"Feature","geometry":{"type":"Point","coordinates":[-5.46564,41.81877]},"properties":{"id":"49266","name":"VILLÁRDIGA","province":"49","population":60,"populationSource":"osm_fallback","status":"available","coverage":[0.0,0.0,0.0],"buildings":2,"coverage5":0.0,"coverage10":0.0,"coverage15":0.0}},{"type":"Feature","geometry":{"type":"Point","coordinates":[-5.37843,41.58442]},"properties":{"id":"49267","name":"VILLARDONDIEGO","province":"49","population":110,"populationSource":"osm_fallback","status":"available","coverage":[0.0,0.0,0.0],"buildings":1,"coverage5":0.0,"coverage10":0.0,"coverage15":0.0}},{"type":"Feature","geometry":{"type":"Point","coordinates":[-5.6384,41.79646]},"properties":{"id":"49268","name":"VILLARRÍN DE CAMPOS","province":"49","population":387,"populationSource":"osm_fallback","status":"available","coverage":[0.0,0.0,0.0],"buildings":13,"coverage5":0.0,"coverage10":0.0,"coverage15":0.0}},{"type":"Feature","geometry":{"type":"Point","coordinates":[-5.9645,41.46835]},"properties":{"id":"49269","name":"VILLASECO DEL PAN","province":"49","population":201,"populationSource":"osm_fallback","status":"available","coverage":[0.0,0.0,0.0],"buildings":4,"coverage5":0.0,"coverage10":0.0,"coverage15":0.0}},{"type":"Feature","geometry":{"type":"Point","coordinates":[-5.34283,41.57862]},"properties":{"id":"49270","name":"VILLAVENDIMIO","province":"49","population":150,"populationSource":"osm_fallback","status":"available","coverage":[70.76,100.0,100.0],"buildings":9,"coverage5":70.76,"coverage10":100.0,"coverage15":100.0}},{"type":"Feature","geometry":{"type":"Point","coordinates":[-5.67901,41.9189]},"properties":{"id":"49271","name":"VILLAVEZA DEL AGUA","province":"49","population":162,"populationSource":"osm_fallback","status":"available","coverage":[0.0,0.0,0.0],"buildings":1,"coverage5":0.0,"coverage10":0.0,"coverage15":0.0}},{"type":"Feature","geometry":{"type":"Point","coordinates":[-5.84838,41.94499]},"properties":{"id":"49272","name":"VILLAVEZA DE VALVERDE","province":"49","population":72,"populationSource":"nominatim_point","status":"available","coverage":[0.0,0.0,0.0],"buildings":1,"coverage5":0.0,"coverage10":0.0,"coverage15":0.0}},{"type":"Feature","geometry":{"type":"Point","coordinates":[-6.4683,41.77438]},"properties":{"id":"49273","name":"VIÑAS","province":"49","population":148,"populationSource":"osm_fallback","status":"available","coverage":[0.0,0.0,0.0],"buildings":3,"coverage5":0.0,"coverage10":0.0,"coverage15":0.0}},{"type":"Feature","geometry":{"type":"Point","coordinates":[-5.75495,41.49914]},"properties":{"id":"49275","name":"ZAMORA","province":"49","population":59815,"populationSource":"osm_fallback","status":"available","coverage":[67.33,88.41,93.96],"buildings":5932,"coverage5":67.33,"coverage10":88.41,"coverage15":93.96}}]}