{"type":"Feature","geometry":{"type":"MultiLineString","coordinates":[[[-7.0183825,42.7230694],[-7.0138067,42.7204067],[-7.011765,42.7138533],[-7.0075976,42.7078673],[-6.999273098683472,42.700724660478215]],[[-6.999164368704786,42.70106297178678],[-7.0074007,42.707989],[-7.0117349,42.714444],[-7.0133219,42.7200879],[-7.0182749,42.7233161]],[[-7.0053595,42.7121803],[-7.0092269,42.7168274],[-7.0080482,42.7197104],[-7.012314,42.7204608],[-7.0163801,42.7250336]],[[-7.0053595,42.7121803],[-7.0047165,42.7100297]],[[-7.0047165,42.7100297],[-7.0053595,42.7121803]],[[-6.999164368704786,42.70106297178678],[-7.0065527,42.7075644],[-7.0047165,42.7100297]],[[-6.999273098683472,42.700724660478215],[-6.999164368704786,42.70106297178678]],[[-6.991407393913697,42.69051757465036],[-6.9969589,42.695075],[-6.999273098683472,42.700724660478215]],[[-6.999273098683472,42.700724660478215],[-6.991407393913697,42.69051757465036]],[[-6.940364894379415,42.66567988873302],[-6.9557527,42.6706511],[-6.9629356,42.6758431],[-6.9758671,42.6753559],[-6.9848524,42.6793462],[-6.9887281,42.689773],[-6.999164368704786,42.70106297178678]],[[-6.990856502246073,42.68980566274345],[-6.9901598,42.6913773],[-6.991407393913697,42.69051757465036]],[[-6.991407393913697,42.69051757465036],[-6.990856502246073,42.68980566274345]],[[-6.9564131,42.6692344],[-6.9670791,42.672958],[-6.9690009,42.6716678],[-6.978983,42.6730275],[-6.9798839,42.6719372],[-6.9910891,42.6746339],[-6.992881,42.6788441],[-6.9894926,42.683705],[-6.9920516,42.6879975],[-6.990856502246073,42.68980566274345]],[[-6.990856502246073,42.68980566274345],[-6.9879483,42.6849283],[-6.9890883,42.6787633],[-6.9859533,42.6753298],[-6.9635741,42.675131],[-6.9557433,42.6704283],[-6.940482429597421,42.66559136613455]],[[-6.960337739620738,42.03931690337984],[-6.9769128,42.0365482]],[[-6.9765241,42.0362934],[-6.960502979678414,42.0391429907715]],[[-6.960502979678414,42.0391429907715],[-6.9682722,42.0378331],[-6.9730282,42.0349354]],[[-6.960502979678414,42.0391429907715],[-6.9404833,42.03813],[-6.9204066,42.0300241],[-6.8986369,42.0280378],[-6.8818273,42.0289671],[-6.8702437,42.0345138],[-6.861393059975883,42.03576062017012]],[[-6.960337739620738,42.03931690337984],[-6.960502979678414,42.0391429907715]],[[-6.861082783846112,42.0359065994789],[-6.8703313,42.0346404],[-6.8819314,42.0291004],[-6.8986318,42.0281825],[-6.9208677,42.0303122],[-6.9397876,42.0381514],[-6.960337739620738,42.03931690337984]],[[-6.9341946,42.0359797],[-6.9379889,42.0384266],[-6.960337739620738,42.03931690337984]],[[-6.9563637,42.6691279],[-6.9564493,42.6691065]],[[-6.9564131,42.6692344],[-6.9564493,42.6691065]],[[-6.9564493,42.6691065],[-6.9563708,42.6689299]],[[-6.9563637,42.6691279],[-6.9564131,42.6692344]],[[-6.9563708,42.6689299],[-6.9562375,42.6689982]],[[-6.9563708,42.6689299],[-6.9562341,42.6688666]],[[-6.9562375,42.6689982],[-6.9563637,42.6691279]],[[-6.9562341,42.6688666],[-6.9562375,42.6689982]],[[-6.940482429597421,42.66559136613455],[-6.9533154,42.6650221],[-6.9562341,42.6688666]],[[-6.9115405,41.9208553],[-6.90997,41.9211609],[-6.9111675,41.9251268],[-6.9042099,41.9278527],[-6.8999612,41.9333202],[-6.9020534,41.937235],[-6.9150245,41.943372],[-6.9293904,41.9441421],[-6.9327432,41.9462768],[-6.9469267,41.9422468],[-6.9504537,41.9430146],[-6.9527417,41.9463406],[-6.9620897,41.9457788],[-6.9591415,41.9487744],[-6.9529184,41.9509073]],[[-6.9291209,41.0255876],[-6.9408993,41.0219494]],[[-6.940364894379415,42.66567988873302],[-6.940482429597421,42.66559136613455]],[[-6.940482429597421,42.66559136613455],[-6.9308425,42.6639485],[-6.9237048,42.6592931],[-6.905396407125961,42.65595662355093]],[[-6.905572387420348,42.6561203987409],[-6.9097863,42.6587034],[-6.9131688,42.6576035],[-6.9171625,42.6601659],[-6.9249885,42.6611664],[-6.9273105,42.6666686],[-6.9373397,42.66725],[-6.940364894379415,42.66567988873302]],[[-6.905572387420348,42.6561203987409],[-6.9235595,42.6594236],[-6.9303765,42.6639424],[-6.940364894379415,42.66567988873302]],[[-6.9341946,42.0359797],[-6.9338015,42.0356389]],[[-6.9337036,42.03568],[-6.9341946,42.0359797]],[[-6.9337036,42.03568],[-6.9338015,42.0356389]],[[-6.9338015,42.0356389],[-6.9335184,42.0355065]],[[-6.9335461,42.0356387],[-6.9337036,42.03568]],[[-6.9335184,42.0355065],[-6.9335461,42.0356387]],[[-6.9335184,42.0355065],[-6.9335461,42.0356387]],[[-6.9292954,41.0266088],[-6.9290235,41.0260055]],[[-6.9287745,41.0255961],[-6.9291209,41.0255876]],[[-6.9291209,41.0255876],[-6.9285995,41.0253729]],[[-6.9290235,41.0260055],[-6.9287745,41.0255961]],[[-6.92855,41.0253268],[-6.9290235,41.0260055]],[[-6.9287745,41.0255961],[-6.9285995,41.0253729]],[[-6.92855,41.0253268],[-6.9287745,41.0255961]],[[-6.9285995,41.0253729],[-6.92855,41.0253268]],[[-6.92855,41.0253268],[-6.9275744,41.0207073],[-6.9239643,41.0216556],[-6.9198694,41.01783],[-6.9163083,41.0203563],[-6.9143445,41.0151843],[-6.9125094,41.0153771],[-6.9026326,41.0083345],[-6.8948649,41.009927],[-6.8919749,41.0085778],[-6.8890717,41.0110374],[-6.8861965,41.0099449],[-6.8848542,41.0113405],[-6.8697012,41.0059362],[-6.8652394,40.9992776],[-6.8643431,40.9890526],[-6.8667066,40.9879521],[-6.8634211,40.983981],[-6.8556651,40.9815193],[-6.8475618,40.9813847],[-6.8430341,40.97636],[-6.8361172,40.97417],[-6.8272478,40.9754449],[-6.8145437,40.9678181],[-6.7910644,40.9574544],[-6.779254,40.9495114],[-6.7440668,40.941227],[-6.740674,40.9384241],[-6.7302957,40.9357954],[-6.7127293,40.936389],[-6.6592023,40.9579614],[-6.6496362,40.9591073],[-6.63008,40.9682394],[-6.5847837,40.9735771],[-6.5760394,40.9791862],[-6.5618363,40.98331],[-6.5574169,40.9872666],[-6.5572206,40.9910851],[-6.5552465,40.9929291],[-6.5497842,40.9946094],[-6.5368025,40.9941293],[-6.5115666,41.0020465],[-6.4911667,41.0107085],[-6.4817443,41.0121864],[-6.4445355,41.0094321],[-6.440605,41.0106192]],[[-6.8944314515607,42.655421407052216],[-6.905572387420348,42.6561203987409]],[[-6.905396407125961,42.65595662355093],[-6.905572387420348,42.6561203987409]],[[-6.905396407125961,42.65595662355093],[-6.894947171010279,42.65542084594547]],[[-6.894947171010279,42.65542084594547],[-6.8997438,42.6544936],[-6.905396407125961,42.65595662355093]],[[-6.8944314515607,42.655421407052216],[-6.894947171010279,42.65542084594547]],[[-6.894947171010279,42.65542084594547],[-6.88763,42.6483567],[-6.8762077,42.6448791],[-6.866382631239828,42.6396808651315]],[[-6.8764488,42.6469628],[-6.8870844,42.6494638],[-6.8908693,42.6542173],[-6.8944314515607,42.655421407052216]],[[-6.867006254563603,42.639967665729834],[-6.8760993,42.6450189],[-6.8872195,42.6483875],[-6.8944314515607,42.655421407052216]],[[-6.6553698,42.5572492],[-6.6606468,42.5491315],[-6.6614147,42.5421707],[-6.6535532,42.522863],[-6.6715865,42.5091628],[-6.6752255,42.5044862],[-6.6767367,42.5059771],[-6.6868959,42.5065524],[-6.6866644,42.5035282],[-6.6903322,42.5037103],[-6.6977854,42.4983665],[-6.6963802,42.4927212],[-6.7007029,42.4921665],[-6.7018763,42.4962274],[-6.7026352,42.4913702],[-6.7153385,42.4936508],[-6.7194916,42.4978514],[-6.7294206,42.4998463],[-6.7399956,42.4943667],[-6.7428816,42.4911354],[-6.7482413,42.489434],[-6.7533878,42.4900065],[-6.7558373,42.4921458],[-6.784848,42.4858773],[-6.796524,42.477495],[-6.7985885,42.4738854],[-6.8030248,42.4721418],[-6.8123946,42.4589775],[-6.8218075,42.4533167],[-6.8216703,42.4518476],[-6.8179071,42.449817],[-6.8192992,42.445111],[-6.8131918,42.4289201],[-6.8140654,42.4266477],[-6.8216682,42.4233301],[-6.8254802,42.4193027],[-6.8210634,42.411544],[-6.8287445,42.4081387],[-6.8379063,42.4094329],[-6.845306,42.4052622],[-6.8571333,42.4020532],[-6.8909456,42.4068942]],[[-6.8764488,42.6469628],[-6.8756583,42.6463997]],[[-6.8755087,42.6465096],[-6.8764488,42.6469628]],[[-6.8755087,42.6465096],[-6.8756583,42.6463997]],[[-6.8756583,42.6463997],[-6.8752854,42.64616]],[[-6.8751554,42.6463005],[-6.8755087,42.6465096]],[[-6.8752854,42.64616],[-6.8751554,42.6463005]],[[-6.8752854,42.64616],[-6.8742574,42.6455976]],[[-6.8742574,42.6455976],[-6.8751554,42.6463005]],[[-6.867006254563603,42.639967665729834],[-6.8742574,42.6455976]],[[-6.8695202,42.0343394],[-6.861393059975883,42.03576062017012]],[[-6.866382631239828,42.6396808651315],[-6.867006254563603,42.639967665729834]],[[-6.851686550196012,42.633053717294686],[-6.8559939,42.638434],[-6.867006254563603,42.639967665729834]],[[-6.852023692885634,42.63330745271523],[-6.8567471,42.6383955],[-6.8628916,42.6379541],[-6.866382631239828,42.6396808651315]],[[-6.866382631239828,42.6396808651315],[-6.8562864,42.6383717],[-6.852023692885634,42.63330745271523]],[[-6.861393059975883,42.03576062017012],[-6.861082783846112,42.0359065994789]],[[-6.861393059975883,42.03576062017012],[-6.8443147,42.0340592],[-6.8355997,42.0315337],[-6.828233300663778,42.032583231681464]],[[-6.861082783846112,42.0359065994789],[-6.8601665,42.0365302]],[[-6.828541638963329,42.03262779937575],[-6.8356555,42.0316942],[-6.8447905,42.0342926],[-6.861082783846112,42.0359065994789]],[[-6.8601665,42.0365302],[-6.8573665,42.0363252]],[[-6.8573665,42.0363252],[-6.8601665,42.0365302]],[[-6.8467836,42.0356783],[-6.8573665,42.0363252]],[[-6.852023692885634,42.63330745271523],[-6.8485749,42.6270847],[-6.837698444815293,42.622174692969324]],[[-6.851686550196012,42.633053717294686],[-6.852023692885634,42.63330745271523]],[[-6.8288001,40.6063767],[-6.8266164,40.6061582],[-6.8273811,40.6035283],[-6.8388692,40.5934399],[-6.8373011,40.5842114],[-6.841754,40.5769132],[-6.8459213,40.564828],[-6.8517095,40.557103]],[[-6.837884862576843,42.62236578183054],[-6.8482478,42.6270549],[-6.851686550196012,42.633053717294686]],[[-6.8454127,42.6259149],[-6.851686550196012,42.633053717294686]],[[-6.8409475,42.0343842],[-6.8467836,42.0356783]],[[-6.8467836,42.0356783],[-6.8409475,42.0343842]],[[-6.8454127,42.6259149],[-6.8416856,42.6241395]],[[-6.8416856,42.6241395],[-6.8454127,42.6259149]],[[-6.837884862576843,42.62236578183054],[-6.8416856,42.6241395]],[[-6.8294968,42.0327099],[-6.8409475,42.0343842]],[[-6.7654949,42.5628687],[-6.7717804,42.5591206],[-6.779903,42.5490856],[-6.7831421,42.5373401],[-6.7870324,42.5343313],[-6.7890503,42.5286023],[-6.7950243,42.5265533],[-6.7984138,42.5234808],[-6.8096345,42.5201067],[-6.8152995,42.5120325],[-6.8253586,42.5070472],[-6.8257849,42.5048383],[-6.8216067,42.5006133],[-6.8212002,42.497924],[-6.8273436,42.4946437],[-6.839612,42.4834186],[-6.840162,42.4773441]],[[-6.837698444815293,42.622174692969324],[-6.837884862576843,42.62236578183054]],[[-6.8350236297309666,42.62165596916268],[-6.837884862576843,42.62236578183054]],[[-6.835153115210046,42.62152872606294],[-6.837698444815293,42.622174692969324]],[[-6.837698444815293,42.622174692969324],[-6.835153115210046,42.62152872606294]],[[-6.8350236297309666,42.62165596916268],[-6.835153115210046,42.62152872606294]],[[-6.835153115210046,42.62152872606294],[-6.8217301,42.612681],[-6.8140726,42.5984621],[-6.802407324430769,42.59604869819698]],[[-6.8075265,42.599178],[-6.8148096,42.6037114],[-6.8212324,42.6147945],[-6.8243258,42.6150655],[-6.8294487,42.6184198],[-6.8298672,42.6230263],[-6.8350236297309666,42.62165596916268]],[[-6.802466919815007,42.59622656304775],[-6.8138601,42.5985386],[-6.8211886,42.6124047],[-6.8350236297309666,42.62165596916268]],[[-6.828443235386643,42.03266399292986],[-6.8294968,42.0327099]],[[-6.8294968,42.0327099],[-6.828541638963329,42.03262779937575]],[[-6.828443235386643,42.03266399292986],[-6.828541638963329,42.03262779937575]],[[-6.828541638963329,42.03262779937575],[-6.828233300663778,42.032583231681464]],[[-6.556068001878277,42.05351371136259],[-6.5664385,42.055979],[-6.6056173,42.0563199],[-6.6245149,42.0636531],[-6.6402472,42.0618962],[-6.6528519,42.0626963],[-6.6763143,42.0556656],[-6.707445,42.0416971],[-6.7213791,42.0390215],[-6.7336638,42.0340183],[-6.7513162,42.0331611],[-6.7650416,42.0351106],[-6.7791183,42.0412179],[-6.7847624,42.042135],[-6.7961796,42.0392522],[-6.8109904,42.039531],[-6.828443235386643,42.03266399292986]],[[-6.828120630421819,42.03262417278361],[-6.828443235386643,42.03266399292986]],[[-6.828233300663778,42.032583231681464],[-6.828120630421819,42.03262417278361]],[[-6.828233300663778,42.032583231681464],[-6.825574,42.0329703]],[[-6.828120630421819,42.03262417278361],[-6.8110421,42.0392268],[-6.79609,42.0391067],[-6.7847823,42.0419788],[-6.7796394,42.0412376],[-6.7655851,42.0350154],[-6.7517385,42.0330008],[-6.7340698,42.0337721],[-6.7219033,42.038684],[-6.7073109,42.0415525],[-6.6762129,42.0555118],[-6.6528164,42.0625271],[-6.6411907,42.0617018],[-6.624568,42.0634871],[-6.6056623,42.0561532],[-6.5664719,42.0558101],[-6.556462654817695,42.053426591592654]],[[-6.825574,42.0329703],[-6.828120630421819,42.03262417278361]],[[-6.8276155,40.6073689],[-6.8266591,40.6070927]],[[-6.8177068,40.6030851],[-6.8191556,40.6076839],[-6.8239791,40.6072161],[-6.8267924,40.6086247]],[[-6.7439191,42.0310946],[-6.7537621,42.0306285],[-6.7659148,42.0332121],[-6.7805806,42.0403495],[-6.7867881,42.0402002],[-6.7926023,42.0366802],[-6.797669,42.0378635],[-6.803206,42.0368478],[-6.8093656,42.0389851],[-6.8135529,42.0337565],[-6.825574,42.0329703]],[[-6.8248862,40.6061229],[-6.8223372,40.6043737]],[[-6.822239,40.6044656],[-6.8245478,40.6059078]],[[-6.784557602195176,40.591323886312715],[-6.8072477,40.5963511],[-6.8120319,40.6008922],[-6.81577,40.6104263],[-6.8243649,40.6151917]],[[-6.822239,40.6044656],[-6.8223372,40.6043737]],[[-6.8223372,40.6043737],[-6.8221525,40.6042642]],[[-6.822063,40.604338],[-6.822239,40.6044656]],[[-6.8221525,40.6042642],[-6.822063,40.604338]],[[-6.8221525,40.6042642],[-6.8203423,40.603329]],[[-6.8203423,40.603329],[-6.822063,40.604338]],[[-6.821722,40.6141171],[-6.8156241,40.6098575],[-6.8122382,40.6007865],[-6.8072297,40.5960871],[-6.784766673323859,40.591202952398]],[[-6.8203423,40.603329],[-6.8121881,40.5962374]],[[-6.8121881,40.5962374],[-6.8076615,40.5928797]],[[-6.8076615,40.5928797],[-6.8121881,40.5962374]],[[-6.7974277,40.5926252],[-6.8076615,40.5928797]],[[-6.8075265,42.599178],[-6.8070899,42.598805]],[[-6.8069394,42.5989451],[-6.8075265,42.599178]],[[-6.8069394,42.5989451],[-6.8070899,42.598805]],[[-6.8070899,42.598805],[-6.8070674,42.5987597]],[[-6.8070674,42.5987597],[-6.8067098,42.5984235]],[[-6.8070674,42.5987597],[-6.8068007,42.5987431]],[[-6.8068108,42.5989114],[-6.8069394,42.5989451]],[[-6.8067767,42.5987697],[-6.8068108,42.5989114]],[[-6.8063828,42.5987963],[-6.8068108,42.5989114]],[[-6.8068007,42.5987431],[-6.8067767,42.5987697]],[[-6.8067098,42.5984235],[-6.8068007,42.5987431]],[[-6.8067767,42.5987697],[-6.8063828,42.5987963]],[[-6.8067098,42.5984235],[-6.802466919815007,42.59622656304775]],[[-6.8037178,42.5983778],[-6.8063828,42.5987963]],[[-6.8037178,42.5983778],[-6.8006297,42.597174]],[[-6.8006297,42.597174],[-6.8037178,42.5983778]],[[-6.802407324430769,42.59604869819698],[-6.802466919815007,42.59622656304775]],[[-6.787321865295997,42.58439811005951],[-6.7915545,42.586869],[-6.7975654,42.5941858],[-6.802466919815007,42.59622656304775]],[[-6.80189,42.595168],[-6.802407324430769,42.59604869819698]],[[-6.802407324430769,42.59604869819698],[-6.7977925,42.5940904],[-6.7919315,42.5869271],[-6.7872120171080885,42.5841511787516]],[[-6.787321865295997,42.58439811005951],[-6.8006297,42.597174]],[[-6.7974277,40.5926252],[-6.7970635,40.5926995]],[[-6.7972572,40.5928728],[-6.7974277,40.5926252]],[[-6.7965589,40.5928186],[-6.7972572,40.5928728]],[[-6.7972572,40.5928728],[-6.7970635,40.5926995]],[[-6.7970635,40.5926995],[-6.7968321,40.5926741]],[[-6.7968321,40.5926741],[-6.7965589,40.5928186]],[[-6.7968321,40.5926741],[-6.7963498,40.592423]],[[-6.7963498,40.592423],[-6.7965589,40.5928186]],[[-6.795184,40.5921289],[-6.7963498,40.592423]],[[-6.795184,40.5921289],[-6.7871938,40.5904373]],[[-6.7871938,40.5904373],[-6.795184,40.5921289]],[[-6.7872120171080885,42.5841511787516],[-6.787321865295997,42.58439811005951]],[[-6.607452961752644,42.58158087508409],[-6.6337041,42.5854883],[-6.6557514,42.5823924],[-6.676642,42.5873543],[-6.705123,42.5803554],[-6.7186481,42.5685076],[-6.7268062,42.5665311],[-6.7425142,42.5703025],[-6.7699662,42.5738424],[-6.7796978,42.5778584],[-6.787321865295997,42.58439811005951]],[[-6.7737922,42.5750498],[-6.7804394,42.5778248],[-6.7872120171080885,42.5841511787516]],[[-6.7872120171080885,42.5841511787516],[-6.7800256,42.5777927],[-6.7701636,42.5737034],[-6.7434855,42.5702783],[-6.72655,42.5663503],[-6.7180165,42.5686237],[-6.7090951,42.5775146],[-6.7037221,42.5807189],[-6.6905932,42.5827242],[-6.6762448,42.5872266],[-6.6555823,42.5822024],[-6.6333893,42.5853029],[-6.60753442926925,42.58142138545672]],[[-6.784766673323859,40.591202952398],[-6.7871938,40.5904373]],[[-6.784557602195176,40.591323886312715],[-6.784766673323859,40.591202952398]],[[-6.784766673323859,40.591202952398],[-6.7749564,40.5874695],[-6.7479524,40.5876993],[-6.7059923,40.5901298],[-6.6941974,40.5931047],[-6.6715532,40.5900363],[-6.6351521,40.5945095],[-6.6189325,40.5945906],[-6.6085135,40.5907641],[-6.6000249,40.5850189],[-6.5662538,40.5773466],[-6.537472476331235,40.58458973804089]],[[-6.7058035,40.5912521],[-6.7464569,40.5881553],[-6.7727362,40.5878224],[-6.784557602195176,40.591323886312715]],[[-6.537470078368388,40.5847869630839],[-6.5662624,40.577518],[-6.5999817,40.5851966],[-6.6082782,40.5908762],[-6.6189325,40.5947837],[-6.6344272,40.5947586],[-6.6715636,40.5902056],[-6.6942022,40.5932762],[-6.7051608,40.5903894],[-6.7479801,40.5878706],[-6.7749564,40.5876457],[-6.784557602195176,40.591323886312715]],[[-6.7355491,42.3186029],[-6.7617976,42.3270372],[-6.7629728,42.3296807],[-6.7594496,42.3309453],[-6.7635213,42.3337418],[-6.7620781,42.3376021],[-6.7650868,42.3406718],[-6.7681024,42.3400363],[-6.7660688,42.3396625],[-6.7681265,42.3374585],[-6.7807319,42.3362573],[-6.784514,42.3405804]],[[-6.7649418,42.5680576],[-6.7729189,42.5745973]],[[-6.761400948518918,42.565120673045044],[-6.7654949,42.5628687]],[[-6.7641614,42.5666971],[-6.7634778,42.5643674],[-6.7654949,42.5628687]],[[-6.7649418,42.5680576],[-6.7641614,42.5666971]],[[-6.7583175,42.5667251],[-6.7617278,42.566155],[-6.7649418,42.5680576]],[[-6.7641614,42.5666971],[-6.761400948518918,42.565120673045044]],[[-6.7598265,42.5659644],[-6.761400948518918,42.565120673045044]],[[-6.761400948518918,42.565120673045044],[-6.7584364,42.5657119]],[[-6.7598265,42.5659644],[-6.7584364,42.5657119]],[[-6.7583175,42.5667251],[-6.7598265,42.5659644]],[[-6.7584364,42.5657119],[-6.7547689,42.5676072]],[[-6.7547689,42.5676072],[-6.7583175,42.5667251]],[[-6.7516853,42.5682883],[-6.7547689,42.5676072]],[[-6.7516853,42.5682883],[-6.7510654,42.5682838]],[[-6.751156,42.5685647],[-6.7516853,42.5682883]],[[-6.7507413,42.5686147],[-6.751156,42.5685647]],[[-6.751156,42.5685647],[-6.7510654,42.5682838]],[[-6.7510654,42.5682838],[-6.7506963,42.5683358]],[[-6.7506963,42.5683358],[-6.7507413,42.5686147]],[[-6.7499344,42.5685794],[-6.7507413,42.5686147]],[[-6.7506963,42.5683358],[-6.7499344,42.5685794]],[[-6.6593433,42.5660469],[-6.6980618,42.5657844],[-6.7215365,42.5631886],[-6.742516,42.5683402],[-6.7499344,42.5685794]],[[-6.7436138,42.0312044],[-6.7439191,42.0310946]],[[-6.7439191,42.0310946],[-6.7435859,42.0310673]],[[-6.7433567,42.0311668],[-6.7436138,42.0312044]],[[-6.7436138,42.0312044],[-6.7435859,42.0310673]],[[-6.7435859,42.0310673],[-6.7434736,42.0310441]],[[-6.7434736,42.0310441],[-6.7433567,42.0311668]],[[-6.7434736,42.0310441],[-6.7431991,42.0309828]],[[-6.7431991,42.0309828],[-6.7433567,42.0311668]],[[-6.621589,42.0581513],[-6.6337513,42.060438],[-6.6510369,42.0610996],[-6.6612825,42.0584268],[-6.6749486,42.0510731],[-6.6898051,42.0479231],[-6.7056152,42.0402752],[-6.7156689,42.0333987],[-6.7431991,42.0309828]],[[-6.7289402,41.9284928],[-6.7263501,41.9281887],[-6.7249848,41.9299362],[-6.7229902,41.9339739],[-6.7239245,41.9360333]],[[-6.7259469,41.9364424],[-6.7261747,41.9370303]],[[-6.7259469,41.9364424],[-6.7239245,41.9360333]],[[-6.7239245,41.9360333],[-6.7259469,41.9364424]],[[-6.705423,40.5913564],[-6.7058035,40.5912521]],[[-6.7058035,40.5912521],[-6.7054006,40.5912016]],[[-6.7049257,40.5914499],[-6.705423,40.5913564]],[[-6.705423,40.5913564],[-6.7054006,40.5912016]],[[-6.7054006,40.5912016],[-6.7048505,40.5912989]],[[-6.7048505,40.5912989],[-6.7049257,40.5914499]],[[-6.70463,40.5914329],[-6.7049257,40.5914499]],[[-6.7048505,40.5912989],[-6.70463,40.5914329]],[[-6.5653316,40.5790328],[-6.5678755,40.5779288],[-6.5995278,40.585319],[-6.6161109,40.594774],[-6.6436931,40.5951085],[-6.6722477,40.5905649],[-6.6938359,40.5938064],[-6.70463,40.5914329]],[[-6.6807598,40.2290161],[-6.6809667,40.2306768],[-6.6851401,40.2313756],[-6.687579,40.2367615],[-6.68471,40.2435232],[-6.6883346,40.2475645],[-6.6904278,40.2657148],[-6.6522782,40.3036883],[-6.6477803,40.3125013],[-6.6475053,40.322838],[-6.6442279,40.3243184],[-6.6454333,40.3268403],[-6.644848,40.3327725],[-6.6376469,40.3438158],[-6.6371137,40.347264],[-6.6329426,40.3498901],[-6.6248339,40.3593817],[-6.61198,40.3781361],[-6.6067096,40.3889173],[-6.6066574,40.3968484],[-6.5989874,40.4262433],[-6.6049486,40.432179],[-6.6041161,40.4372319],[-6.601266,40.4428601],[-6.5926263,40.4504525]],[[-6.6169318,41.9384165],[-6.616534,41.9343806],[-6.6215256,41.9330098],[-6.6238658,41.9295617],[-6.6292774,41.9365168],[-6.6349336,41.9399582],[-6.6391822,41.9393197],[-6.6413709,41.934429],[-6.6405126,41.929557],[-6.642212,41.9275839],[-6.639369,41.922271],[-6.645832,41.916191],[-6.6437292,41.9069805],[-6.6482353,41.9022533],[-6.6475744,41.8980114],[-6.6512994,41.8892008],[-6.6557052,41.884863],[-6.6628523,41.8826448],[-6.6674184,41.8777753],[-6.6683368,41.8731994],[-6.6729717,41.8723429],[-6.6753406,41.8694348],[-6.6797309,41.8711097]],[[-6.6588853,42.5661616],[-6.6593433,42.5660469]],[[-6.6593433,42.5660469],[-6.6588626,42.5659634]],[[-6.6582003,42.566183],[-6.6588853,42.5661616]],[[-6.6588853,42.5661616],[-6.6588626,42.5659634]],[[-6.6588626,42.5659634],[-6.6582045,42.5659764]],[[-6.6582045,42.5659764],[-6.6578516,42.5661073]],[[-6.6582045,42.5659764],[-6.6582003,42.566183]],[[-6.6578516,42.5661073],[-6.6582003,42.566183]],[[-6.6510292,42.5659022],[-6.6578516,42.5661073]],[[-6.6553698,42.5572492],[-6.6518937,42.5610235]],[[-6.6518937,42.5610235],[-6.6553698,42.5572492]],[[-6.6506298,42.5634935],[-6.6518937,42.5610235]],[[-6.6510292,42.5659022],[-6.6504559,42.5656729]],[[-6.6503207,42.5659481],[-6.6510292,42.5659022]],[[-6.6506174,42.5641062],[-6.6507247,42.5637573]],[[-6.6507247,42.5637573],[-6.6506298,42.5634935]],[[-6.6507247,42.5637573],[-6.6503853,42.5637379]],[[-6.6506298,42.5634935],[-6.6503853,42.5637379]],[[-6.650366,42.564071],[-6.6506174,42.5641062]],[[-6.650407,42.5644188],[-6.6506174,42.5641062]],[[-6.6503207,42.5659481],[-6.6504559,42.5656729]],[[-6.6504559,42.5656729],[-6.6503783,42.5655592]],[[-6.650407,42.5644188],[-6.6503063,42.5648741]],[[-6.650366,42.564071],[-6.650407,42.5644188]],[[-6.6503853,42.5637379],[-6.650366,42.564071]],[[-6.6503783,42.5655592],[-6.6503063,42.5648741]],[[-6.6503783,42.5655592],[-6.6500025,42.5654739]],[[-6.6498168,42.5659041],[-6.6503207,42.5659481]],[[-6.6503063,42.5648741],[-6.6500025,42.5654739]],[[-6.6500025,42.5654739],[-6.6498348,42.5655479]],[[-6.6498348,42.5655479],[-6.6489916,42.5656349]],[[-6.6498348,42.5655479],[-6.6498168,42.5659041]],[[-6.6489916,42.5656349],[-6.6498168,42.5659041]],[[-6.606960233959066,42.5685966850191],[-6.6268571,42.5688945],[-6.6394015,42.5640593],[-6.6489916,42.5656349]],[[-6.621589,42.0581513],[-6.6208468,42.0577822]],[[-6.6207334,42.0581978],[-6.621589,42.0581513]],[[-6.6207334,42.0581978],[-6.6208468,42.0577822]],[[-6.6208468,42.0577822],[-6.6199523,42.0576626]],[[-6.6198289,42.0580197],[-6.6207334,42.0581978]],[[-6.6199523,42.0576626],[-6.618982,42.0576714]],[[-6.6199523,42.0576626],[-6.6198289,42.0580197]],[[-6.618982,42.0576714],[-6.6198289,42.0580197]],[[-6.618982,42.0576714],[-6.5988125,42.053525],[-6.5869058,42.048264],[-6.5665624,42.0497461]],[[-6.6085368,42.5799364],[-6.6087635,42.579467]],[[-6.6087635,42.579467],[-6.6098715,42.5758623],[-6.6077181,42.5701877]],[[-6.6087635,42.579467],[-6.6082161,42.5793449]],[[-6.6080283,42.5798039],[-6.6085368,42.5799364]],[[-6.60753442926925,42.58142138545672],[-6.6085368,42.5799364]],[[-6.6082161,42.5793449],[-6.6080283,42.5798039]],[[-6.6074218,42.5702356],[-6.6097648,42.5757361],[-6.6082161,42.5793449]],[[-6.6080283,42.5798039],[-6.607449433618965,42.58137570333587]],[[-6.6074218,42.5702356],[-6.6077181,42.5701877]],[[-6.6077181,42.5701877],[-6.6075937,42.5698708]],[[-6.6075937,42.5698708],[-6.606960233959066,42.5685966850191]],[[-6.6075937,42.5698708],[-6.6073602,42.5699061]],[[-6.607452961752644,42.58158087508409],[-6.60753442926925,42.58142138545672]],[[-6.60753442926925,42.58142138545672],[-6.607449433618965,42.58137570333587]],[[-6.5893768,42.6172525],[-6.607452961752644,42.58158087508409]],[[-6.607368746818536,42.5815361763883],[-6.607452961752644,42.58158087508409]],[[-6.607449433618965,42.58137570333587],[-6.607368746818536,42.5815361763883]],[[-6.607449433618965,42.58137570333587],[-6.5999464,42.5725409],[-6.5951166,42.5694284],[-6.581834,42.5676163],[-6.5646967,42.5608804],[-6.554568757100002,42.561782742674644]],[[-6.6073054,42.5701647],[-6.6074218,42.5702356]],[[-6.607368746818536,42.5815361763883],[-6.5888704,42.6170919]],[[-6.554521683312858,42.56199760080335],[-6.5648243,42.5610782],[-6.5819154,42.5678381],[-6.5937951,42.5691971],[-6.5992009,42.5721808],[-6.607368746818536,42.5815361763883]],[[-6.6073602,42.5699061],[-6.6072746,42.5699964]],[[-6.606875611864892,42.56861519312087],[-6.6073602,42.5699061]],[[-6.6072746,42.5699964],[-6.6073054,42.5701647]],[[-6.6069474,42.5701368],[-6.6073054,42.5701647]],[[-6.6072746,42.5699964],[-6.6069474,42.5701368]],[[-6.606875611864892,42.56861519312087],[-6.606960233959066,42.5685966850191]],[[-6.606960233959066,42.5685966850191],[-6.6068519,42.5683452]],[[-6.6069474,42.5701368],[-6.6056637,42.5693791]],[[-6.5549201,42.5603249],[-6.5643554,42.5531149],[-6.5733736,42.5528369],[-6.5761707,42.5543642],[-6.5764147,42.5594302],[-6.5840823,42.5660936],[-6.5906791,42.5663007],[-6.6001258,42.5695685],[-6.606875611864892,42.56861519312087]],[[-6.6066901,42.5681796],[-6.606875611864892,42.56861519312087]],[[-6.5926263,40.4504525],[-6.591026,40.4533755]],[[-6.591026,40.4533755],[-6.5926263,40.4504525]],[[-6.591026,40.4533755],[-6.5892641,40.4590707],[-6.577563,40.4787868],[-6.5824739,40.4862164],[-6.5798231,40.4935443]],[[-6.5891627,42.617718],[-6.5893768,42.6172525]],[[-6.5893768,42.6172525],[-6.5888704,42.6170919]],[[-6.5886143,42.6176058],[-6.5891627,42.617718]],[[-6.5302887,42.6937022],[-6.5405967,42.6870852],[-6.5446908,42.6780751],[-6.5481469,42.6757367],[-6.5603206,42.6760054],[-6.5712943,42.6814583],[-6.5772662,42.6797035],[-6.5813806,42.6709557],[-6.5792489,42.6575708],[-6.5826401,42.630304],[-6.5891627,42.617718]],[[-6.5888704,42.6170919],[-6.5886143,42.6176058]],[[-6.5886143,42.6176058],[-6.5823989,42.6304479],[-6.5791201,42.6559026],[-6.5812597,42.6706224],[-6.5772662,42.6794872],[-6.5716811,42.6814036],[-6.5608767,42.6760022],[-6.5481927,42.6756015],[-6.5445964,42.6779678],[-6.5403049,42.6871924],[-6.5298865,42.6934495]],[[-6.5817605,41.7319907],[-6.5635032,41.7404841],[-6.5591618,41.7378347],[-6.554869,41.7377748],[-6.5560012,41.7361601],[-6.5551695,41.7323818]],[[-6.5798231,40.4935443],[-6.5795092,40.4951855]],[[-6.5795092,40.4951855],[-6.5798231,40.4935443]],[[-6.5795092,40.4951855],[-6.5758735,40.5014156],[-6.575746,40.504659],[-6.5675359,40.5165424],[-6.5669373,40.5341349],[-6.5641482,40.5413715],[-6.551858,40.563647],[-6.5378476,40.5787655],[-6.537472476331235,40.58458973804089]],[[-6.5588884,41.7432631],[-6.5635586,41.7425963],[-6.5769773,41.7364979]],[[-6.5764816,41.7366132],[-6.5588884,41.7432631]],[[-6.5665624,42.0497461],[-6.5659956,42.0497989]],[[-6.566039,42.0499533],[-6.5665624,42.0497461]],[[-6.5657713,42.0499968],[-6.566039,42.0499533]],[[-6.566039,42.0499533],[-6.5659956,42.0497989]],[[-6.5659956,42.0497989],[-6.5657159,42.0498546]],[[-6.5657159,42.0498546],[-6.5657713,42.0499968]],[[-6.5651832,42.0500539],[-6.5657713,42.0499968]],[[-6.5657159,42.0498546],[-6.5651832,42.0500539]],[[-6.5653902,40.578169],[-6.5655676,40.5781866]],[[-6.5654437,40.5783405],[-6.5655676,40.5781866]],[[-6.5655676,40.5781866],[-6.5653902,40.578169]],[[-6.5654437,40.5783405],[-6.5650169,40.5787767]],[[-6.5653902,40.578169],[-6.5654437,40.5783405]],[[-6.5653316,40.5790328],[-6.5650169,40.5787767]],[[-6.565023,40.5789643],[-6.5653316,40.5790328]],[[-6.5651832,42.0500539],[-6.5629907,42.0507296]],[[-6.5649427,40.5788166],[-6.565023,40.5789643]],[[-6.5646506,40.5789053],[-6.565023,40.5789643]],[[-6.5650169,40.5787767],[-6.5649427,40.5788166]],[[-6.5649427,40.5788166],[-6.5646506,40.5789053]],[[-6.5646506,40.5789053],[-6.5608556,40.5788168],[-6.5529373,40.5827857],[-6.5433139,40.5924969]],[[-6.5629907,42.0507296],[-6.5582439,42.0530106]],[[-6.5582439,42.0530106],[-6.5629907,42.0507296]],[[-6.5588884,41.7432631],[-6.5500402,41.7402667],[-6.539076941842755,41.741628513940135]],[[-6.5582439,42.0530106],[-6.556462654817695,42.053426591592654]],[[-6.556462654817695,42.053426591592654],[-6.556068001878277,42.05351371136259]],[[-6.556462654817695,42.053426591592654],[-6.5103031,42.0456713],[-6.4723554,42.0428822],[-6.443285,42.0375817],[-6.3964927,42.0231812],[-6.3656135,42.0221426],[-6.3374687,42.0175168],[-6.3189952,42.0176772],[-6.2847883,42.009305],[-6.2634348,42.0056144],[-6.255183058905021,42.0059671113857]],[[-6.556068001878277,42.05351371136259],[-6.5534726,42.0540733]],[[-6.255379609886973,42.00611949977762],[-6.26285,42.00573],[-6.2836669,42.009277],[-6.3189604,42.0178464],[-6.3374892,42.0176852],[-6.3664273,42.0223934],[-6.3964373,42.0233506],[-6.4432819,42.0377673],[-6.4713052,42.0429247],[-6.5103136,42.0458509],[-6.556068001878277,42.05351371136259]],[[-6.5551695,41.7323818],[-6.552722,41.7314731]],[[-6.552722,41.7314731],[-6.5551695,41.7323818]],[[-6.5547593,42.5606754],[-6.5550945,42.560673]],[[-6.5550945,42.560673],[-6.5549201,42.5603249]],[[-6.5550945,42.560673],[-6.5547593,42.5606754]],[[-6.5549201,42.5603249],[-6.5547593,42.5606754]],[[-6.554568757100002,42.561782742674644],[-6.5546465,42.5614246]],[[-6.554568757100002,42.561782742674644],[-6.5467821,42.5680248],[-6.5377719,42.5714097],[-6.5304948,42.5780791],[-6.5243724,42.5885844],[-6.514632897304275,42.593040862049634]],[[-6.554521683312858,42.56199760080335],[-6.554568757100002,42.561782742674644]],[[-6.514750263637591,42.5931932661074],[-6.5246797,42.5885656],[-6.5309216,42.5778961],[-6.5380067,42.5714669],[-6.5468894,42.5681806],[-6.554521683312858,42.56199760080335]],[[-6.5158716,42.5946745],[-6.5181475,42.5959695],[-6.520753,42.595154],[-6.5306064,42.5796908],[-6.5444876,42.5731396],[-6.554521683312858,42.56199760080335]],[[-6.5534726,42.0540733],[-6.5474493,42.0540975]],[[-6.5474493,42.0540975],[-6.5534726,42.0540733]],[[-6.552722,41.7314731],[-6.5519837,41.731609]],[[-6.5519837,41.731609],[-6.5503387,41.7329999]],[[-6.5503387,41.7329999],[-6.5519837,41.731609]],[[-6.5395945,41.7407798],[-6.543804,41.7400253],[-6.5503387,41.7329999]],[[-6.5474493,42.0540975],[-6.5355418,42.0576234],[-6.5216337,42.058861],[-6.5080893,42.057179],[-6.4657968,42.0435043],[-6.3622116,42.0240892],[-6.341949,42.0237093]],[[-6.5433139,40.5924969],[-6.5419186,40.5938666]],[[-6.5409957,40.595329],[-6.5433139,40.5924969]],[[-6.5419186,40.5938666],[-6.5409957,40.595329]],[[-6.5419186,40.5938666],[-6.5413353,40.5934942]],[[-6.5413353,40.5934942],[-6.5419186,40.5938666]],[[-6.537470078368388,40.5847869630839],[-6.5375379,40.5907849],[-6.5413353,40.5934942]],[[-6.5409957,40.595329],[-6.5382035,40.600085],[-6.532348,40.6025608]],[[-6.5395945,41.7407798],[-6.539162,41.7408395]],[[-6.5393778,41.7409756],[-6.5395945,41.7407798]],[[-6.5392391,41.7411826],[-6.5393778,41.7409756]],[[-6.5393778,41.7409756],[-6.539162,41.7408395]],[[-6.5390216,41.7411715],[-6.5392391,41.7411826]],[[-6.5390987,41.7413958],[-6.5392391,41.7411826]],[[-6.539162,41.7408395],[-6.5390216,41.7411715]],[[-6.5389359,41.7420456],[-6.5391237,41.7420594]],[[-6.5391237,41.7420594],[-6.5390553,41.7418403]],[[-6.5391237,41.7420594],[-6.5389359,41.7420456]],[[-6.539076941842755,41.741628513940135],[-6.5390987,41.7413958]],[[-6.5390216,41.7411715],[-6.5390987,41.7413958]],[[-6.5390553,41.7418403],[-6.539076941842755,41.741628513940135]],[[-6.539076941842755,41.741628513940135],[-6.53886,41.7415871]],[[-6.5390553,41.7418403],[-6.5389359,41.7420456]],[[-6.53886,41.7415871],[-6.5334765,41.7385933]],[[-6.5334765,41.7385933],[-6.53886,41.7415871]],[[-6.537472476331235,40.58458973804089],[-6.5255095,40.5901853],[-6.5150394,40.5976779],[-6.5129518,40.6040192],[-6.513619192022494,40.61479873666061]],[[-6.537472476331235,40.58458973804089],[-6.537470078368388,40.5847869630839]],[[-6.513864352751311,40.614737281207226],[-6.5131801,40.6040318],[-6.5152017,40.5977997],[-6.5256867,40.5902939],[-6.537470078368388,40.5847869630839]],[[-6.4639251,41.7326011],[-6.47797,41.7360454],[-6.4904253,41.7436908],[-6.4998476,41.7449475],[-6.5063122,41.7430506],[-6.5111248,41.7395823],[-6.5175305,41.7410332],[-6.5279209,41.7372874],[-6.5334765,41.7385933]],[[-6.532348,40.6025608],[-6.5320084,40.602597]],[[-6.5320557,40.602702],[-6.532348,40.6025608]],[[-6.5316876,40.6027761],[-6.5320557,40.602702]],[[-6.5320557,40.602702],[-6.5320084,40.602597]],[[-6.5320084,40.602597],[-6.5316712,40.6026681]],[[-6.5313949,40.6028118],[-6.5316876,40.6027761]],[[-6.5316712,40.6026681],[-6.5316876,40.6027761]],[[-6.5316712,40.6026681],[-6.5313949,40.6028118]],[[-6.5313949,40.6028118],[-6.5254418,40.6065371]],[[-6.5298075,42.6939804],[-6.5302887,42.6937022]],[[-6.5302887,42.6937022],[-6.5298865,42.6934495]],[[-6.5298865,42.6934495],[-6.5295591,42.6937851]],[[-6.5291776,42.6943009],[-6.5298075,42.6939804]],[[-6.5295591,42.6937851],[-6.5298075,42.6939804]],[[-6.5295591,42.6937851],[-6.5291776,42.6943009]],[[-6.5120775,42.7015467],[-6.5133885,42.6982879],[-6.5177852,42.6954245],[-6.5228298,42.6967185],[-6.5291776,42.6943009]],[[-6.5254418,40.6065371],[-6.5230799,40.6084926]],[[-6.523387,40.6085941],[-6.5254418,40.6065371]],[[-6.5246986,42.780933],[-6.5242898,42.7817631]],[[-6.5242898,42.7817631],[-6.5246986,42.780933]],[[-6.5246986,42.780933],[-6.529913,42.76923],[-6.5307413,42.7613275],[-6.5291457,42.7581422],[-6.5350438,42.753429],[-6.5353185,42.7512604],[-6.532214,42.737387],[-6.526775,42.734677],[-6.5239915,42.7270681],[-6.518123,42.720357],[-6.518651,42.714914],[-6.51585,42.711072],[-6.5153376,42.7051094]],[[-6.5234262,42.784546],[-6.5242898,42.7817631]],[[-6.5235741,42.8087262],[-6.521591,42.8089686]],[[-6.521591,42.8089686],[-6.5235741,42.8087262]],[[-6.5235741,42.8087262],[-6.525121,42.806013],[-6.524446,42.799473],[-6.525789,42.794714],[-6.5230245,42.7869618]],[[-6.5234262,42.784546],[-6.5230245,42.7869618]],[[-6.5230245,42.7869618],[-6.5234262,42.784546]],[[-6.5230692,40.6088093],[-6.523387,40.6085941]],[[-6.523387,40.6085941],[-6.5230799,40.6084926]],[[-6.5230799,40.6084926],[-6.5229428,40.6086304]],[[-6.5223094,40.6092134],[-6.5230692,40.6088093]],[[-6.5229428,40.6086304],[-6.5230692,40.6088093]],[[-6.5229428,40.6086304],[-6.5223094,40.6092134]],[[-6.5223094,40.6092134],[-6.517411,40.61368]],[[-6.5135364,42.8120133],[-6.521591,42.8089686]],[[-6.517411,40.61368],[-6.5170304,40.6137386]],[[-6.5171765,40.6139287],[-6.517411,40.61368]],[[-6.517036,40.6141221],[-6.5171765,40.6139287]],[[-6.5171765,40.6139287],[-6.5170304,40.6137386]],[[-6.5167585,40.6141339],[-6.517036,40.6141221]],[[-6.516704,40.6145484],[-6.517036,40.6141221]],[[-6.5170304,40.6137386],[-6.5165877,40.6138879]],[[-6.5167585,40.6141339],[-6.516704,40.6145484]],[[-6.5166482,40.6140746],[-6.5167585,40.6141339]],[[-6.4177215,40.6946761],[-6.4274629,40.6830172],[-6.4314631,40.6713971],[-6.4420529,40.6577841],[-6.4527382,40.6550127],[-6.4801219,40.6377624],[-6.4931311,40.6343569],[-6.4994813,40.6259921],[-6.5071639,40.6223749],[-6.516704,40.6145484]],[[-6.5162053,40.6141262],[-6.5166482,40.6140746]],[[-6.5165877,40.6138879],[-6.5166482,40.6140746]],[[-6.5165877,40.6138879],[-6.5162053,40.6141262]],[[-6.5162053,40.6141262],[-6.513864352751311,40.614737281207226]],[[-6.5158716,42.5946745],[-6.5158089,42.5944951]],[[-6.5156624,42.5945534],[-6.5158716,42.5946745]],[[-6.5156624,42.5945534],[-6.5158089,42.5944951]],[[-6.5158089,42.5944951],[-6.5155708,42.5941761]],[[-6.5154104,42.5942492],[-6.5156624,42.5945534]],[[-6.5155708,42.5941761],[-6.5154104,42.5942492]],[[-6.5155708,42.5941761],[-6.514750263637591,42.5931932661074]],[[-6.5146684573965015,42.59322059902991],[-6.5154104,42.5942492]],[[-6.5153376,42.7051094],[-6.5120775,42.7015467]],[[-6.5120775,42.7015467],[-6.5153376,42.7051094]],[[-6.5146684573965015,42.59322059902991],[-6.514750263637591,42.5931932661074]],[[-6.514750263637591,42.5931932661074],[-6.514632897304275,42.593040862049634]],[[-6.266741736942943,42.606197791871914],[-6.2796945,42.6192013],[-6.2840665,42.6217135],[-6.3158372,42.6240153],[-6.3213963,42.622503],[-6.328082,42.616771],[-6.3487758,42.6079528],[-6.3777378,42.6030743],[-6.3832227,42.6050769],[-6.3890905,42.6110103],[-6.4016818,42.6143644],[-6.4114751,42.6253037],[-6.4241217,42.628235],[-6.4422883,42.6229859],[-6.4550686,42.6218977],[-6.4751793,42.6110469],[-6.4824657,42.6088815],[-6.5146684573965015,42.59322059902991]],[[-6.514547448060405,42.59306927087115],[-6.5146684573965015,42.59322059902991]],[[-6.514632897304275,42.593040862049634],[-6.514547448060405,42.59306927087115]],[[-6.514632897304275,42.593040862049634],[-6.5133965,42.5916315]],[[-6.514547448060405,42.59306927087115],[-6.4828454,42.6085078],[-6.4748374,42.610984],[-6.4551861,42.6216621],[-6.4422557,42.6228232],[-6.4241268,42.6280564],[-6.4115788,42.6251048],[-6.4022748,42.6145256],[-6.3891719,42.6108311],[-6.3831088,42.6047469],[-6.3782667,42.6029717],[-6.3485327,42.6078332],[-6.3274153,42.6169169],[-6.3205198,42.6227285],[-6.315734,42.6238307],[-6.2841198,42.6215735],[-6.279915,42.6191811],[-6.266958757106488,42.606121758676466]],[[-6.5133965,42.5916315],[-6.514547448060405,42.59306927087115]],[[-6.513864352751311,40.614737281207226],[-6.513619192022494,40.61479873666061]],[[-5.862920063107682,40.91387575170946],[-5.8729668,40.9076436],[-5.8897884,40.9058326],[-5.9662762,40.8822099],[-5.9858081,40.8735648],[-6.0408861,40.8542187],[-6.0503764,40.8484632],[-6.0624943,40.846659],[-6.0925806,40.8348548],[-6.1230368,40.8183626],[-6.1447122,40.8103528],[-6.1711667,40.8088704],[-6.1946173,40.8052504],[-6.2192127,40.7926533],[-6.2352956,40.7889193],[-6.2521461,40.7826283],[-6.2683512,40.7792918],[-6.2867381,40.7713352],[-6.304843,40.7671843],[-6.3370217,40.7486413],[-6.3492853,40.7445916],[-6.3850388,40.7188136],[-6.3966929,40.7020303],[-6.4116407,40.6978878],[-6.4180919,40.6936393],[-6.4262733,40.683685],[-6.4326478,40.6689036],[-6.4419543,40.6576355],[-6.4537999,40.6534183],[-6.4799904,40.6376215],[-6.4929789,40.6340413],[-6.4989701,40.6261516],[-6.509551,40.6203711],[-6.513864352751311,40.614737281207226]],[[-6.513619192022494,40.61479873666061],[-6.5132256,40.6148974]],[[-6.513619192022494,40.61479873666061],[-6.5089316,40.6205974],[-6.498806,40.6260456],[-6.4928549,40.6338919],[-6.4798964,40.6374618],[-6.453691,40.6532685],[-6.4418073,40.6575084],[-6.4324687,40.6688044],[-6.426724,40.6824546],[-6.4179196,40.6935273],[-6.4115511,40.697731],[-6.3965607,40.7018909],[-6.3856979,40.7180879],[-6.3492212,40.7444066],[-6.3369353,40.7484767],[-6.3047652,40.7670213],[-6.2873239,40.7709762],[-6.2692563,40.7788228],[-6.2503169,40.7829447],[-6.2352529,40.7887445],[-6.2183323,40.792767],[-6.1944612,40.8051054],[-6.1711172,40.808703],[-6.1446735,40.8101826],[-6.1222541,40.8185296],[-6.0924474,40.8347216],[-6.0623182,40.8465302],[-6.0495388,40.8485878],[-6.0407852,40.8540587],[-5.9857531,40.8733855],[-5.9662158,40.882019],[-5.8897536,40.9056482],[-5.8728979,40.9074663],[-5.86259761882949,40.913857382848846]],[[-6.5135364,42.8120133],[-6.5084902,42.8173539]],[[-6.5084902,42.8173539],[-6.5135364,42.8120133]],[[-6.5117391,42.5927482],[-6.5133965,42.5916315]],[[-6.5132256,40.6148974],[-6.5129277,40.6148952]],[[-6.5129798,40.6150523],[-6.5132256,40.6148974]],[[-6.5129277,40.6148952],[-6.5129798,40.6150523]],[[-6.5129798,40.6150523],[-6.5129277,40.6148952]],[[-6.5118304,42.5933039],[-6.5120311,42.5930307]],[[-6.5120311,42.5930307],[-6.5117391,42.5927482]],[[-6.5120311,42.5930307],[-6.5118032,42.5930489]],[[-6.5116015,42.5933553],[-6.5118304,42.5933039]],[[-6.5117421,42.5932303],[-6.5118304,42.5933039]],[[-6.5118032,42.5930489],[-6.5117421,42.5932303]],[[-6.5117391,42.5927482],[-6.5118032,42.5930489]],[[-6.5117421,42.5932303],[-6.5116015,42.5933553]],[[-6.4490088,42.621356],[-6.4560023,42.6211342],[-6.4697965,42.6140979],[-6.4738906,42.6104847],[-6.5116015,42.5933553]],[[-6.5092009,42.819268],[-6.508592,42.821358]],[[-6.508592,42.821358],[-6.5092009,42.819268]],[[-6.5092009,42.819268],[-6.5084902,42.8173539]],[[-6.508592,42.821358],[-6.5067516,42.8237575]],[[-6.5067516,42.8237575],[-6.503959,42.8251334]],[[-6.503959,42.8251334],[-6.5067516,42.8237575]],[[-6.503382,42.8251419],[-6.503959,42.8251334]],[[-6.5019148,42.8256741],[-6.503382,42.8251419]],[[-6.503382,42.8251419],[-6.5019148,42.8256741]],[[-6.4862265,42.8362164],[-6.489915,42.834814],[-6.491909,42.830961],[-6.498929,42.829271],[-6.5019148,42.8256741]],[[-6.4897072,42.9461186],[-6.4801903,42.9498048],[-6.4702144,42.949439],[-6.4604908,42.9514143],[-6.4430464,42.9577853],[-6.4412825,42.9601444],[-6.4399898,42.9546615],[-6.4343732,42.9562118],[-6.4270462,42.9550532],[-6.4217092,42.9522891],[-6.4106389,42.9524894],[-6.4119947,42.958816],[-6.4046137,42.953432],[-6.3942326,42.9494031],[-6.3815446,42.9494558],[-6.3720276,42.9520289],[-6.3490568,42.9456291]],[[-6.4862265,42.8362164],[-6.481658,42.837399]],[[-6.481658,42.837399],[-6.4862265,42.8362164]],[[-6.3875,42.8955832],[-6.390092,42.895583],[-6.393798,42.892944],[-6.398636,42.893693],[-6.406567,42.891896],[-6.410318,42.889096],[-6.418132,42.886929],[-6.420082,42.885658],[-6.422847,42.878518],[-6.43029,42.877862],[-6.4330483,42.8757263],[-6.449233,42.874348],[-6.4517,42.871692],[-6.449723,42.866662],[-6.462354,42.853109],[-6.465687,42.843831],[-6.4715775,42.8444568],[-6.473457,42.841363],[-6.481658,42.837399]],[[-6.3993216,41.3167525],[-6.4008024,41.3127193],[-6.4054538,41.3108445],[-6.4139055,41.3027406],[-6.4254657,41.2987998],[-6.4355662,41.2978851],[-6.4400361,41.2951773],[-6.4595251,41.2943974],[-6.465615,41.2971043],[-6.4667987,41.2940857],[-6.4687861,41.2937812],[-6.4712235,41.2976257],[-6.4694513,41.3001198],[-6.4707115,41.3013829]],[[-6.4637408,41.7325557],[-6.4639251,41.7326011]],[[-6.4639251,41.7326011],[-6.4637408,41.7325557]],[[-6.4637408,41.7325557],[-6.4639251,41.7326011]],[[-6.3479136,41.6990105],[-6.3892767,41.7115988],[-6.3968016,41.7104616],[-6.4331415,41.7166896],[-6.4396867,41.7186938],[-6.4523914,41.7276757],[-6.4637408,41.7325557]],[[-6.4486648,42.621421],[-6.4490088,42.621356]],[[-6.4490088,42.621356],[-6.4486784,42.6212466]],[[-6.4486648,42.621421],[-6.4486784,42.6212466]],[[-6.4486784,42.6212466],[-6.4482653,42.6211717]],[[-6.4481714,42.6213585],[-6.4486648,42.621421]],[[-6.4482653,42.6211717],[-6.4478853,42.6212466]],[[-6.4482653,42.6211717],[-6.4481714,42.6213585]],[[-6.4478853,42.6212466],[-6.4481714,42.6213585]],[[-6.4392647,42.6233576],[-6.4478853,42.6212466]],[[-6.440605,41.0106192],[-6.4402959,41.0106534]],[[-6.4404471,41.0107952],[-6.440605,41.0106192]],[[-6.4401399,41.0109414],[-6.4404471,41.0107952]],[[-6.4404471,41.0107952],[-6.4402959,41.0106534]],[[-6.4402959,41.0106534],[-6.4400325,41.0108109]],[[-6.4398406,41.0109993],[-6.4401399,41.0109414]],[[-6.4400325,41.0108109],[-6.4401399,41.0109414]],[[-6.4400325,41.0108109],[-6.4398406,41.0109993]],[[-6.4398406,41.0109993],[-6.4308508,41.0132317],[-6.4228951,41.0087725]],[[-6.4392647,42.6233576],[-6.4389026,42.6233793]],[[-6.4390181,42.6235406],[-6.4392647,42.6233576]],[[-6.4387285,42.6238428],[-6.4390181,42.6235406]],[[-6.4390181,42.6235406],[-6.4389026,42.6233793]],[[-6.4389026,42.6233793],[-6.4384768,42.6238143]],[[-6.4384768,42.6238143],[-6.4387285,42.6238428]],[[-6.4384493,42.6240564],[-6.4387285,42.6238428]],[[-6.4384768,42.6238143],[-6.4384493,42.6240564]],[[-6.4377108,42.6243677],[-6.4384493,42.6240564]],[[-6.4377108,42.6243677],[-6.4346699,42.6254833]],[[-6.4346699,42.6254833],[-6.4377108,42.6243677]],[[-6.3511849,42.6063539],[-6.3603914,42.6062719],[-6.374695,42.6027542],[-6.3864518,42.603547],[-6.4029168,42.610114],[-6.4140305,42.6194009],[-6.4346699,42.6254833]],[[-6.4228951,41.0087725],[-6.4204458,41.0079346]],[[-6.4204458,41.0079346],[-6.4228951,41.0087725]],[[-6.4204458,41.0079346],[-6.3971587,41.0048983],[-6.3742341,41.0066413]],[[-6.4177215,40.6946761],[-6.4151435,40.697011]],[[-6.4157111,40.6969992],[-6.4177215,40.6946761]],[[-6.4154802,40.6974544],[-6.4157111,40.6969992]],[[-6.4157111,40.6969992],[-6.4151435,40.697011]],[[-6.4151647,40.6976809],[-6.4154802,40.6974544]],[[-6.4151414,40.697346],[-6.4154802,40.6974544]],[[-6.413282,40.6998849],[-6.4151647,40.6976809]],[[-6.4151414,40.697346],[-6.4151647,40.6976809]],[[-6.4151435,40.697011],[-6.4151414,40.697346]],[[-6.413282,40.6998849],[-6.41271,40.7002164]],[[-6.412935,40.700354],[-6.413282,40.6998849]],[[-6.4127268,40.7005953],[-6.412935,40.700354]],[[-6.412935,40.700354],[-6.41271,40.7002164]],[[-6.4124478,40.70086],[-6.4127268,40.7005953]],[[-6.412481,40.7005082],[-6.4127268,40.7005953]],[[-6.41271,40.7002164],[-6.412481,40.7005082]],[[-6.412481,40.7005082],[-6.4124478,40.70086]],[[-6.0526108,40.850474],[-6.0941442,40.8345455],[-6.1260485,40.8175034],[-6.137942,40.8131305],[-6.1530507,40.8093981],[-6.1665905,40.8096035],[-6.1930835,40.8061261],[-6.2346106,40.7955636],[-6.270361,40.779783],[-6.2948464,40.7726635],[-6.3380864,40.7484358],[-6.3492021,40.7449687],[-6.4031797,40.705284],[-6.4086878,40.7048048],[-6.4124478,40.70086]],[[-6.3993216,41.3167525],[-6.3991551,41.3171048]],[[-6.3991551,41.3171048],[-6.3993216,41.3167525]],[[-6.0967305,41.3699836],[-6.1109428,41.3655492],[-6.1205284,41.3651039],[-6.195267,41.3329182],[-6.2033166,41.3313219],[-6.2236528,41.3233895],[-6.2600834,41.3213929],[-6.2675554,41.3274689],[-6.2728487,41.3244334],[-6.2760043,41.3192589],[-6.2892411,41.3173024],[-6.3075499,41.3242085],[-6.3260275,41.3205275],[-6.3345013,41.3157628],[-6.3594452,41.3220046],[-6.3656531,41.3197051],[-6.3781368,41.3211923],[-6.3825809,41.3191386],[-6.387833,41.3204454],[-6.394158,41.3184469],[-6.4014318,41.3202777],[-6.3991551,41.3171048]],[[-6.3875,42.8955832],[-6.383216,42.896131]],[[-6.383216,42.896131],[-6.3875,42.8955832]],[[-6.3276766,42.9349183],[-6.3239048,42.9344184],[-6.322626,42.932237],[-6.329886,42.922996],[-6.332822,42.921392],[-6.334375,42.915708],[-6.341,42.912485],[-6.345735,42.907266],[-6.3513777,42.9061812],[-6.3573384,42.9080004],[-6.365233,42.9047215],[-6.375872,42.8968],[-6.383216,42.896131]],[[-6.3742341,41.0066413],[-6.3688517,41.0069397]],[[-6.3688517,41.0069397],[-6.3742341,41.0066413]],[[-6.3688517,41.0069397],[-6.3605843,41.0075219],[-6.3382083,41.0157765],[-6.3215739,41.0148236],[-6.2555313,41.0272024],[-6.1976948,41.0326961],[-6.1461731,41.0314313],[-6.0924748,41.0365051],[-6.0806659,41.0408835],[-6.0580584,41.0351405],[-6.0225584,41.0327839],[-5.9705487,41.0124339],[-5.9319744,41.0046183],[-5.9083684,40.9973908],[-5.8974119,40.9976483],[-5.8771237,40.9892063],[-5.842923,40.9892263],[-5.742822,40.9594248],[-5.729768,40.959082]],[[-6.3511849,42.6063539],[-6.3483794,42.6068735]],[[-6.3483794,42.6068735],[-6.3511849,42.6063539]],[[-6.3485322,42.9457392],[-6.3490568,42.9456291]],[[-6.3490568,42.9456291],[-6.34853,42.9455485]],[[-6.3483452,42.9457883],[-6.3485322,42.9457392]],[[-6.3485322,42.9457392],[-6.34853,42.9455485]],[[-6.34853,42.9455485],[-6.3482626,42.9455272]],[[-6.2774089,42.6058216],[-6.294877,42.5954641],[-6.3047305,42.5940414],[-6.312486,42.5995049],[-6.3274978,42.598494],[-6.3422824,42.6083179],[-6.3483794,42.6068735]],[[-6.3480552,42.9458615],[-6.3483452,42.9457883]],[[-6.3482041,42.9457126],[-6.3483452,42.9457883]],[[-6.3482626,42.9455272],[-6.3478935,42.9455761]],[[-6.3482626,42.9455272],[-6.3481831,42.9456649]],[[-6.3482041,42.9457126],[-6.3480552,42.9458615]],[[-6.3481831,42.9456649],[-6.3482041,42.9457126]],[[-6.3478935,42.9455761],[-6.3481831,42.9456649]],[[-6.3480552,42.9458615],[-6.3449148,42.9461219],[-6.3408018,42.9429303],[-6.301833,42.9371405],[-6.2905885,42.9328539],[-6.2871334,42.9354038],[-6.2745222,42.9374131],[-6.2516134,42.9444666],[-6.2443173,42.9425775],[-6.2299679,42.9521456],[-6.2160088,42.9489027],[-6.200992,42.948633]],[[-6.3479136,41.6990105],[-6.3472709,41.6989536]],[[-6.3472709,41.6989536],[-6.3479136,41.6990105]],[[-6.3453454,42.9454769],[-6.3478935,42.9455761]],[[-5.9971938,41.537231],[-6.0157066,41.5443993],[-6.0487524,41.5718885],[-6.0596105,41.582856],[-6.0734172,41.5875451],[-6.0950212,41.6029463],[-6.1190199,41.616052],[-6.1369252,41.6356838],[-6.178798,41.6533023],[-6.192337,41.6548292],[-6.1977799,41.6591752],[-6.2299125,41.6702222],[-6.2557711,41.6819473],[-6.333757,41.6934137],[-6.3457871,41.6995461],[-6.3472709,41.6989536]],[[-6.3453454,42.9454769],[-6.3435981,42.9440476]],[[-6.3435981,42.9440476],[-6.3453454,42.9454769]],[[-6.330397,42.935673],[-6.3393183,42.9388081],[-6.3435981,42.9440476]],[[-6.338008,42.0236735],[-6.341949,42.0237093]],[[-6.341949,42.0237093],[-6.338008,42.0236735]],[[-6.338008,42.0236735],[-6.3272897,42.0229701],[-6.3120085,42.0191734]],[[-6.330397,42.935673],[-6.32846,42.9349525]],[[-6.3285398,42.9351369],[-6.330397,42.935673]],[[-6.3280525,42.9350664],[-6.3285398,42.9351369]],[[-6.3285398,42.9351369],[-6.32846,42.9349525]],[[-6.32846,42.9349525],[-6.3282089,42.9349215]],[[-6.3282089,42.9349215],[-6.3276766,42.9349183]],[[-6.3282089,42.9349215],[-6.3280525,42.9350664]],[[-6.3276766,42.9349183],[-6.3280525,42.9350664]],[[-6.3120085,42.0191734],[-6.3071729,42.0179669]],[[-6.3071729,42.0179669],[-6.3120085,42.0191734]],[[-6.3071729,42.0179669],[-6.2945716,42.0148562],[-6.2637837,42.0110321]],[[-6.2774089,42.6058216],[-6.2710668,42.6061029]],[[-6.2710668,42.6061029],[-6.2774089,42.6058216]],[[-6.2639193,41.489812],[-6.2655998,41.4895263],[-6.270606,41.4953658],[-6.26825,41.4899791],[-6.2718485,41.4934603],[-6.2722131,41.4965154]],[[-6.266958757106488,42.606121758676466],[-6.2710668,42.6061029]],[[-6.266741736942943,42.606197791871914],[-6.266958757106488,42.606121758676466]],[[-6.266958757106488,42.606121758676466],[-6.2448168,42.6052861],[-6.2321219621646895,42.60027908996631]],[[-6.266741736942943,42.606197791871914],[-6.258709,42.6079535],[-6.2528373,42.6054509],[-6.2462807,42.6064419],[-6.2331113,42.601547]],[[-6.232203379984599,42.60044864443594],[-6.2450448,42.6054659],[-6.266741736942943,42.606197791871914]],[[-6.2637837,42.0110321],[-6.2640212,42.0111757]],[[-6.2637837,42.0110321],[-6.247245439480353,42.008967492853]],[[-6.255379609886973,42.00611949977762],[-6.2637682,42.0109434]],[[-6.247245439480353,42.008967492853],[-6.255379609886973,42.00611949977762]],[[-6.255183058905021,42.0059671113857],[-6.255379609886973,42.00611949977762]],[[-6.255183058905021,42.0059671113857],[-6.246852770515735,42.008918736231045]],[[-5.8592879,41.7599388],[-5.9718341,41.8352788],[-5.9775405,41.8431405],[-5.9914556,41.8540232],[-5.994841,41.8591972],[-6.0140925,41.8772023],[-6.0426762,41.8982062],[-6.0714963,41.9055583],[-6.0962402,41.9225742],[-6.1264318,41.9348843],[-6.1621158,41.9376553],[-6.188708,41.9443142],[-6.2051819,41.9538438],[-6.2143906,41.9566027],[-6.218496,41.9619513],[-6.2196882,41.9662724],[-6.2303551,41.9725286],[-6.2324824,41.9778209],[-6.2308179,41.9801074],[-6.2333255,41.9835471],[-6.2435298,41.9917908],[-6.255183058905021,42.0059671113857]],[[-5.687667831045277,42.055166095709914],[-5.711755,42.0460617],[-5.7396152,42.0426515],[-5.7541829,42.0425472],[-5.769189,42.0375789],[-5.784064,42.0356373],[-5.8059502,42.0262243],[-5.834527,42.026871],[-5.8738925,42.0136125],[-5.8948018,42.0151776],[-5.9495578,42.0146084],[-5.9890717,42.0098882],[-6.005005,42.0056468],[-6.0181209,42.0052658],[-6.0379965,42.002034],[-6.05964,42.00269],[-6.0754817,42.0079406],[-6.1003537,42.0105189],[-6.1177001,42.0085104],[-6.1342171,42.0088],[-6.1468547,42.0059942],[-6.16776,42.0054417],[-6.211009,42.0070058],[-6.2366603,42.010711],[-6.247245439480353,42.008967492853]],[[-6.247245439480353,42.008967492853],[-6.246852770515735,42.008918736231045]],[[-6.246852770515735,42.008918736231045],[-6.2367233,42.0105347],[-6.2110257,42.006832],[-6.16718,42.0052683],[-6.1003948,42.0103526],[-6.0755363,42.0077624],[-6.0596414,42.0025038],[-6.0388249,42.0018399],[-6.004965,42.0054733],[-5.988638,42.0097753],[-5.949528,42.0144318],[-5.8948105,42.0149995],[-5.8738639,42.0134477],[-5.8344435,42.0267129],[-5.8058661,42.0260629],[-5.7839976,42.0354777],[-5.769115,42.0374183],[-5.754128,42.0423727],[-5.739565,42.0424817],[-5.7116935,42.0459015],[-5.687508858214491,42.055024993469424]],[[-6.246852770515735,42.008918736231045],[-6.1254759,41.9969246],[-6.1119336,42.0008426],[-6.0863505,41.995119],[-6.0456989,41.9907046],[-6.0340259,41.9931012]],[[-6.2322276,42.6009663],[-6.232544,42.6009092]],[[-6.232544,42.6009092],[-6.232203379984599,42.60044864443594]],[[-6.232544,42.6009092],[-6.2322276,42.6009663]],[[-6.232090125413959,42.60043871905773],[-6.2322276,42.6009663]],[[-6.232203379984599,42.60044864443594],[-6.2321219621646895,42.60027908996631]],[[-6.232090125413959,42.60043871905773],[-6.232203379984599,42.60044864443594]],[[-6.2321219621646895,42.60027908996631],[-6.2318904,42.599649]],[[-6.2321219621646895,42.60027908996631],[-6.232004665853632,42.60026518939788]],[[-6.232004665853632,42.60026518939788],[-6.232090125413959,42.60043871905773]],[[-6.123184872816044,42.49943023457806],[-6.1184505,42.5044892],[-6.1166574,42.5097938],[-6.1172861,42.5152095],[-6.1211919,42.5210718],[-6.1278202,42.5252775],[-6.1477933,42.5321592],[-6.1637036,42.5467874],[-6.1768546,42.550645],[-6.1939784,42.5599146],[-6.2138202,42.5671085],[-6.2169542,42.5724253],[-6.2151982,42.5798946],[-6.215821,42.5893136],[-6.2251284,42.5983195],[-6.232090125413959,42.60043871905773]],[[-6.2316421,42.5996966],[-6.232004665853632,42.60026518939788]],[[-6.232004665853632,42.60026518939788],[-6.225091,42.5980505],[-6.2159006,42.5890765],[-6.2153897,42.5801653],[-6.2171697,42.5724318],[-6.2136598,42.5667547],[-6.1920847,42.5588833],[-6.1765934,42.5503498],[-6.1639411,42.546699],[-6.1479968,42.5320839],[-6.1276908,42.5250093],[-6.1214749,42.5210061],[-6.1178982,42.5160612],[-6.1168355,42.5104046],[-6.1184422,42.504974],[-6.122968297068141,42.49987655510004]],[[-6.2316421,42.5996966],[-6.2318904,42.599649]],[[-6.2318904,42.599649],[-6.2316996,42.5992364]],[[-6.2316996,42.5992364],[-6.2314871,42.5992934]],[[-6.2316996,42.5992364],[-6.2314161,42.5989376]],[[-6.2314871,42.5992934],[-6.2316421,42.5996966]],[[-6.2314161,42.5989376],[-6.2314871,42.5992934]],[[-6.2299605,42.5979044],[-6.2314161,42.5989376]],[[-6.2299605,42.5979044],[-6.2258488,42.5965259]],[[-6.2258488,42.5965259],[-6.2299605,42.5979044]],[[-6.1485917,42.5312321],[-6.1688357,42.5407194],[-6.176704,42.5466215],[-6.1848977,42.5486319],[-6.1919506,42.5572209],[-6.2148888,42.5660814],[-6.2191455,42.5728469],[-6.2178103,42.5905238],[-6.2258488,42.5965259]],[[-6.1991751,42.949027],[-6.200992,42.948633]],[[-6.200992,42.948633],[-6.1991751,42.949027]],[[-6.1991751,42.949027],[-6.1949345,42.951057],[-6.1914661,42.9507645],[-6.1864256,42.9540985],[-6.1481678,42.9530323],[-6.1329706,42.9568834],[-6.1205258,42.9556135],[-6.1096246,42.9571656],[-6.0977572,42.9543036],[-6.0822923,42.9622081],[-6.0686836,42.9656669],[-6.0543884,42.9615865],[-6.0452657,42.9565531],[-6.034912,42.9559806],[-6.0319641,42.9522437],[-6.0252097,42.9512833]],[[-6.1482121,42.5310431],[-6.1485917,42.5312321]],[[-6.1485917,42.5312321],[-6.1482121,42.5310431]],[[-6.1482121,42.5310431],[-6.1485917,42.5312321]],[[-6.122968297068141,42.49987655510004],[-6.1202724,42.5086517],[-6.1209725,42.5109295],[-6.1379052,42.5256914],[-6.1482121,42.5310431]],[[-6.123184872816044,42.49943023457806],[-6.122968297068141,42.49987655510004]],[[-6.094924979990936,42.47727283110241],[-6.1251179,42.4875229],[-6.1276899,42.4935569],[-6.123184872816044,42.49943023457806]],[[-6.094924979990936,42.47727283110241],[-6.1036521,42.4828655],[-6.1160118,42.4871885],[-6.1223402,42.4911984],[-6.1245691,42.4950609],[-6.123184872816044,42.49943023457806]],[[-6.122968297068141,42.49987655510004],[-6.1278776,42.4938199],[-6.1252374,42.4873526],[-6.094741949586549,42.476987129084954]],[[-6.0967305,41.3699836],[-6.0961639,41.3700364]],[[-6.096273,41.3702043],[-6.0967305,41.3699836]],[[-6.0958872,41.3703184],[-6.096273,41.3702043]],[[-6.096273,41.3702043],[-6.0961639,41.3700364]],[[-6.0961639,41.3700364],[-6.09581,41.3701542]],[[-6.095483,41.3703673],[-6.0958872,41.3703184]],[[-6.09581,41.3701542],[-6.0958872,41.3703184]],[[-6.09581,41.3701542],[-6.095483,41.3703673]],[[-6.0344753,41.3884715],[-6.095483,41.3703673]],[[-6.094741949586549,42.476987129084954],[-6.094924979990936,42.47727283110241]],[[-6.0825462001299115,42.46968338105823],[-6.0866522,42.4744015],[-6.094924979990936,42.47727283110241]],[[-6.08287852183359,42.46986127150363],[-6.094741949586549,42.476987129084954]],[[-6.094741949586549,42.476987129084954],[-6.0868038,42.4742458],[-6.08287852183359,42.46986127150363]],[[-6.08287852183359,42.46986127150363],[-6.0841655,42.4565629],[-6.0768182,42.4458512],[-6.068313,42.4407318],[-6.0464794,42.4344832],[-6.0329801,42.4221836],[-6.0170678,42.4122793],[-5.9978986,42.3900636],[-5.9818911,42.3782372],[-5.9427416,42.3413992],[-5.9262746,42.3188072],[-5.9257347,42.3129063],[-5.9290881,42.3018105],[-5.9272942,42.296135],[-5.9236035,42.2918622],[-5.903296,42.2820139],[-5.8846106,42.2808963],[-5.8765752,42.2783705],[-5.8643866,42.2723647],[-5.8566937,42.2657508],[-5.8436567,42.2610465],[-5.8334469,42.2518816],[-5.8227146,42.2488596],[-5.8171412,42.2453899],[-5.8144879,42.2404869],[-5.8156146,42.230539],[-5.8110674,42.2146763],[-5.7564875,42.12515],[-5.7500956,42.1194257],[-5.741678239010192,42.11567966494198]],[[-6.0825462001299115,42.46968338105823],[-6.08287852183359,42.46986127150363]],[[-5.741812951282772,42.11592384105159],[-5.7512031,42.1203876],[-5.7565269,42.1255818],[-5.810658,42.2145781],[-5.8151001,42.2288175],[-5.8140723,42.2393542],[-5.8166102,42.2451715],[-5.8212517,42.248497],[-5.8338618,42.2523867],[-5.8430698,42.2609343],[-5.8567077,42.2659733],[-5.8634508,42.2719719],[-5.8735449,42.2772504],[-5.8848079,42.2811097],[-5.90272,42.2820905],[-5.9126089,42.2856935],[-5.9234395,42.2920721],[-5.9272504,42.2965417],[-5.9288317,42.3019748],[-5.9254258,42.3133324],[-5.9259993,42.3187488],[-5.9426725,42.3416541],[-5.9812213,42.377918],[-5.9989143,42.391325],[-6.0173923,42.4128272],[-6.0328499,42.4223829],[-6.0457493,42.4342957],[-6.0538582,42.4377544],[-6.0691976,42.4412675],[-6.0774902,42.446755],[-6.0839756,42.4568101],[-6.0825462001299115,42.46968338105823]],[[-6.0823215,42.4695631],[-6.0825462001299115,42.46968338105823]],[[-6.0823215,42.4695631],[-6.0778541,42.4671881]],[[-6.0778541,42.4671881],[-6.0823215,42.4695631]],[[-6.0660518,42.4608926],[-6.0778541,42.4671881]],[[-6.0660518,42.4608926],[-6.0637976,42.4592119]],[[-6.0637976,42.4592119],[-6.0660518,42.4608926]],[[-6.0578624,42.4590365],[-6.0638437,42.4601623]],[[-6.0554852,42.4522104],[-6.0637976,42.4592119]],[[-6.0576623,42.4590538],[-6.0578624,42.4590365]],[[-6.0578624,42.4590365],[-6.0576942,42.4589725]],[[-6.0576623,42.4590538],[-6.0576942,42.4589725]],[[-6.0576942,42.4589725],[-6.0573956,42.4589074]],[[-6.0573642,42.4589925],[-6.0576623,42.4590538]],[[-6.0573956,42.4589074],[-6.0573642,42.4589925]],[[-6.0573956,42.4589074],[-6.0555368,42.4585885]],[[-6.0555368,42.4585885],[-6.0573642,42.4589925]],[[-6.0540282,42.4581623],[-6.0555368,42.4585885]],[[-6.0554852,42.4522104],[-6.0554436,42.4520397]],[[-6.0552569,42.4521664],[-6.0554852,42.4522104]],[[-6.0552569,42.4521664],[-6.0554436,42.4520397]],[[-6.0554436,42.4520397],[-6.0550503,42.4518101]],[[-6.0549413,42.4519108],[-6.0552569,42.4521664]],[[-6.0550503,42.4518101],[-6.0549413,42.4519108]],[[-6.0550503,42.4518101],[-6.0547832,42.4517551]],[[-6.0547832,42.4517551],[-6.0549413,42.4519108]],[[-6.0393051,42.4411727],[-6.0547832,42.4517551]],[[-6.0540282,42.4581623],[-6.053664,42.4578554]],[[-6.0534761,42.4579779],[-6.0540282,42.4581623]],[[-6.0534761,42.4579779],[-6.053664,42.4578554]],[[-6.053664,42.4578554],[-6.0534157,42.4576403]],[[-6.0532147,42.457779],[-6.0534761,42.4579779]],[[-6.0534157,42.4576403],[-6.0532147,42.457779]],[[-6.0534157,42.4576403],[-6.0531362,42.4574415]],[[-6.0531362,42.4574415],[-6.0532147,42.457779]],[[-6.0531362,42.4574415],[-6.0485001,42.4548574]],[[-6.0526108,40.850474],[-6.0474654,40.8522762]],[[-6.0474654,40.8522762],[-6.0526108,40.850474]],[[-6.0485001,42.4548574],[-6.0483459,42.4546129]],[[-6.0481501,42.4547261],[-6.0485001,42.4548574]],[[-6.0481501,42.4547261],[-6.0483459,42.4546129]],[[-6.0483459,42.4546129],[-6.0479845,42.4543965]],[[-6.047874,42.4545443],[-6.0481501,42.4547261]],[[-6.0479845,42.4543965],[-6.047874,42.4545443]],[[-6.0479845,42.4543965],[-6.047765,42.4543791]],[[-6.047765,42.4543791],[-6.047874,42.4545443]],[[-6.047765,42.4543791],[-6.0427669,42.4521648],[-6.039584,42.4539425]],[[-5.9779241,40.8777643],[-6.0474654,40.8522762]],[[-6.036045751919143,42.43896065744434],[-6.0471893,42.4380613]],[[-6.0471368,42.4380081],[-6.035851787791643,42.43882797381581]],[[-6.0393432,42.4545651],[-6.0396686,42.4543284]],[[-6.0396686,42.4543284],[-6.039584,42.4539425]],[[-6.0396686,42.4543284],[-6.0393588,42.4543057]],[[-6.039584,42.4539425],[-6.0393588,42.4543057]],[[-6.0393588,42.4543057],[-6.0393261,42.4543253]],[[-6.0393261,42.4543253],[-6.0393432,42.4545651]],[[-6.0386147,42.4544107],[-6.0393432,42.4545651]],[[-6.0393261,42.4543253],[-6.0386147,42.4544107]],[[-6.0393051,42.4411727],[-6.038912,42.4407975]],[[-6.0387047,42.4409387],[-6.0393051,42.4411727]],[[-6.0387047,42.4409387],[-6.038912,42.4407975]],[[-6.038912,42.4407975],[-6.0385857,42.4405118]],[[-6.0383381,42.4407057],[-6.0387047,42.4409387]],[[-6.0386147,42.4544107],[-6.0072439,42.4542752],[-6.0034158,42.4507517]],[[-6.0385857,42.4405118],[-6.0383381,42.4407057]],[[-6.0385857,42.4405118],[-6.0377347,42.4401255]],[[-6.0377347,42.4401255],[-6.0383381,42.4407057]],[[-6.036045751919143,42.43896065744434],[-6.0377347,42.4401255]],[[-6.013347293179176,42.4396439475852],[-6.036045751919143,42.43896065744434]],[[-6.035851787791643,42.43882797381581],[-6.036045751919143,42.43896065744434]],[[-6.035851787791643,42.43882797381581],[-6.013324454633042,42.439511099487476]],[[-6.0330598,42.435823],[-6.035851787791643,42.43882797381581]],[[-6.0344753,41.3884715],[-6.0311085,41.3891336]],[[-6.0311085,41.3891336],[-6.0344753,41.3884715]],[[-6.0340259,41.9931012],[-6.0311739,41.9941248]],[[-6.0311739,41.9941248],[-6.0340259,41.9931012]],[[-6.0095,42.4074598],[-6.0281502,42.4228361],[-6.0282556,42.4280903],[-6.0323868,42.4347273]],[[-6.0311739,41.9941248],[-6.0176662,41.9995903]],[[-5.9741443,41.3966421],[-5.9933468,41.3958947],[-6.0311085,41.3891336]],[[-6.0230101,42.9513477],[-6.0252097,42.9512833]],[[-6.0252097,42.9512833],[-6.0230101,42.9513477]],[[-6.0230101,42.9513477],[-6.014632,42.9474395],[-6.0086222,42.9488805],[-5.999788,42.9482597],[-5.992197,42.9431502],[-5.980206,42.9427161],[-5.9778903,42.9410725],[-5.9774406,42.9383202],[-5.9706045,42.9383325],[-5.955252,42.9262043],[-5.9459296,42.9254172],[-5.9261386,42.9164784],[-5.9240229,42.9129712],[-5.919784,42.9104574],[-5.9238197,42.9092786],[-5.9131195,42.8984757],[-5.9055669,42.8997848],[-5.8943904,42.8971018],[-5.889189695603803,42.898176697576176]],[[-6.0176662,41.9995903],[-6.0172344,41.9996234]],[[-6.0173223,41.9997627],[-6.0176662,41.9995903]],[[-6.0169871,41.9997866],[-6.0173223,41.9997627]],[[-6.0173223,41.9997627],[-6.0172344,41.9996234]],[[-6.0172344,41.9996234],[-6.0170252,41.9996459]],[[-6.0170252,41.9996459],[-6.0162983,41.9997001]],[[-6.0170252,41.9996459],[-6.0169871,41.9997866]],[[-6.0162983,41.9997001],[-6.0169871,41.9997866]],[[-5.9224091,42.0029236],[-5.9537211,41.9992382],[-5.9714904,41.9950031],[-5.9772546,41.996725],[-5.9852358,41.9962875],[-6.0162983,41.9997001]],[[-6.01167804230131,42.439696752337305],[-6.013347293179176,42.4396439475852]],[[-6.0124411,42.4402695],[-6.013347293179176,42.4396439475852]],[[-6.013347293179176,42.4396439475852],[-6.013324454633042,42.439511099487476]],[[-6.013324454633042,42.439511099487476],[-6.011684838872332,42.43956210075835]],[[-6.013324454633042,42.439511099487476],[-6.011684838872332,42.43956210075835]],[[-6.0119399,42.4401075],[-6.0124411,42.4402695]],[[-6.0119399,42.4401075],[-6.0124411,42.4402695]],[[-6.01167804230131,42.439696752337305],[-6.0119399,42.4401075]],[[-6.011684838872332,42.43956210075835],[-6.0056559,42.4404592],[-5.9984122,42.4458806],[-5.9911184,42.4481627],[-5.9735237,42.4468111],[-5.9634559,42.4432146],[-5.9561401,42.442519],[-5.8783165,42.4548013],[-5.863674043149127,42.45842120182465]],[[-6.011684838872332,42.43956210075835],[-6.01167804230131,42.439696752337305]],[[-5.863792272021739,42.458495802956705],[-5.8772486,42.455095],[-5.9557806,42.4426774],[-5.9630448,42.4432201],[-5.974935,42.4471453],[-5.9913353,42.4483061],[-5.9985122,42.4460077],[-6.00571,42.4405911],[-6.01167804230131,42.439696752337305]],[[-6.0095,42.4074598],[-6.0060835,42.4042299]],[[-6.0060835,42.4042299],[-6.0095,42.4074598]],[[-5.9749853,42.3747211],[-6.0060835,42.4042299]],[[-6.0034158,42.4507517],[-6.0023873,42.4499585]],[[-6.001947,42.4498074],[-6.0034158,42.4507517]],[[-6.0023873,42.4499585],[-5.999798740297763,42.4492091699327]],[[-6.0023873,42.4499585],[-6.001947,42.4498074]],[[-5.9971102,42.4521487],[-6.001947,42.4498074]],[[-5.999798740297763,42.4492091699327],[-6.0012752,42.4464112]],[[-5.999798740297763,42.4492091699327],[-5.99587,42.4522036]],[[-5.99587,42.4522036],[-5.999798740297763,42.4492091699327]],[[-5.9971938,41.537231],[-5.9853324,41.5366743]],[[-5.9853324,41.5366743],[-5.9971938,41.537231]],[[-5.8849636,42.458302],[-5.9459974,42.4465146],[-5.9801461,42.4484178],[-5.9893598,42.4528948],[-5.99587,42.4522036]],[[-5.95994000729435,41.53285343813638],[-5.9673971,41.5265127],[-5.9718293,41.5259317],[-5.9760508,41.522646],[-5.9806954,41.5274813],[-5.9846459,41.5260732],[-5.9865722,41.5285292],[-5.9860064,41.5343246],[-5.9907039,41.5358642]],[[-5.95994000729435,41.53285343813638],[-5.9730931,41.5332264],[-5.9853324,41.5366743]],[[-5.9779241,40.8777643],[-5.9750275,40.8787333]],[[-5.9750275,40.8787333],[-5.9779241,40.8777643]],[[-5.865322,40.9136918],[-5.966823,40.8825308],[-5.9750275,40.8787333]],[[-5.9749853,42.3747211],[-5.9713294,42.371255]],[[-5.9713294,42.371255],[-5.9749853,42.3747211]],[[-5.9741443,41.3966421],[-5.9713329,41.3973018]],[[-5.9713329,41.3973018],[-5.9741443,41.3966421]],[[-5.9549144,41.3988572],[-5.9713329,41.3973018]],[[-5.9206579,42.3170741],[-5.9267854,42.3218077],[-5.9469367,42.3499096],[-5.9713294,42.371255]],[[-5.8102258,41.5258118],[-5.8258327,41.5334015],[-5.8406176,41.5382137],[-5.8535338,41.5385344],[-5.8879999,41.5464634],[-5.9227284,41.5406145],[-5.9376011,41.5353241],[-5.95994000729435,41.53285343813638]],[[-5.9597843,41.5333495],[-5.95994000729435,41.53285343813638]],[[-5.9549144,41.3988572],[-5.9519262,41.3993819]],[[-5.9519262,41.3993819],[-5.9549144,41.3988572]],[[-5.9297596,41.4013673],[-5.9519262,41.3993819]],[[-5.9297596,41.4013673],[-5.9267084,41.4024549]],[[-5.9267084,41.4024549],[-5.9297596,41.4013673]],[[-5.8079401,41.4513122],[-5.8163681,41.4437297],[-5.8175187,41.440277],[-5.8287101,41.4332653],[-5.8302662,41.4298627],[-5.8336055,41.427622],[-5.9015907,41.4063231],[-5.9144279,41.4056182],[-5.9267084,41.4024549]],[[-5.9169468,42.0033888],[-5.9224091,42.0029236]],[[-5.9224091,42.0029236],[-5.9169468,42.0033888]],[[-5.9206579,42.3170741],[-5.9167256,42.3142524]],[[-5.9167256,42.3142524],[-5.9206579,42.3170741]],[[-5.8489433,42.0054191],[-5.9067755,42.007479],[-5.9169468,42.0033888]],[[-5.9093729,42.3089569],[-5.9167256,42.3142524]],[[-5.9093729,42.3089569],[-5.909153,42.3086728]],[[-5.9089538,42.3088029],[-5.9093729,42.3089569]],[[-5.9089538,42.3088029],[-5.909153,42.3086728]],[[-5.909153,42.3086728],[-5.9088486,42.3084818]],[[-5.9087072,42.308645],[-5.9089538,42.3088029]],[[-5.9088486,42.3084818],[-5.9087072,42.308645]],[[-5.9088486,42.3084818],[-5.9084389,42.308284]],[[-5.9084389,42.308284],[-5.9087072,42.308645]],[[-5.904587,42.3055284],[-5.9084389,42.308284]],[[-5.904587,42.3055284],[-5.9038707,42.3050779]],[[-5.9037714,42.3052778],[-5.904587,42.3055284]],[[-5.9037714,42.3052778],[-5.9038707,42.3050779]],[[-5.9038707,42.3050779],[-5.9034862,42.3050335]],[[-5.9034433,42.3051658],[-5.9037714,42.3052778]],[[-5.9034862,42.3050335],[-5.9034433,42.3051658]],[[-5.9034862,42.3050335],[-5.9027631,42.3049394]],[[-5.9027631,42.3049394],[-5.9034433,42.3051658]],[[-5.8969383,42.3045114],[-5.9027631,42.3049394]],[[-5.8969383,42.3045114],[-5.8957245,42.3040763]],[[-5.895614,42.3043751],[-5.8969383,42.3045114]],[[-5.895614,42.3043751],[-5.8957245,42.3040763]],[[-5.8957245,42.3040763],[-5.8952494,42.3037841]],[[-5.8951066,42.3039544],[-5.895614,42.3043751]],[[-5.8952494,42.3037841],[-5.8951066,42.3039544]],[[-5.8952494,42.3037841],[-5.8943633,42.3029631]],[[-5.8943633,42.3029631],[-5.8951066,42.3039544]],[[-5.8910968,42.2974273],[-5.8943633,42.3029631]],[[-5.8925228,42.3121242],[-5.8921827,42.3121585]],[[-5.8921827,42.3121585],[-5.8924903,42.312304]],[[-5.7597016,42.3517173],[-5.7670428,42.3474928],[-5.7826857,42.3442103],[-5.8104068,42.329072],[-5.8237615,42.3253195],[-5.8387904,42.3256145],[-5.8665831,42.31314],[-5.8921827,42.3121585]],[[-5.8910968,42.2974273],[-5.8910363,42.2971899]],[[-5.8908467,42.2972696],[-5.8910968,42.2974273]],[[-5.8908467,42.2972696],[-5.8910363,42.2971899]],[[-5.8910363,42.2971899],[-5.8909089,42.296973]],[[-5.8909089,42.296973],[-5.8907313,42.2968006]],[[-5.8909089,42.296973],[-5.8907251,42.2970032]],[[-5.8907251,42.2970032],[-5.8908467,42.2972696]],[[-5.8907313,42.2968006],[-5.8907251,42.2970032]],[[-5.8907313,42.2968006],[-5.8883223,42.2924325]],[[-5.889189695603803,42.898176697576176],[-5.889108030103188,42.89822095057745]],[[-5.8317073,42.977983],[-5.8421417,42.9544399],[-5.8460143,42.935477],[-5.8506863,42.9336338],[-5.8544653,42.9289762],[-5.8613376,42.9278714],[-5.8904398,42.9162507],[-5.8937605,42.9108172],[-5.8889055,42.9050517],[-5.889189695603803,42.898176697576176]],[[-5.889189695603803,42.898176697576176],[-5.8868611,42.891288],[-5.8919182,42.8859097],[-5.892024,42.8832978],[-5.881218,42.8784958],[-5.8813268,42.8763213],[-5.8855905,42.8729125],[-5.8857083,42.8697437],[-5.8748291,42.8626693],[-5.8736673,42.8604395],[-5.8759947,42.8441101],[-5.8728085,42.83823],[-5.8753846,42.8299758],[-5.8746845,42.8274408],[-5.8586173,42.8215559],[-5.8541729,42.8175832],[-5.8418421,42.8141424],[-5.834695,42.8081103],[-5.8308076,42.8012107],[-5.821133,42.7927556],[-5.804434390963543,42.78681068510084]],[[-5.804479503617433,42.78697890732997],[-5.8067443,42.7910044],[-5.8100547,42.7917187],[-5.8235268,42.800745],[-5.8249489,42.8028582],[-5.8226329,42.8054777],[-5.8239675,42.8099028],[-5.8263801,42.811796],[-5.8311192,42.8122483],[-5.836947,42.822772],[-5.8459033,42.8202407],[-5.8614876,42.8278555],[-5.871865,42.8275252],[-5.8695279,42.8303316],[-5.8699351,42.8375358],[-5.8674744,42.8400456],[-5.8590502,42.8424181],[-5.8594187,42.8485435],[-5.8557455,42.849575],[-5.8619501,42.8538459],[-5.8597442,42.8585323],[-5.8656549,42.8619741],[-5.8599335,42.8674685],[-5.8563405,42.8678553],[-5.857078,42.8704454],[-5.8522786,42.8735941],[-5.8547414,42.8753295],[-5.8654023,42.8746611],[-5.8671045,42.8763364],[-5.8649985,42.8781555],[-5.8684065,42.8800955],[-5.8631417,42.8816278],[-5.8638759,42.8838818],[-5.8743136,42.8881522],[-5.8815383,42.8883062],[-5.8816376,42.8927377],[-5.8733513,42.8943755],[-5.8713626,42.8985157],[-5.8750532,42.8961738],[-5.8817635,42.8957695],[-5.8864392,42.9021948],[-5.8889518,42.9003417],[-5.889108030103188,42.89822095057745]],[[-5.889108030103188,42.89822095057745],[-5.8888692,42.9053576],[-5.8936135,42.9110573],[-5.8874942,42.9178967],[-5.8610543,42.9278406],[-5.8543128,42.9289201],[-5.850654,42.93352],[-5.8458683,42.935479],[-5.8411364,42.9545739],[-5.8310494,42.9783253]],[[-5.804479503617433,42.78697890732997],[-5.8202877,42.7923322],[-5.8301,42.8007348],[-5.8345404,42.808201],[-5.8417228,42.8142801],[-5.8540275,42.8176736],[-5.8584871,42.8216928],[-5.874335,42.8272046],[-5.8752238,42.829991],[-5.8726512,42.8382544],[-5.8758673,42.8439646],[-5.8732773,42.8608813],[-5.88557,42.8697562],[-5.8855933,42.8726241],[-5.8812006,42.8762692],[-5.8811166,42.8785723],[-5.8918772,42.8833197],[-5.886674,42.8912459],[-5.889108030103188,42.89822095057745]],[[-5.8879522,42.2923062],[-5.8883223,42.2924325]],[[-5.8883223,42.2924325],[-5.8882082,42.2922449]],[[-5.8882082,42.2922449],[-5.8879314,42.2920226]],[[-5.8882082,42.2922449],[-5.8879522,42.2923062]],[[-5.8879314,42.2920226],[-5.8879522,42.2923062]],[[-5.8664336,42.2776403],[-5.8879314,42.2920226]],[[-5.8769023,42.4592418],[-5.8838797,42.4584928]],[[-5.84484013206428,40.34846879421172],[-5.8499229,40.3437176],[-5.8547469,40.3315156],[-5.8661356,40.3214762],[-5.877257,40.3158873],[-5.8799028,40.3118101]],[[-5.8797019,40.3117996],[-5.8766424,40.3161712],[-5.8651433,40.321938],[-5.8545795,40.3314315],[-5.8499564,40.3433071],[-5.844716334998407,40.34828169453239]],[[-5.7461588,40.8795144],[-5.7726732,40.8539367],[-5.7942904,40.8421715],[-5.8046522,40.8387657],[-5.8096826,40.8337629],[-5.8151012,40.8321664],[-5.8363788,40.8166941],[-5.864863,40.7916061],[-5.8787861,40.776804]],[[-5.8769023,42.4592418],[-5.8701263,42.4623275]],[[-5.8762219,42.4594307],[-5.8769023,42.4592418]],[[-5.8701263,42.4623275],[-5.8696706,42.4625649]],[[-5.8696706,42.4625649],[-5.8701263,42.4623275]],[[-5.8701263,42.4623275],[-5.8698481,42.4621722]],[[-5.8698481,42.4621722],[-5.8695544,42.4623377]],[[-5.8698481,42.4621722],[-5.8691586,42.4619231]],[[-5.8696706,42.4625649],[-5.7775324,42.5121936],[-5.769066,42.515137],[-5.7642117,42.5202534],[-5.7521146,42.5281935]],[[-5.8695544,42.4623377],[-5.8696706,42.4625649]],[[-5.8691586,42.4619231],[-5.8695544,42.4623377]],[[-5.863792272021739,42.458495802956705],[-5.8691586,42.4619231]],[[-5.8664336,42.2776403],[-5.8635114,42.2759499]],[[-5.8635114,42.2759499],[-5.8664336,42.2776403]],[[-5.865322,40.9136918],[-5.862920063107682,40.91387575170946]],[[-5.862830069456416,40.91394645685703],[-5.865322,40.9136918]],[[-5.653572057324479,42.56834561111786],[-5.6854294,42.5583688],[-5.6989199,42.5487937],[-5.7100281,42.5438518],[-5.7325546,42.5389718],[-5.7549535,42.523574],[-5.7706088,42.5069443],[-5.8130245,42.4816171],[-5.863792272021739,42.458495802956705]],[[-5.863674043149127,42.45842120182465],[-5.863792272021739,42.458495802956705]],[[-5.863674043149127,42.45842120182465],[-5.8064298,42.4851178],[-5.768091,42.5084823],[-5.7534307,42.5246106]],[[-5.7560848,42.3604851],[-5.7740836,42.3711881],[-5.8408802,42.4436502],[-5.863674043149127,42.45842120182465]],[[-5.8260591,42.2536475],[-5.8416621,42.2667847],[-5.8635114,42.2759499]],[[-5.862830069456416,40.91394645685703],[-5.862920063107682,40.91387575170946]],[[-5.862920063107682,40.91387575170946],[-5.86259761882949,40.913857382848846]],[[-5.789295378559091,40.93617977446977],[-5.7961505,40.9356664],[-5.8268629,40.9277104],[-5.862830069456416,40.91394645685703]],[[-5.862512233029899,40.91392344797525],[-5.862830069456416,40.91394645685703]],[[-5.86259761882949,40.913857382848846],[-5.862512233029899,40.91392344797525]],[[-5.86259761882949,40.913857382848846],[-5.8592839,40.9140282]],[[-5.862512233029899,40.91392344797525],[-5.826767,40.9275444],[-5.7894036612173485,40.936000096992004]],[[-5.8592839,40.9140282],[-5.862512233029899,40.91392344797525]],[[-5.8594478,40.325961],[-5.8591548,40.3262106]],[[-5.859371,40.3262462],[-5.8594478,40.325961]],[[-5.8556354,40.3244554],[-5.860733,40.3241118],[-5.8594478,40.325961]],[[-5.8591002,40.3265645],[-5.859371,40.3262462]],[[-5.859371,40.3262462],[-5.8591548,40.3262106]],[[-5.8592879,41.7599388],[-5.8560158,41.7568603]],[[-5.8560158,41.7568603],[-5.8592879,41.7599388]],[[-5.7908153,40.934624],[-5.7949978,40.9354888],[-5.8248089,40.9279058],[-5.8592839,40.9140282]],[[-5.8591548,40.3262106],[-5.8589624,40.3263911]],[[-5.8587843,40.3266286],[-5.8591002,40.3265645]],[[-5.8589624,40.3263911],[-5.8591002,40.3265645]],[[-5.8589624,40.3263911],[-5.8587843,40.3266286]],[[-5.8458201,40.3444431],[-5.8556583,40.3270966],[-5.857188,40.3279874],[-5.8587843,40.3266286]],[[-5.8283315,41.7360598],[-5.8398472,41.7458979],[-5.8541235,41.7493464],[-5.8560158,41.7568603]],[[-5.8439237,42.0052403],[-5.8489433,42.0054191]],[[-5.8489433,42.0054191],[-5.8439237,42.0052403]],[[-5.8458201,40.3444431],[-5.8451429,40.3454901]],[[-5.8453844,40.3452103],[-5.8458201,40.3444431]],[[-5.8454747,40.3492521],[-5.8452904,40.3493247]],[[-5.8452904,40.3493247],[-5.8454747,40.3492521]],[[-5.8454747,40.3492521],[-5.8452659,40.3491081]],[[-5.8451429,40.3454901],[-5.8453844,40.3452103]],[[-5.8449666,40.3460357],[-5.8453844,40.3452103]],[[-5.8452659,40.3491081],[-5.8452904,40.3493247]],[[-5.84484013206428,40.34846879421172],[-5.8452659,40.3491081]],[[-5.8451429,40.3454901],[-5.8446798,40.3462658]],[[-5.8449666,40.3460357],[-5.8451429,40.3454901]],[[-5.8448524,40.3463398],[-5.8449666,40.3460357]],[[-5.8447091,40.3466407],[-5.8448524,40.3463398]],[[-5.8448524,40.3463398],[-5.8446798,40.3462658]],[[-5.720659108290264,40.41127217352462],[-5.7388017,40.3983468],[-5.757787,40.3951278],[-5.7658375,40.3922053],[-5.7869912,40.3938835],[-5.7907968,40.3921757],[-5.7985794,40.3846182],[-5.8150741,40.3815149],[-5.821917,40.3771206],[-5.8269942,40.3702301],[-5.8358129,40.3634161],[-5.84484013206428,40.34846879421172]],[[-5.844716334998407,40.34828169453239],[-5.84484013206428,40.34846879421172]],[[-5.844716334998407,40.34828169453239],[-5.8352657,40.363685],[-5.8264522,40.3704865],[-5.8222298,40.3765765],[-5.814932,40.3813835],[-5.7977279,40.3847784],[-5.7906683,40.3919859],[-5.7865517,40.3937498],[-5.7663747,40.3919829],[-5.7577367,40.3949879],[-5.7387423,40.3981926],[-5.720583630790927,40.411119059284076]],[[-5.8443608,40.3471413],[-5.844716334998407,40.34828169453239]],[[-5.8444729,40.3465865],[-5.8447091,40.3466407]],[[-5.8443608,40.3471413],[-5.8447091,40.3466407]],[[-5.8446798,40.3462658],[-5.8444729,40.3465865]],[[-5.7967901,40.3818382],[-5.8098266,40.3820932],[-5.8141361,40.3805085],[-5.8205579,40.3714735],[-5.8206464,40.3677394],[-5.8331535,40.354733],[-5.8320682,40.3524419],[-5.8408387,40.3508108],[-5.8446544,40.3455196]],[[-5.8444729,40.3465865],[-5.8443608,40.3471413]],[[-5.7281623,42.0005418],[-5.756622,42.0002187],[-5.7732092,41.9984232],[-5.7917631,41.9993928],[-5.8168039,42.0041714],[-5.8439237,42.0052403]],[[-5.8283315,41.7360598],[-5.8259623,41.7340158]],[[-5.8259623,41.7340158],[-5.8283315,41.7360598]],[[-5.8258748,42.2534947],[-5.8260591,42.2536475]],[[-5.8257465,42.2536329],[-5.8260591,42.2536475]],[[-5.8101301,41.7188139],[-5.8259623,41.7340158]],[[-5.8257465,42.2536329],[-5.8258748,42.2534947]],[[-5.8256047,42.253293],[-5.8258748,42.2534947]],[[-5.8256047,42.253293],[-5.8257465,42.2536329]],[[-5.7449446,42.1216188],[-5.8013943,42.2239217],[-5.8159512,42.2450277],[-5.8256047,42.253293]],[[-5.8102258,41.5258118],[-5.8024222,41.5232102]],[[-5.8029095,41.5234412],[-5.8102258,41.5258118]],[[-5.8101301,41.7188139],[-5.8087093,41.7128451]],[[-5.8087093,41.7128451],[-5.8101301,41.7188139]],[[-5.8085618,41.6896368],[-5.8157275,41.6993426],[-5.8189159,41.7012165],[-5.8150549,41.701164],[-5.8143365,41.7029511],[-5.8098119,41.702234],[-5.8084797,41.703577],[-5.8074955,41.7076916],[-5.8087093,41.7128451]],[[-5.8079401,41.4513122],[-5.8028105,41.4545829]],[[-5.8028105,41.4545829],[-5.8079401,41.4513122]],[[-5.8070439,41.689255],[-5.8078751,41.6889377]],[[-5.8078751,41.6889377],[-5.8076785,41.6885741]],[[-5.8078751,41.6889377],[-5.8074586,41.6888961]],[[-5.8076785,41.6885741],[-5.8074586,41.6888961]],[[-5.7974095,41.6320751],[-5.8062847,41.6562462],[-5.8060001,41.68458],[-5.8076785,41.6885741]],[[-5.8074586,41.6888961],[-5.8072286,41.6889875]],[[-5.8072286,41.6889875],[-5.8066237,41.6889649]],[[-5.8072286,41.6889875],[-5.8070439,41.689255]],[[-5.8066237,41.6889649],[-5.8070439,41.689255]],[[-5.804043917756813,41.68811312564523],[-5.8066237,41.6889649]],[[-5.804434390963543,42.78681068510084],[-5.804479503617433,42.78697890732997]],[[-5.788072222515697,42.78426622659338],[-5.7961142,42.7859325],[-5.8013622,42.7852364],[-5.804479503617433,42.78697890732997]],[[-5.788331459886977,42.78425985531671],[-5.802361,42.784201],[-5.804434390963543,42.78681068510084]],[[-5.804434390963543,42.78681068510084],[-5.8013805,42.7850892],[-5.7961278,42.7857861],[-5.788331459886977,42.78425985531671]],[[-5.7789819077476485,41.72259158030914],[-5.7894473,41.7128147],[-5.7936358,41.6992426],[-5.804043917756813,41.68811312564523]],[[-5.804043917756813,41.68811312564523],[-5.8050994,41.6781415],[-5.7952604,41.6541441],[-5.7892377,41.6316456],[-5.7861537,41.6085603],[-5.7719829,41.572538],[-5.7653908,41.5652057],[-5.7557846,41.5590199],[-5.7450506,41.5552332],[-5.7241119,41.5511314],[-5.711200032524566,41.54317298463705]],[[-5.803828534732088,41.68804315927767],[-5.804043917756813,41.68811312564523]],[[-5.803828534732088,41.68804315927767],[-5.7934399,41.699151],[-5.7892479,41.7127363],[-5.778792771446607,41.72249366831242]],[[-5.711070331127035,41.54332831535173],[-5.7240275,41.5512894],[-5.7458114,41.555604],[-5.7556912,41.5591881],[-5.7652333,41.5653407],[-5.7723731,41.5735352],[-5.7860826,41.6091286],[-5.7889969,41.6315808],[-5.7949928,41.6540029],[-5.8047295,41.6775177],[-5.805284,41.6834862],[-5.803828534732088,41.68804315927767]],[[-5.8034329,41.6879144],[-5.803828534732088,41.68804315927767]],[[-5.8034329,41.6879144],[-5.8031244,41.6876519]],[[-5.8029606,41.6879167],[-5.8034329,41.6879144]],[[-5.8029606,41.6879167],[-5.8031244,41.6876519]],[[-5.8031244,41.6876519],[-5.8022527,41.6876616]],[[-5.8023564,41.687873],[-5.8029606,41.6879167]],[[-5.798886113685209,41.5234345917728],[-5.8029095,41.5234412]],[[-5.7992857,41.5241153],[-5.8029095,41.5234412]],[[-5.7702928,41.4772159],[-5.784192,41.4651876],[-5.8028105,41.4545829]],[[-5.8024222,41.5232102],[-5.7989129,41.5224927]],[[-5.8024222,41.5232102],[-5.798846614065536,41.52326461689697]],[[-5.8022527,41.6876616],[-5.8023564,41.687873]],[[-5.8019467,41.6879799],[-5.8023564,41.687873]],[[-5.8022527,41.6876616],[-5.8019467,41.6879799]],[[-5.8019467,41.6879799],[-5.8018347,41.690399],[-5.7931915,41.6990881],[-5.7890003,41.7126668],[-5.7774223,41.7217268]],[[-5.7987758,41.5238834],[-5.7992857,41.5241153]],[[-5.7992857,41.5241153],[-5.7990848,41.5238424]],[[-5.7990848,41.5238424],[-5.798886113685209,41.5234345917728]],[[-5.7990848,41.5238424],[-5.7987758,41.5238834]],[[-5.7988707,41.5228282],[-5.7989129,41.5224927]],[[-5.7989129,41.5224927],[-5.7988224,41.5224379]],[[-5.798799103384378,41.52344511062372],[-5.798886113685209,41.5234345917728]],[[-5.798886113685209,41.5234345917728],[-5.798846614065536,41.52326461689697]],[[-5.7985594,41.5228607],[-5.7988707,41.5228282]],[[-5.798846614065536,41.52326461689697],[-5.7988707,41.5228282]],[[-5.798846614065536,41.52326461689697],[-5.798761087096352,41.52327432752827]],[[-5.7988224,41.5224379],[-5.7986329,41.5221947]],[[-5.7988224,41.5224379],[-5.7985251,41.5224364]],[[-5.765831373729871,41.54102008420278],[-5.7713143,41.5387289],[-5.7784513,41.5310006],[-5.798799103384378,41.52344511062372]],[[-5.798799103384378,41.52344511062372],[-5.7987758,41.5238834]],[[-5.798761087096352,41.52327432752827],[-5.798799103384378,41.52344511062372]],[[-5.798761087096352,41.52327432752827],[-5.7783064,41.5308632],[-5.7713823,41.5385038],[-5.765795126770188,41.54091439278114]],[[-5.7985594,41.5228607],[-5.798761087096352,41.52327432752827]],[[-5.7986329,41.5221947],[-5.7985251,41.5224364]],[[-5.7567065,41.5008409],[-5.7578614,41.5054504],[-5.7600242,41.5074455],[-5.782347,41.5133922],[-5.7986329,41.5221947]],[[-5.7985251,41.5224364],[-5.7985594,41.5228607]],[[-5.7971279,41.6317954],[-5.7974807,41.6317339]],[[-5.7974095,41.6320751],[-5.7974807,41.6317339]],[[-5.7974807,41.6317339],[-5.7972912,41.6312633]],[[-5.7971279,41.6317954],[-5.7974095,41.6320751]],[[-5.7972912,41.6312633],[-5.7970191,41.6309563]],[[-5.7972912,41.6312633],[-5.7969855,41.631331]],[[-5.7969855,41.631331],[-5.7971279,41.6317954]],[[-5.7970191,41.6309563],[-5.7969855,41.631331]],[[-5.7789267,41.5786373],[-5.7970191,41.6309563]],[[-5.7952867,40.3826434],[-5.7830783,40.3848832],[-5.7670406,40.3833234],[-5.7620362,40.3842056]],[[-5.7908153,40.934624],[-5.7901666,40.9347292]],[[-5.7904325,40.9349839],[-5.7908153,40.934624]],[[-5.7900026,40.9353531],[-5.7904325,40.9349839]],[[-5.7904325,40.9349839],[-5.7901666,40.9347292]],[[-5.7901666,40.9347292],[-5.7896322,40.9351835]],[[-5.789622,40.935643],[-5.7900026,40.9353531]],[[-5.7896322,40.9351835],[-5.7900026,40.9353531]],[[-5.7896322,40.9351835],[-5.789622,40.935643]],[[-5.7894036612173485,40.936000096992004],[-5.789622,40.935643]],[[-5.789295378559091,40.93617977446977],[-5.7894036612173485,40.936000096992004]],[[-5.7894036612173485,40.936000096992004],[-5.779104,40.936351],[-5.771375974360588,40.94152403837956]],[[-5.7891015,40.9365019],[-5.789295378559091,40.93617977446977]],[[-5.771775329919106,40.941427518738905],[-5.7791575,40.936537],[-5.789295378559091,40.93617977446977]],[[-5.788669,40.9373921],[-5.7891276,40.9368817]],[[-5.7891276,40.9368817],[-5.7891015,40.9365019]],[[-5.7891276,40.9368817],[-5.7887397,40.9367606]],[[-5.7891015,40.9365019],[-5.7887397,40.9367606]],[[-5.7887397,40.9367606],[-5.7883756,40.9371609]],[[-5.7879914,40.9375528],[-5.788669,40.9373921]],[[-5.7883756,40.9371609],[-5.788669,40.9373921]],[[-5.7883756,40.9371609],[-5.7879914,40.9375528]],[[-5.788072222515697,42.78426622659338],[-5.788331459886977,42.78425985531671]],[[-5.788331459886977,42.78425985531671],[-5.787474,42.7836759]],[[-5.7846885,42.7843396],[-5.788072222515697,42.78426622659338]],[[-5.7873258,42.7837538],[-5.788072222515697,42.78426622659338]],[[-5.771775329919106,40.941427518738905],[-5.7879914,40.9375528]],[[-5.7861511,42.7822816],[-5.7822144,42.775621],[-5.7814693,42.7698735],[-5.7764743,42.7660712],[-5.776436,42.7625416],[-5.7735415,42.7592094],[-5.7730595,42.7536984],[-5.7703751,42.7493099],[-5.7763093,42.740842],[-5.7854524,42.7323211],[-5.7870115,42.727391],[-5.7957432,42.7152706],[-5.7954772,42.7095611],[-5.7829666,42.7035602],[-5.7798769,42.6978025],[-5.7506757,42.6791015],[-5.7510015,42.6525957],[-5.7456823,42.6447177],[-5.7424991,42.625177],[-5.7389281,42.6189928],[-5.7246739,42.6073602],[-5.6897447,42.5948277],[-5.6775951,42.5838467],[-5.662317420142051,42.57410535709172]],[[-5.6621151926468265,42.57411290146215],[-5.6774727,42.5839347],[-5.6896537,42.5949304],[-5.7245915,42.6074795],[-5.7387231,42.6190755],[-5.7422778,42.6252077],[-5.7452467,42.6441378],[-5.7508245,42.6526012],[-5.7505147,42.6791535],[-5.7797336,42.6978787],[-5.7828219,42.7036362],[-5.7952548,42.7096172],[-5.7955319,42.7152297],[-5.786793,42.7273457],[-5.7852172,42.7322625],[-5.7757307,42.7411948],[-5.770152,42.7496593],[-5.7730435,42.7542349],[-5.7733542,42.7592324],[-5.7761315,42.7622578],[-5.7762934,42.7661091],[-5.7813094,42.7699339],[-5.78223,42.7761907],[-5.7860281,42.7823166]],[[-5.780396,42.784885],[-5.7846885,42.7843396]],[[-5.7846885,42.7843396],[-5.780396,42.784885]],[[-5.7841351,41.7241389],[-5.7844939,41.7242098]],[[-5.7841712,41.7244439],[-5.7844939,41.7242098]],[[-5.7844939,41.7242098],[-5.7842081,41.7237227]],[[-5.7842081,41.7237227],[-5.7837227,41.7236773]],[[-5.7842081,41.7237227],[-5.7840365,41.7239838]],[[-5.7841712,41.7244439],[-5.767928,41.7571106],[-5.7666163,41.7633135]],[[-5.7841351,41.7241389],[-5.7841712,41.7244439]],[[-5.7840365,41.7239838],[-5.7841351,41.7241389]],[[-5.7837227,41.7236773],[-5.7840365,41.7239838]],[[-5.7804974,41.7230842],[-5.7837227,41.7236773]],[[-5.7804974,41.7230842],[-5.7800608,41.7229413]],[[-5.7798901,41.7232085],[-5.7804974,41.7230842]],[[-5.7795051,42.7850735],[-5.780396,42.784885]],[[-5.7798901,41.7232085],[-5.7800608,41.7229413]],[[-5.7800608,41.7229413],[-5.779637,41.7227936]],[[-5.7794627,41.7229723],[-5.7798901,41.7232085]],[[-5.779637,41.7227936],[-5.7794627,41.7229723]],[[-5.779637,41.7227936],[-5.779286,41.7227492]],[[-5.7795051,42.7850735],[-5.7792482,42.7850856]],[[-5.7792975,42.7851967],[-5.7795051,42.7850735]],[[-5.779286,41.7227492],[-5.7794627,41.7229723]],[[-5.7789921,42.7853202],[-5.7792975,42.7851967]],[[-5.7792975,42.7851967],[-5.7792482,42.7850856]],[[-5.7789819077476485,41.72259158030914],[-5.779286,41.7227492]],[[-5.7792482,42.7850856],[-5.7788828,42.785173]],[[-5.7788828,42.785173],[-5.7789921,42.7853202]],[[-5.778736,42.7853416],[-5.7789921,42.7853202]],[[-5.762088447846818,41.772255254966005],[-5.7560848,41.7637982],[-5.7560259,41.7554138],[-5.7789819077476485,41.72259158030914]],[[-5.778792771446607,41.72249366831242],[-5.7789819077476485,41.72259158030914]],[[-5.7789267,41.5786373],[-5.7773508,41.5740438]],[[-5.7773508,41.5740438],[-5.7789267,41.5786373]],[[-5.7788828,42.785173],[-5.778736,42.7853416]],[[-5.778792771446607,41.72249366831242],[-5.7557943,41.7553931],[-5.7558721,41.7638084],[-5.761981497393878,41.772451224500074]],[[-5.7784385,41.7223068],[-5.778792771446607,41.72249366831242]],[[-5.7601393,42.7854726],[-5.778736,42.7853416]],[[-5.7784385,41.7223068],[-5.7782059,41.7220571]],[[-5.7780393,41.7222493],[-5.7784385,41.7223068]],[[-5.7780393,41.7222493],[-5.7782059,41.7220571]],[[-5.7782059,41.7220571],[-5.777805,41.7218279]],[[-5.7776073,41.7219767],[-5.7780393,41.7222493]],[[-5.777805,41.7218279],[-5.7776073,41.7219767]],[[-5.777805,41.7218279],[-5.7774223,41.7217268]],[[-5.7774223,41.7217268],[-5.7776073,41.7219767]],[[-5.7673839,41.5447089],[-5.7705731,41.5499347],[-5.7773508,41.5740438]],[[-5.771375974360588,40.94152403837956],[-5.771775329919106,40.941427518738905]],[[-5.718284261948143,40.95698795716577],[-5.7292622,40.9561531],[-5.7459913,40.9485206],[-5.763309,40.9474813],[-5.771775329919106,40.941427518738905]],[[-5.7470928,40.9451969],[-5.771375974360588,40.94152403837956]],[[-5.771375974360588,40.94152403837956],[-5.7632227,40.9473011],[-5.746742,40.9481611],[-5.7292067,40.9559661],[-5.718468915700132,40.9568109604458]],[[-5.7702928,41.4772159],[-5.7699121,41.4773503]],[[-5.770041,41.4775432],[-5.7702928,41.4772159]],[[-5.7698209,41.477754],[-5.770041,41.4775432]],[[-5.770041,41.4775432],[-5.7699121,41.4773503]],[[-5.7699121,41.4773503],[-5.7694798,41.477655]],[[-5.7694798,41.477655],[-5.7698209,41.477754]],[[-5.7693174,41.4781098],[-5.7698209,41.477754]],[[-5.7696164,41.7542162],[-5.7695821,41.7542932]],[[-5.7694798,41.477655],[-5.7693174,41.4781098]],[[-5.7570361,41.4888846],[-5.7693174,41.4781098]],[[-5.7671657,41.5444495],[-5.767408,41.5444219]],[[-5.7673839,41.5447089],[-5.767408,41.5444219]],[[-5.767408,41.5444219],[-5.7671585,41.5439935]],[[-5.7671657,41.5444495],[-5.7673839,41.5447089]],[[-5.7669714,41.5441012],[-5.7671657,41.5444495]],[[-5.7671585,41.5439935],[-5.7669714,41.5441012]],[[-5.7671585,41.5439935],[-5.7668508,41.5438576]],[[-5.7668508,41.5438576],[-5.7669714,41.5441012]],[[-5.7655414,41.5418153],[-5.7668508,41.5438576]],[[-5.7666163,41.7633135],[-5.766292,41.7635676]],[[-5.7666015,41.7636625],[-5.7666163,41.7633135]],[[-5.7664456,41.764096],[-5.7666015,41.7636625]],[[-5.7666015,41.7636625],[-5.766292,41.7635676]],[[-5.7661348,41.7640726],[-5.7664456,41.764096]],[[-5.766223,41.7643331],[-5.7664456,41.764096]],[[-5.766292,41.7635676],[-5.7661348,41.7640726]],[[-5.766223,41.7643331],[-5.762088447846818,41.772255254966005]],[[-5.7661348,41.7640726],[-5.766223,41.7643331]],[[-5.7645243730902,41.541225960958464],[-5.765831373729871,41.54102008420278]],[[-5.7655959,41.5414631],[-5.765831373729871,41.54102008420278]],[[-5.765831373729871,41.54102008420278],[-5.765795126770188,41.54091439278114]],[[-5.765795126770188,41.54091439278114],[-5.764496558554255,41.54111833286013]],[[-5.765795126770188,41.54091439278114],[-5.7651774,41.5405732]],[[-5.7651674,41.5415801],[-5.7655959,41.5414631]],[[-5.7655414,41.5418153],[-5.7655959,41.5414631]],[[-5.7651674,41.5415801],[-5.7655414,41.5418153]],[[-5.7651774,41.5405732],[-5.7647383,41.5406873]],[[-5.7651774,41.5405732],[-5.7597495,41.5303876]],[[-5.7645243730902,41.541225960958464],[-5.7651674,41.5415801]],[[-5.7647383,41.5406873],[-5.764496558554255,41.54111833286013]],[[-5.7593025,41.5304774],[-5.7647383,41.5406873]],[[-5.7520628,41.5551546],[-5.7568756,41.5511058],[-5.7588315,41.5441877],[-5.7645243730902,41.541225960958464]],[[-5.764496558554255,41.54111833286013],[-5.7645243730902,41.541225960958464]],[[-5.764496558554255,41.54111833286013],[-5.7590833,41.5436972],[-5.7567568,41.5510469],[-5.7521278,41.5549553]],[[-5.7632071,42.9979567],[-5.7644707,42.9965541],[-5.7596338,42.992719],[-5.7516058,42.9911297],[-5.7452832,42.9933658],[-5.7411342,42.9898515],[-5.7341248,42.9889964],[-5.7219784,42.9823091],[-5.7018002,42.9856376],[-5.6921641,42.9842687],[-5.6861709,42.9773709],[-5.6726009,42.9734483],[-5.6678418,42.9681884],[-5.6645731,42.956914],[-5.6592008,42.9465081],[-5.6594681,42.9436183]],[[-5.762088447846818,41.772255254966005],[-5.761981497393878,41.772451224500074]],[[-5.716710693803389,41.86449650428383],[-5.7340538,41.8522637],[-5.7405057,41.8440635],[-5.7443817,41.8207539],[-5.7644172,41.7834021],[-5.7647235,41.7781809],[-5.762088447846818,41.772255254966005]],[[-5.758479,40.3844072],[-5.7620362,40.3842056]],[[-5.7620362,40.3842056],[-5.758479,40.3844072]],[[-5.761981497393878,41.772451224500074],[-5.7529063,41.7875998],[-5.7491396,41.7995076],[-5.7361864,41.8123633],[-5.7305213,41.830052]],[[-5.761981497393878,41.772451224500074],[-5.76439,41.7778596],[-5.7640552,41.7838192],[-5.7441221,41.8206961],[-5.7403038,41.8439643],[-5.7338581,41.8521808],[-5.716884927601191,41.864136954854565]],[[-5.7601393,42.7854726],[-5.758454,42.7855153]],[[-5.7586552,42.7855837],[-5.7601393,42.7854726]],[[-5.7593025,41.5304774],[-5.7597495,41.5303876]],[[-5.7597495,41.5303876],[-5.7595796,41.5299311]],[[-5.7597016,42.3517173],[-5.759338,42.3517608]],[[-5.759369,42.3519055],[-5.7597016,42.3517173]],[[-5.7595796,41.5299311],[-5.7553624,41.5195876]],[[-5.7595796,41.5299311],[-5.7591397,41.5300302]],[[-5.7593005,42.3519781],[-5.759369,42.3519055]],[[-5.759369,42.3519055],[-5.759338,42.3517608]],[[-5.759338,42.3517608],[-5.7591753,42.3516963]],[[-5.7559232,42.3598184],[-5.759325,42.3522352]],[[-5.759325,42.3522352],[-5.7593005,42.3519781]],[[-5.7591392,42.3520132],[-5.759325,42.3522352]],[[-5.7591397,41.5300302],[-5.7593025,41.5304774]],[[-5.7591392,42.3520132],[-5.7593005,42.3519781]],[[-5.7591753,42.3516963],[-5.7590257,42.3517336]],[[-5.7591753,42.3516963],[-5.7590353,42.3514946]],[[-5.7550133,41.519663],[-5.7591397,41.5300302]],[[-5.7590257,42.3517336],[-5.7591392,42.3520132]],[[-5.7590353,42.3514946],[-5.7590257,42.3517336]],[[-5.7590353,42.3514946],[-5.7554605,42.3482358],[-5.7490629,42.347355]],[[-5.7574132,42.7855304],[-5.7586552,42.7855837]],[[-5.7568402,42.7859698],[-5.7586552,42.7855837]],[[-5.7565021,40.3846231],[-5.758479,40.3844072]],[[-5.758454,42.7855153],[-5.7574132,42.7855304]],[[-5.758454,42.7855153],[-5.7565307,42.7849628]],[[-5.7574132,42.7855304],[-5.7568402,42.7859698]],[[-5.7565307,42.7849628],[-5.7574132,42.7855304]],[[-5.7570361,41.4888846],[-5.7566445,41.4890163]],[[-5.7567967,41.4891247],[-5.7570361,41.4888846]],[[-5.7568402,42.7859698],[-5.7395545,42.7897519],[-5.7325289,42.7962919],[-5.7168125,42.7973792]],[[-5.7565689,41.5006454],[-5.7568017,41.5006332]],[[-5.7567065,41.5008409],[-5.7568017,41.5006332]],[[-5.7568017,41.5006332],[-5.756463,41.5003794]],[[-5.7563866,41.4892492],[-5.7567967,41.4891247]],[[-5.7567967,41.4891247],[-5.7566445,41.4890163]],[[-5.7565689,41.5006454],[-5.7567065,41.5008409]],[[-5.7566445,41.4890163],[-5.7564007,41.4890853]],[[-5.7564503,41.5005649],[-5.7565689,41.5006454]],[[-5.7186132,42.7114743],[-5.7261783,42.72888],[-5.7253724,42.7318987],[-5.7366134,42.74611],[-5.7346468,42.75741],[-5.7309241,42.7610152],[-5.7306968,42.767087],[-5.73825,42.77372],[-5.7388997,42.7785761],[-5.7421844,42.7840247],[-5.7546318,42.7835394],[-5.7565307,42.7849628]],[[-5.7565021,40.3846231],[-5.7548497,40.3854771]],[[-5.7548497,40.3854771],[-5.7565021,40.3846231]],[[-5.756463,41.5003794],[-5.7561686,41.500504]],[[-5.756463,41.5003794],[-5.7564503,41.5005649]],[[-5.7561686,41.500504],[-5.7564503,41.5005649]],[[-5.7564007,41.4890853],[-5.7561698,41.4892318]],[[-5.7564007,41.4890853],[-5.7563866,41.4892492]],[[-5.7561698,41.4892318],[-5.7563866,41.4892492]],[[-5.7495172,41.4891546],[-5.7561698,41.4892318]],[[-5.752145,41.5024128],[-5.7561686,41.500504]],[[-5.7560848,42.3604851],[-5.7557938,42.3602076]],[[-5.7556498,42.3603536],[-5.7560848,42.3604851]],[[-5.7559232,42.3598184],[-5.7556168,42.3600108]],[[-5.7557714,42.3601081],[-5.7559232,42.3598184]],[[-5.7556498,42.3603536],[-5.7557938,42.3602076]],[[-5.7557938,42.3602076],[-5.7557714,42.3601081]],[[-5.7557714,42.3601081],[-5.7556168,42.3600108]],[[-5.75549,42.3603649],[-5.7556498,42.3603536]],[[-5.7556168,42.3600108],[-5.7553213,42.3602616]],[[-5.7551916,42.3605012],[-5.75549,42.3603649]],[[-5.7553213,42.3602616],[-5.75549,42.3603649]],[[-5.7550133,41.519663],[-5.7553624,41.5195876]],[[-5.7553624,41.5195876],[-5.7551365,41.5191162]],[[-5.7553213,42.3602616],[-5.7551916,42.3605012]],[[-5.7450207,42.3607667],[-5.7525262,42.3616763],[-5.7551916,42.3605012]],[[-5.7551365,41.5191162],[-5.7548571,41.5191813]],[[-5.7551365,41.5191162],[-5.754855,41.5188006]],[[-5.7547923,41.5195498],[-5.7550133,41.519663]],[[-5.7548571,41.5191813],[-5.7547683,41.5192653]],[[-5.754855,41.5188006],[-5.7548571,41.5191813]],[[-5.7520939,41.5120233],[-5.754855,41.5188006]],[[-5.7521237,40.388218],[-5.7548497,40.3854771]],[[-5.7547683,41.5192653],[-5.7547923,41.5195498]],[[-5.7513062,41.5195699],[-5.7547923,41.5195498]],[[-5.7547683,41.5192653],[-5.7514033,41.5193065]],[[-5.7534307,42.5246106],[-5.7524279,42.5253299]],[[-5.7534307,42.5246106],[-5.7524279,42.5253299]],[[-5.7524279,42.5253299],[-5.7325636,42.5387967],[-5.7099641,42.5437357],[-5.6988184,42.5487139],[-5.6853626,42.5582654],[-5.653444847865261,42.568273912767765]],[[-5.752145,41.5024128],[-5.7490729,41.5050189]],[[-5.7491948,41.5050936],[-5.752145,41.5024128]],[[-5.7521237,40.388218],[-5.7515041,40.388802]],[[-5.7516322,40.3888126],[-5.7521237,40.388218]],[[-5.7521146,42.5281935],[-5.7514884,42.5284692]],[[-5.7517882,42.5286556],[-5.7521146,42.5281935]],[[-5.7520939,41.5120233],[-5.7520298,41.5118393]],[[-5.7519047,41.5118864],[-5.7520939,41.5120233]],[[-5.7519047,41.5118864],[-5.7520298,41.5118393]],[[-5.7520298,41.5118393],[-5.7520099,41.5117041]],[[-5.7520099,41.5117041],[-5.7519696,41.5115445]],[[-5.7520099,41.5117041],[-5.7518795,41.5116774]],[[-5.7519696,41.5115445],[-5.7518795,41.5116774]],[[-5.7508723,41.5079474],[-5.7519696,41.5115445]],[[-5.7518795,41.5116774],[-5.7519047,41.5118864]],[[-5.7513207,42.5290066],[-5.7517882,42.5286556]],[[-5.7517882,42.5286556],[-5.7514884,42.5284692]],[[-5.751515,40.3889731],[-5.7516322,40.3888126]],[[-5.7516322,40.3888126],[-5.7515041,40.388802]],[[-5.7495488,40.3897574],[-5.751515,40.3889731]],[[-5.7514517,40.3888388],[-5.751515,40.3889731]],[[-5.7515041,40.388802],[-5.7514517,40.3888388]],[[-5.7514884,42.5284692],[-5.7510601,42.5287061]],[[-5.7514517,40.3888388],[-5.7495488,40.3897574]],[[-5.7513062,41.5195699],[-5.7514033,41.5193065]],[[-5.7514033,41.5193065],[-5.7509024,41.5191793]],[[-5.7505167,42.5293195],[-5.7513207,42.5290066]],[[-5.7510601,42.5287061],[-5.7513207,42.5290066]],[[-5.7507589,41.5193749],[-5.7513062,41.5195699]],[[-5.7510601,42.5287061],[-5.7505167,42.5293195]],[[-5.7509452,41.5077326],[-5.7508484,41.5077649]],[[-5.7509366,41.5078823],[-5.7509452,41.5077326]],[[-5.7509452,41.5077326],[-5.7508306,41.5076296]],[[-5.7508723,41.5079474],[-5.7509366,41.5078823]],[[-5.7508456,41.5078461],[-5.7509366,41.5078823]],[[-5.7509024,41.5191793],[-5.7507589,41.5193749]],[[-5.7509024,41.5191793],[-5.7466275,41.5160771]],[[-5.7508456,41.5078461],[-5.7508723,41.5079474]],[[-5.7508484,41.5077649],[-5.7508456,41.5078461]],[[-5.7508306,41.5076296],[-5.7508484,41.5077649]],[[-5.7505716,41.5060172],[-5.7508306,41.5076296]],[[-5.7464473,41.5162116],[-5.7507589,41.5193749]],[[-5.7505716,41.5060172],[-5.7505299,41.5059319]],[[-5.7504724,41.5059543],[-5.7505716,41.5060172]],[[-5.7504724,41.5059543],[-5.7505299,41.5059319]],[[-5.7505299,41.5059319],[-5.750433,41.5058596]],[[-5.7380262,42.5381464],[-5.7505167,42.5293195]],[[-5.7504035,41.5058979],[-5.7504724,41.5059543]],[[-5.750433,41.5058596],[-5.750315,41.5058403]],[[-5.750433,41.5058596],[-5.7504035,41.5058979]],[[-5.750315,41.5058403],[-5.7504035,41.5058979]],[[-5.7493387,41.5053568],[-5.750315,41.5058403]],[[-5.7495488,40.3897574],[-5.7417359,40.3912411]],[[-5.7495172,41.4891546],[-5.7492471,41.4889994]],[[-5.7491475,41.4891806],[-5.7495172,41.4891546]],[[-5.7493387,41.5053568],[-5.7491933,41.5051498]],[[-5.749036,41.5052175],[-5.7493387,41.5053568]],[[-5.7491475,41.4891806],[-5.7492471,41.4889994]],[[-5.7492471,41.4889994],[-5.7488658,41.4889152]],[[-5.7491933,41.5051498],[-5.7491948,41.5050936]],[[-5.7491948,41.5050936],[-5.7490729,41.5050189]],[[-5.749036,41.5052175],[-5.7491933,41.5051498]],[[-5.748806,41.4890828],[-5.7491475,41.4891806]],[[-5.7490729,41.5050189],[-5.749036,41.5052175]],[[-5.7490629,42.347355],[-5.7486729,42.3472335]],[[-5.7486471,42.3473778],[-5.7490629,42.347355]],[[-5.7488658,41.4889152],[-5.7485049,41.4889622]],[[-5.7488658,41.4889152],[-5.748806,41.4890828]],[[-5.7485049,41.4889622],[-5.748806,41.4890828]],[[-5.7486471,42.3473778],[-5.7486729,42.3472335]],[[-5.7486729,42.3472335],[-5.748231,42.3471778]],[[-5.748199,42.3473434],[-5.7486471,42.3473778]],[[-5.7452484,41.4901291],[-5.7485049,41.4889622]],[[-5.748231,42.3471778],[-5.747928,42.3472282]],[[-5.748231,42.3471778],[-5.748199,42.3473434]],[[-5.747928,42.3472282],[-5.748199,42.3473434]],[[-5.747928,42.3472282],[-5.7420383,42.3494696],[-5.7405781,42.3516859]],[[-5.7470928,40.9451969],[-5.7406381,40.946334]],[[-5.7406381,40.946334],[-5.7470928,40.9451969]],[[-5.7464473,41.5162116],[-5.7466275,41.5160771]],[[-5.7466275,41.5160771],[-5.7462243,41.5157694]],[[-5.7461176,41.5161636],[-5.7464473,41.5162116]],[[-5.7462243,41.5157694],[-5.7460392,41.5159056]],[[-5.7462243,41.5157694],[-5.7437539,41.5138965]],[[-5.7461588,40.8795144],[-5.7400898,40.884848]],[[-5.7400898,40.884848],[-5.7461588,40.8795144]],[[-5.7455896,41.5161131],[-5.7461176,41.5161636]],[[-5.7460231,41.5159971],[-5.7461176,41.5161636]],[[-5.7460392,41.5159056],[-5.7460231,41.5159971]],[[-5.7436038,41.5140521],[-5.7460392,41.5159056]],[[-5.7460231,41.5159971],[-5.7455896,41.5161131]],[[-5.745201,41.5157542],[-5.7455896,41.5161131]],[[-5.7447959,41.4903425],[-5.7452484,41.4901291]],[[-5.7452484,41.4901291],[-5.7448119,41.490083]],[[-5.745201,41.5157542],[-5.7436753,41.515255]],[[-5.7436753,41.515255],[-5.745201,41.5157542]],[[-5.7450207,42.3607667],[-5.7448648,42.3606366]],[[-5.7447973,42.3607321],[-5.7450207,42.3607667]],[[-5.7449446,42.1216188],[-5.7431459,42.1183409]],[[-5.7431459,42.1183409],[-5.7449446,42.1216188]],[[-5.7447973,42.3607321],[-5.7448648,42.3606366]],[[-5.7448648,42.3606366],[-5.7438044,42.3601889]],[[-5.7447959,41.4903425],[-5.7448119,41.490083]],[[-5.7448119,41.490083],[-5.7445573,41.4899478]],[[-5.7440221,42.3605347],[-5.7447973,42.3607321]],[[-5.7443724,41.4904697],[-5.7447959,41.4903425]],[[-5.7445573,41.4899478],[-5.7443859,41.4897274]],[[-5.7445573,41.4899478],[-5.7443469,41.4899583]],[[-5.7443859,41.4897274],[-5.7443469,41.4899583]],[[-5.7443859,41.4897274],[-5.741274912735478,41.48187662942906]],[[-5.7439611,41.4906735],[-5.7443724,41.4904697]],[[-5.7441536,41.4901952],[-5.7443724,41.4904697]],[[-5.7443469,41.4899583],[-5.7441536,41.4901952]],[[-5.7441536,41.4901952],[-5.7439611,41.4906735]],[[-5.7435412,42.3606836],[-5.7440221,42.3605347]],[[-5.7437386,42.3603679],[-5.7440221,42.3605347]],[[-5.7361509,41.4928426],[-5.7414173,41.4947228],[-5.7439611,41.4906735]],[[-5.7438044,42.3601889],[-5.7433787,42.3601529]],[[-5.7438044,42.3601889],[-5.7437258,42.3603206]],[[-5.7436038,41.5140521],[-5.7437539,41.5138965]],[[-5.7437539,41.5138965],[-5.7433511,41.5136934]],[[-5.7437386,42.3603679],[-5.7435412,42.3606836]],[[-5.7437258,42.3603206],[-5.7437386,42.3603679]],[[-5.7433787,42.3601529],[-5.7437258,42.3603206]],[[-5.7310097,41.5236668],[-5.7436753,41.515255]],[[-5.7432355,41.513791],[-5.7436038,41.5140521]],[[-5.7435412,42.3606836],[-5.7394666,42.3700543],[-5.7147786,42.3875554],[-5.7130833,42.3936001],[-5.7067189,42.4048321],[-5.7032027,42.4241795],[-5.6956332,42.4334858],[-5.6768218,42.4499726],[-5.6748365,42.4577929],[-5.6712078,42.4636738],[-5.6648071,42.4685464],[-5.6496428,42.4755609],[-5.6443065,42.4799631],[-5.643017,42.48285],[-5.6442194,42.4885006],[-5.6366198,42.4983016],[-5.6224787,42.5076237],[-5.6096748,42.5199534],[-5.6038461,42.5218902],[-5.6017919,42.5253559],[-5.596721162751024,42.528942938629015]],[[-5.7402523,42.3524454],[-5.7399571,42.35723],[-5.7433787,42.3601529]],[[-5.7433511,41.5136934],[-5.7432355,41.513791]],[[-5.7433511,41.5136934],[-5.7405457,41.5126767]],[[-5.74047,41.512788],[-5.7432355,41.513791]],[[-5.741812951282772,42.11592384105159],[-5.7431459,42.1183409]],[[-5.741678239010192,42.11567966494198],[-5.741812951282772,42.11592384105159]],[[-5.681803468865606,42.05942719028556],[-5.6927677,42.0707694],[-5.7110307,42.0827463],[-5.7179753,42.0985421],[-5.7238136,42.1070963],[-5.741812951282772,42.11592384105159]],[[-5.7417359,40.3912411],[-5.7414875,40.3912525]],[[-5.7415574,40.3913868],[-5.7417359,40.3912411]],[[-5.6983745,42.0647326],[-5.7049385,42.0698],[-5.7086461,42.0771528],[-5.7215801,42.0902936],[-5.7287953,42.1036633],[-5.7374683,42.1084882],[-5.741678239010192,42.11567966494198]],[[-5.741678239010192,42.11567966494198],[-5.7245159,42.107474],[-5.7182114,42.0985211],[-5.7112646,42.0826853],[-5.6919243,42.0698576],[-5.681972470389603,42.059279031250085]],[[-5.7413045,40.391554],[-5.7415574,40.3913868]],[[-5.7415574,40.3913868],[-5.7414875,40.3912525]],[[-5.7414875,40.3912525],[-5.7411417,40.3914843]],[[-5.7410745,40.3916967],[-5.7413045,40.391554]],[[-5.7411417,40.3914843],[-5.7413045,40.391554]],[[-5.733954140849208,41.492055637236774],[-5.741274912735478,41.48187662942906]],[[-5.741274912735478,41.48187662942906],[-5.7389508,41.472342]],[[-5.741152851359036,41.48176180882559],[-5.741274912735478,41.48187662942906]],[[-5.741152851359036,41.48176180882559],[-5.7338398866957325,41.49201323210195]],[[-5.7385807,41.4724166],[-5.741152851359036,41.48176180882559]],[[-5.7402252,41.4807149],[-5.741152851359036,41.48176180882559]],[[-5.7411417,40.3914843],[-5.7410745,40.3916967]],[[-5.7410745,40.3916967],[-5.7378797,40.3958279]],[[-5.7369354,40.9470717],[-5.7406381,40.946334]],[[-5.7404602,42.3522251],[-5.7406011,42.3519303]],[[-5.7406011,42.3519303],[-5.7405781,42.3516859]],[[-5.7406011,42.3519303],[-5.7403479,42.3518742]],[[-5.7405781,42.3516859],[-5.7403479,42.3518742]],[[-5.74047,41.512788],[-5.7405457,41.5126767]],[[-5.7405457,41.5126767],[-5.7401839,41.5125574]],[[-5.7401268,41.512689],[-5.74047,41.512788]],[[-5.7402451,42.3521769],[-5.7404602,42.3522251]],[[-5.7402523,42.3524454],[-5.7404602,42.3522251]],[[-5.7403479,42.3518742],[-5.7402391,42.3519229]],[[-5.7402451,42.3521769],[-5.7402523,42.3524454]],[[-5.7401719,42.352059],[-5.7402451,42.3521769]],[[-5.7402391,42.3519229],[-5.7401719,42.352059]],[[-5.7402391,42.3519229],[-5.7398953,42.3519218]],[[-5.7401839,41.5125574],[-5.7371103,41.511433]],[[-5.7401839,41.5125574],[-5.7401268,41.512689]],[[-5.7398953,42.3519218],[-5.7401719,42.352059]],[[-5.7370274,41.5115161],[-5.7401268,41.512689]],[[-5.7281764,40.8941718],[-5.7400898,40.884848]],[[-5.6138703,42.3269969],[-5.7398953,42.3519218]],[[-5.7385807,41.4724166],[-5.7389508,41.472342]],[[-5.7389508,41.472342],[-5.7387431,41.4716868]],[[-5.7387431,41.4716868],[-5.7318271,41.4586717]],[[-5.7387431,41.4716868],[-5.7383356,41.4717628]],[[-5.7383356,41.4717628],[-5.7385807,41.4724166]],[[-5.7315302,41.4588497],[-5.7383356,41.4717628]],[[-5.7378797,40.3958279],[-5.7376556,40.3959107]],[[-5.7378064,40.3959921],[-5.7378797,40.3958279]],[[-5.7371702,40.3963117],[-5.7378064,40.3959921]],[[-5.7378064,40.3959921],[-5.7376556,40.3959107]],[[-5.7376556,40.3959107],[-5.7371341,40.3961519]],[[-5.7368984,40.3963469],[-5.7371702,40.3963117]],[[-5.7371341,40.3961519],[-5.7371702,40.3963117]],[[-5.7371341,40.3961519],[-5.7368984,40.3963469]],[[-5.7370274,41.5115161],[-5.7371103,41.511433]],[[-5.7371103,41.511433],[-5.7370099,41.5113537]],[[-5.7369015,41.5113987],[-5.7370274,41.5115161]],[[-5.7370099,41.5113537],[-5.7369015,41.5113987]],[[-5.7370099,41.5113537],[-5.7362322,41.5106765]],[[-5.7369354,40.9470717],[-5.7365393,40.9471068]],[[-5.7365963,40.9472475],[-5.7369354,40.9470717]],[[-5.736123,41.5107595],[-5.7369015,41.5113987]],[[-5.7368984,40.3963469],[-5.7297144,40.3994222],[-5.7206301,40.4103191]],[[-5.7363819,40.9472991],[-5.7365963,40.9472475]],[[-5.7365963,40.9472475],[-5.7365393,40.9471068]],[[-5.7365393,40.9471068],[-5.7363125,40.9472286]],[[-5.7360786,40.9474125],[-5.7363819,40.9472991]],[[-5.7363125,40.9472286],[-5.7363819,40.9472991]],[[-5.7363125,40.9472286],[-5.7360786,40.9474125]],[[-5.736123,41.5107595],[-5.7362322,41.5106765]],[[-5.7362322,41.5106765],[-5.7360284,41.5104934]],[[-5.7361509,41.4928426],[-5.733954140849208,41.492055637236774]],[[-5.733912117963571,41.49210902467163],[-5.7361509,41.4928426]],[[-5.7359927,41.5107592],[-5.736123,41.5107595]],[[-5.730069,40.9512446],[-5.7360786,40.9474125]],[[-5.7360284,41.5104934],[-5.7358893,41.510574]],[[-5.7360284,41.5104934],[-5.7352112,41.509852]],[[-5.7356627,41.5108851],[-5.7359927,41.5107592]],[[-5.7358823,41.510672],[-5.7359927,41.5107592]],[[-5.7358893,41.510574],[-5.7358823,41.510672]],[[-5.7351197,41.5099142],[-5.7358893,41.510574]],[[-5.7358823,41.510672],[-5.7356627,41.5108851]],[[-5.7346928,41.5115427],[-5.7356627,41.5108851]],[[-5.7351197,41.5099142],[-5.7352112,41.509852]],[[-5.7352112,41.509852],[-5.735081,41.5097519]],[[-5.7349977,41.5098134],[-5.7351197,41.5099142]],[[-5.735081,41.5097519],[-5.7349977,41.5098134]],[[-5.735081,41.5097519],[-5.7327365,41.5064078]],[[-5.7325649,41.5064166],[-5.7349977,41.5098134]],[[-5.7346928,41.5115427],[-5.7345574,41.5115386]],[[-5.7346051,41.5116139],[-5.7346928,41.5115427]],[[-5.7344726,41.5117006],[-5.7346051,41.5116139]],[[-5.7346051,41.5116139],[-5.7345574,41.5115386]],[[-5.7345574,41.5115386],[-5.734388,41.5116651]],[[-5.7343529,41.5117659],[-5.7344726,41.5117006]],[[-5.734388,41.5116651],[-5.7344726,41.5117006]],[[-5.734388,41.5116651],[-5.7343529,41.5117659]],[[-5.7325466,41.5129942],[-5.7343529,41.5117659]],[[-5.733912117963571,41.49210902467163],[-5.733954140849208,41.492055637236774]],[[-5.733954140849208,41.492055637236774],[-5.7338398866957325,41.49201323210195]],[[-5.7321086,41.5050316],[-5.7294982,41.4986375],[-5.733912117963571,41.49210902467163]],[[-5.73379879190069,41.49206644023878],[-5.733912117963571,41.49210902467163]],[[-5.7338398866957325,41.49201323210195],[-5.73379879190069,41.49206644023878]],[[-5.7338398866957325,41.49201323210195],[-5.731837,41.4912788]],[[-5.73379879190069,41.49206644023878],[-5.729382,41.4985282],[-5.7318607,41.5051052]],[[-5.731837,41.4912788],[-5.73379879190069,41.49206644023878]],[[-5.7012089,42.5597275],[-5.7201492,42.5507208],[-5.7335763,42.5412721]],[[-5.7325649,41.5064166],[-5.7327365,41.5064078]],[[-5.7327365,41.5064078],[-5.7326584,41.5062494]],[[-5.7326584,41.5062494],[-5.7325211,41.5063233]],[[-5.7326584,41.5062494],[-5.7322162,41.5052881]],[[-5.7325211,41.5063233],[-5.7325649,41.5064166]],[[-5.7325466,41.5129942],[-5.7324409,41.5130298]],[[-5.7324927,41.5130732],[-5.7325466,41.5129942]],[[-5.731977,41.5053401],[-5.7325211,41.5063233]],[[-5.7323095,41.5131996],[-5.7324927,41.5130732]],[[-5.7324927,41.5130732],[-5.7324409,41.5130298]],[[-5.7324409,41.5130298],[-5.7322531,41.5131534]],[[-5.7321963,41.5132341],[-5.7323095,41.5131996]],[[-5.7322531,41.5131534],[-5.7323095,41.5131996]],[[-5.7322531,41.5131534],[-5.7321963,41.5132341]],[[-5.731977,41.5053401],[-5.7322162,41.5052881]],[[-5.7322162,41.5052881],[-5.7321086,41.5050316]],[[-5.7249421,41.5181734],[-5.7321963,41.5132341]],[[-5.7321086,41.5050316],[-5.7318607,41.5051052]],[[-5.7318607,41.5051052],[-5.731977,41.5053401]],[[-5.7203357,41.4871241],[-5.731837,41.4912788]],[[-5.7315302,41.4588497],[-5.7318271,41.4586717]],[[-5.7318271,41.4586717],[-5.7318143,41.4583028]],[[-5.7318143,41.4583028],[-5.7317266,41.4577653]],[[-5.7318143,41.4583028],[-5.7314647,41.458131]],[[-5.7318048,41.4504052],[-5.7308125,41.4537776]],[[-5.7308125,41.4537776],[-5.7318048,41.4504052]],[[-5.7318048,41.4504052],[-5.7351896,41.4460202],[-5.7306855,41.4416477],[-5.7229582,41.4195709],[-5.7235165,41.4173414]],[[-5.7317266,41.4577653],[-5.7314647,41.458131]],[[-5.7317266,41.4577653],[-5.7308125,41.4537776]],[[-5.730937,41.4583634],[-5.7315302,41.4588497]],[[-5.7314647,41.458131],[-5.7312009,41.4581574]],[[-5.7312009,41.4581574],[-5.730937,41.4583634]],[[-5.7312009,41.4581574],[-5.7250175,41.4562568]],[[-5.7310097,41.5236668],[-5.7294723,41.5251949]],[[-5.7294723,41.5251949],[-5.7310097,41.5236668]],[[-5.7249743,41.4563661],[-5.730937,41.4583634]],[[-5.7304068,41.8308397],[-5.730562,41.8303549]],[[-5.730562,41.8303549],[-5.7305213,41.830052]],[[-5.730562,41.8303549],[-5.7302519,41.8302984]],[[-5.7305213,41.830052],[-5.7302519,41.8302984]],[[-5.7300643,41.8307648],[-5.7304068,41.8308397]],[[-5.7301643,41.8310942],[-5.7304068,41.8308397]],[[-5.7302519,41.8302984],[-5.7300643,41.8307648]],[[-5.7301643,41.8310942],[-5.716884927601191,41.864136954854565]],[[-5.7300643,41.8307648],[-5.7301643,41.8310942]],[[-5.730069,40.9512446],[-5.7296916,40.9513676]],[[-5.7298135,40.9515113],[-5.730069,40.9512446]],[[-5.7290565,40.9519548],[-5.7298135,40.9515113]],[[-5.7298135,40.9515113],[-5.7296916,40.9513676]],[[-5.7291041,40.9591646],[-5.729768,40.959082]],[[-5.729768,40.959082],[-5.729119,40.9588827]],[[-5.7296916,40.9513676],[-5.7288991,40.9518109]],[[-5.712237,41.541942],[-5.7294723,41.5251949]],[[-5.7291041,40.9591646],[-5.729119,40.9588827]],[[-5.729119,40.9588827],[-5.7287187,40.9588577]],[[-5.7286787,40.9591381],[-5.7291041,40.9591646]],[[-5.7254374,40.954084],[-5.7290565,40.9519548]],[[-5.7288991,40.9518109],[-5.7290565,40.9519548]],[[-5.7290178,41.3515967],[-5.7290516,41.3512069]],[[-5.7290516,41.3512069],[-5.7290463,41.3510052]],[[-5.7290516,41.3512069],[-5.728902,41.3511669]],[[-5.7290463,41.3510052],[-5.728902,41.3511669]],[[-5.7290463,41.3510052],[-5.7346833,41.3194112],[-5.727556,41.3077074],[-5.7233273,41.2891315],[-5.7190116,41.2824333],[-5.7130145,41.2619318],[-5.7031388,41.2559059],[-5.7034713,41.2523748],[-5.7066125,41.2474771]],[[-5.7288223,41.3516182],[-5.7290178,41.3515967]],[[-5.7288888,41.3518658],[-5.7290178,41.3515967]],[[-5.728902,41.3511669],[-5.7288223,41.3516182]],[[-5.7288991,40.9518109],[-5.7253073,40.9539614]],[[-5.7187304,41.4006598],[-5.7190453,41.3924575],[-5.7173572,41.3881288],[-5.7288888,41.3518658]],[[-5.7288223,41.3516182],[-5.7288888,41.3518658]],[[-5.7287187,40.9588577],[-5.7281648,40.9590268]],[[-5.7287187,40.9588577],[-5.7286787,40.9591381]],[[-5.7281648,40.9590268],[-5.7286787,40.9591381]],[[-5.7281764,40.8941718],[-5.7249543,40.8970678]],[[-5.7249543,40.8970678],[-5.7281764,40.8941718]],[[-5.7281648,40.9590268],[-5.7242338,40.9589551]],[[-5.7260837,42.0006003],[-5.7281623,42.0005418]],[[-5.7281623,42.0005418],[-5.7224821,42.0006089]],[[-5.7235396,42.000649],[-5.7260837,42.0006003]],[[-5.7235396,42.000649],[-5.7260837,42.0006003]],[[-5.72502,40.95436],[-5.7254374,40.954084]],[[-5.7254374,40.954084],[-5.7253073,40.9539614]],[[-5.7253073,40.9539614],[-5.724864,40.9542097]],[[-5.7230235,40.9555243],[-5.72502,40.95436]],[[-5.724864,40.9542097],[-5.72502,40.95436]],[[-5.7022753,40.9108542],[-5.7136844,40.9056195],[-5.7249543,40.8970678]],[[-5.7249421,41.5181734],[-5.724396,41.5184064]],[[-5.7245797,41.5185774],[-5.7249421,41.5181734]],[[-5.724864,40.9542097],[-5.7228816,40.9553658]],[[-5.7241504,41.5188638],[-5.7245797,41.5185774]],[[-5.7245797,41.5185774],[-5.724396,41.5184064]],[[-5.724396,41.5184064],[-5.7239843,41.5187682]],[[-5.7236739,40.9590706],[-5.7242338,40.9589551]],[[-5.7242338,40.9589551],[-5.723709,40.9588139]],[[-5.7207054,41.5211952],[-5.7241504,41.5188638]],[[-5.7239843,41.5187682],[-5.7241504,41.5188638]],[[-5.7239843,41.5187682],[-5.7205695,41.5210906]],[[-5.7234875,41.4170016],[-5.7237165,41.4170218]],[[-5.7235165,41.4173414],[-5.7237165,41.4170218]],[[-5.7237165,41.4170218],[-5.7233609,41.4166765]],[[-5.7236739,40.9590706],[-5.723709,40.9588139]],[[-5.723709,40.9588139],[-5.7232279,40.9588122]],[[-5.7232274,40.9590368],[-5.7236739,40.9590706]],[[-5.7224821,42.0006089],[-5.7235396,42.000649]],[[-5.7234875,41.4170016],[-5.7235165,41.4173414]],[[-5.7233364,41.4168669],[-5.7234875,41.4170016]],[[-5.7233609,41.4166765],[-5.7228806,41.4167379]],[[-5.7233609,41.4166765],[-5.7233364,41.4168669]],[[-5.7228806,41.4167379],[-5.7233364,41.4168669]],[[-5.7232279,40.9588122],[-5.7227793,40.9589303]],[[-5.7232279,40.9588122],[-5.7232274,40.9590368]],[[-5.7227793,40.9589303],[-5.7232274,40.9590368]],[[-5.7225425,40.9557405],[-5.7230235,40.9555243]],[[-5.7230235,40.9555243],[-5.7228816,40.9553658]],[[-5.7228816,40.9553658],[-5.7224263,40.9555782]],[[-5.7228806,41.4167379],[-5.721898879999125,41.41667210067621]],[[-5.7227793,40.9589303],[-5.7180468,40.9588069]],[[-5.7224263,40.9555782],[-5.7225425,40.9557405]],[[-5.7194437,40.9562421],[-5.7225425,40.9557405]],[[-5.658737,41.9964116],[-5.6781717,41.9922754],[-5.705297,42.001593],[-5.7224821,42.0006089]],[[-5.7224263,40.9555782],[-5.7193098,40.9560575]],[[-5.719494978687795,41.48629366341999],[-5.7197865,41.4731382],[-5.7223097,41.4597108],[-5.7184958,41.4420526],[-5.7227938,41.427346],[-5.721898879999125,41.41667210067621]],[[-5.721898879999125,41.41667210067621],[-5.71802374760607,41.40078161287642]],[[-5.721898879999125,41.41667210067621],[-5.721666675597008,41.41665653728479]],[[-5.721666675597008,41.41665653728479],[-5.7225699,41.4273014],[-5.7182657,41.4420525],[-5.7220598,41.4587622],[-5.7195586,41.4731316],[-5.719265593264882,41.48626716395692]],[[-5.717792474349187,41.40076792004301],[-5.721666675597008,41.41665653728479]],[[-5.721666675597008,41.41665653728479],[-5.7208873,41.4166043]],[[-5.7206911,40.4118126],[-5.7209018,40.4114851]],[[-5.7209018,40.4114851],[-5.7206711,40.4112965]],[[-5.7209018,40.4114851],[-5.7206846,40.4115388]],[[-5.7203477,41.4166931],[-5.7208873,41.4166043]],[[-5.7208873,41.4166043],[-5.7204489,41.4164577]],[[-5.7202738,41.5214866],[-5.7207054,41.5211952]],[[-5.7207054,41.5211952],[-5.7205695,41.5210906]],[[-5.7206292,40.4116033],[-5.7206911,40.4118126]],[[-5.7203454,40.4118255],[-5.7206911,40.4118126]],[[-5.7206846,40.4115388],[-5.7206292,40.4116033]],[[-5.7206711,40.4112965],[-5.7206846,40.4115388]],[[-5.7206711,40.4112965],[-5.720659108290264,40.41127217352462]],[[-5.694301252987848,40.435817516823526],[-5.6969831,40.4300005],[-5.720659108290264,40.41127217352462]],[[-5.720659108290264,40.41127217352462],[-5.720583630790927,40.411119059284076]],[[-5.7206301,40.4103191],[-5.7203351,40.4104739]],[[-5.7205408,40.4105359],[-5.7206301,40.4103191]],[[-5.7206292,40.4116033],[-5.7203454,40.4118255]],[[-5.720583630790927,40.411119059284076],[-5.6963126,40.4303778],[-5.694047749206808,40.435895520297386]],[[-5.720583630790927,40.411119059284076],[-5.7205138,40.4109774]],[[-5.7205695,41.5210906],[-5.7201548,41.5213854]],[[-5.7205206,40.4108031],[-5.7205408,40.4105359]],[[-5.7205408,40.4105359],[-5.7203351,40.4104739]],[[-5.7202946,40.4108446],[-5.7205206,40.4108031]],[[-5.7205138,40.4109774],[-5.7205206,40.4108031]],[[-5.7202946,40.4108446],[-5.7205138,40.4109774]],[[-5.7203477,41.4166931],[-5.7204489,41.4164577]],[[-5.7204489,41.4164577],[-5.7203147,41.4163164]],[[-5.7200884,41.4162815],[-5.7203477,41.4166931]],[[-5.6955122,40.4348546],[-5.7043953,40.4257472],[-5.7060521,40.4279724],[-5.7117397,40.4292249],[-5.70805,40.4264183],[-5.707862,40.4229712],[-5.7203454,40.4118255]],[[-5.7203357,41.4871241],[-5.7199256,41.4868203]],[[-5.7197922,41.4870867],[-5.7203357,41.4871241]],[[-5.7203351,40.4104739],[-5.7202946,40.4108446]],[[-5.7203147,41.4163164],[-5.7202942,41.4160469]],[[-5.7203147,41.4163164],[-5.7200884,41.4162815]],[[-5.7202942,41.4160469],[-5.7200884,41.4162815]],[[-5.7202942,41.4160469],[-5.7170773,41.4008488]],[[-5.7178453,41.5231357],[-5.7202738,41.5214866]],[[-5.7201548,41.5213854],[-5.7202738,41.5214866]],[[-5.7201548,41.5213854],[-5.7177038,41.5230301]],[[-5.7197922,41.4870867],[-5.7199256,41.4868203]],[[-5.7199256,41.4868203],[-5.719494978687795,41.48629366341999]],[[-5.71933111698248,41.4872311847071],[-5.7197922,41.4870867]],[[-5.71933111698248,41.4872311847071],[-5.719494978687795,41.48629366341999]],[[-5.719494978687795,41.48629366341999],[-5.719265593264882,41.48626716395692]],[[-5.719039,40.9564764],[-5.7194437,40.9562421]],[[-5.7194437,40.9562421],[-5.7193098,40.9560575]],[[-5.719107517826356,41.48721775218782],[-5.71933111698248,41.4872311847071]],[[-5.703135728914631,41.52705138391055],[-5.7035792,41.5163021],[-5.715628,41.5025882],[-5.71933111698248,41.4872311847071]],[[-5.7193098,40.9560575],[-5.7188929,40.9560991]],[[-5.719265593264882,41.48626716395692],[-5.7188093,41.4864331]],[[-5.719265593264882,41.48626716395692],[-5.719107517826356,41.48721775218782]],[[-5.719107517826356,41.48721775218782],[-5.7154343,41.5025031],[-5.7033587,41.5162133],[-5.702901780839676,41.52705408662709]],[[-5.7186448,41.4866938],[-5.719107517826356,41.48721775218782]],[[-5.7186383,40.9566486],[-5.719039,40.9564764]],[[-5.7188352,40.9563253],[-5.719039,40.9564764]],[[-5.7188929,40.9560991],[-5.7087127,40.9553874]],[[-5.7188929,40.9560991],[-5.7188352,40.9563253]],[[-5.7188352,40.9563253],[-5.7186383,40.9566486]],[[-5.7188093,41.4864331],[-5.7181208,41.4863293]],[[-5.7188093,41.4864331],[-5.7186448,41.4866938]],[[-5.7187304,41.4006598],[-5.7185353,41.4008119]],[[-5.7185353,41.4008119],[-5.7187304,41.4006598]],[[-5.7181208,41.4863293],[-5.7186448,41.4866938]],[[-5.718468915700132,40.9568109604458],[-5.7186383,40.9566486]],[[-5.7186132,42.7114743],[-5.7170082,42.709904]],[[-5.7170082,42.709904],[-5.7186132,42.7114743]],[[-5.71802374760607,41.40078161287642],[-5.7185353,41.4008119]],[[-5.718284261948143,40.95698795716577],[-5.718468915700132,40.9568109604458]],[[-5.718468915700132,40.9568109604458],[-5.708668806122207,40.95625176197908]],[[-5.7177283,40.957473],[-5.718284261948143,40.95698795716577]],[[-5.70879056834418,40.956424824170725],[-5.718284261948143,40.95698795716577]],[[-5.7143965,41.4849441],[-5.7181208,41.4863293]],[[-5.7180468,40.9588069],[-5.7175302,40.9582786]],[[-5.7170505,40.9585278],[-5.7180468,40.9588069]],[[-5.71802374760607,41.40078161287642],[-5.7167625,41.389221],[-5.7197956,41.3756301],[-5.7141973,41.3619961],[-5.7135803,41.3547423],[-5.7160991,41.3476849],[-5.7255572,41.3347713],[-5.7269945,41.3275256],[-5.7238942,41.3195584],[-5.7079691,41.3050632],[-5.7006406,41.2925042],[-5.7008806,41.2847559],[-5.7061526,41.2723695],[-5.7010596,41.2552693],[-5.704808162772967,41.238766360137966]],[[-5.717792474349187,41.40076792004301],[-5.71802374760607,41.40078161287642]],[[-5.7177436,41.5234871],[-5.7178453,41.5231357]],[[-5.7178453,41.5231357],[-5.7177038,41.5230301]],[[-5.704635622884144,41.23850851673298],[-5.7008243,41.2552615],[-5.7059434,41.2719763],[-5.7005138,41.2852619],[-5.7004136,41.2925342],[-5.7077934,41.3051816],[-5.7237129,41.3196657],[-5.7267651,41.3274997],[-5.7253556,41.3346733],[-5.7158753,41.3476424],[-5.7133443,41.354722],[-5.713965,41.3620111],[-5.719564,41.3756394],[-5.7165217,41.389272],[-5.717792474349187,41.40076792004301]],[[-5.7172905,41.4007382],[-5.717792474349187,41.40076792004301]],[[-5.7174445,41.5235328],[-5.7177436,41.5234871]],[[-5.704575762350387,41.532306160557674],[-5.7155,41.5303897],[-5.7179891,41.5273859],[-5.7177436,41.5234871]],[[-5.7177283,40.957473],[-5.7171647,40.9577074]],[[-5.717455,40.9578497],[-5.7177283,40.957473]],[[-5.7177038,41.5230301],[-5.717165,41.5232562]],[[-5.7170505,40.9585278],[-5.7175302,40.9582786]],[[-5.7175302,40.9582786],[-5.717455,40.9578497]],[[-5.717455,40.9578497],[-5.7171647,40.9577074]],[[-5.7174445,41.5235328],[-5.7179572,41.5270268],[-5.7154034,41.5302435],[-5.704520323024144,41.532142745033774]],[[-5.717246,41.5234397],[-5.7174445,41.5235328]],[[-5.7170773,41.4008488],[-5.7172905,41.4007382]],[[-5.7172905,41.4007382],[-5.7170773,41.4008488]],[[-5.717165,41.5232562],[-5.717246,41.5234397]],[[-5.7168075,41.5236166],[-5.717246,41.5234397]],[[-5.717165,41.5232562],[-5.7168075,41.5236166]],[[-5.7171647,40.9577074],[-5.716529,40.9582963]],[[-5.716529,40.9582963],[-5.7170505,40.9585278]],[[-5.6196556,42.6548159],[-5.6261177,42.6650373],[-5.6505008,42.6822071],[-5.656599,42.6841275],[-5.669576,42.6922147],[-5.6781605,42.6930327],[-5.6914309,42.6975535],[-5.7106806,42.7055457],[-5.7170082,42.709904]],[[-5.716884927601191,41.864136954854565],[-5.7021001,41.873768],[-5.6842719,41.8985813],[-5.6606719,41.9245841],[-5.6113155,41.9597085],[-5.5959867,41.9643317],[-5.592822601960685,41.96668724404322]],[[-5.716884927601191,41.864136954854565],[-5.716710693803389,41.86449650428383]],[[-5.7131564,42.7967536],[-5.7168125,42.7973792]],[[-5.7168125,42.7973792],[-5.7131564,42.7967536]],[[-5.7168075,41.5236166],[-5.7109932,41.5267822],[-5.703135728914631,41.52705138391055]],[[-5.6000666,41.9711312],[-5.597381,41.9681389],[-5.5987622,41.9647472],[-5.6122003,41.959374],[-5.6616317,41.9240296],[-5.6846938,41.8984029],[-5.7010669,41.875189],[-5.716710693803389,41.86449650428383]],[[-5.716710693803389,41.86449650428383],[-5.7127053,41.871813]],[[-5.70879056834418,40.956424824170725],[-5.716529,40.9582963]],[[-5.7143965,41.4849441],[-5.7137131,41.4843309]],[[-5.71356,41.4846569],[-5.7143965,41.4849441]],[[-5.71356,41.4846569],[-5.7137131,41.4843309]],[[-5.7137131,41.4843309],[-5.7135589,41.4841476]],[[-5.7130515,41.4841311],[-5.71356,41.4846569]],[[-5.7135589,41.4841476],[-5.7130719,41.4835311]],[[-5.7135589,41.4841476],[-5.7130515,41.4841311]],[[-5.7131564,42.7967536],[-5.6929967,42.7956786],[-5.68315,42.80016],[-5.672748,42.8002543],[-5.6626795,42.8024518],[-5.658316,42.8012499],[-5.6396536,42.8062865]],[[-5.7130719,41.4835311],[-5.7130515,41.4841311]],[[-5.6535173,41.4219647],[-5.6662616,41.4323163],[-5.6774667,41.4367411],[-5.6785301,41.4435468],[-5.6830618,41.4479976],[-5.6854421,41.4535086],[-5.7130719,41.4835311]],[[-5.7127053,41.871813],[-5.7122997,41.8720404]],[[-5.7126024,41.8721921],[-5.7127053,41.871813]],[[-5.7123461,41.8726013],[-5.7126024,41.8721921]],[[-5.7126024,41.8721921],[-5.7122997,41.8720404]],[[-5.7119979,41.8725279],[-5.7123461,41.8726013]],[[-5.7120297,41.8729752],[-5.7123461,41.8726013]],[[-5.7122997,41.8720404],[-5.7119979,41.8725279]],[[-5.712237,41.541942],[-5.711808,41.542264]],[[-5.7120235,41.5423539],[-5.712237,41.541942]],[[-5.7120297,41.8729752],[-5.7090228,41.8788753],[-5.7095189,41.8862514],[-5.7029213,41.8964406],[-5.6957764,41.9014428],[-5.6910746,41.9069814]],[[-5.7119979,41.8725279],[-5.7120297,41.8729752]],[[-5.7118265,41.5425799],[-5.7120235,41.5423539]],[[-5.7120235,41.5423539],[-5.711808,41.542264]],[[-5.7114767,41.5428442],[-5.7118265,41.5425799]],[[-5.7116294,41.5424679],[-5.7118265,41.5425799]],[[-5.711808,41.542264],[-5.7116294,41.5424679]],[[-5.7116294,41.5424679],[-5.7114767,41.5428442]],[[-5.711200032524566,41.54317298463705],[-5.7114767,41.5428442]],[[-5.711070331127035,41.54332831535173],[-5.711200032524566,41.54317298463705]],[[-5.711200032524566,41.54317298463705],[-5.704575762350387,41.532306160557674]],[[-5.7105898,41.5438946],[-5.711070331127035,41.54332831535173]],[[-5.704344583749895,41.532311251569254],[-5.711070331127035,41.54332831535173]],[[-5.7105898,41.5438946],[-5.7102897,41.5441072]],[[-5.7104721,41.5442037],[-5.7105898,41.5438946]],[[-5.7102373,41.544426],[-5.7104721,41.5442037]],[[-5.7104721,41.5442037],[-5.7102897,41.5441072]],[[-5.7102897,41.5441072],[-5.7100801,41.5443357]],[[-5.7099825,41.5446187],[-5.7102373,41.544426]],[[-5.7100801,41.5443357],[-5.7102373,41.544426]],[[-5.7100801,41.5443357],[-5.7099825,41.5446187]],[[-5.6777175,41.5941122],[-5.6903135,41.56821],[-5.7099825,41.5446187]],[[-5.701508883505258,40.96253708405342],[-5.70879056834418,40.956424824170725]],[[-5.708668806122207,40.95625176197908],[-5.70879056834418,40.956424824170725]],[[-5.7083189,40.9560528],[-5.7087127,40.9553874]],[[-5.7087127,40.9553874],[-5.7086072,40.9552579]],[[-5.708668806122207,40.95625176197908],[-5.701279411304624,40.96254333988616]],[[-5.7083189,40.9560528],[-5.708668806122207,40.95625176197908]],[[-5.7086072,40.9552579],[-5.7091061,40.950297],[-5.7053692,40.946162],[-5.6898634,40.944651],[-5.682923304449603,40.94080501087407]],[[-5.7086072,40.9552579],[-5.7082102,40.9551017]],[[-5.7074831,40.9556065],[-5.7083189,40.9560528]],[[-5.682738112269235,40.94091388545193],[-5.6901826,40.9449142],[-5.7052744,40.946327],[-5.7088736,40.9503044],[-5.7082102,40.9551017]],[[-5.7082102,40.9551017],[-5.7076375,40.9552767]],[[-5.7076375,40.9552767],[-5.7064499,40.9553847]],[[-5.7076375,40.9552767],[-5.7074831,40.9556065]],[[-5.7064499,40.9553847],[-5.7074831,40.9556065]],[[-5.7073312,41.2449561],[-5.7066125,41.2474771]],[[-5.7066125,41.2474771],[-5.7073312,41.2449561]],[[-5.7073312,41.2449561],[-5.704808162772967,41.238766360137966]],[[-5.7064499,40.9553847],[-5.7058992,40.9553715]],[[-5.7057455,40.9553656],[-5.7058992,40.9553715]],[[-5.7058992,40.9553715],[-5.7057455,40.9553656]],[[-5.7057455,40.9553656],[-5.6943712,40.9548617]],[[-5.704808162772967,41.238766360137966],[-5.7052964,41.221986],[-5.6952478,41.1773252],[-5.6965682,41.141541],[-5.6992604352565195,41.12222901547942]],[[-5.704808162772967,41.238766360137966],[-5.704635622884144,41.23850851673298]],[[-5.699030905373156,41.12224070678369],[-5.6963358,41.1415276],[-5.6950217,41.1773601],[-5.7048792,41.2208473],[-5.704635622884144,41.23850851673298]],[[-5.704635622884144,41.23850851673298],[-5.7039795,41.2196442],[-5.6943371,41.1807622],[-5.697425,41.1256466],[-5.6962579,41.1232996],[-5.6973163,41.1223924]],[[-5.704344583749895,41.532311251569254],[-5.704575762350387,41.532306160557674]],[[-5.704575762350387,41.532306160557674],[-5.704520323024144,41.532142745033774]],[[-5.704520323024144,41.532142745033774],[-5.704288187000982,41.53214686718096]],[[-5.704520323024144,41.532142745033774],[-5.703135728914631,41.52705138391055]],[[-5.0250642,41.5038487],[-5.1759989,41.5132462],[-5.2126382,41.5215976],[-5.2297565,41.5215334],[-5.2466739,41.5258622],[-5.2684235,41.5271001],[-5.27815,41.5309755],[-5.2923321,41.5416133],[-5.3045053,41.5450697],[-5.3619792,41.5394169],[-5.3688192,41.5403253],[-5.3817298,41.5465539],[-5.3884301,41.5479492],[-5.4079393,41.5434051],[-5.415094,41.5432898],[-5.4312639,41.5470928],[-5.4603307,41.550658],[-5.4826805,41.5657358],[-5.4943398,41.5689809],[-5.5174556,41.5660326],[-5.5259025,41.563513],[-5.5316971,41.5589063],[-5.5392754,41.5456985],[-5.5480874,41.5413704],[-5.5600956,41.542256],[-5.5955629,41.5540422],[-5.6198403,41.5569278],[-5.640859,41.5516822],[-5.6614853,41.5410172],[-5.6730971,41.5391628],[-5.693629,41.5330209],[-5.704344583749895,41.532311251569254]],[[-5.704288187000982,41.53214686718096],[-5.704344583749895,41.532311251569254]],[[-5.704288187000982,41.53214686718096],[-5.6936559,41.5328154],[-5.6723643,41.5391735],[-5.6613822,41.5408715],[-5.6414991,41.5512498],[-5.6198219,41.5567566],[-5.5955594,41.553864],[-5.5601955,41.5421072],[-5.54801,41.54121],[-5.5390759,41.5456162],[-5.5315156,41.558798],[-5.5257002,41.5634056],[-5.5167717,41.5659714],[-5.4943577,41.5688071],[-5.4834752,41.5659563],[-5.4593187,41.5501497],[-5.4312671,41.5469206],[-5.4151518,41.5431199],[-5.4078754,41.5432378],[-5.3884207,41.5477732],[-5.3817999,41.5463868],[-5.3696606,41.5404103],[-5.3619269,41.5392478],[-5.3045435,41.5449018],[-5.2925059,41.541491],[-5.2782563,41.530819],[-5.2685121,41.5269409],[-5.2466871,41.5256961],[-5.229803,41.5213636],[-5.2127139,41.5214374],[-5.1760334,41.513075],[-5.0249432,41.5037588]],[[-5.702901780839676,41.52705408662709],[-5.704288187000982,41.53214686718096]],[[-5.703268,40.9629763],[-5.7030651,40.9631212]],[[-5.7030651,40.9631212],[-5.703268,40.9629763]],[[-5.703268,40.9629763],[-5.7027447,40.9627883]],[[-5.703135728914631,41.52705138391055],[-5.702901780839676,41.52705408662709]],[[-5.7027447,40.9627883],[-5.7030651,40.9631212]],[[-5.702901780839676,41.52705408662709],[-5.6991969,41.5270794]],[[-5.701508883505258,40.96253708405342],[-5.7027447,40.9627883]],[[-5.7022753,40.9108542],[-5.7005695,40.9120535]],[[-5.7005695,40.9120535],[-5.7022753,40.9108542]],[[-5.6773767,40.9942113],[-5.6887197,40.982914],[-5.701508883505258,40.96253708405342]],[[-5.701279411304624,40.96254333988616],[-5.701508883505258,40.96253708405342]],[[-5.6988209,40.9627313],[-5.701279411304624,40.96254333988616]],[[-5.701279411304624,40.96254333988616],[-5.688331,40.9830221],[-5.6805714,40.9895485]],[[-5.7009485,42.559866],[-5.7012089,42.5597275]],[[-5.7009485,42.559866],[-5.7012089,42.5597275]],[[-5.7012089,42.5597275],[-5.7009485,42.559866]],[[-5.6689924,42.5730833],[-5.681836,42.5694821],[-5.7009485,42.559866]],[[-5.7008816,41.1220449],[-5.7004974,41.1220696]],[[-5.7005276,41.1222462],[-5.7008816,41.1220449]],[[-5.7008816,41.1220449],[-5.6990724,41.1135796],[-5.6999701,41.093225],[-5.6979169,41.0880602]],[[-5.6898263,40.9267671],[-5.7005695,40.9120535]],[[-5.6999547,41.1222726],[-5.7005276,41.1222462]],[[-5.7005276,41.1222462],[-5.7004974,41.1220696]],[[-5.7004974,41.1220696],[-5.6999477,41.1221109]],[[-5.6999477,41.1221109],[-5.6999547,41.1222726]],[[-5.6996475,41.1222093],[-5.6999547,41.1222726]],[[-5.6999477,41.1221109],[-5.6996475,41.1222093]],[[-5.6992604352565195,41.12222901547942],[-5.6996475,41.1222093]],[[-5.699030905373156,41.12224070678369],[-5.6992604352565195,41.12222901547942]],[[-5.6992604352565195,41.12222901547942],[-5.6982636,41.1016777],[-5.6888843,41.0839925],[-5.6858819,41.0666433],[-5.6807936,41.0592223],[-5.6703994,41.0506677],[-5.6677956,41.0459979],[-5.6679577,41.0385377],[-5.6736519641182035,41.03100983775939]],[[-5.6991969,41.5270794],[-5.6988902,41.5269017]],[[-5.6987661,41.5270116],[-5.6991969,41.5270794]],[[-5.6986698,41.1222591],[-5.699030905373156,41.12224070678369]],[[-5.673579034147345,41.03076699974401],[-5.6680474,41.0377161],[-5.6673934,41.0454131],[-5.670208,41.0507688],[-5.6812115,41.0599508],[-5.6856741,41.0667299],[-5.6885005,41.0835865],[-5.6981659,41.1022214],[-5.699030905373156,41.12224070678369]],[[-5.6987661,41.5270116],[-5.6988902,41.5269017]],[[-5.6988902,41.5269017],[-5.6983539,41.5268889]],[[-5.6988209,40.9627313],[-5.6983366,40.9626932]],[[-5.698351,40.9628574],[-5.6988209,40.9627313]],[[-5.6984724,41.5270064],[-5.6987661,41.5270116]],[[-5.6983151,41.1223977],[-5.6986698,41.1222591]],[[-5.6986698,41.1222591],[-5.6982966,41.1221795]],[[-5.6980096,41.5270943],[-5.6984724,41.5270064]],[[-5.6983539,41.5268889],[-5.6984724,41.5270064]],[[-5.6983745,42.0647326],[-5.6924999,42.0595107]],[[-5.6924999,42.0595107],[-5.6983745,42.0647326]],[[-5.6983539,41.5268889],[-5.6980096,41.5270943]],[[-5.6978708,40.9628823],[-5.698351,40.9628574]],[[-5.698351,40.9628574],[-5.6983366,40.9626932]],[[-5.6983366,40.9626932],[-5.6978593,40.9627107]],[[-5.6977874,41.1224261],[-5.6983151,41.1223977]],[[-5.6983151,41.1223977],[-5.6982966,41.1221795]],[[-5.6982966,41.1221795],[-5.6977526,41.1222316]],[[-5.6980096,41.5270943],[-5.6590219,41.5274992]],[[-5.6979169,41.0880602],[-5.6967039,41.0854204]],[[-5.6967039,41.0854204],[-5.6979169,41.0880602]],[[-5.6978593,40.9627107],[-5.6978708,40.9628823]],[[-5.6944339,40.963586],[-5.6978708,40.9628823]],[[-5.6978593,40.9627107],[-5.6943083,40.9634653]],[[-5.6977526,41.1222316],[-5.6977874,41.1224261]],[[-5.6973163,41.1223924],[-5.6977874,41.1224261]],[[-5.6977526,41.1222316],[-5.6973163,41.1223924]],[[-5.6967039,41.0854204],[-5.6785869,41.0458533]],[[-5.6950844,40.4356439],[-5.6955218,40.4351868]],[[-5.6955218,40.4351868],[-5.6955122,40.4348546]],[[-5.6955218,40.4351868],[-5.6951699,40.4351216]],[[-5.6955122,40.4348546],[-5.6951699,40.4351216]],[[-5.6951699,40.4351216],[-5.6948956,40.4354174]],[[-5.69456,40.4357379],[-5.6950844,40.4356439]],[[-5.6948956,40.4354174],[-5.6950844,40.4356439]],[[-5.6948956,40.4354174],[-5.69456,40.4357379]],[[-5.694301252987848,40.435817516823526],[-5.69456,40.4357379]],[[-5.6939876,40.963778],[-5.6944339,40.963586]],[[-5.6944339,40.963586],[-5.6943083,40.9634653]],[[-5.6941662,40.9548547],[-5.6943712,40.9548617]],[[-5.6943712,40.9548617],[-5.6941662,40.9548547]],[[-5.6943083,40.9634653],[-5.6939146,40.9636518]],[[-5.694047749206808,40.435895520297386],[-5.694301252987848,40.435817516823526]],[[-5.68325628484848,40.45077782910769],[-5.6870879,40.4436111],[-5.694301252987848,40.435817516823526]],[[-5.6941662,40.9548547],[-5.6916919,40.9548851]],[[-5.6916032,40.4380416],[-5.694047749206808,40.435895520297386]],[[-5.694047749206808,40.435895520297386],[-5.686907,40.4434955],[-5.683049047997001,40.4507144892392]],[[-5.6872704,40.9674974],[-5.6939876,40.963778]],[[-5.6939146,40.9636518],[-5.6939876,40.963778]],[[-5.6939146,40.9636518],[-5.6871128,40.9673996]],[[-5.6900936,42.0573792],[-5.6924999,42.0595107]],[[-5.6913871,40.9549736],[-5.6916919,40.9548851]],[[-5.6916919,40.9548851],[-5.6914129,40.9548183]],[[-5.6913793,40.4387444],[-5.6916886,40.4382343]],[[-5.6916886,40.4382343],[-5.6916032,40.4380416]],[[-5.6916886,40.4382343],[-5.6914638,40.438246]],[[-5.6916032,40.4380416],[-5.6914638,40.438246]],[[-5.6914638,40.438246],[-5.691228,40.4385522]],[[-5.6913871,40.9549736],[-5.6914129,40.9548183]],[[-5.6914129,40.9548183],[-5.6911452,40.9548066]],[[-5.6911272,40.9549403],[-5.6913871,40.9549736]],[[-5.6911072,40.4388205],[-5.6913793,40.4387444]],[[-5.691228,40.4385522],[-5.6913793,40.4387444]],[[-5.691228,40.4385522],[-5.6911072,40.4388205]],[[-5.6911452,40.9548066],[-5.6859291,40.954842]],[[-5.6911452,40.9548066],[-5.6911272,40.9549403]],[[-5.6859894,40.9549804],[-5.6911272,40.9549403]],[[-5.6894378,40.4401524],[-5.6911072,40.4388205]],[[-5.6910746,41.9069814],[-5.6906446,41.9072335]],[[-5.6909746,41.9073943],[-5.6910746,41.9069814]],[[-5.6906466,41.9078682],[-5.6909746,41.9073943]],[[-5.6909746,41.9073943],[-5.6906446,41.9072335]],[[-5.6901347,41.9080896],[-5.6906466,41.9078682]],[[-5.690218,41.9077119],[-5.6906466,41.9078682]],[[-5.6906446,41.9072335],[-5.690218,41.9077119]],[[-5.690218,41.9077119],[-5.6901347,41.9080896]],[[-5.6901347,41.9080896],[-5.6746895,41.9257151],[-5.6670524,41.9296235],[-5.6647581,41.9338231],[-5.6201775,41.976246]],[[-5.6900936,42.0573792],[-5.6881107,42.0555616]],[[-5.6881107,42.0555616],[-5.6900936,42.0573792]],[[-5.6898263,40.9267671],[-5.6879912,40.9288986]],[[-5.6879912,40.9288986],[-5.6898263,40.9267671]],[[-5.6894378,40.4401524],[-5.6891138,40.4401688]],[[-5.6892102,40.4403336],[-5.6894378,40.4401524]],[[-5.6890985,40.4404869],[-5.6892102,40.4403336]],[[-5.6892102,40.4403336],[-5.6891138,40.4401688]],[[-5.6891138,40.4401688],[-5.6888382,40.440504]],[[-5.6888382,40.440504],[-5.6890985,40.4404869]],[[-5.6888884,40.4406895],[-5.6890985,40.4404869]],[[-5.6817924,40.4499396],[-5.6832167,40.4498629],[-5.6888884,40.4406895]],[[-5.6888382,40.440504],[-5.6888884,40.4406895]],[[-5.687667831045277,42.055166095709914],[-5.6881107,42.0555616]],[[-5.6849723,40.9330493],[-5.6879912,40.9288986]],[[-5.683139567905953,42.05697269133475],[-5.687667831045277,42.055166095709914]],[[-5.687508858214491,42.055024993469424],[-5.687667831045277,42.055166095709914]],[[-5.687508858214491,42.055024993469424],[-5.68313959546797,42.05677725114811]],[[-5.6863897,42.0540254],[-5.687508858214491,42.055024993469424]],[[-5.686792,40.9679357],[-5.6872704,40.9674974]],[[-5.6872704,40.9674974],[-5.6871128,40.9673996]],[[-5.6871128,40.9673996],[-5.6866073,40.9678033]],[[-5.6837914,40.9702675],[-5.686792,40.9679357]],[[-5.6866073,40.9678033],[-5.686792,40.9679357]],[[-5.6866073,40.9678033],[-5.6838364,40.9700858]],[[-5.6863897,42.0540254],[-5.6824811,42.0505637]],[[-5.6824811,42.0505637],[-5.6863897,42.0540254]],[[-5.6855959,40.9550087],[-5.6859894,40.9549804]],[[-5.6859894,40.9549804],[-5.6859291,40.954842]],[[-5.6859291,40.954842],[-5.6856424,40.9548446]],[[-5.6856424,40.9548446],[-5.6852477,40.9549432]],[[-5.6856424,40.9548446],[-5.6855959,40.9550087]],[[-5.6852477,40.9549432],[-5.6855959,40.9550087]],[[-5.6837513,40.954958],[-5.6852477,40.9549432]],[[-5.6849723,40.9330493],[-5.6838299,40.9367299]],[[-5.6838299,40.9367299],[-5.6849723,40.9330493]],[[-5.6788887,40.463197],[-5.6785189,40.4602855],[-5.6843853,40.4512301]],[[-5.6843853,40.4512301],[-5.6842102,40.4510551]],[[-5.6841392,40.4511878],[-5.6843853,40.4512301]],[[-5.6841392,40.4511878],[-5.6842102,40.4510551]],[[-5.6842102,40.4510551],[-5.6838308,40.4508874]],[[-5.6837045,40.451047],[-5.6841392,40.4511878]],[[-5.6838364,40.9700858],[-5.6809321,40.9718628]],[[-5.6837914,40.9702675],[-5.6838364,40.9700858]],[[-5.6838308,40.4508874],[-5.6837045,40.451047]],[[-5.6838308,40.4508874],[-5.6835649,40.4508701]],[[-5.6826588,40.9393414],[-5.6838299,40.9367299]],[[-5.6811541,40.9719949],[-5.6837914,40.9702675]],[[-5.6834058,40.9550328],[-5.6837513,40.954958]],[[-5.6837513,40.954958],[-5.6833988,40.9549316]],[[-5.6835649,40.4508701],[-5.6837045,40.451047]],[[-5.6835649,40.4508701],[-5.68325628484848,40.45077782910769]],[[-5.6832799,40.9550411],[-5.6834058,40.9550328]],[[-5.6834058,40.9550328],[-5.6833988,40.9549316]],[[-5.6833988,40.9549316],[-5.6832662,40.9549381]],[[-5.6832662,40.9549381],[-5.6832799,40.9550411]],[[-5.6828013,40.9549679],[-5.6832799,40.9550411]],[[-5.6832662,40.9549381],[-5.6828013,40.9549679]],[[-5.67789038443073,40.464166675058365],[-5.6781152,40.4607003],[-5.68325628484848,40.45077782910769]],[[-5.68325628484848,40.45077782910769],[-5.683049047997001,40.4507144892392]],[[-5.68313959546797,42.05677725114811],[-5.680672337994885,42.05776020875804]],[[-5.683139567905953,42.05697269133475],[-5.68313959546797,42.05677725114811]],[[-5.68313959546797,42.05677725114811],[-5.6758372,42.0503065]],[[-5.680796709958327,42.05790491411844],[-5.683139567905953,42.05697269133475]],[[-5.681972470389603,42.059279031250085],[-5.683139567905953,42.05697269133475]],[[-5.683049047997001,40.4507144892392],[-5.6780373,40.4603083],[-5.67770734329037,40.46431011954387]],[[-5.683049047997001,40.4507144892392],[-5.6817747,40.4503134]],[[-5.682738112269235,40.94091388545193],[-5.682923304449603,40.94080501087407]],[[-5.682923304449603,40.94080501087407],[-5.6826067,40.9397606]],[[-5.682923304449603,40.94080501087407],[-5.682034592565036,40.9397627261624]],[[-5.6805169,40.9549883],[-5.6828013,40.9549679]],[[-5.6819159,40.9409281],[-5.682738112269235,40.94091388545193]],[[-5.681826157883259,40.93984446722244],[-5.682738112269235,40.94091388545193]],[[-5.6826588,40.9393414],[-5.6823708,40.9397232]],[[-5.6826067,40.9397606],[-5.6826588,40.9393414]],[[-5.6826067,40.9397606],[-5.6823708,40.9397232]],[[-5.6782635,42.0362967],[-5.6783195,42.0443773],[-5.6824811,42.0505637]],[[-5.6823708,40.9397232],[-5.682034592565036,40.9397627261624]],[[-5.6822964,40.4769188],[-5.6819325,40.4770647]],[[-5.6820674,40.4772361],[-5.6822964,40.4769188]],[[-5.6787935,40.4641356],[-5.6824623,40.4716724],[-5.6822964,40.4769188]],[[-5.681718,40.4774006],[-5.6820674,40.4772361]],[[-5.6820674,40.4772361],[-5.6819325,40.4770647]],[[-5.682034592565036,40.9397627261624],[-5.681826157883259,40.93984446722244]],[[-5.682034592565036,40.9397627261624],[-5.6779541,40.9291734],[-5.668655473809879,40.922675381947045]],[[-5.681803468865606,42.05942719028556],[-5.681972470389603,42.059279031250085]],[[-5.681972470389603,42.059279031250085],[-5.680796709958327,42.05790491411844]],[[-5.6819325,40.4770647],[-5.6815765,40.4772295]],[[-5.6816509,40.9410235],[-5.6819159,40.9409281]],[[-5.6817173,40.9408134],[-5.6819159,40.9409281]],[[-5.681826157883259,40.93984446722244],[-5.6814802,40.940267]],[[-5.668571934632738,40.922862681275745],[-5.6777443,40.9292429],[-5.681826157883259,40.93984446722244]],[[-5.6705465,42.0622314],[-5.681803468865606,42.05942719028556]],[[-5.680573537969756,42.057994698509994],[-5.681803468865606,42.05942719028556]],[[-5.6816434,40.4500571],[-5.6817924,40.4499396]],[[-5.6817924,40.4499396],[-5.681514,40.449954]],[[-5.6817747,40.4503134],[-5.6816491,40.45015]],[[-5.6814889,40.4502745],[-5.6817747,40.4503134]],[[-5.6817408,40.9580834],[-5.6805839,40.9647128]],[[-5.6814193,40.4775654],[-5.681718,40.4774006]],[[-5.6815765,40.4772295],[-5.681718,40.4774006]],[[-5.6817173,40.9408134],[-5.6816509,40.9410235]],[[-5.6815172,40.940559],[-5.6817173,40.9408134]],[[-5.6816509,40.9410235],[-5.6804013,40.9419797]],[[-5.6814889,40.4502745],[-5.6816491,40.45015]],[[-5.6816491,40.45015],[-5.6816434,40.4500571]],[[-5.6816434,40.4500571],[-5.681514,40.449954]],[[-5.6815765,40.4772295],[-5.6814193,40.4775654]],[[-5.6814802,40.940267],[-5.6815172,40.940559]],[[-5.669609439087475,40.941189842382684],[-5.6815172,40.940559]],[[-5.681514,40.449954],[-5.6814889,40.4502745]],[[-5.6814802,40.940267],[-5.669578087631859,40.941059312274255]],[[-5.6789273,40.4813298],[-5.6814193,40.4775654]],[[-5.680651,40.9723001],[-5.6811541,40.9719949]],[[-5.6811541,40.9719949],[-5.6809321,40.9718628]],[[-5.6809321,40.9718628],[-5.6805387,40.9721743]],[[-5.680573537969756,42.057994698509994],[-5.680796709958327,42.05790491411844]],[[-5.680796709958327,42.05790491411844],[-5.680672337994885,42.05776020875804]],[[-5.680672337994885,42.05776020875804],[-5.680449545737838,42.0578498155146]],[[-5.680672337994885,42.05776020875804],[-5.6758372,42.0503065]],[[-5.6805387,40.9721743],[-5.680651,40.9723001]],[[-5.6775185,40.9728553],[-5.680651,40.9723001]],[[-5.6804882,40.9654682],[-5.6805985,40.9651402]],[[-5.6805985,40.9651402],[-5.6805839,40.9647128]],[[-5.6805985,40.9651402],[-5.6803165,40.9650487]],[[-5.6805839,40.9647128],[-5.6803165,40.9650487]],[[-5.6705465,42.0622314],[-5.680573537969756,42.057994698509994]],[[-5.680449545737838,42.0578498155146],[-5.680573537969756,42.057994698509994]],[[-5.6805714,40.9895485],[-5.6754119,40.9934999],[-5.67440775913024,40.996211285661765]],[[-5.6805714,40.9895485],[-5.67440775913024,40.996211285661765]],[[-5.6805387,40.9721743],[-5.6774444,40.9727088]],[[-5.6799492,40.9550575],[-5.6805169,40.9549883]],[[-5.6805169,40.9549883],[-5.6799468,40.9549722]],[[-5.6801468,40.9654234],[-5.6804882,40.9654682]],[[-5.676854,40.9699497],[-5.6804882,40.9654682]],[[-5.680449545737838,42.0578498155146],[-5.6650175,42.065921]],[[-5.6742974,42.0473163],[-5.680449545737838,42.0578498155146]],[[-5.6804013,40.9419797],[-5.6799618,40.9422455]],[[-5.6802527,40.9423713],[-5.6804013,40.9419797]],[[-5.6803165,40.9650487],[-5.6802285,40.9650692]],[[-5.6800301,40.9426933],[-5.6802527,40.9423713]],[[-5.6802527,40.9423713],[-5.6799618,40.9422455]],[[-5.6802285,40.9650692],[-5.6800747,40.9652245]],[[-5.6802285,40.9650692],[-5.6798899,40.9649184]],[[-5.6801468,40.9654234],[-5.6767794,40.9698748]],[[-5.6800747,40.9652245],[-5.6801468,40.9654234]],[[-5.6798899,40.9649184],[-5.6800747,40.9652245]],[[-5.6796817,40.9429767],[-5.6800301,40.9426933]],[[-5.6797561,40.9426157],[-5.6800301,40.9426933]],[[-5.6799618,40.9422455],[-5.6797561,40.9426157]],[[-5.6797809,40.9550559],[-5.6799492,40.9550575]],[[-5.6799492,40.9550575],[-5.6799468,40.9549722]],[[-5.6799468,40.9549722],[-5.6797892,40.9549678]],[[-5.6754677,40.961849],[-5.6798899,40.9649184]],[[-5.6797892,40.9549678],[-5.6792007,40.955001]],[[-5.6797892,40.9549678],[-5.6797809,40.9550559]],[[-5.6792007,40.955001],[-5.6797809,40.9550559]],[[-5.6797561,40.9426157],[-5.6796817,40.9429767]],[[-5.6796817,40.9429767],[-5.6789162,40.944907]],[[-5.6766095,40.9550196],[-5.6792007,40.955001]],[[-5.6791183,40.4822851],[-5.6773661,40.4843607],[-5.6763143,40.4936332],[-5.6775498,40.4981141]],[[-5.6791183,40.4822851],[-5.6790516,40.4818432]],[[-5.6788205,40.4819823],[-5.6791183,40.4822851]],[[-5.6788205,40.4819823],[-5.6790516,40.4818432]],[[-5.6790516,40.4818432],[-5.6790072,40.4816815]],[[-5.6790072,40.4816815],[-5.6789273,40.4813298]],[[-5.6790072,40.4816815],[-5.6787573,40.4816157]],[[-5.6789273,40.4813298],[-5.6787573,40.4816157]],[[-5.6789162,40.944907],[-5.6785081,40.946231]],[[-5.6785081,40.946231],[-5.6789162,40.944907]],[[-5.6788887,40.463197],[-5.6786231,40.4635382]],[[-5.6788159,40.4636774],[-5.6788887,40.463197]],[[-5.6785538,40.4638979],[-5.6788208,40.4637342]],[[-5.6787935,40.4641356],[-5.6788208,40.4637342]],[[-5.6788208,40.4637342],[-5.6788159,40.4636774]],[[-5.6785714,40.4818126],[-5.6788205,40.4819823]],[[-5.6788159,40.4636774],[-5.6786231,40.4635382]],[[-5.6785538,40.4638979],[-5.6787935,40.4641356]],[[-5.6787573,40.4816157],[-5.6786533,40.4816569]],[[-5.6786533,40.4816569],[-5.6785714,40.4818126]],[[-5.6786533,40.4816569],[-5.6783666,40.4816179]],[[-5.6786231,40.4635382],[-5.6783438,40.4637184]],[[-5.6785869,41.0458533],[-5.6772282,41.0427411]],[[-5.6772282,41.0427411],[-5.6785869,41.0458533]],[[-5.6783666,40.4816179],[-5.6785714,40.4818126]],[[-5.6784769,40.4638805],[-5.6785538,40.4638979]],[[-5.6785081,40.946231],[-5.6782889,40.9472987]],[[-5.6781291,40.4639796],[-5.6784769,40.4638805]],[[-5.6783438,40.4637184],[-5.6784769,40.4638805]],[[-5.67838,42.0325463],[-5.6782635,42.0362967]],[[-5.6782635,42.0362967],[-5.67838,42.0325463]],[[-5.6762408,42.0147022],[-5.6785386,42.0219919],[-5.67838,42.0325463]],[[-5.677953529380087,40.4815051659436],[-5.6783666,40.4816179]],[[-5.6783438,40.4637184],[-5.6781291,40.4639796]],[[-5.6782889,40.9472987],[-5.6775915,40.9497302]],[[-5.6775915,40.9497302],[-5.6782889,40.9472987]],[[-5.67789038443073,40.464166675058365],[-5.6781291,40.4639796]],[[-5.656619144533288,40.585311595963795],[-5.661069,40.561619],[-5.6564065,40.5541913],[-5.6559142,40.5505307],[-5.6711755,40.5261488],[-5.6759995,40.5040737],[-5.677953529380087,40.4815051659436]],[[-5.677953529380087,40.4815051659436],[-5.6821976,40.4732528],[-5.67789038443073,40.464166675058365]],[[-5.677743505011587,40.48144784669149],[-5.677953529380087,40.4815051659436]],[[-5.67770734329037,40.46431011954387],[-5.67789038443073,40.464166675058365]],[[-5.677743505011587,40.48144784669149],[-5.6757766,40.5040395],[-5.6709565,40.5261009],[-5.6558116,40.5499398],[-5.6562267,40.5543131],[-5.6608374,40.5616285],[-5.656318055632001,40.58548795761422]],[[-5.67770734329037,40.46431011954387],[-5.6819685,40.4732917],[-5.677743505011587,40.48144784669149]],[[-5.6775048,40.4813827],[-5.677743505011587,40.48144784669149]],[[-5.6777175,41.5941122],[-5.6731,41.5982949]],[[-5.6731,41.5982949],[-5.6777175,41.5941122]],[[-5.6775656,40.4644212],[-5.67770734329037,40.46431011954387]],[[-5.6775057,40.4987528],[-5.6776332,40.4984293]],[[-5.6776332,40.4984293],[-5.6775498,40.4981141]],[[-5.6776332,40.4984293],[-5.6773666,40.4983948]],[[-5.6775915,40.9497302],[-5.6762889,40.9546316]],[[-5.6775656,40.4644212],[-5.6773475,40.4644882]],[[-5.6774374,40.464628],[-5.6775656,40.4644212]],[[-5.6775498,40.4981141],[-5.6773666,40.4983948]],[[-5.6771453,40.9730357],[-5.6775185,40.9728553]],[[-5.6775185,40.9728553],[-5.6774444,40.9727088]],[[-5.6772746,40.4989926],[-5.6775057,40.4987528]],[[-5.6773067,40.4987117],[-5.6775057,40.4987528]],[[-5.6775048,40.4813827],[-5.6772434,40.4811639]],[[-5.6771123,40.4813307],[-5.6775048,40.4813827]],[[-5.6774444,40.9727088],[-5.6769981,40.9729198]],[[-5.6774132,40.4646783],[-5.6774374,40.464628]],[[-5.6774374,40.464628],[-5.6773475,40.4644882]],[[-5.677429,40.4649617],[-5.6796068,40.471076],[-5.6772548,40.480647]],[[-5.677429,40.4649617],[-5.6774132,40.4646783]],[[-5.6772177,40.4647396],[-5.677429,40.4649617]],[[-5.6772177,40.4647396],[-5.6774132,40.4646783]],[[-5.674407281025097,40.996465359023645],[-5.6773767,40.9942113]],[[-5.6736519641182035,41.03100983775939],[-5.6777621,41.0263307],[-5.6800174,41.0200513],[-5.6793899,41.0059965],[-5.6752541,40.9982347],[-5.6773767,40.9942113]],[[-5.6773666,40.4983948],[-5.6773067,40.4987117]],[[-5.6773475,40.4644882],[-5.6772177,40.4647396]],[[-5.6773067,40.4987117],[-5.6772746,40.4989926]],[[-5.6743645,40.5144935],[-5.6772746,40.4989926]],[[-5.6772548,40.480647],[-5.6769293,40.4809856]],[[-5.6772091,40.48107],[-5.6772548,40.480647]],[[-5.6771123,40.4813307],[-5.6772434,40.4811639]],[[-5.6772434,40.4811639],[-5.6772091,40.48107]],[[-5.6772282,41.0427411],[-5.6748263,41.0348447]],[[-5.6772091,40.48107],[-5.6769293,40.4809856]],[[-5.6765682,40.9731655],[-5.6771453,40.9730357]],[[-5.6769981,40.9729198],[-5.6771453,40.9730357]],[[-5.6771126,40.9808278],[-5.6769782,40.9809516]],[[-5.6769782,40.9809516],[-5.6771126,40.9808278]],[[-5.6771126,40.9808278],[-5.6768994,40.9807436]],[[-5.6769293,40.4809856],[-5.6771123,40.4813307]],[[-5.6769981,40.9729198],[-5.6765682,40.9731655]],[[-5.6768994,40.9807436],[-5.6769782,40.9809516]],[[-5.6768994,40.9807436],[-5.6758875,40.9770998],[-5.673016,40.9748466]],[[-5.6766518,40.9700886],[-5.676854,40.9699497]],[[-5.676854,40.9699497],[-5.6767794,40.9698748]],[[-5.6767794,40.9698748],[-5.6765477,40.9700045]],[[-5.6721405,40.9730551],[-5.6766518,40.9700886]],[[-5.6765477,40.9700045],[-5.6766518,40.9700886]],[[-5.6763849,40.9551098],[-5.6766095,40.9550196]],[[-5.6766095,40.9550196],[-5.676368,40.9549739]],[[-5.6727449,40.9731746],[-5.6765682,40.9731655]],[[-5.6765477,40.9700045],[-5.6719648,40.9729923]],[[-5.6763166,40.9551861],[-5.6763849,40.9551098]],[[-5.6763849,40.9551098],[-5.676368,40.9549739]],[[-5.676368,40.9549739],[-5.6763138,40.9549249]],[[-5.6761065,40.955219],[-5.6763166,40.9551861]],[[-5.6757075,40.9577953],[-5.6763166,40.9551861]],[[-5.6763138,40.9549249],[-5.6762889,40.9546316]],[[-5.6763138,40.9549249],[-5.6760865,40.9548991]],[[-5.6762889,40.9546316],[-5.6760865,40.9548991]],[[-5.6762408,42.0147022],[-5.676057,42.0135091]],[[-5.6758144,42.0135083],[-5.6762408,42.0147022]],[[-5.6761065,40.955219],[-5.6754143,40.9576317]],[[-5.6760865,40.9548991],[-5.6761065,40.955219]],[[-5.6758144,42.0135083],[-5.676057,42.0135091]],[[-5.676057,42.0135091],[-5.6758568,42.0131584]],[[-5.6758568,42.0131584],[-5.6757231,42.0132473]],[[-5.6758568,42.0131584],[-5.6752108,42.0113126]],[[-5.6758372,42.0503065],[-5.6702379,42.0235739],[-5.662231502444614,42.00836832356727]],[[-5.6757231,42.0132473],[-5.6758144,42.0135083]],[[-5.6751018,42.0113342],[-5.6757231,42.0132473]],[[-5.6752991,40.9582018],[-5.6757075,40.9577953]],[[-5.6757075,40.9577953],[-5.6754143,40.9576317]],[[-5.6754677,40.961849],[-5.6753882,40.9616795]],[[-5.6752645,40.9618251],[-5.6754677,40.961849]],[[-5.6754143,40.9576317],[-5.6751936,40.9576583]],[[-5.6752645,40.9618251],[-5.6753882,40.9616795]],[[-5.6753882,40.9616795],[-5.6750892,40.9614279]],[[-5.6735043,40.9600699],[-5.6752991,40.9582018]],[[-5.6750255,40.9580543],[-5.6752991,40.9582018]],[[-5.6750477,40.9618545],[-5.6752645,40.9618251]],[[-5.6751018,42.0113342],[-5.6752108,42.0113126]],[[-5.6752108,42.0113126],[-5.67515,42.0111249]],[[-5.6751936,40.9576583],[-5.6749824,40.9578828]],[[-5.6751936,40.9576583],[-5.6697542,40.9543722]],[[-5.67515,42.0111249],[-5.6750397,42.0111464]],[[-5.67515,42.0111249],[-5.6742786,42.0075901]],[[-5.6750397,42.0111464],[-5.6751018,42.0113342]],[[-5.6750892,40.9614279],[-5.6748398,40.9615657]],[[-5.6750892,40.9614279],[-5.6740248,40.9607279]],[[-5.6704757,40.9661422],[-5.6750477,40.9618545]],[[-5.6748534,40.9617435],[-5.6750477,40.9618545]],[[-5.6741732,42.0075931],[-5.6750397,42.0111464]],[[-5.6750255,40.9580543],[-5.673342,40.9600699]],[[-5.6749824,40.9578828],[-5.6750255,40.9580543]],[[-5.6692484,40.9544888],[-5.6749824,40.9578828]],[[-5.6748534,40.9617435],[-5.6704674,40.966003]],[[-5.6748398,40.9615657],[-5.6748534,40.9617435]],[[-5.6732247,40.9605048],[-5.6748398,40.9615657]],[[-5.6748263,41.0348447],[-5.6738212,41.0315622]],[[-5.6738212,41.0315622],[-5.6748263,41.0348447]],[[-5.67440775913024,40.996211285661765],[-5.667396872474553,40.99838000482531]],[[-5.67440775913024,40.996211285661765],[-5.674407281025097,40.996465359023645]],[[-5.667465743948818,40.998542517863676],[-5.674407281025097,40.996465359023645]],[[-5.674407281025097,40.996465359023645],[-5.6791452,41.0060424],[-5.6798515,41.0193061],[-5.6780487,41.0253536],[-5.673579034147345,41.03076699974401]],[[-5.6743729,40.5148438],[-5.6743889,40.5146723]],[[-5.6743889,40.5146723],[-5.6743645,40.5144935]],[[-5.6743889,40.5146723],[-5.6742565,40.5146894]],[[-5.6742313,40.5147156],[-5.6743729,40.5148438]],[[-5.6739393,40.5155606],[-5.6743729,40.5148438]],[[-5.6743645,40.5144935],[-5.6742565,40.5146894]],[[-5.6742974,42.0473163],[-5.6760115,42.0524528],[-5.6747881,42.0568423],[-5.6650175,42.065921]],[[-5.662062899174722,42.0084622511168],[-5.6697652,42.0228916],[-5.6742974,42.0473163]],[[-5.6741732,42.0075931],[-5.6742786,42.0075901]],[[-5.6742786,42.0075901],[-5.6742621,42.0071493]],[[-5.6742621,42.0071493],[-5.6741537,42.0071584]],[[-5.6742621,42.0071493],[-5.6741929,42.0061654]],[[-5.6742565,40.5146894],[-5.6742313,40.5147156]],[[-5.6742313,40.5147156],[-5.6739393,40.5155606]],[[-5.674099,42.0061701],[-5.6741929,42.0061654]],[[-5.6741929,42.0061654],[-5.6741369,42.0060674]],[[-5.6741537,42.0071584],[-5.6741732,42.0075931]],[[-5.674099,42.0061701],[-5.6741537,42.0071584]],[[-5.6741369,42.0060674],[-5.674099,42.0061701]],[[-5.6739674,42.0036448],[-5.6741369,42.0060674]],[[-5.6740248,40.9607279],[-5.6735043,40.9600699]],[[-5.6740248,40.9607279],[-5.6733348,40.9603863]],[[-5.6739674,42.0036448],[-5.6739595,42.0033306]],[[-5.6738524,42.0034182],[-5.6739674,42.0036448]],[[-5.6738524,42.0034182],[-5.6739595,42.0033306]],[[-5.6739595,42.0033306],[-5.6738104,42.0032088]],[[-5.6739393,40.5155606],[-5.672734,40.5235809]],[[-5.6738186,42.003404],[-5.6738524,42.0034182]],[[-5.6738212,41.0315622],[-5.6736519641182035,41.03100983775939]],[[-5.6736018,42.0035812],[-5.6738186,42.003404]],[[-5.6737526,42.0033038],[-5.6738186,42.003404]],[[-5.6738104,42.0032088],[-5.6737534,42.0032826]],[[-5.6738104,42.0032088],[-5.6729646,42.0028061]],[[-5.6737534,42.0032826],[-5.6737526,42.0033038]],[[-5.672906,42.0028729],[-5.6737534,42.0032826]],[[-5.6737526,42.0033038],[-5.6736018,42.0035812]],[[-5.6736519641182035,41.03100983775939],[-5.673579034147345,41.03076699974401]],[[-5.6698018,42.008894],[-5.6736018,42.0035812]],[[-5.673579034147345,41.03076699974401],[-5.670814,41.0215886]],[[-5.6733052,40.9603152],[-5.6735043,40.9600699]],[[-5.673342,40.9600699],[-5.6729523,40.9601956]],[[-5.673342,40.9600699],[-5.6731571,40.9602614]],[[-5.6732247,40.9605048],[-5.6733348,40.9603863]],[[-5.6733348,40.9603863],[-5.6733052,40.9603152]],[[-5.6177727,40.2984243],[-5.6321589,40.2867344],[-5.6588256,40.2762385],[-5.6618635,40.2729889],[-5.6733194,40.2712329]],[[-5.6733052,40.9603152],[-5.6731571,40.9602614]],[[-5.6656725,40.571033],[-5.6720552,40.5608504],[-5.676557,40.5474291],[-5.6748695,40.5404927],[-5.6768286,40.5316011],[-5.673236,40.5243617]],[[-5.673236,40.5243617],[-5.6728934,40.5240481]],[[-5.6727562,40.5241645],[-5.673236,40.5243617]],[[-5.6730074,40.9604175],[-5.6732247,40.9605048]],[[-5.6731571,40.9602614],[-5.6731372,40.9602633]],[[-5.6731372,40.9602633],[-5.6730074,40.9604175]],[[-5.6731372,40.9602633],[-5.6729523,40.9601956]],[[-5.6664727,41.601875],[-5.6731,41.5982949]],[[-5.6727937,40.9747288],[-5.673016,40.9748466]],[[-5.673016,40.9748466],[-5.6728068,40.974684]],[[-5.6716992,40.9597353],[-5.6730074,40.9604175]],[[-5.672906,42.0028729],[-5.6729646,42.0028061]],[[-5.6729646,42.0028061],[-5.6727339,42.0027202]],[[-5.6729523,40.9601956],[-5.6716992,40.9597353]],[[-5.6726975,42.0027786],[-5.672906,42.0028729]],[[-5.6727562,40.5241645],[-5.6728934,40.5240481]],[[-5.6728934,40.5240481],[-5.6728618,40.5238824]],[[-5.6728618,40.5238824],[-5.672734,40.5235809]],[[-5.6728618,40.5238824],[-5.6726518,40.5237987]],[[-5.6728068,40.974684],[-5.6727937,40.9747288]],[[-5.6728068,40.974684],[-5.6726847,40.9746571]],[[-5.6726847,40.9746571],[-5.6727937,40.9747288]],[[-5.6726518,40.5237987],[-5.6727562,40.5241645]],[[-5.6721248,40.9732538],[-5.6727449,40.9731746]],[[-5.6727449,40.9731746],[-5.6721706,40.9730992]],[[-5.672734,40.5235809],[-5.6726518,40.5237987]],[[-5.6727339,42.0027202],[-5.6726975,42.0027786]],[[-5.6727339,42.0027202],[-5.670024,42.0016253]],[[-5.6699615,42.0017342],[-5.6726975,42.0027786]],[[-5.6726847,40.9746571],[-5.6722446,40.974432]],[[-5.6722446,40.974432],[-5.671274274362108,40.97389656370131]],[[-5.671206625629495,40.97395148023329],[-5.6722446,40.974432]],[[-5.6721248,40.9732538],[-5.6721706,40.9730992]],[[-5.6721706,40.9730992],[-5.6721405,40.9730551]],[[-5.6721405,40.9730551],[-5.6719648,40.9729923]],[[-5.6719977,40.9733017],[-5.6721248,40.9732538]],[[-5.671274274362108,40.97389656370131],[-5.6719977,40.9733017]],[[-5.6718172,40.973247],[-5.6719977,40.9733017]],[[-5.6719648,40.9729923],[-5.6718337,40.9730345]],[[-5.6718337,40.9730345],[-5.6717737,40.9731791]],[[-5.6718337,40.9730345],[-5.6709862,40.972914]],[[-5.6718172,40.973247],[-5.6711840116670915,40.97385093220198]],[[-5.6717737,40.9731791],[-5.6718172,40.973247]],[[-5.6709862,40.972914],[-5.6717737,40.9731791]],[[-5.6716992,40.9597353],[-5.6653976,40.9590624]],[[-5.671206625629495,40.97395148023329],[-5.671274274362108,40.97389656370131]],[[-5.671274274362108,40.97389656370131],[-5.6711840116670915,40.97385093220198]],[[-5.6697987,40.9751072],[-5.671206625629495,40.97395148023329]],[[-5.6711168083788195,40.973905774769264],[-5.671206625629495,40.97395148023329]],[[-5.6704757,40.9661422],[-5.6711985,40.9657568]],[[-5.6711840116670915,40.97385093220198],[-5.6711168083788195,40.973905774769264]],[[-5.6711840116670915,40.97385093220198],[-5.6704282,40.973511]],[[-5.6711168083788195,40.973905774769264],[-5.6700839,40.9747487]],[[-5.6704282,40.973511],[-5.6711168083788195,40.973905774769264]],[[-5.6709862,40.972914],[-5.6697722,40.9729269]],[[-5.670814,41.0215886],[-5.670601,41.020289]],[[-5.6704679,41.0203076],[-5.670814,41.0215886]],[[-5.6704679,41.0203076],[-5.670601,41.020289]],[[-5.670601,41.020289],[-5.670562,41.0200952]],[[-5.670562,41.0200952],[-5.6704561,41.019673]],[[-5.670562,41.0200952],[-5.6703857,41.0201395]],[[-5.6091453590758675,42.32603864227352],[-5.6052187,42.3177563],[-5.592753,42.3040536],[-5.5899158,42.2972918],[-5.5910646,42.2834584],[-5.58983,42.27214],[-5.59466,42.25637],[-5.5915732,42.2434801],[-5.59202,42.23672],[-5.5996689,42.22191],[-5.59979,42.20802],[-5.60236,42.20059],[-5.6098021,42.1926439],[-5.626848,42.1822523],[-5.6337917,42.1727622],[-5.6369581,42.1521432],[-5.640107,42.14205],[-5.6576956,42.1153207],[-5.6600388,42.1094502],[-5.6599358,42.1025411],[-5.6552108,42.0856134],[-5.6559408,42.0795437],[-5.663681,42.067748],[-5.6705465,42.0622314]],[[-5.6700085,40.9663307],[-5.6704757,40.9661422]],[[-5.6703857,41.0201395],[-5.6704679,41.0203076]],[[-5.6704674,40.966003],[-5.6634637,40.9699025]],[[-5.6704674,40.966003],[-5.6700085,40.9663307]],[[-5.6703356,41.0196997],[-5.6704561,41.019673]],[[-5.6704561,41.019673],[-5.6704516,41.0195772]],[[-5.6704516,41.0195772],[-5.6701241,41.0179652]],[[-5.6704516,41.0195772],[-5.6703264,41.0195579]],[[-5.6704282,40.973511],[-5.6697083,40.9731501]],[[-5.6703356,41.0196997],[-5.6703857,41.0201395]],[[-5.6703264,41.0195579],[-5.6703356,41.0196997]],[[-5.6701241,41.0179652],[-5.6703264,41.0195579]],[[-5.6701241,41.0179652],[-5.6674413,41.0027053]],[[-5.6700839,40.9747487],[-5.6696836,40.9750705]],[[-5.6700839,40.9747487],[-5.6697987,40.9751072]],[[-5.6699615,42.0017342],[-5.670024,42.0016253]],[[-5.670024,42.0016253],[-5.6697949,42.001534]],[[-5.6646178,40.9698681],[-5.6700085,40.9663307]],[[-5.6697085,42.0016247],[-5.6699615,42.0017342]],[[-5.6697542,40.9543722],[-5.6698458,40.953892]],[[-5.6698458,40.953892],[-5.6691202,40.9416872]],[[-5.6698458,40.953892],[-5.6693767,40.9536712]],[[-5.6698018,42.008894],[-5.6695303,42.0091018]],[[-5.6697106,42.0091778],[-5.6698018,42.008894]],[[-5.6693491,40.9754747],[-5.6697987,40.9751072]],[[-5.6697949,42.001534],[-5.6697085,42.0016247]],[[-5.6697949,42.001534],[-5.6653934,41.9997621]],[[-5.6697722,40.9729269],[-5.6692728,40.9729353]],[[-5.6697083,40.9731501],[-5.6697722,40.9729269]],[[-5.6692484,40.9544888],[-5.6697542,40.9543722]],[[-5.6695208,42.0094384],[-5.6697106,42.0091778]],[[-5.6697106,42.0091778],[-5.6695303,42.0091018]],[[-5.6653096,41.9998745],[-5.6697085,42.0016247]],[[-5.6697083,40.9731501],[-5.6692728,40.9729353]],[[-5.6696836,40.9750705],[-5.6690162,40.975613]],[[-5.6693491,40.9754747],[-5.6696836,40.9750705]],[[-5.668289052628201,40.941315430476976],[-5.669609439087475,40.941189842382684]],[[-5.6691202,40.9416872],[-5.669609439087475,40.941189842382684]],[[-5.669609439087475,40.941189842382684],[-5.669578087631859,40.941059312274255]],[[-5.669578087631859,40.941059312274255],[-5.668270929145385,40.94118407194843]],[[-5.669578087631859,40.941059312274255],[-5.6690007,40.940695]],[[-5.6695303,42.0091018],[-5.6694255,42.0091181]],[[-5.6693291,42.009368],[-5.6695208,42.0094384]],[[-5.6693291,42.009368],[-5.6695208,42.0094384]],[[-5.6694255,42.0091181],[-5.6689831,42.0090644]],[[-5.6694255,42.0091181],[-5.6692949,42.0093002]],[[-5.6693767,40.9536712],[-5.6688727,40.9538985]],[[-5.6688293,40.9416991],[-5.6693767,40.9536712]],[[-5.6686883,40.9760163],[-5.6693491,40.9754747]],[[-5.6692949,42.0093002],[-5.6693291,42.009368]],[[-5.6689831,42.0090644],[-5.6692949,42.0093002]],[[-5.6687973,40.9727088],[-5.6692728,40.9729353]],[[-5.6692728,40.9729353],[-5.66867,40.9729293]],[[-5.6688979,40.9543041],[-5.6692484,40.9544888]],[[-5.6688293,40.9416991],[-5.6691202,40.9416872]],[[-5.6690162,40.975613],[-5.6684944,40.9760379]],[[-5.6690162,40.975613],[-5.6686883,40.9760163]],[[-5.6690007,40.940695],[-5.6681783,40.9345709]],[[-5.6690007,40.940695],[-5.6686851,40.9407306]],[[-5.6689924,42.5730833],[-5.662221250176638,42.57399856933079]],[[-5.662317420142051,42.57410535709172],[-5.6689924,42.5730833]],[[-5.6689831,42.0090644],[-5.665749,42.0084592]],[[-5.6688727,40.9538985],[-5.6688979,40.9543041]],[[-5.667209,40.954482],[-5.6688979,40.9543041]],[[-5.6688727,40.9538985],[-5.6683337,40.9540455]],[[-5.668289052628201,40.941315430476976],[-5.6688293,40.9416991]],[[-5.6687973,40.9727088],[-5.66867,40.9729293]],[[-5.6641974,40.9705283],[-5.6687973,40.9727088]],[[-5.668079,40.9765098],[-5.6686883,40.9760163]],[[-5.6686851,40.9407306],[-5.668270929145385,40.94118407194843]],[[-5.6681783,40.9345709],[-5.6686851,40.9407306]],[[-5.66867,40.9729293],[-5.666914,40.9729364]],[[-5.668571934632738,40.922862681275745],[-5.668655473809879,40.922675381947045]],[[-5.668655473809879,40.922675381947045],[-5.6687799,40.9205354],[-5.6655058,40.9162758]],[[-5.668655473809879,40.922675381947045],[-5.6626938,40.9167352],[-5.6607628,40.911982],[-5.6626824,40.9025114],[-5.660601,40.8929913],[-5.664211565622868,40.88639047226653]],[[-5.6681783,40.9345709],[-5.668571934632738,40.922862681275745]],[[-5.6642021159571385,40.88609968404286],[-5.6604168,40.8927441],[-5.6624495,40.902464],[-5.6605666,40.9122959],[-5.6624733,40.916799],[-5.668571934632738,40.922862681275745]],[[-5.6684944,40.9760379],[-5.6670585,40.9771481]],[[-5.668079,40.9765098],[-5.6684944,40.9760379]],[[-5.6683337,40.9540455],[-5.6649158,40.9536609]],[[-5.6683337,40.9540455],[-5.6670752,40.9542335]],[[-5.6557262,40.9426079],[-5.668289052628201,40.941315430476976]],[[-5.668270929145385,40.94118407194843],[-5.668289052628201,40.941315430476976]],[[-5.668270929145385,40.94118407194843],[-5.6558115,40.942288]],[[-5.6672241,40.9772591],[-5.668079,40.9765098]],[[-5.6672793,41.0024105],[-5.6675178,41.0023881]],[[-5.6674413,41.0027053],[-5.6675178,41.0023881]],[[-5.6675178,41.0023881],[-5.6674523,41.0019969]],[[-5.6662591770998265,40.99883271793423],[-5.667465743948818,40.998542517863676]],[[-5.6671555,40.9990264],[-5.667465743948818,40.998542517863676]],[[-5.667465743948818,40.998542517863676],[-5.667396872474553,40.99838000482531]],[[-5.6674523,41.0019969],[-5.6672653,41.0016343]],[[-5.6674523,41.0019969],[-5.6671785,41.0020373]],[[-5.6672793,41.0024105],[-5.6674413,41.0027053]],[[-5.667396872474553,40.99838000482531],[-5.666185288785319,40.99867028582869]],[[-5.667396872474553,40.99838000482531],[-5.6668445,40.9981173]],[[-5.6671785,41.0020373],[-5.6672793,41.0024105]],[[-5.6672653,41.0016343],[-5.6671785,41.0020373]],[[-5.6672653,41.0016343],[-5.6668727,40.9997023]],[[-5.6668824,40.9775681],[-5.6672241,40.9772591]],[[-5.6672241,40.9772591],[-5.6670585,40.9771481]],[[-5.6670692,40.9545595],[-5.667209,40.954482]],[[-5.667209,40.954482],[-5.6670752,40.9542335]],[[-5.6666896,40.9990831],[-5.6671555,40.9990264]],[[-5.6668727,40.9997023],[-5.6671555,40.9990264]],[[-5.6670752,40.9542335],[-5.6669204,40.9542463]],[[-5.6668471,40.9545008],[-5.6670692,40.9545595]],[[-5.6667822,40.9548466],[-5.6670692,40.9545595]],[[-5.6670585,40.9771481],[-5.666703,40.9774576]],[[-5.6669204,40.9542463],[-5.6668046,40.9544356]],[[-5.6669204,40.9542463],[-5.6649158,40.9536609]],[[-5.6663246,40.9729627],[-5.666914,40.9729364]],[[-5.666914,40.9729364],[-5.6656228,40.9728869]],[[-5.666914,40.9729364],[-5.6663246,40.9729627]],[[-5.6652676,40.9788739],[-5.6668824,40.9775681]],[[-5.666703,40.9774576],[-5.6668824,40.9775681]],[[-5.6666896,40.9990831],[-5.6668727,40.9997023]],[[-5.6668471,40.9545008],[-5.6667822,40.9548466]],[[-5.6668046,40.9544356],[-5.6668471,40.9545008]],[[-5.6668445,40.9981173],[-5.6664894,40.9981887]],[[-5.6668445,40.9981173],[-5.6664076,40.9967672]],[[-5.6618089,40.9526508],[-5.6668046,40.9544356]],[[-5.6667822,40.9548466],[-5.664876,40.9586818]],[[-5.666703,40.9774576],[-5.6654698,40.9785186]],[[-5.6662591770998265,40.99883271793423],[-5.6666896,40.9990831]],[[-5.6664894,40.9981887],[-5.666185288785319,40.99867028582869]],[[-5.6662071,40.99683],[-5.6664894,40.9981887]],[[-5.6664727,41.601875],[-5.6618295,41.6021645]],[[-5.6618295,41.6021645],[-5.6664727,41.601875]],[[-5.6662071,40.99683],[-5.6664076,40.9967672]],[[-5.6664076,40.9967672],[-5.6663614,40.9965421]],[[-5.6663614,40.9965421],[-5.6658381,40.9927107]],[[-5.6663614,40.9965421],[-5.6661704,40.9965203]],[[-5.6656228,40.9728869],[-5.6663246,40.9729627]],[[-5.628423460696237,41.00029089944775],[-5.6511943,41.0006493],[-5.6662591770998265,40.99883271793423]],[[-5.666185288785319,40.99867028582869],[-5.6662591770998265,40.99883271793423]],[[-5.6661704,40.9965203],[-5.6662071,40.99683]],[[-5.666185288785319,40.99867028582869],[-5.651135,41.0004694],[-5.6284934564307525,41.00011140050485]],[[-5.6655865,40.9927365],[-5.6661704,40.9965203]],[[-5.6655865,40.9927365],[-5.6658381,40.9927107]],[[-5.6658381,40.9927107],[-5.6657702,40.9924521]],[[-5.6657702,40.9924521],[-5.6656006,40.992089]],[[-5.6657702,40.9924521],[-5.6655482,40.9924814]],[[-5.6657621,40.5711975],[-5.6606366,40.577961]],[[-5.6652633,42.0084487],[-5.665749,42.0084592]],[[-5.665749,42.0084592],[-5.6653158,42.008293]],[[-5.6656228,40.9728869],[-5.6641857,40.9726609]],[[-5.6656006,40.992089],[-5.6655482,40.9924814]],[[-5.6656006,40.992089],[-5.6634038,40.9794446]],[[-5.6655482,40.9924814],[-5.6655865,40.9927365]],[[-5.6655058,40.9162758],[-5.6654302,40.9157649]],[[-5.665279,40.9157979],[-5.6655058,40.9162758]],[[-5.6654698,40.9785186],[-5.6648854,40.978827]],[[-5.6654698,40.9785186],[-5.6651542,40.9788485]],[[-5.665279,40.9157979],[-5.6654302,40.9157649]],[[-5.6654302,40.9157649],[-5.6654063,40.9156312]],[[-5.6654063,40.9156312],[-5.6651917,40.9150892]],[[-5.6654063,40.9156312],[-5.6652386,40.9156362]],[[-5.6647058,40.9590067],[-5.6653976,40.9590624]],[[-5.6653976,40.9590624],[-5.6650075,40.9589739]],[[-5.6653096,41.9998745],[-5.6653934,41.9997621]],[[-5.6653934,41.9997621],[-5.6651283,41.9996413]],[[-5.6652633,42.0084487],[-5.6653158,42.008293]],[[-5.6653158,42.008293],[-5.6649417,42.0082042]],[[-5.6650317,41.9997457],[-5.6653096,41.9998745]],[[-5.6652386,40.9156362],[-5.665279,40.9157979]],[[-5.6650881,40.9789909],[-5.6652676,40.9788739]],[[-5.6652676,40.9788739],[-5.6651542,40.9788485]],[[-5.6648707,42.0083789],[-5.6652633,42.0084487]],[[-5.6651917,40.9150892],[-5.6652386,40.9156362]],[[-5.6651917,40.9150892],[-5.6646469,40.9119952]],[[-5.6651542,40.9788485],[-5.6651364,40.9788528]],[[-5.6651364,40.9788528],[-5.6650881,40.9789909]],[[-5.6651364,40.9788528],[-5.6648854,40.978827]],[[-5.6651283,41.9996413],[-5.6650317,41.9997457]],[[-5.6651283,41.9996413],[-5.661246,41.9980922]],[[-5.6638146,40.9791643],[-5.6650881,40.9789909]],[[-5.6612028,41.9981711],[-5.6650317,41.9997457]],[[-5.6650175,42.065921],[-5.6571034,42.0765408],[-5.655014,42.0823167],[-5.6600044,42.1045343],[-5.6594605,42.1107801],[-5.6398836,42.1420114],[-5.6367463,42.1520681],[-5.6335428,42.1727177],[-5.6255778,42.1830664],[-5.6095789,42.1925216],[-5.6029785,42.1991808],[-5.5995024,42.2080057],[-5.5990132,42.2231857],[-5.5913828,42.2382096],[-5.5943566,42.2564043],[-5.5895546,42.2721083],[-5.5907906,42.2834567],[-5.5896382,42.2973196],[-5.5925203,42.3041396],[-5.6049355,42.3178134],[-5.6088383325130176,42.32597790597255]],[[-5.6650075,40.9589739],[-5.664876,40.9586818]],[[-5.6650075,40.9589739],[-5.6647684,40.958903]],[[-5.6650075,40.9589739],[-5.6647058,40.9590067]],[[-5.6649417,42.0082042],[-5.6645492,42.0082253]],[[-5.6649417,42.0082042],[-5.6648707,42.0083789]],[[-5.6649158,40.9536609],[-5.6637403,40.9531531]],[[-5.6648854,40.978827],[-5.6637587,40.9788945]],[[-5.664876,40.9586818],[-5.6643109,40.9587778]],[[-5.6647684,40.958903],[-5.664876,40.9586818]],[[-5.6645492,42.0082253],[-5.6648707,42.0083789]],[[-5.6644436,40.9589217],[-5.6647684,40.958903]],[[-5.6647684,40.958903],[-5.6643109,40.9587778]],[[-5.6644436,40.9589217],[-5.6647058,40.9590067]],[[-5.6646469,40.9119952],[-5.6645592,40.9069936]],[[-5.6645592,40.9069936],[-5.6646469,40.9119952]],[[-5.6636224,40.9700224],[-5.6646178,40.9698681]],[[-5.6641974,40.9705283],[-5.6646178,40.9698681]],[[-5.6645592,40.9069936],[-5.6644047,40.89832]],[[-5.6645492,42.0082253],[-5.662231502444614,42.00836832356727]],[[-5.6609945,40.9581374],[-5.6644436,40.9589217]],[[-5.6644047,40.89832],[-5.664332,40.8937702]],[[-5.664332,40.8937702],[-5.6644047,40.89832]],[[-5.664332,40.8937702],[-5.664211565622868,40.88639047226653]],[[-5.6643109,40.9587778],[-5.6610444,40.957963]],[[-5.664211565622868,40.88639047226653],[-5.6668664,40.8823962],[-5.6668576,40.8778638],[-5.6638877,40.8736658],[-5.658773446523933,40.87078449273148]],[[-5.664211565622868,40.88639047226653],[-5.6642021159571385,40.88609968404286]],[[-5.65888376430402,40.87104763053902],[-5.6641695,40.8741682],[-5.6666397,40.8778905],[-5.6666603,40.8823338],[-5.6642021159571385,40.88609968404286]],[[-5.6642021159571385,40.88609968404286],[-5.6592741,40.8789389],[-5.65888376430402,40.87104763053902]],[[-5.6633417,40.9724002],[-5.6641974,40.9705283]],[[-5.6634976,40.9702025],[-5.6641974,40.9705283]],[[-5.6641857,40.9726609],[-5.6633757,40.9724376]],[[-5.6633049,40.9725842],[-5.6641857,40.9726609]],[[-5.6634038,40.9794446],[-5.6638146,40.9791643]],[[-5.6638146,40.9791643],[-5.6637587,40.9788945]],[[-5.6637587,40.9788945],[-5.6632783,40.9787209]],[[-5.6637403,40.9531531],[-5.6616625,40.9521559]],[[-5.6637403,40.9531531],[-5.6619089,40.9524871]],[[-5.6634976,40.9702025],[-5.6636224,40.9700224]],[[-5.6636224,40.9700224],[-5.6634637,40.9699025]],[[-5.6634707,40.9702093],[-5.6634976,40.9702025]],[[-5.6632163,40.9700965],[-5.6634707,40.9702093]],[[-5.6634707,40.9702093],[-5.66315,40.9723881]],[[-5.6634637,40.9699025],[-5.663309,40.9699221]],[[-5.6629395,40.9792872],[-5.6634038,40.9794446]],[[-5.6634038,40.9794446],[-5.6632783,40.9787209]],[[-5.6633049,40.9725842],[-5.6633757,40.9724376]],[[-5.6633757,40.9724376],[-5.6633417,40.9724002]],[[-5.6633417,40.9724002],[-5.66315,40.9723881]],[[-5.663309,40.9699221],[-5.65956,40.9687809]],[[-5.663309,40.9699221],[-5.6632163,40.9700965]],[[-5.6631672,40.9725842],[-5.6633049,40.9725842]],[[-5.6632783,40.9787209],[-5.6628614,40.9790288]],[[-5.6632783,40.9787209],[-5.6628504,40.9762506]],[[-5.6596823,40.9689775],[-5.6632163,40.9700965]],[[-5.6631672,40.9725842],[-5.6627724,40.9749109]],[[-5.6631127,40.9725487],[-5.6631672,40.9725842]],[[-5.66315,40.9723881],[-5.6631101,40.9724186]],[[-5.6631101,40.9724186],[-5.6631127,40.9725487]],[[-5.6581094,40.9713009],[-5.6631127,40.9725487]],[[-5.6631101,40.9724186],[-5.6581496,40.9712314]],[[-5.6628614,40.9790288],[-5.6629395,40.9792872]],[[-5.6615671,40.97941],[-5.6629395,40.9792872]],[[-5.6628614,40.9790288],[-5.6615193,40.9792238]],[[-5.6628504,40.9762506],[-5.662771,40.9758474]],[[-5.6626253,40.9760566],[-5.6628504,40.9762506]],[[-5.6627724,40.9749109],[-5.6623713,40.975728]],[[-5.6627504,40.9757994],[-5.6627724,40.9749109]],[[-5.6626253,40.9760566],[-5.662771,40.9758474]],[[-5.662771,40.9758474],[-5.6627504,40.9757994]],[[-5.6627504,40.9757994],[-5.6623713,40.975728]],[[-5.6623268,40.9760042],[-5.6626253,40.9760566]],[[-5.6623713,40.975728],[-5.6623082,40.9757788]],[[-5.6617878,40.9761664],[-5.6623268,40.9760042]],[[-5.6623082,40.9757788],[-5.6623268,40.9760042]],[[-5.6621151926468265,42.57411290146215],[-5.662317420142051,42.57410535709172]],[[-5.662317420142051,42.57410535709172],[-5.662221250176638,42.57399856933079]],[[-5.6623082,40.9757788],[-5.6617878,40.9761664]],[[-5.662231502444614,42.00836832356727],[-5.662062899174722,42.0084622511168]],[[-5.662231502444614,42.00836832356727],[-5.6545554,41.9981723],[-5.6408047,41.9923517],[-5.63251,41.9861843],[-5.613409160624202,41.979320959845516]],[[-5.662221250176638,42.57399856933079],[-5.662027540366052,42.57400574776341]],[[-5.662221250176638,42.57399856933079],[-5.653572057324479,42.56834561111786]],[[-5.63836,42.5816917],[-5.6556151,42.5743343],[-5.6621151926468265,42.57411290146215]],[[-5.662027540366052,42.57400574776341],[-5.6621151926468265,42.57411290146215]],[[-5.662062899174722,42.0084622511168],[-5.6608688,42.0112821],[-5.6632618,42.016939],[-5.6609303,42.0201006]],[[-5.613267179672275,41.97944798939636],[-5.6329301,41.9867339],[-5.64024,41.9923381],[-5.6547095,41.9984996],[-5.662062899174722,42.0084622511168]],[[-5.662027540366052,42.57400574776341],[-5.6558381,42.574162],[-5.6382467,42.5816479]],[[-5.653387040536429,42.56839504862405],[-5.662027540366052,42.57400574776341]],[[-5.6618089,40.9526508],[-5.6619089,40.9524871]],[[-5.6619089,40.9524871],[-5.661766,40.9523286]],[[-5.5528945,41.7063553],[-5.5704671,41.6979715],[-5.581322,41.684557],[-5.5968275,41.6770999],[-5.5987156,41.6711061],[-5.6103068,41.6603044],[-5.6321159,41.631381],[-5.6563916,41.6055579],[-5.6618295,41.6021645]],[[-5.6617754,40.952667],[-5.6618089,40.9526508]],[[-5.6617878,40.9761664],[-5.6577485,40.9793382]],[[-5.661582,40.9526795],[-5.6617754,40.952667]],[[-5.6610047,40.9579076],[-5.6617754,40.952667]],[[-5.661766,40.9523286],[-5.6616625,40.9521559]],[[-5.661766,40.9523286],[-5.6615675,40.952324]],[[-5.6616625,40.9521559],[-5.661583,40.9520516]],[[-5.661583,40.9520516],[-5.6615675,40.952324]],[[-5.661583,40.9520516],[-5.6611056,40.9509437]],[[-5.661582,40.9526795],[-5.6607186,40.95786]],[[-5.6614458,40.9525978],[-5.661582,40.9526795]],[[-5.6615675,40.952324],[-5.66147,40.9523761]],[[-5.6613259,40.9794327],[-5.6615671,40.97941]],[[-5.6615671,40.97941],[-5.6615193,40.9792238]],[[-5.6615193,40.9792238],[-5.661282,40.979274]],[[-5.66147,40.9523761],[-5.6522664,40.9512865]],[[-5.66147,40.9523761],[-5.6614458,40.9525978]],[[-5.6519615,40.9515312],[-5.6614458,40.9525978]],[[-5.6578122,40.9797697],[-5.6613259,40.9794327]],[[-5.661282,40.979274],[-5.6613259,40.9794327]],[[-5.661282,40.979274],[-5.6578553,40.9794558]],[[-5.6612028,41.9981711],[-5.661246,41.9980922]],[[-5.661246,41.9980922],[-5.6610224,41.9979869]],[[-5.6609402,41.9980716],[-5.6612028,41.9981711]],[[-5.6609399,40.9506687],[-5.6611067,40.9506693]],[[-5.6611056,40.9509437],[-5.6611067,40.9506693]],[[-5.6611067,40.9506693],[-5.6610198,40.9504864]],[[-5.6609399,40.9506687],[-5.6611056,40.9509437]],[[-5.6609945,40.9581374],[-5.6610444,40.957963]],[[-5.6610444,40.957963],[-5.6610047,40.9579076]],[[-5.6610224,41.9979869],[-5.6609402,41.9980716]],[[-5.6610224,41.9979869],[-5.6579141,41.9965906]],[[-5.6610198,40.9504864],[-5.6608929,40.9505978]],[[-5.6610198,40.9504864],[-5.6606048,40.9502697]],[[-5.6610047,40.9579076],[-5.6607186,40.95786]],[[-5.6608566,40.9581925],[-5.6609945,40.9581374]],[[-5.6575622,41.996734],[-5.6609402,41.9980716]],[[-5.6608929,40.9505978],[-5.6609399,40.9506687]],[[-5.6609303,42.0201006],[-5.6606503,42.0204161]],[[-5.6602923,42.0208603],[-5.6609303,42.0201006]],[[-5.6606048,40.9502697],[-5.6608929,40.9505978]],[[-5.6596657,40.9601269],[-5.6608566,40.9581925]],[[-5.6606699,40.9581515],[-5.6608566,40.9581925]],[[-5.6607186,40.95786],[-5.6606699,40.9581515]],[[-5.6606699,40.9581515],[-5.6596657,40.9601269]],[[-5.6606503,42.0204161],[-5.6602923,42.0208603]],[[-5.6606503,42.0204161],[-5.6602923,42.0208603]],[[-5.6606366,40.577961],[-5.6588018,40.5832282]],[[-5.6588018,40.5832282],[-5.6606366,40.577961]],[[-5.6606048,40.9502697],[-5.6569109,40.9483287]],[[-5.6602923,42.0208603],[-5.6582875,42.0234136]],[[-5.6594629,40.9690243],[-5.6596823,40.9689775]],[[-5.6595385,40.9688923],[-5.6596823,40.9689775]],[[-5.6596657,40.9601269],[-5.6580817,40.9647842]],[[-5.6595385,40.9688923],[-5.65956,40.9687809]],[[-5.65956,40.9687809],[-5.6588086,40.968309]],[[-5.6594629,40.9690243],[-5.6595385,40.9688923]],[[-5.6592436,40.9687315],[-5.6595385,40.9688923]],[[-5.6594681,42.9436183],[-5.6592471,42.938642]],[[-5.6592471,42.938642],[-5.6594681,42.9436183]],[[-5.6594372,40.9690597],[-5.6594629,40.9690243]],[[-5.6594372,40.9690597],[-5.6581496,40.9712314]],[[-5.6592436,40.9687315],[-5.6594372,40.9690597]],[[-5.6582875,42.0234136],[-5.6593984,42.0222923]],[[-5.6592471,42.938642],[-5.6547654,42.9269545],[-5.6505288,42.9241176],[-5.6555867,42.9136491],[-5.6405274,42.890582],[-5.640034,42.8861185],[-5.6374481,42.8823096],[-5.6384405,42.8800668]],[[-5.6587294,40.9684952],[-5.6592436,40.9687315]],[[-5.6514376,41.527576],[-5.6590219,41.5274992]],[[-5.6590219,41.5274992],[-5.6514376,41.527576]],[[-5.65888376430402,40.87104763053902],[-5.658773446523933,40.87078449273148]],[[-5.63479668997996,40.82124174917295],[-5.6376276,40.8390824],[-5.6409902,40.847899],[-5.6419215,40.8593756],[-5.64665,40.8647668],[-5.65888376430402,40.87104763053902]],[[-5.6587294,40.9684952],[-5.6588086,40.968309]],[[-5.6588086,40.968309],[-5.6586499,40.9682096]],[[-5.6588018,40.5832282],[-5.656619144533288,40.585311595963795]],[[-5.658773446523933,40.87078449273148],[-5.6582019,40.8691929]],[[-5.658773446523933,40.87078449273148],[-5.6467382,40.864594],[-5.642148,40.8593366],[-5.6412193,40.8478859],[-5.6378358,40.8390229],[-5.634995128766739,40.82142680742639]],[[-5.658737,41.9964116],[-5.6579104,41.9963205]],[[-5.6579323,41.996562],[-5.658737,41.9964116]],[[-5.6585672,40.9685177],[-5.6587294,40.9684952]],[[-5.6586499,40.9682096],[-5.6579558,40.9670832]],[[-5.6586499,40.9682096],[-5.658442,40.9682754]],[[-5.6577128,40.9687961],[-5.6585672,40.9685177]],[[-5.6584073,40.9683855],[-5.6585672,40.9685177]],[[-5.658442,40.9682754],[-5.6584073,40.9683855]],[[-5.6579558,40.9670832],[-5.658442,40.9682754]],[[-5.6584073,40.9683855],[-5.6577518,40.9687095]],[[-5.6582875,42.0234136],[-5.6383819,42.0485291],[-5.6047769,42.1192365],[-5.5998223,42.1455505],[-5.5966284,42.150046],[-5.5720611,42.2349555]],[[-5.6582019,40.8691929],[-5.6554746,40.8640159]],[[-5.6554746,40.8640159],[-5.6582019,40.8691929]],[[-5.6581496,40.9712314],[-5.6581094,40.9713009]],[[-5.6581496,40.9712314],[-5.6570716,40.9709854]],[[-5.6581094,40.9713009],[-5.6561465,40.9746314]],[[-5.6570661,40.9711072],[-5.6581094,40.9713009]],[[-5.6579558,40.9670832],[-5.6580817,40.9647842]],[[-5.6580817,40.9647842],[-5.6551967,40.9647079]],[[-5.6579141,41.9965906],[-5.6579323,41.996562]],[[-5.6579323,41.996562],[-5.6579104,41.9963205]],[[-5.6575622,41.996734],[-5.6579141,41.9965906]],[[-5.6579104,41.9963205],[-5.6573088,41.9962745]],[[-5.6578122,40.9797697],[-5.6578553,40.9794558]],[[-5.6578553,40.9794558],[-5.6577485,40.9793382]],[[-5.6572845,40.9798911],[-5.6578122,40.9797697]],[[-5.6577518,40.9687095],[-5.6575197,40.9688509]],[[-5.6577128,40.9687961],[-5.6577518,40.9687095]],[[-5.6577518,40.9687095],[-5.6529997,40.9686142]],[[-5.6577485,40.9793382],[-5.6569774,40.9795215]],[[-5.6575197,40.9688509],[-5.6577128,40.9687961]],[[-5.6572446,41.9965658],[-5.6575622,41.996734]],[[-5.6575197,40.9688509],[-5.6538937,40.9700997]],[[-5.6573088,41.9962745],[-5.6515863,41.9940678]],[[-5.6573088,41.9962745],[-5.6572446,41.9965658]],[[-5.6561899,40.9805559],[-5.6572845,40.9798911]],[[-5.6570138,40.9797557],[-5.6572845,40.9798911]],[[-5.6514716,41.9942996],[-5.6572446,41.9965658]],[[-5.6570661,40.9711072],[-5.6570716,40.9709854]],[[-5.6570716,40.9709854],[-5.656933,40.9709705]],[[-5.6568777,40.971055],[-5.6570661,40.9711072]],[[-5.6570138,40.9797557],[-5.6561899,40.9805559]],[[-5.6569936,40.9797297],[-5.6570138,40.9797557]],[[-5.6569774,40.9795215],[-5.6569936,40.9797297]],[[-5.6524828,40.9796216],[-5.6569936,40.9797297]],[[-5.6569774,40.9795215],[-5.6524876,40.9793732]],[[-5.656933,40.9709705],[-5.6568777,40.971055]],[[-5.656933,40.9709705],[-5.6538811,40.9702357]],[[-5.6569109,40.9483287],[-5.6558971,40.9447666]],[[-5.6557239,40.9447919],[-5.6569109,40.9483287]],[[-5.6535314,40.9703535],[-5.6568777,40.971055]],[[-5.656619144533288,40.585311595963795],[-5.656318055632001,40.58548795761422]],[[-5.6283843034275485,40.65295900056184],[-5.631567,40.6382611],[-5.6330376,40.6201275],[-5.636308,40.6149238],[-5.6496535,40.602175],[-5.656619144533288,40.585311595963795]],[[-5.656318055632001,40.58548795761422],[-5.6324865,40.6165773],[-5.6291676,40.6226946],[-5.6286704,40.6317996]],[[-5.656318055632001,40.58548795761422],[-5.6494009,40.6021441],[-5.6330784,40.619454],[-5.628267911991839,40.65266832493182]],[[-5.6561899,40.9805559],[-5.647356,40.9875081]],[[-5.656066,40.9747953],[-5.6561465,40.9746314]],[[-5.6561465,40.9746314],[-5.6559698,40.9747436]],[[-5.6540994,40.9772363],[-5.656066,40.9747953]],[[-5.6559698,40.9747436],[-5.656066,40.9747953]],[[-5.6559698,40.9747436],[-5.6539675,40.9771645]],[[-5.6557239,40.9447919],[-5.6558971,40.9447666]],[[-5.6558971,40.9447666],[-5.6558432,40.9445922]],[[-5.6558432,40.9445922],[-5.6556129,40.9431665]],[[-5.6558432,40.9445922],[-5.6556878,40.9446149]],[[-5.6557262,40.9426079],[-5.6558115,40.942288]],[[-5.6558115,40.942288],[-5.6556014,40.9421117]],[[-5.6556488,40.9426575],[-5.6557262,40.9426079]],[[-5.6556878,40.9446149],[-5.6557239,40.9447919]],[[-5.6554707,40.9431769],[-5.6556878,40.9446149]],[[-5.6552964,40.9426953],[-5.6556488,40.9426575]],[[-5.6556129,40.9431665],[-5.6556488,40.9426575]],[[-5.6554707,40.9431769],[-5.6556129,40.9431665]],[[-5.6556014,40.9421117],[-5.6550742,40.93988]],[[-5.6556014,40.9421117],[-5.6551716,40.9421422]],[[-5.6554746,40.8640159],[-5.6418082,40.8439893],[-5.6385498,40.8360406],[-5.6384519,40.8263748],[-5.634995128766739,40.82142680742639]],[[-5.6552964,40.9426953],[-5.6554707,40.9431769]],[[-5.655101,40.9425972],[-5.6552964,40.9426953]],[[-5.654385,40.964759],[-5.6551967,40.9647079]],[[-5.6551967,40.9647079],[-5.6543536,40.96467]],[[-5.6551716,40.9421422],[-5.6550247,40.9422954]],[[-5.654941,40.9399116],[-5.6551716,40.9421422]],[[-5.6550247,40.9422954],[-5.655101,40.9425972]],[[-5.6417382,40.9429884],[-5.6456429,40.9418426],[-5.655101,40.9425972]],[[-5.654941,40.9399116],[-5.6550742,40.93988]],[[-5.6550742,40.93988],[-5.6549754,40.9397199]],[[-5.6550247,40.9422954],[-5.6414641,40.9425013]],[[-5.6549754,40.9397199],[-5.6548742,40.9397564]],[[-5.6549754,40.9397199],[-5.6542017,40.9389549]],[[-5.6548742,40.9397564],[-5.654941,40.9399116]],[[-5.6540401,40.9390457],[-5.6548742,40.9397564]],[[-5.654054,40.9647812],[-5.654385,40.964759]],[[-5.654385,40.964759],[-5.6543536,40.96467]],[[-5.6543536,40.96467],[-5.6540401,40.9646817]],[[-5.6540401,40.9390457],[-5.6542017,40.9389549]],[[-5.6542017,40.9389549],[-5.6539854,40.9387854]],[[-5.6539777,40.9774021],[-5.6540994,40.9772363]],[[-5.6540994,40.9772363],[-5.6539675,40.9771645]],[[-5.6537881,40.9648287],[-5.654054,40.9647812]],[[-5.6540401,40.9646817],[-5.654054,40.9647812]],[[-5.6538613,40.9388918],[-5.6540401,40.9390457]],[[-5.6540401,40.9646817],[-5.6537881,40.9648287]],[[-5.6539854,40.9387854],[-5.6538613,40.9388918]],[[-5.6539854,40.9387854],[-5.6519916,40.936051]],[[-5.6538176,40.9773518],[-5.6539777,40.9774021]],[[-5.6524416,40.9793163],[-5.6539777,40.9774021]],[[-5.6539675,40.9771645],[-5.6538176,40.9773518]],[[-5.6538811,40.9702357],[-5.6538937,40.9700997]],[[-5.6538937,40.9700997],[-5.6538292,40.9700803]],[[-5.6535314,40.9703535],[-5.6538811,40.9702357]],[[-5.6518083,40.9360639],[-5.6538613,40.9388918]],[[-5.6538292,40.9700803],[-5.6529952,40.968828]],[[-5.6538292,40.9700803],[-5.6536684,40.9700892]],[[-5.6538176,40.9773518],[-5.6521133,40.9792071]],[[-5.6477624,40.9683066],[-5.6537881,40.9648287]],[[-5.6536684,40.9700892],[-5.6534341,40.9701972]],[[-5.6527131,40.9688696],[-5.6536684,40.9700892]],[[-5.653387040536429,42.56839504862405],[-5.653572057324479,42.56834561111786]],[[-5.653572057324479,42.56834561111786],[-5.653444847865261,42.568273912767765]],[[-5.65342,40.9703342],[-5.6535314,40.9703535]],[[-5.6535173,41.4219647],[-5.6525609,41.4201418]],[[-5.6525609,41.4201418],[-5.6535173,41.4219647]],[[-5.653444847865261,42.568273912767765],[-5.653260142427979,42.568324193224655]],[[-5.653444847865261,42.568273912767765],[-5.6468937,42.5633431],[-5.6282709,42.5543045],[-5.6134095,42.5406299],[-5.596721162751024,42.528942938629015]],[[-5.6534341,40.9701972],[-5.6528348,40.9704561]],[[-5.6534341,40.9701972],[-5.65342,40.9703342]],[[-5.6528348,40.9704561],[-5.65342,40.9703342]],[[-5.582679592352056,42.56920555733201],[-5.5959554,42.5673425],[-5.6223986,42.5766884],[-5.653387040536429,42.56839504862405]],[[-5.653260142427979,42.568324193224655],[-5.653387040536429,42.56839504862405]],[[-5.653260142427979,42.568324193224655],[-5.6380901,42.5712958],[-5.62237,42.5765346],[-5.5961058,42.5671791],[-5.582667507619981,42.56908197679238]],[[-5.596562636356506,42.52907540713394],[-5.6131481,42.5407551],[-5.6280889,42.5544087],[-5.6477459,42.5639805],[-5.653260142427979,42.568324193224655]],[[-5.6529952,40.968828],[-5.6529997,40.9686142]],[[-5.6529997,40.9686142],[-5.6523385,40.968592]],[[-5.6527131,40.9688696],[-5.6529952,40.968828]],[[-5.6528348,40.9704561],[-5.6467271,40.9733501]],[[-5.652241,40.9687091],[-5.6527131,40.9688696]],[[-5.5886764,41.3475815],[-5.593954,41.3555897],[-5.6100545,41.3660506],[-5.6418307,41.4077109],[-5.6433706,41.412919],[-5.6513404,41.4168988],[-5.6525609,41.4201418]],[[-5.6524828,40.9796216],[-5.6524876,40.9793732]],[[-5.6524876,40.9793732],[-5.6524416,40.9793163]],[[-5.6521656,40.9797803],[-5.6524828,40.9796216]],[[-5.6524416,40.9793163],[-5.6521133,40.9792071]],[[-5.6523385,40.968592],[-5.652241,40.9687091]],[[-5.6523385,40.968592],[-5.652015,40.9686135]],[[-5.6519615,40.9515312],[-5.6522664,40.9512865]],[[-5.6522664,40.9512865],[-5.6516934,40.9508276]],[[-5.652015,40.9686135],[-5.652241,40.9687091]],[[-5.650991,40.980853],[-5.6521656,40.9797803]],[[-5.6518104,40.9796344],[-5.6521656,40.9797803]],[[-5.6521133,40.9792071],[-5.6519112,40.9792652]],[[-5.652015,40.9686135],[-5.6479172,40.9685805]],[[-5.6518083,40.9360639],[-5.6519916,40.936051]],[[-5.6519916,40.936051],[-5.6518083,40.9360639]],[[-5.6516637,40.9515375],[-5.6519615,40.9515312]],[[-5.6519112,40.9792652],[-5.6512394,40.9791909]],[[-5.6519112,40.9792652],[-5.6517915,40.9796054]],[[-5.6518104,40.9796344],[-5.6510867,40.9806642]],[[-5.6517915,40.9796054],[-5.6518104,40.9796344]],[[-5.6512915,40.9794406],[-5.6517915,40.9796054]],[[-5.6516934,40.9508276],[-5.6513327,40.9510847]],[[-5.6516934,40.9508276],[-5.64153997097171,40.94404807186547]],[[-5.6483923,40.9514986],[-5.6516637,40.9515375]],[[-5.6513196,40.9512409],[-5.6516637,40.9515375]],[[-5.6514716,41.9942996],[-5.6515863,41.9940678]],[[-5.6515863,41.9940678],[-5.6510321,41.993851]],[[-5.6508424,41.9940717],[-5.6514716,41.9942996]],[[-5.6514376,41.527576],[-5.5936238,41.5281312],[-5.5868936,41.5259451],[-5.580295,41.5283034],[-5.5542129,41.5289293],[-5.5490174,41.5271558],[-5.5433692,41.5214789],[-5.519041,41.5084503],[-5.4628393,41.5025737],[-5.4424428,41.5061585],[-5.4149576,41.5152252]],[[-5.6513327,40.9510847],[-5.6513196,40.9512409]],[[-5.6414678547830315,40.94414086981758],[-5.6513327,40.9510847]],[[-5.6513196,40.9512409],[-5.6484256,40.9513669]],[[-5.6512915,40.9794406],[-5.6510867,40.9806642]],[[-5.6511265,40.9793752],[-5.6512915,40.9794406]],[[-5.6511265,40.9793752],[-5.6512394,40.9791909]],[[-5.6512394,40.9791909],[-5.6509926,40.9790731]],[[-5.650828,40.9791888],[-5.6511265,40.9793752]],[[-5.6510867,40.9806642],[-5.650991,40.980853]],[[-5.6510321,41.993851],[-5.6431035,41.9906788]],[[-5.6510321,41.993851],[-5.6508424,41.9940717]],[[-5.6509926,40.9790731],[-5.650828,40.9791888]],[[-5.6509926,40.9790731],[-5.6467039,40.9735124]],[[-5.650991,40.980853],[-5.6467577,40.98747]],[[-5.6429186,41.9909073],[-5.6508424,41.9940717]],[[-5.6465701,40.9735391],[-5.650828,40.9791888]],[[-5.6483923,40.9514986],[-5.6484256,40.9513669]],[[-5.6484256,40.9513669],[-5.6481499,40.9513454]],[[-5.6481528,40.9514859],[-5.6483923,40.9514986]],[[-5.6481499,40.9513454],[-5.6481528,40.9514859]],[[-5.6421277,40.9509355],[-5.6481528,40.9514859]],[[-5.6481499,40.9513454],[-5.642138,40.9508308]],[[-5.6475595,40.9686476],[-5.6479172,40.9685805]],[[-5.6479172,40.9685805],[-5.6475515,40.9685412]],[[-5.6477624,40.9683066],[-5.647423,40.9684295]],[[-5.6475388,40.9685182],[-5.6477624,40.9683066]],[[-5.647054,40.968661],[-5.6475595,40.9686476]],[[-5.6475595,40.9686476],[-5.6475515,40.9685412]],[[-5.6475515,40.9685412],[-5.6475388,40.9685182]],[[-5.6475388,40.9685182],[-5.647423,40.9684295]],[[-5.647423,40.9684295],[-5.647049,40.9685643]],[[-5.647356,40.9875081],[-5.646879,40.9877258]],[[-5.6469122,40.9879161],[-5.647356,40.9875081]],[[-5.647049,40.9685643],[-5.647054,40.968661]],[[-5.6468452,40.9686314],[-5.647054,40.968661]],[[-5.647049,40.9685643],[-5.6468452,40.9686314]],[[-5.6467001,40.9880343],[-5.6469122,40.9879161]],[[-5.6469122,40.9879161],[-5.646879,40.9877258]],[[-5.646879,40.9877258],[-5.6467747,40.9876651]],[[-5.6468452,40.9686314],[-5.6436949,40.9689202]],[[-5.6467747,40.9876651],[-5.6467577,40.98747]],[[-5.6467747,40.9876651],[-5.6465794,40.9876648]],[[-5.6467577,40.98747],[-5.6465794,40.9876648]],[[-5.6467039,40.9735124],[-5.6467271,40.9733501]],[[-5.6467271,40.9733501],[-5.6465585,40.9733068]],[[-5.6465701,40.9735391],[-5.6467039,40.9735124]],[[-5.6446064,40.9894004],[-5.6467001,40.9880343]],[[-5.6464649,40.9879499],[-5.6467001,40.9880343]],[[-5.6464716,40.9646957],[-5.646612,40.9642411]],[[-5.646612,40.9642411],[-5.6449661,40.961422]],[[-5.646612,40.9642411],[-5.646229,40.9643335]],[[-5.6465794,40.9876648],[-5.6464649,40.9879499]],[[-5.6464564,40.9733729],[-5.6465701,40.9735391]],[[-5.6465585,40.9733068],[-5.6464564,40.9733729]],[[-5.6465585,40.9733068],[-5.643833,40.9704066]],[[-5.6436949,40.9689202],[-5.64386,40.9660509],[-5.6464716,40.9646957]],[[-5.6461828,40.9644889],[-5.6464716,40.9646957]],[[-5.6464649,40.9879499],[-5.6446064,40.9894004]],[[-5.6436732,40.9704214],[-5.6464564,40.9733729]],[[-5.646229,40.9643335],[-5.6461828,40.9644889]],[[-5.6446312,40.9615545],[-5.646229,40.9643335]],[[-5.6461828,40.9644889],[-5.6436099,40.9661084],[-5.6435663,40.9689334]],[[-5.6450889,40.957887],[-5.6454073,40.9579112]],[[-5.6448243,40.9611071],[-5.6454073,40.9579112]],[[-5.6454073,40.9579112],[-5.6451871,40.9574696]],[[-5.6451871,40.9574696],[-5.644962,40.9576859]],[[-5.6451871,40.9574696],[-5.6406418,40.9509704]],[[-5.6450889,40.957887],[-5.6445813,40.9610937]],[[-5.644962,40.9576859],[-5.6450889,40.957887]],[[-5.6446312,40.9615545],[-5.6449661,40.961422]],[[-5.6449661,40.961422],[-5.6448243,40.9611071]],[[-5.6402604,40.9509592],[-5.644962,40.9576859]],[[-5.6448243,40.9611071],[-5.6445813,40.9610937]],[[-5.6445813,40.9610937],[-5.6446312,40.9615545]],[[-5.6436558,40.9899937],[-5.6446064,40.9894004]],[[-5.6436732,40.9704214],[-5.643833,40.9704066]],[[-5.643833,40.9704066],[-5.6438125,40.9701099]],[[-5.6438125,40.9701099],[-5.6436949,40.9689202]],[[-5.6438125,40.9701099],[-5.6436307,40.9701146]],[[-5.6436949,40.9689202],[-5.6435663,40.9689334]],[[-5.6436307,40.9701146],[-5.6436732,40.9704214]],[[-5.6433293,40.9901999],[-5.6436558,40.9899937]],[[-5.6436558,40.9899937],[-5.6433293,40.9901999]],[[-5.6435663,40.9689334],[-5.6436307,40.9701146]],[[-5.6343803,40.9957455],[-5.6433293,40.9901999]],[[-5.6429186,41.9909073],[-5.6431035,41.9906788]],[[-5.6431035,41.9906788],[-5.6426612,41.9905058]],[[-5.6425096,41.990726],[-5.6429186,41.9909073]],[[-5.6426612,41.9905058],[-5.6403405,41.9896734]],[[-5.6426612,41.9905058],[-5.6425096,41.990726]],[[-5.6402925,41.989729],[-5.6425096,41.990726]],[[-5.6420085,40.9468679],[-5.6422348,40.9469272]],[[-5.6407121,40.9505619],[-5.6422348,40.9469272]],[[-5.6422348,40.9469272],[-5.6421082,40.9465976]],[[-5.6421277,40.9509355],[-5.642138,40.9508308]],[[-5.642138,40.9508308],[-5.6418417,40.9508106]],[[-5.6418367,40.9509161],[-5.6421277,40.9509355]],[[-5.6421082,40.9465976],[-5.6419867,40.9466751]],[[-5.6421082,40.9465976],[-5.6407042,40.9455141]],[[-5.6420085,40.9468679],[-5.6404041,40.9504859]],[[-5.6419867,40.9466751],[-5.6420085,40.9468679]],[[-5.6401853,40.9455774],[-5.6419867,40.9466751]],[[-5.6418417,40.9508106],[-5.6418367,40.9509161]],[[-5.6418417,40.9508106],[-5.640791,40.9506583]],[[-5.6407297,40.9509135],[-5.6418367,40.9509161]],[[-5.64153997097171,40.94404807186547],[-5.6417382,40.9429884]],[[-5.6417382,40.9429884],[-5.6414641,40.9425013]],[[-5.6414678547830315,40.94414086981758],[-5.64153997097171,40.94404807186547]],[[-5.64153997097171,40.94404807186547],[-5.63883206320241,40.94383948495845]],[[-5.6403666,40.9446699],[-5.6414678547830315,40.94414086981758]],[[-5.638886413101804,40.94394846596274],[-5.6414678547830315,40.94414086981758]],[[-5.6414641,40.9425013],[-5.6397339,40.9420811]],[[-5.6410068,42.8778303],[-5.6384405,42.8800668]],[[-5.6384405,42.8800668],[-5.6410068,42.8778303]],[[-5.6410068,42.8778303],[-5.6409413,42.8733206],[-5.6449736,42.8698994],[-5.6688766,42.868383],[-5.6752014,42.8581566],[-5.6675281,42.8557204],[-5.6651524,42.8527623],[-5.6641464,42.8483714],[-5.6652691,42.8445203],[-5.6548002,42.8429389],[-5.6557486,42.8368416],[-5.6536369,42.8307547],[-5.647126,42.8286709],[-5.6447822,42.8254986],[-5.6401511,42.8237231],[-5.6360789,42.8199129],[-5.6270284,42.8184066],[-5.6277279,42.8107428],[-5.6316557,42.8062361]],[[-5.6407297,40.9509135],[-5.640791,40.9506583]],[[-5.640791,40.9506583],[-5.6407121,40.9505619]],[[-5.6406418,40.9509704],[-5.6407297,40.9509135]],[[-5.6407121,40.9505619],[-5.6404041,40.9504859]],[[-5.6407042,40.9455141],[-5.6400578,40.9449297]],[[-5.6407042,40.9455141],[-5.6402102,40.9453904]],[[-5.6402604,40.9509592],[-5.6406418,40.9509704]],[[-5.6404041,40.9504859],[-5.6401988,40.9505734]],[[-5.6396463,40.9445681],[-5.6403666,40.9446699]],[[-5.6400578,40.9449297],[-5.6403666,40.9446699]],[[-5.640151,40.9508626],[-5.6402604,40.9509592]],[[-5.6401853,40.9455774],[-5.6402102,40.9453904]],[[-5.6402102,40.9453904],[-5.6401342,40.9453279]],[[-5.6401988,40.9505734],[-5.6379874,40.950503]],[[-5.6401988,40.9505734],[-5.640151,40.9508626]],[[-5.6399232,40.9453149],[-5.6401853,40.9455774]],[[-5.6379584,40.9505836],[-5.640151,40.9508626]],[[-5.6401342,40.9453279],[-5.6400578,40.9449297]],[[-5.6401342,40.9453279],[-5.6399232,40.9453149]],[[-5.6396463,40.9445681],[-5.6399232,40.9453149]],[[-5.6397339,40.9420811],[-5.6388968,40.9419509]],[[-5.6397339,40.9420811],[-5.6390469,40.9425168]],[[-5.6395839,42.8064206],[-5.6396536,42.8062865]],[[-5.6396536,42.8062865],[-5.6395839,42.8064206]],[[-5.638886413101804,40.94394846596274],[-5.6396463,40.9445681]],[[-5.6395839,42.8064206],[-5.6373475,42.8077303]],[[-5.6390469,40.9425168],[-5.63883206320241,40.94383948495845]],[[-5.6388968,40.9419509],[-5.6390469,40.9425168]],[[-5.6388968,40.9419509],[-5.6376098,40.9410963]],[[-5.381027984272127,40.929157275250205],[-5.4528437,40.9310401],[-5.4854436,40.9277205],[-5.5220594,40.9190313],[-5.530672,40.921132],[-5.5421135,40.9283158],[-5.5569769,40.9320879],[-5.566358,40.9322183],[-5.5789891,40.9289828],[-5.585677,40.9297215],[-5.5917467,40.9335073],[-5.5961541,40.9422256],[-5.6009993,40.9446177],[-5.638886413101804,40.94394846596274]],[[-5.63883206320241,40.94383948495845],[-5.638886413101804,40.94394846596274]],[[-5.63883206320241,40.94383948495845],[-5.6010324,40.9444392],[-5.5962163,40.9419749],[-5.5918857,40.9334175],[-5.5857363,40.9295933],[-5.5789535,40.9288561],[-5.5662971,40.9320859],[-5.5570124,40.9319535],[-5.542207,40.9282024],[-5.5307484,40.9210069],[-5.5229594,40.918936],[-5.516241,40.9193797],[-5.4853697,40.9275959],[-5.4645193,40.9287182],[-5.453227,40.9308761],[-5.381012463845591,40.92900084366941]],[[-5.6379867,42.5819076],[-5.63836,42.5816917]],[[-5.6379867,42.5819076],[-5.63836,42.5816917]],[[-5.63836,42.5816917],[-5.6382467,42.5816479]],[[-5.6382467,42.5816479],[-5.6378981,42.5818722]],[[-5.6382467,42.5816479],[-5.6378981,42.5818722]],[[-5.6379584,40.9505836],[-5.6379874,40.950503]],[[-5.6379874,40.950503],[-5.6378573,40.9504855]],[[-5.6135324,42.5911897],[-5.6379867,42.5819076]],[[-5.6378981,42.5818722],[-5.6379867,42.5819076]],[[-5.6378591,40.950578],[-5.6379584,40.9505836]],[[-5.6378981,42.5818722],[-5.613498,42.5910088]],[[-5.6378573,40.9504855],[-5.6378591,40.950578]],[[-5.6337521,40.9501807],[-5.6378591,40.950578]],[[-5.6378573,40.9504855],[-5.6338007,40.9500787]],[[-5.6376098,40.9410963],[-5.6374146,40.9408716]],[[-5.6373138,40.9409669],[-5.6376098,40.9410963]],[[-5.6373138,40.9409669],[-5.6374146,40.9408716]],[[-5.6374146,40.9408716],[-5.6371431,40.9406869]],[[-5.6370828,42.8078183],[-5.6373475,42.8077303]],[[-5.6373475,42.8077303],[-5.6370828,42.8078183]],[[-5.6370205,40.9407823],[-5.6373138,40.9409669]],[[-5.6371431,40.9406869],[-5.6370205,40.9407823]],[[-5.6371431,40.9406869],[-5.6368288,40.9405767]],[[-5.6335698,42.8080356],[-5.6370828,42.8078183]],[[-5.6368288,40.9405767],[-5.6370205,40.9407823]],[[-5.6368288,40.9405767],[-5.6273976,40.9340549]],[[-5.634995128766739,40.82142680742639],[-5.6396601,40.8085063],[-5.6359199,40.7926598],[-5.6277582,40.7699938],[-5.6286196,40.7637042],[-5.6328459,40.7542433],[-5.6297455,40.741797],[-5.6337109,40.729021],[-5.6318298,40.7236146],[-5.6237619,40.714093],[-5.6253867,40.6942469],[-5.620245533482345,40.67867018502757]],[[-5.634995128766739,40.82142680742639],[-5.63479668997996,40.82124174917295]],[[-5.6201608678083685,40.67905517652064],[-5.6251517,40.6942505],[-5.6235382,40.7141413],[-5.6316511,40.7237172],[-5.6334794,40.7290136],[-5.6295277,40.7417607],[-5.6326137,40.754237],[-5.6275108,40.7689823],[-5.6394455,40.8085995],[-5.63479668997996,40.82124174917295]],[[-5.63479668997996,40.82124174917295],[-5.6290255,40.8154674],[-5.6294197,40.8116535]],[[-5.6343803,40.9957455],[-5.6339386,40.9958269]],[[-5.6340609,40.9959768],[-5.6343803,40.9957455]],[[-5.6341201,42.8066596],[-5.633444,42.8079129]],[[-5.6341201,42.8066596],[-5.6340289,42.8064841]],[[-5.6340289,42.8064841],[-5.6341201,42.8066596]],[[-5.6336406,40.996213],[-5.6340609,40.9959768]],[[-5.6340609,40.9959768],[-5.6339386,40.9958269]],[[-5.632544,42.805958],[-5.6340289,42.8064841]],[[-5.6339386,40.9958269],[-5.6334804,40.9960806]],[[-5.6337521,40.9501807],[-5.6338007,40.9500787]],[[-5.6338007,40.9500787],[-5.6334114,40.9500476]],[[-5.633446,40.950166],[-5.6337521,40.9501807]],[[-5.6284934564307525,41.00011140050485],[-5.6336406,40.996213]],[[-5.6334804,40.9960806],[-5.6336406,40.996213]],[[-5.633444,42.8079129],[-5.6335698,42.8080356]],[[-5.6335698,42.8080356],[-5.633444,42.8079129]],[[-5.6334804,40.9960806],[-5.627244210930698,41.000197711421016]],[[-5.6334114,40.9500476],[-5.633446,40.950166]],[[-5.6306555,40.9502322],[-5.633446,40.950166]],[[-5.6334114,40.9500476],[-5.6306641,40.9501434]],[[-5.632544,42.805958],[-5.6322857,42.8057397]],[[-5.6321717,42.8058395],[-5.632544,42.805958]],[[-5.632294,42.8051294],[-5.6320911,42.8055332]],[[-5.6322129,42.8055689],[-5.632294,42.8051294]],[[-5.632294,42.8051294],[-5.6332591,42.7976959],[-5.631052364280153,42.7948931496477]],[[-5.6321717,42.8058395],[-5.6322857,42.8057397]],[[-5.6322857,42.8057397],[-5.6322129,42.8055689]],[[-5.6322129,42.8055689],[-5.6320911,42.8055332]],[[-5.6319904,42.8058441],[-5.6321717,42.8058395]],[[-5.6321483,40.8083903],[-5.6294197,40.8116535]],[[-5.6294197,40.8116535],[-5.6321483,40.8083903]],[[-5.6258871,40.7722545],[-5.6334434,40.7942324],[-5.6321483,40.8083903]],[[-5.6320911,42.8055332],[-5.6318866,42.8057797]],[[-5.6316557,42.8062361],[-5.6319904,42.8058441]],[[-5.6318866,42.8057797],[-5.6319904,42.8058441]],[[-5.6318866,42.8057797],[-5.6316557,42.8062361]],[[-5.631052364280153,42.7948931496477],[-5.6312177,42.7947253]],[[-5.6190795,42.801234],[-5.6270732,42.8004205],[-5.631052364280153,42.7948931496477]],[[-5.631052364280153,42.7948931496477],[-5.6184381,42.7835805],[-5.6030755,42.7781597],[-5.6037674,42.7762806],[-5.6110302,42.7719393],[-5.6136964,42.7658037],[-5.6128968,42.73325],[-5.6142253,42.7271704],[-5.6099681,42.6979751],[-5.5996407,42.6741619],[-5.5989644,42.6695038],[-5.5938632,42.6625184],[-5.5971801,42.6565774],[-5.5919431,42.6392944],[-5.5893042,42.6358498]],[[-5.6306555,40.9502322],[-5.6306641,40.9501434]],[[-5.6306641,40.9501434],[-5.6305326,40.9501378]],[[-5.6305421,40.9502369],[-5.6306555,40.9502322]],[[-5.6305326,40.9501378],[-5.6305421,40.9502369]],[[-5.6296764,40.9502185],[-5.6305421,40.9502369]],[[-5.6305326,40.9501378],[-5.6296721,40.9501332]],[[-5.6295607,40.9502183],[-5.6296764,40.9502185]],[[-5.6296764,40.9502185],[-5.6296721,40.9501332]],[[-5.6296721,40.9501332],[-5.6295667,40.9501322]],[[-5.6295667,40.9501322],[-5.6277386,40.9500954]],[[-5.6295667,40.9501322],[-5.6295607,40.9502183]],[[-5.6277038,40.9502133],[-5.6295607,40.9502183]],[[-5.6287347,40.6324738],[-5.6287536,40.6320404]],[[-5.6287536,40.6320404],[-5.6286704,40.6317996]],[[-5.6287536,40.6320404],[-5.6285498,40.6320354]],[[-5.628522,40.6324658],[-5.6287347,40.6324738]],[[-5.6286158,40.6327592],[-5.6287347,40.6324738]],[[-5.6286704,40.6317996],[-5.6285498,40.6320354]],[[-5.6286158,40.6327592],[-5.628267911991839,40.65266832493182]],[[-5.628522,40.6324658],[-5.6286158,40.6327592]],[[-5.6285498,40.6320354],[-5.628522,40.6324658]],[[-5.6284934564307525,41.00011140050485],[-5.627244210930698,41.000197711421016]],[[-5.628423460696237,41.00029089944775],[-5.6284934564307525,41.00011140050485]],[[-5.626932890762917,41.00039452722626],[-5.628423460696237,41.00029089944775]],[[-5.6220828,41.0034335],[-5.628423460696237,41.00029089944775]],[[-5.620245533482345,40.67867018502757],[-5.6189608,40.6689304],[-5.6283843034275485,40.65295900056184]],[[-5.6283843034275485,40.65295900056184],[-5.6286733,40.6550263],[-5.6222266,40.6664909]],[[-5.628267911991839,40.65266832493182],[-5.6283843034275485,40.65295900056184]],[[-5.628267911991839,40.65266832493182],[-5.618751,40.6688757],[-5.6183864,40.673813],[-5.6201608678083685,40.67905517652064]],[[-5.6277038,40.9502133],[-5.6277386,40.9500954]],[[-5.6277386,40.9500954],[-5.6274248,40.9500608]],[[-5.6273527,40.9501636],[-5.6277038,40.9502133]],[[-5.6274248,40.9500608],[-5.627128,40.9501137]],[[-5.6274248,40.9500608],[-5.6273527,40.9501636]],[[-5.6273976,40.9340549],[-5.6272224,40.9337455]],[[-5.6270248,40.9339336],[-5.6273976,40.9340549]],[[-5.627128,40.9501137],[-5.6273527,40.9501636]],[[-5.627244210930698,41.000197711421016],[-5.6145704,41.0018578],[-5.5878254,41.0126854],[-5.5762793,41.0259593],[-5.5638443,41.0361584],[-5.554988,41.0480824],[-5.5432793,41.0568709],[-5.5340345,41.066928],[-5.5274492,41.070641],[-5.5129115,41.0752846],[-5.5079528,41.0786414],[-5.5049069,41.0832457],[-5.5026398553797256,41.09298098409248]],[[-5.627244210930698,41.000197711421016],[-5.626932890762917,41.00039452722626]],[[-5.6270248,40.9339336],[-5.6272224,40.9337455]],[[-5.6272224,40.9337455],[-5.6268112,40.9335026]],[[-5.6216361,40.9499418],[-5.627128,40.9501137]],[[-5.6266255,40.933659],[-5.6270248,40.9339336]],[[-5.502913444212121,41.09281814252032],[-5.5051229,41.0833146],[-5.5082006,41.0786844],[-5.5349258,41.0664434],[-5.5430093,41.0573798],[-5.5551289,41.0482278],[-5.5640165,41.0362612],[-5.5757153,41.026789],[-5.5879414,41.0128453],[-5.6146282,41.0020253],[-5.626932890762917,41.00039452722626]],[[-5.626932890762917,41.00039452722626],[-5.6220828,41.0034335]],[[-5.6268112,40.9335026],[-5.6266255,40.933659]],[[-5.6268112,40.9335026],[-5.6264765,40.9334003]],[[-5.6264765,40.9334003],[-5.6266255,40.933659]],[[-5.6264765,40.9334003],[-5.6148104,40.9251042],[-5.6070514,40.9228782],[-5.5995259,40.9169123],[-5.5887975,40.8980933]],[[-5.6264117,40.7653925],[-5.6258871,40.7722545]],[[-5.6258871,40.7722545],[-5.6264117,40.7653925]],[[-5.6185658,40.7147584],[-5.6202177,40.7193122],[-5.6276715,40.7232743],[-5.6323099,40.729853],[-5.6278107,40.7380466],[-5.6272335,40.7510952],[-5.6293091,40.756467],[-5.6264117,40.7653925]],[[-5.6228191,40.7025477],[-5.6222924,40.7049968]],[[-5.6225132,40.7050212],[-5.6228191,40.7025477]],[[-5.6201608678083685,40.67905517652064],[-5.6236883,40.6892058],[-5.621997,40.693411],[-5.6228191,40.7025477]],[[-5.6224053,40.7053472],[-5.6225132,40.7050212]],[[-5.6225132,40.7050212],[-5.6222924,40.7049968]],[[-5.6222665,40.7053303],[-5.6224053,40.7053472]],[[-5.6222012,40.7077609],[-5.6224053,40.7053472]],[[-5.6222924,40.7049968],[-5.6222665,40.7053303]],[[-5.6222665,40.7053303],[-5.6222012,40.7077609]],[[-5.6222266,40.6664909],[-5.6192982,40.6725217]],[[-5.6192982,40.6725217],[-5.6222266,40.6664909]],[[-5.6222012,40.7077609],[-5.6222286,40.7103153],[-5.6199408,40.7122423]],[[-5.6220828,41.0034335],[-5.6114271,41.0098854]],[[-5.621476,40.9499876],[-5.6216361,40.9499418]],[[-5.6216361,40.9499418],[-5.621469,40.9498886]],[[-5.62129,40.9499695],[-5.621476,40.9499876]],[[-5.621476,40.9499876],[-5.621469,40.9498886]],[[-5.621469,40.9498886],[-5.6213009,40.9498972]],[[-5.6213009,40.9498972],[-5.6210498,40.9499179]],[[-5.6213009,40.9498972],[-5.62129,40.9499695]],[[-5.6210498,40.9499179],[-5.62129,40.9499695]],[[-5.6061659,40.9494309],[-5.6210498,40.9499179]],[[-5.620245533482345,40.67867018502757],[-5.6201608678083685,40.67905517652064]],[[-5.6192982,40.6725217],[-5.620245533482345,40.67867018502757]],[[-5.6201775,41.976246],[-5.6197589,41.9764454]],[[-5.6200434,41.976623],[-5.6201775,41.976246]],[[-5.6194513,41.9770592],[-5.6200434,41.976623]],[[-5.6200434,41.976623],[-5.6197589,41.9764454]],[[-5.6199408,40.7122423],[-5.6185658,40.7147584]],[[-5.6185658,40.7147584],[-5.6199408,40.7122423]],[[-5.6197589,41.9764454],[-5.6192012,41.9767456]],[[-5.6196556,42.6548159],[-5.6194379,42.6544161]],[[-5.6192095,42.6544885],[-5.6196556,42.6548159]],[[-5.6192012,41.9767456],[-5.6194513,41.9770592]],[[-5.6189041,41.9771017],[-5.6194513,41.9770592]],[[-5.6192095,42.6544885],[-5.6194379,42.6544161]],[[-5.6194379,42.6544161],[-5.619323,42.6542289]],[[-5.619323,42.6542289],[-5.618846,42.653871]],[[-5.619323,42.6542289],[-5.619087,42.6543334]],[[-5.619087,42.6543334],[-5.6192095,42.6544885]],[[-5.6192012,41.9767456],[-5.6189041,41.9771017]],[[-5.618846,42.653871],[-5.619087,42.6543334]],[[-5.6190795,42.801234],[-5.6185656,42.8011535]],[[-5.618643,42.8013667],[-5.6190795,42.801234]],[[-5.6189041,41.9771017],[-5.6149664,41.9781732]],[[-5.6114892,42.6367053],[-5.6142283,42.641446],[-5.6138281,42.6471939],[-5.618846,42.653871]],[[-5.6181647,42.801444],[-5.618643,42.8013667]],[[-5.618643,42.8013667],[-5.6185656,42.8011535]],[[-5.6185656,42.8011535],[-5.6181025,42.8012474]],[[-5.6181025,42.8012474],[-5.6181647,42.801444]],[[-5.6175583,42.8014084],[-5.6181647,42.801444]],[[-5.6181025,42.8012474],[-5.6175583,42.8014084]],[[-5.6177727,40.2984243],[-5.615307,40.2995992]],[[-5.615307,40.2995992],[-5.6177727,40.2984243]],[[-5.5125083,42.8379507],[-5.5474152,42.8262616],[-5.566578,42.8098847],[-5.574697,42.809765],[-5.6004554,42.8029779],[-5.6175583,42.8014084]],[[-5.5966038,40.31376],[-5.615307,40.2995992]],[[-5.6149664,41.9781732],[-5.6144963,41.9781232]],[[-5.6146203,41.9784304],[-5.6149664,41.9781732]],[[-5.6142658,41.9785975],[-5.6146203,41.9784304]],[[-5.6146203,41.9784304],[-5.6144963,41.9781232]],[[-5.6144963,41.9781232],[-5.613989,41.978483]],[[-5.6139118,41.9788438],[-5.6142658,41.9785975]],[[-5.613989,41.978483],[-5.6142658,41.9785975]],[[-5.613989,41.978483],[-5.6139118,41.9788438]],[[-5.6139118,41.9788438],[-5.613409160624202,41.979320959845516]],[[-5.6138703,42.3269969],[-5.6091453590758675,42.32603864227352]],[[-5.609161821277092,42.32610652910524],[-5.6138703,42.3269969]],[[-5.6127511,42.591103],[-5.6135324,42.5911897]],[[-5.6135324,42.5911897],[-5.613498,42.5910088]],[[-5.613498,42.5910088],[-5.6128696,42.5909295]],[[-5.613267179672275,41.97944798939636],[-5.613409160624202,41.979320959845516]],[[-5.613409160624202,41.979320959845516],[-5.6000666,41.9711312]],[[-5.6126532,41.9799662],[-5.613267179672275,41.97944798939636]],[[-5.6041715,41.9740228],[-5.613267179672275,41.97944798939636]],[[-5.6128696,42.5909295],[-5.6061978,42.5859864]],[[-5.6128696,42.5909295],[-5.6127511,42.591103]],[[-5.6061073,42.5860504],[-5.6127511,42.591103]],[[-5.6126532,41.9799662],[-5.6122572,41.9799918]],[[-5.6124346,41.9802246],[-5.6126532,41.9799662]],[[-5.612282,41.9804412],[-5.6124346,41.9802246]],[[-5.6124346,41.9802246],[-5.6122572,41.9799918]],[[-5.6119213,41.9804632],[-5.612282,41.9804412]],[[-5.6121412,41.9808359],[-5.612282,41.9804412]],[[-5.6122572,41.9799918],[-5.6119213,41.9804632]],[[-5.6113549,41.9823263],[-5.6121412,41.9808359]],[[-5.6119213,41.9804632],[-5.6121412,41.9808359]],[[-5.6114892,42.6367053],[-5.6113964,42.6365194]],[[-5.6112195,42.6365842],[-5.6114892,42.6367053]],[[-5.6114271,41.0098854],[-5.6109331,41.0100411]],[[-5.6110812,41.0101983],[-5.6114271,41.0098854]],[[-5.6112195,42.6365842],[-5.6113964,42.6365194]],[[-5.6113964,42.6365194],[-5.6112633,42.636279]],[[-5.6113549,41.9823263],[-5.6110142,41.9824633]],[[-5.6112436,41.9825974],[-5.6113549,41.9823263]],[[-5.6112633,42.636279],[-5.6110868,42.6361548]],[[-5.6112633,42.636279],[-5.6110875,42.636315]],[[-5.610763,41.9829381],[-5.6112436,41.9825974]],[[-5.6112436,41.9825974],[-5.6110142,41.9824633]],[[-5.6110875,42.636315],[-5.6112195,42.6365842]],[[-5.6110868,42.6361548],[-5.6110875,42.636315]],[[-5.6038794,42.6196228],[-5.6110868,42.6361548]],[[-5.6107183,41.010402],[-5.6110812,41.0101983]],[[-5.6110812,41.0101983],[-5.6109331,41.0100411]],[[-5.6110142,41.9824633],[-5.6105877,41.9827152]],[[-5.6109331,41.0100411],[-5.6105608,41.0102464]],[[-5.6105877,41.9827152],[-5.610763,41.9829381]],[[-5.6102968,41.9830154],[-5.610763,41.9829381]],[[-5.6103208,41.0104808],[-5.6107183,41.010402]],[[-5.6105608,41.0102464],[-5.6107183,41.010402]],[[-5.6105877,41.9827152],[-5.6102968,41.9830154]],[[-5.6105608,41.0102464],[-5.6103208,41.0104808]],[[-5.6103208,41.0104808],[-5.5919794,41.0205382]],[[-5.6102968,41.9830154],[-5.598989,41.988261],[-5.5492185,42.0022416],[-5.5255484,41.9938697],[-5.4895308,41.9890375],[-5.4052795,41.987386],[-5.3701889,42.0067862]],[[-5.596721162751024,42.528942938629015],[-5.5940186,42.5200509],[-5.5995172,42.5011743],[-5.5999232,42.4907943],[-5.5967248,42.4818113],[-5.5831774,42.4635758],[-5.5809513,42.4516396],[-5.58615,42.43345],[-5.58632,42.4163],[-5.5936451,42.4026972],[-5.5959061,42.3951044],[-5.5956212,42.36502],[-5.5991111,42.3548279],[-5.6083601,42.3379603],[-5.609161821277092,42.32610652910524]],[[-5.609161821277092,42.32610652910524],[-5.6091453590758675,42.32603864227352]],[[-5.608854222620646,42.326048370270385],[-5.609161821277092,42.32610652910524]],[[-5.6091453590758675,42.32603864227352],[-5.6088383325130176,42.32597790597255]],[[-5.608854222620646,42.326048370270385],[-5.6081026,42.3378906],[-5.5988672,42.3547836],[-5.595331,42.3650074],[-5.5956228,42.3950791],[-5.5937174,42.4019055],[-5.5860441,42.4162848],[-5.5858263,42.4337513],[-5.5806111,42.4528298],[-5.5837868,42.4653487],[-5.5950735,42.4796628],[-5.5996591,42.4906961],[-5.5995649,42.4999079],[-5.5937503,42.5200596],[-5.596562636356506,42.52907540713394]],[[-5.6088383325130176,42.32597790597255],[-5.608854222620646,42.326048370270385]],[[-5.6043656,42.3250935],[-5.608854222620646,42.326048370270385]],[[-5.6088383325130176,42.32597790597255],[-5.6043656,42.3250935]],[[-5.6061073,42.5860504],[-5.6061978,42.5859864]],[[-5.6061978,42.5859864],[-5.6059326,42.5857732]],[[-5.605999,40.9494255],[-5.6061659,40.9494309]],[[-5.6061659,40.9494309],[-5.605999,40.9494255]],[[-5.6058382,42.5858376],[-5.6061073,42.5860504]],[[-5.5996586,40.9491184],[-5.605999,40.9494255]],[[-5.6059326,42.5857732],[-5.6058382,42.5858376]],[[-5.6059326,42.5857732],[-5.602885,42.5836396],[-5.5982329,42.5837242]],[[-5.5982508,42.5839317],[-5.6027223,42.5836847],[-5.6058382,42.5858376]],[[-5.6019313,42.3246104],[-5.6043656,42.3250935]],[[-5.592717183772119,41.9668725934541],[-5.6041715,41.9740228]],[[-5.592717183772119,41.9668725934541],[-5.5925814,41.9694332],[-5.5945652,41.9716544],[-5.6041715,41.9740228]],[[-5.6038794,42.6196228],[-5.6037211,42.619283]],[[-5.6035258,42.6193659],[-5.6038794,42.6196228]],[[-5.6035258,42.6193659],[-5.6037211,42.619283]],[[-5.6037211,42.619283],[-5.6035707,42.6190544]],[[-5.6035707,42.6190544],[-5.6032542,42.6186737]],[[-5.6035707,42.6190544],[-5.603369,42.6191103]],[[-5.603369,42.6191103],[-5.6035258,42.6193659]],[[-5.6032542,42.6186737],[-5.603369,42.6191103]],[[-5.5996073,42.6126391],[-5.6032542,42.6186737]],[[-5.6019313,42.3246104],[-5.5976814,42.3237639]],[[-5.5976814,42.3237639],[-5.6019313,42.3246104]],[[-5.6000666,41.9711312],[-5.592822601960685,41.96668724404322]],[[-5.5996586,40.9491184],[-5.5993917,40.9489194]],[[-5.599268,40.9491196],[-5.5996586,40.9491184]],[[-5.5996073,42.6126391],[-5.5994692,42.6124024]],[[-5.5993225,42.6125355],[-5.5996073,42.6126391]],[[-5.5993225,42.6125355],[-5.5994692,42.6124024]],[[-5.5994692,42.6124024],[-5.5993305,42.6122146]],[[-5.599268,40.9491196],[-5.5993917,40.9489194]],[[-5.5993917,40.9489194],[-5.5986867,40.9489665]],[[-5.5993305,42.6122146],[-5.5990547,42.61201]],[[-5.5993305,42.6122146],[-5.5990744,42.6122476]],[[-5.5990744,42.6122476],[-5.5993225,42.6125355]],[[-5.5988213,40.9491301],[-5.599268,40.9491196]],[[-5.5990547,42.61201],[-5.5990744,42.6122476]],[[-5.5950347,42.6090877],[-5.5990547,42.61201]],[[-5.5984165,40.9491711],[-5.5988213,40.9491301]],[[-5.5986867,40.9489665],[-5.5988213,40.9491301]],[[-5.5986867,40.9489665],[-5.5984165,40.9491711]],[[-5.5784654,40.9485254],[-5.5984165,40.9491711]],[[-5.5978063,42.5839551],[-5.5982508,42.5839317]],[[-5.5982508,42.5839317],[-5.5982329,42.5837242]],[[-5.5982329,42.5837242],[-5.5977549,42.5837972]],[[-5.5977549,42.5837972],[-5.5978063,42.5839551]],[[-5.584500812494058,42.58515590485305],[-5.5978063,42.5839551]],[[-5.5977549,42.5837972],[-5.5844980816600005,42.58511860740896]],[[-5.5933214,42.3220258],[-5.5976814,42.3237639]],[[-5.596721162751024,42.528942938629015],[-5.596562636356506,42.52907540713394]],[[-5.5966038,40.31376],[-5.5939991,40.3157417]],[[-5.5939991,40.3157417],[-5.5966038,40.31376]],[[-5.596562636356506,42.52907540713394],[-5.5956743,42.5297859]],[[-5.5956743,42.5297859],[-5.595392,42.5299148]],[[-5.5955504,42.5300273],[-5.5956743,42.5297859]],[[-5.5949493,42.5306404],[-5.5955504,42.5300273]],[[-5.5955504,42.5300273],[-5.595392,42.5299148]],[[-5.595392,42.5299148],[-5.5946386,42.5304678]],[[-5.5950347,42.6090877],[-5.5949535,42.6089211]],[[-5.5947405,42.6090155],[-5.5950347,42.6090877]],[[-5.5947405,42.6090155],[-5.5949535,42.6089211]],[[-5.5949535,42.6089211],[-5.5944331,42.6088565]],[[-5.5946386,42.5304678],[-5.5949493,42.5306404]],[[-5.5945375,42.5307028],[-5.5949493,42.5306404]],[[-5.594598,42.6090022],[-5.5947405,42.6090155]],[[-5.5946386,42.5304678],[-5.5945375,42.5307028]],[[-5.5922287,42.6104207],[-5.594598,42.6090022]],[[-5.5944331,42.6088565],[-5.594598,42.6090022]],[[-5.5945375,42.5307028],[-5.5836967,42.55517]],[[-5.5944331,42.6088565],[-5.5920831,42.6103086]],[[-5.5879028,40.3246959],[-5.5939991,40.3157417]],[[-5.5933214,42.3220258],[-5.590272,42.3207935]],[[-5.590272,42.3207935],[-5.5933214,42.3220258]],[[-5.592822601960685,41.96668724404322],[-5.592717183772119,41.9668725934541]],[[-5.592822601960685,41.96668724404322],[-5.5056196,41.911672],[-5.4942793,41.9064051],[-5.4776228,41.9017321],[-5.4630316,41.886597],[-5.4498697,41.8772428],[-5.4323037,41.8677598],[-5.42242313711157,41.85662665732699]],[[-5.5881237,42.5232052],[-5.5927474,42.5280854]],[[-5.4222920114469515,41.85676352217489],[-5.4321199,41.8678909],[-5.4502235,41.8776784],[-5.4636867,41.8873905],[-5.4771499,41.9016543],[-5.4934535,41.9063079],[-5.505698,41.9119873],[-5.592717183772119,41.9668725934541]],[[-5.583712440112873,42.505024875329575],[-5.5924997,42.5047233]],[[-5.5919922,42.6105516],[-5.5922287,42.6104207]],[[-5.5922287,42.6104207],[-5.5920831,42.6103086]],[[-5.5921171,42.5045856],[-5.583710303680577,42.50488614216291]],[[-5.5920831,42.6103086],[-5.5918922,42.6104759]],[[-5.5908838,42.6112024],[-5.5919922,42.6105516]],[[-5.5918922,42.6104759],[-5.5919922,42.6105516]],[[-5.5919794,41.0205382],[-5.5916531,41.0206323]],[[-5.5917548,41.0207038],[-5.5919794,41.0205382]],[[-5.5918922,42.6104759],[-5.5908147,42.6111202]],[[-5.591549,41.0208703],[-5.5917548,41.0207038]],[[-5.5917548,41.0207038],[-5.5916531,41.0206323]],[[-5.5916531,41.0206323],[-5.5914403,41.0207827]],[[-5.5912873,41.0209811],[-5.591549,41.0208703]],[[-5.5914403,41.0207827],[-5.591549,41.0208703]],[[-5.5914403,41.0207827],[-5.5912873,41.0209811]],[[-5.5912873,41.0209811],[-5.5437391,41.0638024],[-5.502913444212121,41.09281814252032]],[[-5.5906323,42.6113079],[-5.5908838,42.6112024]],[[-5.5908838,42.6112024],[-5.5908147,42.6111202]],[[-5.5908147,42.6111202],[-5.5905687,42.6112264]],[[-5.5878719,42.6122454],[-5.5906323,42.6113079]],[[-5.5905687,42.6112264],[-5.5906323,42.6113079]],[[-5.5905687,42.6112264],[-5.5878006,42.6121426]],[[-5.578130858037072,42.31827912396327],[-5.590272,42.3207935]],[[-5.5897663,41.3435563],[-5.5886764,41.3475815]],[[-5.5886764,41.3475815],[-5.5897663,41.3435563]],[[-5.5897663,41.3435563],[-5.5905536,41.3310009],[-5.5881668,41.3228839],[-5.5889878,41.3169434]],[[-5.5893042,42.6358498],[-5.5876405,42.6295927]],[[-5.5876405,42.6295927],[-5.5893042,42.6358498]],[[-5.5889878,41.3169434],[-5.5869134,41.3152089]],[[-5.5869134,41.3152089],[-5.5889878,41.3169434]],[[-5.5887975,40.8980933],[-5.5848911,40.8912261]],[[-5.5848911,40.8912261],[-5.5887975,40.8980933]],[[-5.5879028,40.3246959],[-5.5862384,40.3266794]],[[-5.5862384,40.3266794],[-5.5879028,40.3246959]],[[-5.5874705,42.612428],[-5.5878719,42.6122454]],[[-5.5878719,42.6122454],[-5.5878006,42.6121426]],[[-5.5878006,42.6121426],[-5.5875785,42.6120913]],[[-5.5876405,42.6295927],[-5.585852,42.6226793],[-5.5774079,42.6123068]],[[-5.5875785,42.6120913],[-5.587375,42.6122301]],[[-5.5875785,42.6120913],[-5.5855533,42.6084607]],[[-5.5846148,42.6128955],[-5.5874705,42.612428]],[[-5.5873694,42.6122733],[-5.5874705,42.612428]],[[-5.587375,42.6122301],[-5.5873694,42.6122733]],[[-5.5853016,42.6086956],[-5.587375,42.6122301]],[[-5.5873694,42.6122733],[-5.5845981,42.612784]],[[-5.5869134,41.3152089],[-5.5865673,41.3152028]],[[-5.5861567,41.3152808],[-5.5865673,41.3152028]],[[-5.5865673,41.3152028],[-5.5861918,41.3151278]],[[-5.5862384,40.3266794],[-5.5695911,40.3359796]],[[-5.5861567,41.3152808],[-5.5861918,41.3151278]],[[-5.5861918,41.3151278],[-5.5859579,41.3150217]],[[-5.5858052,41.3150998],[-5.5861567,41.3152808]],[[-5.5859579,41.3150217],[-5.5858052,41.3150998]],[[-5.5859579,41.3150217],[-5.5857087,41.3148562]],[[-5.5857087,41.3148562],[-5.5858052,41.3150998]],[[-5.5074257,41.2465563],[-5.5112978,41.253017],[-5.5198675,41.2566393],[-5.5251953,41.2630217],[-5.5324524,41.2639286],[-5.539208,41.2682357],[-5.5425478,41.2778265],[-5.5455623,41.2822572],[-5.5497422,41.2848823],[-5.5527681,41.2907083],[-5.5620404,41.2972454],[-5.5766069,41.3032396],[-5.5857087,41.3148562]],[[-5.5853016,42.6086956],[-5.5855533,42.6084607]],[[-5.5855533,42.6084607],[-5.585043,42.6081974]],[[-5.5848314,42.6084074],[-5.5853016,42.6086956]],[[-5.585043,42.6081974],[-5.5848314,42.6084074]],[[-5.585043,42.6081974],[-5.5805997,42.6045277]],[[-5.5848911,40.8912261],[-5.5798331,40.8823737]],[[-5.5803839,42.6046346],[-5.5848314,42.6084074]],[[-5.5842294,42.6129804],[-5.5846148,42.6128955]],[[-5.5846148,42.6128955],[-5.5845981,42.612784]],[[-5.5845981,42.612784],[-5.5841618,42.6128447]],[[-5.583952551217894,42.585206565849205],[-5.584500812494058,42.58515590485305]],[[-5.5843938,42.5853083],[-5.584500812494058,42.58515590485305]],[[-5.584500812494058,42.58515590485305],[-5.5844980816600005,42.58511860740896]],[[-5.5844980816600005,42.58511860740896],[-5.5839448347549725,42.58517091141302]],[[-5.5844980816600005,42.58511860740896],[-5.5843389,42.5849574]],[[-5.5841368,42.5853478],[-5.5843938,42.5853083]],[[-5.5836136,42.5950302],[-5.5851887,42.5944977],[-5.5843938,42.5853083]],[[-5.5843389,42.5849574],[-5.5838544,42.5815382]],[[-5.5843389,42.5849574],[-5.5840638,42.584977]],[[-5.5841618,42.6128447],[-5.5842294,42.6129804]],[[-5.5775547,42.6120093],[-5.5842294,42.6129804]],[[-5.5841618,42.6128447],[-5.577429,42.6119137]],[[-5.5841368,42.5853478],[-5.5851055,42.5944834],[-5.583572,42.5948893]],[[-5.583952551217894,42.585206565849205],[-5.5841368,42.5853478]],[[-5.5840638,42.584977],[-5.5839448347549725,42.58517091141302]],[[-5.5838544,42.5815382],[-5.5840638,42.584977]],[[-5.574932589721081,42.58610313667016],[-5.583952551217894,42.585206565849205]],[[-5.5839448347549725,42.58517091141302],[-5.583952551217894,42.585206565849205]],[[-5.5839448347549725,42.58517091141302],[-5.5748972479504255,42.58603023889963]],[[-5.5838544,42.5815382],[-5.5828622,42.5715527]],[[-5.5832993,42.5392282],[-5.5837182,42.5392352]],[[-5.583491,42.5395684],[-5.5837182,42.5392352]],[[-5.5837182,42.5392352],[-5.5837175,42.5388499]],[[-5.5837175,42.5388499],[-5.5835434,42.5384669]],[[-5.5837175,42.5388499],[-5.5833516,42.5388303]],[[-5.577279745181515,42.50451709505266],[-5.583712440112873,42.505024875329575]],[[-5.583712440112873,42.505024875329575],[-5.5835434,42.5384669]],[[-5.583710303680577,42.50488614216291],[-5.583712440112873,42.505024875329575]],[[-5.583710303680577,42.50488614216291],[-5.577370044217666,42.504359401986655]],[[-5.583467,42.4964869],[-5.583710303680577,42.50488614216291]],[[-5.5836967,42.55517],[-5.5833271,42.5552251]],[[-5.5833847,42.5554359],[-5.5836967,42.55517]],[[-5.5830198,42.5951449],[-5.5836136,42.5950302]],[[-5.5836136,42.5950302],[-5.583572,42.5948893]],[[-5.5832999,42.4960795],[-5.5835977,42.4960409]],[[-5.583467,42.4964869],[-5.5835977,42.4960409]],[[-5.5835977,42.4960409],[-5.5835414,42.4957087]],[[-5.583572,42.5948893],[-5.582968,42.5950106]],[[-5.5835434,42.5384669],[-5.5833516,42.5388303]],[[-5.5835414,42.4957087],[-5.583431,42.4952458]],[[-5.5835414,42.4957087],[-5.5833148,42.49569]],[[-5.583491,42.5395684],[-5.5830862,42.5475015]],[[-5.5832993,42.5392282],[-5.583491,42.5395684]],[[-5.5832999,42.4960795],[-5.583467,42.4964869]],[[-5.583431,42.4952458],[-5.5833148,42.49569]],[[-5.578130858037072,42.31827912396327],[-5.5673671,42.356157],[-5.5643013,42.3871736],[-5.5714538,42.4034119],[-5.5775656,42.4496043],[-5.5848026,42.4836819],[-5.5832292,42.4876916],[-5.583431,42.4952458]],[[-5.5830575,42.5555857],[-5.5833847,42.5554359]],[[-5.5833847,42.5554359],[-5.5833271,42.5552251]],[[-5.5833516,42.5388303],[-5.5832993,42.5392282]],[[-5.5833271,42.5552251],[-5.5830635,42.5551503]],[[-5.5833148,42.49569],[-5.5831273,42.4958611]],[[-5.5832358,42.4960524],[-5.5832999,42.4960795]],[[-5.583231,42.5482853],[-5.5832442,42.5479068]],[[-5.5832442,42.5479068],[-5.5830862,42.5475015]],[[-5.5832442,42.5479068],[-5.5828418,42.5479142]],[[-5.5831273,42.4958611],[-5.5832358,42.4960524]],[[-5.5825935,42.4961085],[-5.5832358,42.4960524]],[[-5.582854,42.548278],[-5.583231,42.5482853]],[[-5.5830274,42.5486458],[-5.583231,42.5482853]],[[-5.5831273,42.4958611],[-5.5825935,42.4961085]],[[-5.5830862,42.5475015],[-5.5828418,42.5479142]],[[-5.5830635,42.5551503],[-5.582713,42.5549823]],[[-5.5830635,42.5551503],[-5.5828362,42.5552671]],[[-5.5826545,42.5558317],[-5.5830575,42.5555857]],[[-5.5828179,42.5554377],[-5.5830575,42.5555857]],[[-5.5830274,42.5486458],[-5.582713,42.5549823]],[[-5.582854,42.548278],[-5.5830274,42.5486458]],[[-5.582968,42.5950106],[-5.5830198,42.5951449]],[[-5.5802381,42.5958286],[-5.5830198,42.5951449]],[[-5.582968,42.5950106],[-5.5801631,42.5957584]],[[-5.5828622,42.5715527],[-5.582679592352056,42.56920555733201]],[[-5.582595852590364,42.569220142007175],[-5.5828622,42.5715527]],[[-5.5828418,42.5479142],[-5.582854,42.548278]],[[-5.5828362,42.5552671],[-5.5828179,42.5554377]],[[-5.582713,42.5549823],[-5.5828362,42.5552671]],[[-5.5828179,42.5554377],[-5.5826545,42.5558317]],[[-5.582595852590364,42.569220142007175],[-5.582679592352056,42.56920555733201]],[[-5.582679592352056,42.56920555733201],[-5.582667507619981,42.56908197679238]],[[-5.582667507619981,42.56908197679238],[-5.582583115776225,42.56909614964435]],[[-5.582667507619981,42.56908197679238],[-5.5820407,42.563424]],[[-5.5826545,42.5558317],[-5.5820407,42.563424]],[[-5.56758935343283,42.57158674813562],[-5.582595852590364,42.569220142007175]],[[-5.582583115776225,42.56909614964435],[-5.582595852590364,42.569220142007175]],[[-5.5825935,42.4961085],[-5.577370044217666,42.504359401986655]],[[-5.582583115776225,42.56909614964435],[-5.567540216441977,42.57146934443908]],[[-5.5820407,42.563424],[-5.582583115776225,42.56909614964435]],[[-5.5803839,42.6046346],[-5.5805997,42.6045277]],[[-5.5805997,42.6045277],[-5.5803328,42.6042526]],[[-5.5805822,42.6196276],[-5.5760526,42.6199588]],[[-5.5801389,42.6043449],[-5.5803839,42.6046346]],[[-5.5803328,42.6042526],[-5.5801389,42.6043449]],[[-5.5803328,42.6042526],[-5.5799235,42.6022679]],[[-5.5800456,42.5958844],[-5.5802381,42.5958286]],[[-5.5802381,42.5958286],[-5.5801631,42.5957584]],[[-5.5801631,42.5957584],[-5.5800435,42.5957863]],[[-5.5794466,42.6022844],[-5.5801389,42.6043449]],[[-5.578387,42.5963554],[-5.5800456,42.5958844]],[[-5.5800281,42.5958074],[-5.5800456,42.5958844]],[[-5.5800435,42.5957863],[-5.5800281,42.5958074]],[[-5.5800435,42.5957863],[-5.579893,42.5957486]],[[-5.5800281,42.5958074],[-5.5798275,42.5958506]],[[-5.5799235,42.6022679],[-5.5799776,42.6020687]],[[-5.5799776,42.6020687],[-5.5817518,42.6007859],[-5.5781705,42.5965252]],[[-5.5799776,42.6020687],[-5.5797386,42.601899]],[[-5.5794466,42.6022844],[-5.5799235,42.6022679]],[[-5.579893,42.5957486],[-5.5798275,42.5958506]],[[-5.579893,42.5957486],[-5.5754037,42.5871533]],[[-5.5796605,40.8822299],[-5.5798468,40.8821636]],[[-5.5798331,40.8823737],[-5.5798468,40.8821636]],[[-5.5798468,40.8821636],[-5.5796691,40.8818293]],[[-5.5796605,40.8822299],[-5.5798331,40.8823737]],[[-5.5798275,42.5958506],[-5.5783076,42.5961743]],[[-5.5778778,42.5965986],[-5.5816457,42.6008035],[-5.5797386,42.601899]],[[-5.5797386,42.601899],[-5.5794466,42.6022844]],[[-5.5796691,40.8818293],[-5.5794665,40.881884]],[[-5.5796691,40.8818293],[-5.5794712,40.8817042]],[[-5.5794665,40.881884],[-5.5796605,40.8822299]],[[-5.5794712,40.8817042],[-5.5794665,40.881884]],[[-5.5794712,40.8817042],[-5.5751487,40.871068],[-5.5679149,40.8677671],[-5.5561044,40.8592618],[-5.5412932,40.8419947],[-5.5328446,40.8371849],[-5.5198843,40.8260121]],[[-5.5761517,42.6202164],[-5.5792681,42.6197728]],[[-5.5781006,40.9485662],[-5.5784654,40.9485254]],[[-5.5784654,40.9485254],[-5.5781166,40.9484688]],[[-5.5781705,42.5965252],[-5.578387,42.5963554]],[[-5.578387,42.5963554],[-5.5783076,42.5961743]],[[-5.5783076,42.5961743],[-5.5780292,42.5961166]],[[-5.5778778,42.5965986],[-5.5781705,42.5965252]],[[-5.5708101,42.2460408],[-5.5793339,42.3101594],[-5.578130858037072,42.31827912396327]],[[-5.5344683,42.2936671],[-5.578130858037072,42.31827912396327]],[[-5.5781006,40.9485662],[-5.5781166,40.9484688]],[[-5.5781166,40.9484688],[-5.5778208,40.9484504]],[[-5.5778189,40.9485546],[-5.5781006,40.9485662]],[[-5.5780292,42.5961166],[-5.5777124,42.5962107]],[[-5.5780292,42.5961166],[-5.577707,42.5956233]],[[-5.5777124,42.5962107],[-5.5778778,42.5965986]],[[-5.5778208,40.9484504],[-5.5775126,40.9484966]],[[-5.5778208,40.9484504],[-5.5778189,40.9485546]],[[-5.5775126,40.9484966],[-5.5778189,40.9485546]],[[-5.577707,42.5956233],[-5.5777124,42.5962107]],[[-5.5768027,42.5941146],[-5.577707,42.5956233]],[[-5.5774656,42.6121858],[-5.5775547,42.6120093]],[[-5.5775547,42.6120093],[-5.577429,42.6119137]],[[-5.3816668,40.9305695],[-5.384073,40.9292741],[-5.4083858,40.92954],[-5.4787596,40.9327574],[-5.4896793,40.936218],[-5.5775126,40.9484966]],[[-5.5772967,42.6122007],[-5.5774656,42.6121858]],[[-5.5774079,42.6123068],[-5.5774656,42.6121858]],[[-5.577429,42.6119137],[-5.5771821,42.6121339]],[[-5.5772967,42.6122007],[-5.5774079,42.6123068]],[[-5.577370044217666,42.504359401986655],[-5.577279745181515,42.50451709505266]],[[-5.577370044217666,42.504359401986655],[-5.5677536,42.4998907],[-5.5608797,42.4937929],[-5.5536345,42.4843659],[-5.5490254,42.4713761],[-5.5450943,42.466368],[-5.5147188,42.4534758],[-5.5000764,42.4517853],[-5.4733742,42.4579402],[-5.412134,42.459156],[-5.3984526,42.4552996],[-5.3873718,42.4475416],[-5.37924307866923,42.444608307209656]],[[-5.5772863,42.612198],[-5.5772967,42.6122007]],[[-5.5728947,42.6142681],[-5.5772863,42.612198]],[[-5.5771821,42.6121339],[-5.5772863,42.612198]],[[-5.577279745181515,42.50451709505266],[-5.576883,42.505137]],[[-5.379386447100895,42.444817890921904],[-5.3884962,42.4484093],[-5.3983238,42.4554832],[-5.4116859,42.4592934],[-5.4726875,42.4581872],[-5.5001362,42.4520065],[-5.515808,42.4540004],[-5.5448797,42.4664883],[-5.5488966,42.471623],[-5.5538008,42.4851243],[-5.5609204,42.494164],[-5.5676074,42.5000207],[-5.577279745181515,42.50451709505266]],[[-5.5771821,42.6121339],[-5.5728468,42.6142227]],[[-5.5768027,42.5941146],[-5.5763512,42.5933579]],[[-5.5765889,42.5938411],[-5.5768027,42.5941146]],[[-5.5763872,42.5934443],[-5.5765889,42.5938411]],[[-5.5743798,42.5938506],[-5.5765889,42.5938411]],[[-5.5763872,42.5934443],[-5.5742741,42.5937404]],[[-5.5763512,42.5933579],[-5.5763872,42.5934443]],[[-5.573287,42.5882011],[-5.5763512,42.5933579]],[[-5.5751901,42.6204674],[-5.5761517,42.6202164]],[[-5.5761517,42.6202164],[-5.5760526,42.6199588]],[[-5.5760526,42.6199588],[-5.5750451,42.6201975]],[[-5.5752737,42.5868907],[-5.5755059,42.5869157]],[[-5.5754037,42.5871533],[-5.5755059,42.5869157]],[[-5.5755059,42.5869157],[-5.575372,42.5866338]],[[-5.5752737,42.5868907],[-5.5754037,42.5871533]],[[-5.575372,42.5866338],[-5.5752137,42.5867668]],[[-5.575372,42.5866338],[-5.574932589721081,42.58610313667016]],[[-5.5752137,42.5867668],[-5.5752737,42.5868907]],[[-5.574832307213536,42.586112968728195],[-5.5752137,42.5867668]],[[-5.5750451,42.6201975],[-5.5751901,42.6204674]],[[-5.5510114,42.602131],[-5.5516836,42.6089968],[-5.5580682,42.6170163],[-5.5679834,42.6207706],[-5.5751901,42.6204674]],[[-5.5750451,42.6201975],[-5.5683204,42.6207197],[-5.5584113,42.6171058],[-5.5517997,42.6089638],[-5.5513176,42.6021202]],[[-5.574832307213536,42.586112968728195],[-5.574932589721081,42.58610313667016]],[[-5.574932589721081,42.58610313667016],[-5.5748972479504255,42.58603023889963]],[[-5.5748972479504255,42.58603023889963],[-5.574794786104899,42.586039607369834]],[[-5.5748972479504255,42.58603023889963],[-5.5747357,42.5855201]],[[-5.5718151,42.5865679],[-5.574832307213536,42.586112968728195]],[[-5.574794786104899,42.586039607369834],[-5.574832307213536,42.586112968728195]],[[-5.574794786104899,42.586039607369834],[-5.5716823,42.586369]],[[-5.5745713,42.5855165],[-5.574794786104899,42.586039607369834]],[[-5.5745713,42.5855165],[-5.5747357,42.5855201]],[[-5.5747357,42.5855201],[-5.5746234,42.5851985]],[[-5.5658013,42.5602951],[-5.573996,42.5504652],[-5.5690205,42.5352082],[-5.570706,42.5210223],[-5.5746342,42.509586]],[[-5.5746234,42.5851985],[-5.5744401,42.5853283]],[[-5.5746234,42.5851985],[-5.5723467,42.5804545]],[[-5.5744401,42.5853283],[-5.5745713,42.5855165]],[[-5.5720116,42.5804531],[-5.5744401,42.5853283]],[[-5.5740319,42.5938767],[-5.5743798,42.5938506]],[[-5.5743798,42.5938506],[-5.5742741,42.5937404]],[[-5.5742741,42.5937404],[-5.5740851,42.5937553]],[[-5.5740851,42.5937553],[-5.5703139,42.5937914]],[[-5.5740851,42.5937553],[-5.5740319,42.5938767]],[[-5.5703139,42.5937914],[-5.5740319,42.5938767]],[[-5.5738183,42.5107108],[-5.5702235,42.5221744],[-5.568797,42.5349729],[-5.573755,42.5504462],[-5.5654137,42.5601506]],[[-5.573287,42.5882011],[-5.5717767,42.5866315]],[[-5.5714152,42.5866855],[-5.573287,42.5882011]],[[-5.5725211,42.6145236],[-5.5728947,42.6142681]],[[-5.5728947,42.6142681],[-5.5728468,42.6142227]],[[-5.5728468,42.6142227],[-5.5724335,42.6144522]],[[-5.570873,42.6152515],[-5.5725211,42.6145236]],[[-5.5724335,42.6144522],[-5.5725211,42.6145236]],[[-5.5724335,42.6144522],[-5.5708634,42.6151224]],[[-5.5720116,42.5804531],[-5.5723467,42.5804545]],[[-5.5723467,42.5804545],[-5.5720526,42.5798975]],[[-5.5720611,42.2349555],[-5.5718041,42.2353376]],[[-5.5720481,42.2353659],[-5.5720611,42.2349555]],[[-5.5720526,42.5798975],[-5.5717922,42.5800953]],[[-5.5720526,42.5798975],[-5.5681515,42.5726834]],[[-5.5719877,42.2357229],[-5.5720481,42.2353659]],[[-5.5720481,42.2353659],[-5.5718041,42.2353376]],[[-5.5717922,42.5800953],[-5.5720116,42.5804531]],[[-5.5717281,42.2357035],[-5.5719877,42.2357229]],[[-5.571744,42.2360475],[-5.5719877,42.2357229]],[[-5.5717767,42.5866315],[-5.5718151,42.5865679]],[[-5.5718151,42.5865679],[-5.5716823,42.586369]],[[-5.5718041,42.2353376],[-5.5717281,42.2357035]],[[-5.5679065,42.572732],[-5.5717922,42.5800953]],[[-5.5714152,42.5866855],[-5.5717767,42.5866315]],[[-5.571744,42.2360475],[-5.5706415,42.2447611]],[[-5.5717281,42.2357035],[-5.571744,42.2360475]],[[-5.5716823,42.586369],[-5.5714047,42.5863849]],[[-5.5713151,42.5865891],[-5.5714152,42.5866855]],[[-5.5714047,42.5863849],[-5.5654283,42.5868765]],[[-5.5714047,42.5863849],[-5.5713151,42.5865891]],[[-5.5654532,42.5870503],[-5.5713151,42.5865891]],[[-5.5707157,42.2454995],[-5.5709847,42.2454907]],[[-5.5708101,42.2460408],[-5.5709847,42.2454907]],[[-5.5709847,42.2454907],[-5.5709341,42.2451501]],[[-5.5709341,42.2451501],[-5.5706415,42.2447611]],[[-5.5709341,42.2451501],[-5.5706324,42.2451981]],[[-5.5705964,42.615197],[-5.570873,42.6152515]],[[-5.570873,42.6152515],[-5.5708634,42.6151224]],[[-5.5708634,42.6151224],[-5.5706258,42.615126]],[[-5.5707157,42.2454995],[-5.5708101,42.2460408]],[[-5.5706324,42.2451981],[-5.5707157,42.2454995]],[[-5.5706415,42.2447611],[-5.5706324,42.2451981]],[[-5.5706258,42.615126],[-5.5705964,42.615197]],[[-5.5706258,42.615126],[-5.5690014,42.6146525]],[[-5.5689612,42.6147117],[-5.5705964,42.615197]],[[-5.5653973,42.5919399],[-5.5703139,42.5937914]],[[-5.5695911,40.3359796],[-5.5668123,40.337058]],[[-5.5668123,40.337058],[-5.5695911,40.3359796]],[[-5.5689612,42.6147117],[-5.5690014,42.6146525]],[[-5.5690014,42.6146525],[-5.5687936,42.6145556]],[[-5.5687367,42.614653],[-5.5689612,42.6147117]],[[-5.5687936,42.6145556],[-5.5687367,42.614653]],[[-5.5687936,42.6145556],[-5.5668723,42.6128793]],[[-5.5667188,42.6129713],[-5.5687367,42.614653]],[[-5.5679065,42.572732],[-5.5681515,42.5726834]],[[-5.5681515,42.5726834],[-5.5680099,42.5723022]],[[-5.5680099,42.5723022],[-5.56758935343283,42.57158674813562]],[[-5.5680099,42.5723022],[-5.5676801,42.5724469]],[[-5.5676801,42.5724469],[-5.5679065,42.572732]],[[-5.567457845849755,42.57160542334855],[-5.5676801,42.5724469]],[[-5.567457845849755,42.57160542334855],[-5.56758935343283,42.57158674813562]],[[-5.56758935343283,42.57158674813562],[-5.567540216441977,42.57146934443908]],[[-5.567540216441977,42.57146934443908],[-5.5674054192261035,42.57148195068239]],[[-5.567540216441977,42.57146934443908],[-5.5673386,42.5707544]],[[-5.5480117,42.5721367],[-5.5561819,42.57556],[-5.567457845849755,42.57160542334855]],[[-5.5674054192261035,42.57148195068239],[-5.567457845849755,42.57160542334855]],[[-5.5674054192261035,42.57148195068239],[-5.5557178,42.5754616],[-5.5517,42.5746227],[-5.5470609,42.5712116]],[[-5.5669503,42.5707868],[-5.5674054192261035,42.57148195068239]],[[-5.5669503,42.5707868],[-5.5673386,42.5707544]],[[-5.5673386,42.5707544],[-5.5670434,42.5702964]],[[-5.5670434,42.5702964],[-5.566772,42.5704748]],[[-5.5670434,42.5702964],[-5.5649016,42.5641969],[-5.5655354,42.5606872]],[[-5.566772,42.5704748],[-5.5669503,42.5707868]],[[-5.5667188,42.6129713],[-5.5668723,42.6128793]],[[-5.5668723,42.6128793],[-5.5665262,42.6125344]],[[-5.5668123,40.337058],[-5.5579706,40.3425848]],[[-5.5651799,42.5605849],[-5.566772,42.5704748]],[[-5.5663812,42.6125984],[-5.5667188,42.6129713]],[[-5.5665262,42.6125344],[-5.5663812,42.6125984]],[[-5.5665262,42.6125344],[-5.5639182,42.6097117]],[[-5.5637459,42.6097951],[-5.5663812,42.6125984]],[[-5.5655354,42.5606872],[-5.5658013,42.5602951]],[[-5.5658013,42.5602951],[-5.5654137,42.5601506]],[[-5.5651799,42.5605849],[-5.5655354,42.5606872]],[[-5.5651002,42.5870681],[-5.5654532,42.5870503]],[[-5.5654532,42.5870503],[-5.5654283,42.5868765]],[[-5.5654283,42.5868765],[-5.5650837,42.5869064]],[[-5.5654137,42.5601506],[-5.5651799,42.5605849]],[[-5.5653973,42.5919399],[-5.55674,42.5882019]],[[-5.5565043,42.588466],[-5.5653973,42.5919399]],[[-5.5650837,42.5869064],[-5.5651002,42.5870681]],[[-5.5610157,42.5875037],[-5.5651002,42.5870681]],[[-5.5650837,42.5869064],[-5.5608821,42.5872542]],[[-5.5637459,42.6097951],[-5.5639182,42.6097117]],[[-5.5639182,42.6097117],[-5.5636531,42.6093586]],[[-5.5634139,42.6094701],[-5.5637459,42.6097951]],[[-5.5636531,42.6093586],[-5.5634139,42.6094701]],[[-5.5636531,42.6093586],[-5.5630542,42.6037908]],[[-5.5626617,42.6038971],[-5.5634139,42.6094701]],[[-5.5626617,42.6038971],[-5.5630542,42.6037908]],[[-5.5630542,42.6037908],[-5.5627535,42.6034411]],[[-5.5627535,42.6034411],[-5.5599201,42.6032009]],[[-5.5627535,42.6034411],[-5.5625955,42.6038616]],[[-5.5625955,42.6038616],[-5.5626617,42.6038971]],[[-5.5598401,42.6032651],[-5.5625955,42.6038616]],[[-5.5604134,42.5876204],[-5.5610157,42.5875037]],[[-5.5610157,42.5875037],[-5.5608821,42.5872542]],[[-5.5608821,42.5872542],[-5.5601751,42.5873412]],[[-5.5601751,42.5873412],[-5.5604134,42.5876204]],[[-5.5567466,42.588137],[-5.5604134,42.5876204]],[[-5.5601751,42.5873412],[-5.5565808,42.5878768]],[[-5.5598401,42.6032651],[-5.5599201,42.6032009]],[[-5.5599201,42.6032009],[-5.5598083,42.6031506]],[[-5.5597602,42.6032173],[-5.5598401,42.6032651]],[[-5.5598083,42.6031506],[-5.5597602,42.6032173]],[[-5.5598083,42.6031506],[-5.5568744,42.6005633]],[[-5.5566343,42.6005527],[-5.5597602,42.6032173]],[[-5.5579706,40.3425848],[-5.5556689,40.3438931]],[[-5.5556689,40.3438931],[-5.5579706,40.3425848]],[[-5.5566343,42.6005527],[-5.5568744,42.6005633]],[[-5.5568744,42.6005633],[-5.556518,42.6003707]],[[-5.55674,42.5882019],[-5.5567466,42.588137]],[[-5.5567466,42.588137],[-5.5565808,42.5878768]],[[-5.5565043,42.588466],[-5.55674,42.5882019]],[[-5.5565775,42.600517],[-5.5566343,42.6005527]],[[-5.5565808,42.5878768],[-5.5562664,42.5877934]],[[-5.556239,42.6005194],[-5.5565775,42.600517]],[[-5.556518,42.6003707],[-5.5565775,42.600517]],[[-5.556518,42.6003707],[-5.556239,42.6005194]],[[-5.5561165,42.588497],[-5.5565043,42.588466]],[[-5.5562664,42.5877934],[-5.5558085,42.5880221]],[[-5.5562664,42.5877934],[-5.5490798,42.5845145],[-5.5447745,42.5785585],[-5.540273464144985,42.575557978376025]],[[-5.5538394,42.6010115],[-5.556239,42.6005194]],[[-5.5513798,42.6014841],[-5.5515964,42.5958517],[-5.5561165,42.588497]],[[-5.555782,42.5882158],[-5.5561165,42.588497]],[[-5.5558085,42.5880221],[-5.555782,42.5882158]],[[-5.540047921028153,42.575502416234336],[-5.544893,42.5788465],[-5.5489789,42.5846267],[-5.5558085,42.5880221]],[[-5.555782,42.5882158],[-5.551448,42.5958102],[-5.5509946,42.6014576]],[[-5.5556689,40.3438931],[-5.5526154,40.345696]],[[-5.5538394,42.6010115],[-5.5536389,42.6010529]],[[-5.5537266,42.6011313],[-5.5538394,42.6010115]],[[-5.5533277,42.6012485],[-5.5537266,42.6011313]],[[-5.5537266,42.6011313],[-5.5536389,42.6010529]],[[-5.5536389,42.6010529],[-5.5533181,42.6011465]],[[-5.5533317,42.6120617],[-5.5534776,42.6118312]],[[-5.5521155,42.6179623],[-5.5533317,42.6120617]],[[-5.5531816,42.6117713],[-5.5533317,42.6120617]],[[-5.5533181,42.6011465],[-5.5533277,42.6012485]],[[-5.5531423,42.6011994],[-5.5533277,42.6012485]],[[-5.5533181,42.6011465],[-5.5531423,42.6011994]],[[-5.5518717,42.6015629],[-5.5531423,42.6011994]],[[-5.5528945,41.7063553],[-5.5509449,41.7084415]],[[-5.5509449,41.7084415],[-5.5528945,41.7063553]],[[-5.5526154,40.345696],[-5.5500987,40.3462514]],[[-5.5500987,40.3462514],[-5.5526154,40.345696]],[[-5.5520801,42.6182645],[-5.5521342,42.6180711]],[[-5.5521342,42.6180711],[-5.5521155,42.6179623]],[[-5.5521342,42.6180711],[-5.5520249,42.6180344]],[[-5.5521155,42.6179623],[-5.5520249,42.6180344]],[[-5.5518777,42.6182202],[-5.5520801,42.6182645]],[[-5.5519,42.6183952],[-5.5520801,42.6182645]],[[-5.5520249,42.6180344],[-5.5518777,42.6182202]],[[-5.550399,42.6211821],[-5.5519,42.6183952]],[[-5.5518777,42.6182202],[-5.5519,42.6183952]],[[-5.5518717,42.6015629],[-5.5514971,42.6015518]],[[-5.5516232,42.601755],[-5.5518717,42.6015629]],[[-5.5513176,42.6021202],[-5.5516232,42.601755]],[[-5.5516232,42.601755],[-5.5514971,42.6015518]],[[-5.5514971,42.6015518],[-5.5513798,42.6014841]],[[-5.5513798,42.6014841],[-5.5509946,42.6014576]],[[-5.5510114,42.602131],[-5.5513176,42.6021202]],[[-5.5509946,42.6014576],[-5.5510114,42.602131]],[[-5.545606,41.7251212],[-5.5444166,41.7192305],[-5.5509449,41.7084415]],[[-5.550399,42.6211821],[-5.550205,42.6212661]],[[-5.5503395,42.6213753],[-5.550399,42.6211821]],[[-5.5501821,42.6214846],[-5.5503395,42.6213753]],[[-5.5503395,42.6213753],[-5.550205,42.6212661]],[[-5.550205,42.6212661],[-5.5500428,42.621389]],[[-5.5499709,42.6216138],[-5.5501821,42.6214846]],[[-5.5500428,42.621389],[-5.5501821,42.6214846]],[[-5.5500987,40.3462514],[-5.5349005,40.3560438]],[[-5.5500428,42.621389],[-5.5499709,42.6216138]],[[-5.5483647,42.6251476],[-5.5499709,42.6216138]],[[-5.5483384,42.6254595],[-5.5483887,42.6252993]],[[-5.5483887,42.6252993],[-5.5483647,42.6251476]],[[-5.5483887,42.6252993],[-5.5482208,42.6252651]],[[-5.5483647,42.6251476],[-5.5482208,42.6252651]],[[-5.5481503,42.6254196],[-5.5483384,42.6254595]],[[-5.5481595,42.62561],[-5.5483384,42.6254595]],[[-5.5482208,42.6252651],[-5.5481503,42.6254196]],[[-5.5474096,42.627247],[-5.5481595,42.62561]],[[-5.5481503,42.6254196],[-5.5481595,42.62561]],[[-5.545411534217864,42.57088424748026],[-5.5480117,42.5721367]],[[-5.5419213,42.572146],[-5.5480117,42.5721367]],[[-5.5474096,42.627247],[-5.5463079,42.6287679]],[[-5.5463079,42.6287679],[-5.5474096,42.627247]],[[-5.5470609,42.5712116],[-5.5448577,42.5682901]],[[-5.5470609,42.5712116],[-5.545411534217864,42.57088424748026]],[[-5.5437272,42.631645],[-5.5463079,42.6287679]],[[-5.4808899,41.8084685],[-5.4877655,41.8029657],[-5.4924545,41.7861786],[-5.5021424,41.7685545],[-5.5183603,41.7574068],[-5.5271616,41.74848],[-5.5421523,41.7386479],[-5.5445534,41.7349034],[-5.5456914,41.7279525]],[[-5.5456914,41.7279525],[-5.545606,41.7251212]],[[-5.545606,41.7251212],[-5.5456914,41.7279525]],[[-5.544713011854028,42.570007402484144],[-5.545411534217864,42.57088424748026]],[[-5.545411534217864,42.57088424748026],[-5.544070223416117,42.57093381691081]],[[-5.544713011854028,42.570007402484144],[-5.5448577,42.5682901]],[[-5.5448577,42.5682901],[-5.542101,42.5651248],[-5.5340876,42.5637177],[-5.5000025,42.5616735],[-5.489177486443552,42.5634130562998]],[[-5.544070223416117,42.57093381691081],[-5.544713011854028,42.570007402484144]],[[-5.5443916,42.5680391],[-5.544713011854028,42.570007402484144]],[[-5.5443916,42.5680391],[-5.5416417,42.5718543]],[[-5.489295588144466,42.563577765627265],[-5.4996789,42.5618505],[-5.5320999,42.5637256],[-5.5409705,42.5649024],[-5.5443916,42.5680391]],[[-5.544070223416117,42.57093381691081],[-5.5416417,42.5718543]],[[-5.5419213,42.572146],[-5.544070223416117,42.57093381691081]],[[-5.5436186,42.631821],[-5.5437272,42.631645]],[[-5.5437272,42.631645],[-5.5436186,42.631821]],[[-5.5372903,42.6390057],[-5.5436186,42.631821]],[[-5.5432951,42.5767326],[-5.5430715,42.5768657]],[[-5.5430715,42.5768657],[-5.5432951,42.5767326]],[[-5.5432951,42.5767326],[-5.540242889789255,42.575489352314364]],[[-5.540273464144985,42.575557978376025],[-5.5430715,42.5768657]],[[-5.540242889789255,42.575489352314364],[-5.5419213,42.572146]],[[-5.5416417,42.5718543],[-5.540013926195682,42.575438930545204]],[[-5.540273464144985,42.575557978376025],[-5.540242889789255,42.575489352314364]],[[-5.540047921028153,42.575502416234336],[-5.540273464144985,42.575557978376025]],[[-5.540242889789255,42.575489352314364],[-5.540013926195682,42.575438930545204]],[[-5.540013926195682,42.575438930545204],[-5.540047921028153,42.575502416234336]],[[-5.5390573,42.5754592],[-5.540047921028153,42.575502416234336]],[[-5.540013926195682,42.575438930545204],[-5.5390474,42.5751875]],[[-5.5383717,42.5753869],[-5.5390573,42.5754592]],[[-5.5390573,42.5754592],[-5.5390474,42.5751875]],[[-5.5390474,42.5751875],[-5.5384589,42.5751472]],[[-5.5384589,42.5751472],[-5.52871,42.5724636]],[[-5.5384589,42.5751472],[-5.5383717,42.5753869]],[[-5.5284768,42.5726916],[-5.5383717,42.5753869]],[[-5.5372903,42.6390057],[-5.5370258,42.6391094]],[[-5.537185,42.6392052],[-5.5372903,42.6390057]],[[-5.5370427,42.6393426],[-5.537185,42.6392052]],[[-5.537185,42.6392052],[-5.5370258,42.6391094]],[[-5.5367351,42.63946],[-5.5370427,42.6393426]],[[-5.5368705,42.639237],[-5.5370427,42.6393426]],[[-5.5370258,42.6391094],[-5.5368705,42.639237]],[[-5.5368705,42.639237],[-5.5367351,42.63946]],[[-5.3831884,42.703303],[-5.3949602,42.6992457],[-5.4098471,42.7003394],[-5.4240607,42.6865321],[-5.4333438,42.6869145],[-5.4391994,42.6896538],[-5.4472328,42.685223],[-5.4488403,42.6823298],[-5.4474911,42.6781482],[-5.4529551,42.6729997],[-5.4525146,42.6696268],[-5.4582446,42.6675836],[-5.457525,42.664099],[-5.4665775,42.6527955],[-5.4706904,42.6522701],[-5.500655,42.6573685],[-5.5041446,42.6540064],[-5.5103871,42.6551965],[-5.5136953,42.6536324],[-5.5198094,42.6584087],[-5.5252777,42.6580731],[-5.5300134,42.655724],[-5.5302059,42.6483499],[-5.5367351,42.63946]],[[-5.5349005,40.3560438],[-5.5307664,40.3582239]],[[-5.5308715,40.3583146],[-5.5349005,40.3560438]],[[-5.5344683,42.2936671],[-5.5280398,42.2904439]],[[-5.5280398,42.2904439],[-5.5344683,42.2936671]],[[-5.5306631,40.3584138],[-5.5308715,40.3583146]],[[-5.5308715,40.3583146],[-5.5307664,40.3582239]],[[-5.5307664,40.3582239],[-5.5305991,40.3583182]],[[-5.5303613,40.3585349],[-5.5306631,40.3584138]],[[-5.5305991,40.3583182],[-5.5306631,40.3584138]],[[-5.5305991,40.3583182],[-5.5303613,40.3585349]],[[-5.5273547,40.3605912],[-5.5303613,40.3585349]],[[-5.5284768,42.5726916],[-5.52871,42.5724636]],[[-5.52871,42.5724636],[-5.5282562,42.572188]],[[-5.5280163,42.5725129],[-5.5284768,42.5726916]],[[-5.5282562,42.572188],[-5.5269569,42.5720523]],[[-5.5282562,42.572188],[-5.5280163,42.5725129]],[[-5.5156128,42.2902606],[-5.5280398,42.2904439]],[[-5.5269569,42.5720523],[-5.5280163,42.5725129]],[[-5.5273547,40.3605912],[-5.5270877,40.3607429]],[[-5.5272633,40.3608089],[-5.5273547,40.3605912]],[[-5.526933,40.3608618],[-5.5272633,40.3608089]],[[-5.5272633,40.3608089],[-5.5270877,40.3607429]],[[-5.5270877,40.3607429],[-5.5270159,40.3607605]],[[-5.5270159,40.3607605],[-5.526933,40.3608618]],[[-5.5270159,40.3607605],[-5.5268353,40.3607306]],[[-5.4905104,42.5648307],[-5.5269569,42.5720523]],[[-5.5268353,40.3607306],[-5.526933,40.3608618]],[[-5.5268353,40.3607306],[-5.5254262,40.3601078]],[[-5.5254262,40.3601078],[-5.5253325,40.3600245]],[[-5.5252746,40.3600952],[-5.5254262,40.3601078]],[[-5.5252746,40.3600952],[-5.5253325,40.3600245]],[[-5.5253325,40.3600245],[-5.5251193,40.3600537]],[[-5.525213,40.3601052],[-5.5252746,40.3600952]],[[-5.5250629,40.3601874],[-5.525213,40.3601052]],[[-5.5251193,40.3600537],[-5.525213,40.3601052]],[[-5.5251193,40.3600537],[-5.5250629,40.3601874]],[[-5.5233996,40.3600003],[-5.5250629,40.3601874]],[[-5.5233996,40.3600003],[-5.5233511,40.359633]],[[-5.523178,40.3596334],[-5.5233996,40.3600003]],[[-5.523178,40.3596334],[-5.5233511,40.359633]],[[-5.5233511,40.359633],[-5.5232345,40.3594578]],[[-5.5232345,40.3594578],[-5.5231347,40.359534]],[[-5.5232345,40.3594578],[-5.522034,40.3584407]],[[-5.5231347,40.359534],[-5.523178,40.3596334]],[[-5.522034,40.3584407],[-5.5231347,40.359534]],[[-5.5192075,40.3578476],[-5.522034,40.3584407]],[[-5.5198843,40.8260121],[-5.5193335,40.8259034]],[[-5.5193335,40.8259034],[-5.5198843,40.8260121]],[[-5.5193335,40.8259034],[-5.515975,40.8247314]],[[-5.5192075,40.3578476],[-5.5187437,40.3577158]],[[-5.5187523,40.3578494],[-5.5192075,40.3578476]],[[-5.5185371,40.3578793],[-5.5187523,40.3578494]],[[-5.5187523,40.3578494],[-5.5187437,40.3577158]],[[-5.5187437,40.3577158],[-5.5184862,40.3577458]],[[-5.5184862,40.3577458],[-5.5185371,40.3578793]],[[-5.5181729,40.3578652],[-5.5185371,40.3578793]],[[-5.5184862,40.3577458],[-5.5181729,40.3578652]],[[-5.4483415,40.3904176],[-5.4874836,40.3692746],[-5.5181729,40.3578652]],[[-5.515975,40.8247314],[-5.5158431,40.8242427]],[[-5.5158431,40.8242427],[-5.515975,40.8247314]],[[-5.5158431,40.8242427],[-5.5061771,40.802901]],[[-5.5154905,42.2902908],[-5.5156128,42.2902606]],[[-5.5156128,42.2902606],[-5.5155329,42.2901992]],[[-5.5154905,42.2902908],[-5.5155329,42.2901992]],[[-5.5155329,42.2901992],[-5.5152817,42.2901643]],[[-5.5152651,42.290237],[-5.5154905,42.2902908]],[[-5.5152817,42.2901643],[-5.5151053,42.2901645]],[[-5.5152817,42.2901643],[-5.5152651,42.290237]],[[-5.5151053,42.2901645],[-5.5152651,42.290237]],[[-5.4999853,42.2861875],[-5.5151053,42.2901645]],[[-5.5125083,42.8379507],[-5.5121862,42.8379952]],[[-5.5123071,42.8380905],[-5.5125083,42.8379507]],[[-5.5119574,42.8382045],[-5.5123071,42.8380905]],[[-5.5123071,42.8380905],[-5.5121862,42.8379952]],[[-5.5121862,42.8379952],[-5.5119311,42.8381013]],[[-5.5119311,42.8381013],[-5.5119574,42.8382045]],[[-5.5116833,42.8382216],[-5.5119574,42.8382045]],[[-5.5119311,42.8381013],[-5.5116833,42.8382216]],[[-5.3292635,42.8539109],[-5.3380607,42.85214],[-5.3627761,42.8568843],[-5.369783,42.856567],[-5.3741319,42.8547148],[-5.3918447,42.8559261],[-5.3988433,42.8498035],[-5.4062631,42.848869],[-5.4103526,42.8546812],[-5.4296032,42.8562197],[-5.4809783,42.8485639],[-5.4961272,42.8445743],[-5.5116833,42.8382216]],[[-5.5074257,41.2465563],[-5.5039593,41.2442852]],[[-5.5039593,41.2442852],[-5.5074257,41.2465563]],[[-5.5061771,40.802901],[-5.5059174,40.8012485]],[[-5.5059174,40.8012485],[-5.5061771,40.802901]],[[-5.5059174,40.8012485],[-5.501802,40.7896372],[-5.4995592,40.7748022],[-5.4926934,40.7509988],[-5.4912358,40.7428509],[-5.4919906,40.7341541],[-5.4884441,40.7249981],[-5.4876835,40.7170036],[-5.478401,40.7002809],[-5.4766421,40.6932863],[-5.4680303,40.6821772],[-5.4650637,40.6726616],[-5.4428404,40.6623874],[-5.4232684,40.6572706],[-5.409027,40.6432017],[-5.4081915,40.6315257],[-5.3952017,40.6231405],[-5.3836135,40.599504],[-5.3759591,40.5793973]],[[-5.4890229,41.2242724],[-5.4826339,41.2303171],[-5.4817142,41.2344657],[-5.4829466,41.2388245],[-5.4877317,41.2418295],[-5.5039593,41.2442852]],[[-5.502913444212121,41.09281814252032],[-5.5026398553797256,41.09298098409248]],[[-5.374210043529315,41.17404523755737],[-5.3803756,41.1689647],[-5.3876539,41.1663387],[-5.4080747,41.1661386],[-5.4428234,41.161387],[-5.4605793,41.1511595],[-5.4810908,41.1425536],[-5.4865316,41.1378476],[-5.4894256,41.1323246],[-5.4907325,41.1104118],[-5.502913444212121,41.09281814252032]],[[-5.5026398553797256,41.09298098409248],[-5.4836882,41.1044123],[-5.4370828,41.1440601]],[[-5.5026398553797256,41.09298098409248],[-5.4905054,41.1103678],[-5.4892472,41.1321554],[-5.4863556,41.1377263],[-5.4809469,41.1424182],[-5.4604046,41.151033],[-5.442741,41.1612282],[-5.4080328,41.1659586],[-5.3875922,41.1661809],[-5.3802634,41.1688124],[-5.3740687682585575,41.173889463720975]],[[-5.4999853,42.2861875],[-5.49337,42.2844427]],[[-5.49337,42.2844427],[-5.4999853,42.2861875]],[[-5.2699202804832295,42.17559529730696],[-5.3001881,42.1929484],[-5.3096354,42.194686],[-5.3761637,42.2355019],[-5.3834274,42.2429124],[-5.3934713,42.2450522],[-5.4039833,42.2451971],[-5.4274197,42.2556776],[-5.4360059,42.2638297],[-5.4461561,42.2691193],[-5.4625284,42.2762749],[-5.49337,42.2844427]],[[-5.4907668,41.9044191],[-5.4828914,41.9009054],[-5.4705479,41.8919218]],[[-5.4905104,42.5648307],[-5.4902972,42.5646491]],[[-5.4901881,42.5647658],[-5.4905104,42.5648307]],[[-5.4901881,42.5647658],[-5.4902972,42.5646491]],[[-5.4902972,42.5646491],[-5.4899486,42.5643578]],[[-5.4897797,42.5644213],[-5.4901881,42.5647658]],[[-5.4899486,42.5643578],[-5.4897797,42.5644213]],[[-5.4899486,42.5643578],[-5.4897624,42.5642288]],[[-5.4897624,42.5642288],[-5.4897797,42.5644213]],[[-5.489295588144466,42.563577765627265],[-5.4897624,42.5642288]],[[-5.4890229,41.2242724],[-5.4893334,41.2239278]],[[-5.4893334,41.2239278],[-5.4891633,41.2237397]],[[-5.4893334,41.2239278],[-5.4890751,41.2239833]],[[-5.455367615528969,42.552304909586574],[-5.4670892,42.5553432],[-5.4802116,42.5633588],[-5.489295588144466,42.563577765627265]],[[-5.489177486443552,42.5634130562998],[-5.489295588144466,42.563577765627265]],[[-5.489177486443552,42.5634130562998],[-5.4794344,42.5629084],[-5.4675566,42.5553443],[-5.455489005047424,42.55214087048466]],[[-5.4886606,42.5626991],[-5.489177486443552,42.5634130562998]],[[-5.4891633,41.2237397],[-5.4890751,41.2239833]],[[-5.4891633,41.2237397],[-5.4872878,41.2194701],[-5.4786614,41.212476]],[[-5.4890751,41.2239833],[-5.4890229,41.2242724]],[[-5.4886606,42.5626991],[-5.4885883,42.5624891]],[[-5.4884512,42.5625731],[-5.4886606,42.5626991]],[[-5.4884512,42.5625731],[-5.4885883,42.5624891]],[[-5.4885883,42.5624891],[-5.4882977,42.5621261]],[[-5.4880085,42.562346],[-5.4884512,42.5625731]],[[-5.4882977,42.5621261],[-5.4799982,42.5585945]],[[-5.4882977,42.5621261],[-5.4880085,42.562346]],[[-5.4799982,42.5585945],[-5.4880085,42.562346]],[[-5.4808899,41.8084685],[-5.4775361,41.8101166]],[[-5.4775361,41.8101166],[-5.4808899,41.8084685]],[[-5.4618707,42.547438],[-5.4799982,42.5585945]],[[-5.4786614,41.212476],[-5.4749651,41.2115054]],[[-5.4749651,41.2115054],[-5.4786614,41.212476]],[[-5.4242369,41.854738],[-5.4331216,41.8467393],[-5.4499955,41.8364951],[-5.4585382,41.8253458],[-5.47007,41.8171493],[-5.4728085,41.8119181],[-5.4775361,41.8101166]],[[-5.4749651,41.2115054],[-5.4622816,41.2142192],[-5.4563496,41.2107654],[-5.4557504,41.2075347]],[[-5.4618707,42.547438],[-5.4590275,42.5454028]],[[-5.4601635,42.5462375],[-5.4618707,42.547438]],[[-5.4601635,42.5462375],[-5.459984,42.5464532]],[[-5.459984,42.5464532],[-5.4601635,42.5462375]],[[-5.4590275,42.5454028],[-5.4601635,42.5462375]],[[-5.459984,42.5464532],[-5.4580485,42.5488531]],[[-5.4342882,42.5210586],[-5.4494066,42.5425582],[-5.4590275,42.5454028]],[[-5.4580485,42.5488531],[-5.4578483,42.54899]],[[-5.4580033,42.5490477],[-5.4580485,42.5488531]],[[-5.4577128,42.5494379],[-5.4580033,42.5490477]],[[-5.4580033,42.5490477],[-5.4578483,42.54899]],[[-5.4578483,42.54899],[-5.4575479,42.5493599]],[[-5.4574812,42.5495465],[-5.4577128,42.5494379]],[[-5.4575479,42.5493599],[-5.4577128,42.5494379]],[[-5.4575479,42.5493599],[-5.4574812,42.5495465]],[[-5.4574812,42.5495465],[-5.455489005047424,42.55214087048466]],[[-5.4557504,41.2075347],[-5.453688,41.2053885]],[[-5.453688,41.2053885],[-5.4557504,41.2075347]],[[-5.455489005047424,42.55214087048466],[-5.455367615528969,42.552304909586574]],[[-5.455489005047424,42.55214087048466],[-5.4460441,42.5494241],[-5.4402488,42.5446293],[-5.437931,42.5398272],[-5.4362398,42.5258833],[-5.429012,42.5174474],[-5.4189207,42.5124794],[-5.4006292,42.5101554],[-5.393513948589673,42.50751770752925]],[[-5.455367615528969,42.552304909586574],[-5.4547141,42.5531881]],[[-5.3932724981008136,42.507596495271805],[-5.4001695,42.5102329],[-5.4188692,42.5126404],[-5.4290535,42.5177231],[-5.4360042,42.5259343],[-5.4374742,42.5387751],[-5.4399779,42.5446698],[-5.4457733,42.5494997],[-5.455367615528969,42.552304909586574]],[[-5.4547141,42.5531881],[-5.4542893,42.5535004]],[[-5.4544861,42.5536213],[-5.4547141,42.5531881]],[[-5.4541108,42.5539425],[-5.4544861,42.5536213]],[[-5.4544861,42.5536213],[-5.4542893,42.5535004]],[[-5.4542893,42.5535004],[-5.4539398,42.5538454]],[[-5.4538084,42.5541078],[-5.4541108,42.5539425]],[[-5.4539398,42.5538454],[-5.4541108,42.5539425]],[[-5.4539398,42.5538454],[-5.4538084,42.5541078]],[[-5.4538084,42.5541078],[-5.4415844,42.5722203],[-5.4287735,42.5874213],[-5.3910814,42.6543988],[-5.3799405,42.6821197],[-5.3786553,42.6988175]],[[-5.453688,41.2053885],[-5.4290602,41.1967433],[-5.4226432,41.1963161],[-5.4188767,41.1934882],[-5.4010025,41.1894843],[-5.3875289,41.1833639],[-5.374210043529315,41.17404523755737]],[[-5.4483415,40.3904176],[-5.4439421,40.3927789]],[[-5.4439421,40.3927789],[-5.4483415,40.3904176]],[[-5.4420453,40.3937524],[-5.4439421,40.3927789]],[[-5.4420453,40.3937524],[-5.4380192,40.3958214]],[[-5.4380192,40.3958214],[-5.4420453,40.3937524]],[[-5.4339955,40.3978866],[-5.4380192,40.3958214]],[[-5.4370828,41.1440601],[-5.4290332,41.1480077]],[[-5.4290332,41.1480077],[-5.4370828,41.1440601]],[[-5.4340129,42.520673],[-5.4342882,42.5210586]],[[-5.4342882,42.5210586],[-5.4340129,42.520673]],[[-5.4231403,42.506286],[-5.4340129,42.520673]],[[-5.4339955,40.3978866],[-5.4294987,40.4002151]],[[-5.4294987,40.4002151],[-5.4339955,40.3978866]],[[-5.4296062,43.0770346],[-5.4331624,43.0707686],[-5.4255007,43.0667717],[-5.4128283,43.0662605],[-5.4075685,43.0681876],[-5.3974483,43.0684613],[-5.3862311,43.0653992]],[[-5.3619096,40.4330824],[-5.3813614,40.4251461],[-5.3972254,40.417397],[-5.4041963,40.4121833],[-5.4294987,40.4002151]],[[-5.4290332,41.1480077],[-5.4122558,41.1522733],[-5.367143964287244,41.17206126321216]],[[-5.4242369,41.854738],[-5.422350805266174,41.85659004339039]],[[-5.42242313711157,41.85662665732699],[-5.4242369,41.854738]],[[-5.4231403,42.506286],[-5.4202327,42.5043938]],[[-5.4202327,42.5043938],[-5.4231403,42.506286]],[[-5.4222920114469515,41.85676352217489],[-5.42242313711157,41.85662665732699]],[[-5.42242313711157,41.85662665732699],[-5.422350805266174,41.85659004339039]],[[-5.422350805266174,41.85659004339039],[-5.422220410436947,41.85672801699944]],[[-5.422350805266174,41.85659004339039],[-5.4093812,41.8531489],[-5.4031374,41.8497282],[-5.3709436,41.8211873],[-5.288215,41.7575175],[-5.2627338,41.733252],[-5.2514063,41.7283476],[-5.2461367,41.7173997],[-5.23597,41.7062326],[-5.2288208,41.7038892],[-5.2196525,41.6969912],[-5.2128796,41.688823],[-5.2087659,41.6807418],[-5.1988375,41.6701664],[-5.1982481,41.6635591],[-5.1899354,41.6478552],[-5.1858959,41.6312808],[-5.1652124,41.6230185],[-5.1511403,41.6108179],[-5.1261572,41.5996297],[-5.121286896458072,41.59452722248067]],[[-5.4208423,41.8582277],[-5.4222920114469515,41.85676352217489]],[[-5.422220410436947,41.85672801699944],[-5.4222920114469515,41.85676352217489]],[[-5.422220410436947,41.85672801699944],[-5.4208423,41.8582277]],[[-5.121068875055296,41.594603705662934],[-5.126005,41.5997761],[-5.1510093,41.6109577],[-5.1650884,41.6231632],[-5.1857197,41.6313938],[-5.1922361,41.6548299],[-5.1978861,41.6633486],[-5.197587,41.6698994],[-5.20814,41.6802783],[-5.2128743,41.6892194],[-5.219966,41.6976288],[-5.2288264,41.7041588],[-5.2351867,41.7066033],[-5.2461716,41.717749],[-5.251032,41.7283101],[-5.2629729,41.7337064],[-5.2878937,41.7574898],[-5.3706642,41.8212277],[-5.4029638,41.8498395],[-5.4092751,41.85329],[-5.422220410436947,41.85672801699944]],[[-5.4180437,41.8643033],[-5.4157076,41.86177],[-5.4208423,41.8582277]],[[-5.4109627675048175,42.50081085370423],[-5.4202327,42.5043938]],[[-5.4187814,41.8648553],[-5.4180437,41.8643033]],[[-5.4187265,41.8648959],[-5.4184147,41.8651165]],[[-5.4184147,41.8651165],[-5.4187265,41.8648959]],[[-5.4180437,41.8643033],[-5.4187265,41.8648959]],[[-5.0492482,41.8863168],[-5.054914,41.8863442],[-5.0671613,41.889686],[-5.090265,41.8907283],[-5.1123733,41.897825],[-5.152977,41.8957109],[-5.1972845,41.8988639],[-5.2230573,41.8922684],[-5.2650745,41.8966591],[-5.3577158,41.8987705],[-5.4118409,41.8674005],[-5.4184147,41.8651165]],[[-5.4149576,41.5152252],[-5.4128014,41.5173522]],[[-5.4137088,41.5152123],[-5.4149576,41.5152252]],[[-5.4137088,41.5152123],[-5.4128014,41.5173522]],[[-5.4137088,41.5152123],[-5.4051693,41.5048741]],[[-5.4128014,41.5173522],[-5.4029375,41.52586]],[[-5.4069207,42.5031269],[-5.4109627675048175,42.50081085370423]],[[-5.4109627675048175,42.50081085370423],[-5.412314,42.4995498],[-5.41088480122579,42.50075692476632]],[[-5.41088480122579,42.50075692476632],[-5.4109627675048175,42.50081085370423]],[[-5.41088480122579,42.50075692476632],[-5.4069207,42.5031269]],[[-5.379386447100895,42.444817890921904],[-5.4071633,42.485365],[-5.4074463,42.4959464],[-5.41088480122579,42.50075692476632]],[[-5.3958458,42.5067426],[-5.4069207,42.5031269]],[[-5.4051693,41.5048741],[-5.4027835,41.5018331]],[[-5.4027835,41.5018331],[-5.4051693,41.5048741]],[[-5.4029375,41.52586],[-5.4027677,41.5258959]],[[-5.402797,41.5259486],[-5.4029375,41.52586]],[[-5.4026597,41.5259954],[-5.402797,41.5259486]],[[-5.402797,41.5259486],[-5.4027677,41.5258959]],[[-5.4027835,41.5018331],[-5.3987492,41.4965043]],[[-5.4027677,41.5258959],[-5.402626,41.5259479]],[[-5.4024876,41.5260374],[-5.4026597,41.5259954]],[[-5.402626,41.5259479],[-5.4026597,41.5259954]],[[-5.402626,41.5259479],[-5.4024876,41.5260374]],[[-5.4024876,41.5260374],[-5.4015514,41.5262961]],[[-5.4015514,41.5262961],[-5.4013064,41.5263002]],[[-5.4013423,41.5263592],[-5.4015514,41.5262961]],[[-5.4011648,41.5264037],[-5.4013423,41.5263592]],[[-5.4013423,41.5263592],[-5.4013064,41.5263002]],[[-5.4013064,41.5263002],[-5.4011447,41.5263452]],[[-5.4009561,41.5264277],[-5.4011648,41.5264037]],[[-5.4011447,41.5263452],[-5.4011648,41.5264037]],[[-5.4011447,41.5263452],[-5.4009561,41.5264277]],[[-5.4009561,41.5264277],[-5.3988408,41.5269379]],[[-5.3988408,41.5269379],[-5.3985723,41.5269687]],[[-5.3986211,41.5270573],[-5.3988408,41.5269379]],[[-5.3987492,41.4965043],[-5.3965362,41.4935826]],[[-5.3965362,41.4935826],[-5.3987492,41.4965043]],[[-5.3983646,41.5271141],[-5.3986211,41.5270573]],[[-5.3986211,41.5270573],[-5.3985723,41.5269687]],[[-5.3985723,41.5269687],[-5.3983394,41.527025]],[[-5.3983394,41.527025],[-5.3983646,41.5271141]],[[-5.3980341,41.5270744],[-5.3983646,41.5271141]],[[-5.3983394,41.527025],[-5.3980341,41.5270744]],[[-5.3980341,41.5270744],[-5.3938607,41.5260877]],[[-5.217487877783091,41.31694391501417],[-5.2249836,41.3275041],[-5.2402631,41.3603055],[-5.2500775,41.3662422],[-5.2515715,41.3706394],[-5.2564303,41.3762753],[-5.2644541,41.3784875],[-5.2691259,41.3897085],[-5.2678039,41.3918135],[-5.2703787,41.3921209],[-5.2684713,41.3950565],[-5.2806257,41.4118996],[-5.2994917,41.4308982],[-5.3760029,41.4843303],[-5.388893,41.4880348],[-5.3965362,41.4935826]],[[-5.3958458,42.5067426],[-5.3955007,42.506797]],[[-5.3955701,42.50695],[-5.3958458,42.5067426]],[[-5.3950885,42.5070953],[-5.3955701,42.50695]],[[-5.3955701,42.50695],[-5.3955007,42.506797]],[[-5.3955007,42.506797],[-5.3949919,42.5069406]],[[-5.3949919,42.5069406],[-5.3950885,42.5070953]],[[-5.3947778,42.5071053],[-5.3950885,42.5070953]],[[-5.3949919,42.5069406],[-5.3947778,42.5071053]],[[-5.393513948589673,42.50751770752925],[-5.3947778,42.5071053]],[[-5.393707,41.5260459],[-5.3938607,41.5260877]],[[-5.3938607,41.5260877],[-5.393707,41.5260459]],[[-5.393707,41.5260459],[-5.3914538,41.5254758]],[[-5.3932724981008136,42.507596495271805],[-5.393513948589673,42.50751770752925]],[[-5.393513948589673,42.50751770752925],[-5.3891388,42.5040499],[-5.3610545,42.4673233],[-5.357091,42.4546383],[-5.357796206766912,42.44275995742431]],[[-5.3917972,42.5080779],[-5.3932724981008136,42.507596495271805]],[[-5.357562093953415,42.442662376619914],[-5.3568568,42.4546483],[-5.3608726,42.467438],[-5.388416,42.503532],[-5.3932724981008136,42.507596495271805]],[[-5.3917972,42.5080779],[-5.3914545,42.508107]],[[-5.3914966,42.5082337],[-5.3917972,42.5080779]],[[-5.3910005,42.508373],[-5.3914966,42.5082337]],[[-5.3914966,42.5082337],[-5.3914545,42.508107]],[[-5.3914545,42.508107],[-5.3909223,42.5082735]],[[-5.3914538,41.5254758],[-5.3912077,41.5253755]],[[-5.3914538,41.5254758],[-5.3911658,41.5254401]],[[-5.3911658,41.5254401],[-5.3912077,41.5253755]],[[-5.3912077,41.5253755],[-5.3909262,41.5253283]],[[-5.3909262,41.5253283],[-5.3911658,41.5254401]],[[-5.3907287,42.5084225],[-5.3910005,42.508373]],[[-5.3909223,42.5082735],[-5.3910005,42.508373]],[[-5.3909262,41.5253283],[-5.3861792,41.5233588]],[[-5.3909223,42.5082735],[-5.3907287,42.5084225]],[[-5.2089154,42.6246253],[-5.220564,42.6137225],[-5.2331798,42.5983213],[-5.2489982,42.5880135],[-5.2918468,42.5519033],[-5.3111985,42.5387666],[-5.3434823,42.5239388],[-5.3907287,42.5084225]],[[-5.3861792,41.5233588],[-5.3856947,41.5231119]],[[-5.3855706,41.5232228],[-5.3861792,41.5233588]],[[-5.3855706,41.5232228],[-5.3856947,41.5231119]],[[-5.3856947,41.5231119],[-5.3854339,41.5230097]],[[-5.3853989,41.5231721],[-5.3855706,41.5232228]],[[-5.3854339,41.5230097],[-5.3844636,41.5233205]],[[-5.3854339,41.5230097],[-5.3853989,41.5231721]],[[-5.3844636,41.5233205],[-5.3853989,41.5231721]],[[-5.3844636,41.5233205],[-5.3786317,41.5257065]],[[-5.3831884,42.703303],[-5.380044,42.7035193]],[[-5.380044,42.7035193],[-5.3831884,42.703303]],[[-5.3816668,40.9305695],[-5.3814544,40.9302984]],[[-5.3812072,40.9304566],[-5.3816668,40.9305695]],[[-5.3812072,40.9304566],[-5.3814544,40.9302984]],[[-5.3814544,40.9302984],[-5.3812666,40.9299517]],[[-5.3812666,40.9299517],[-5.3810681,40.9295258]],[[-5.3812666,40.9299517],[-5.3809678,40.9299595]],[[-5.3809678,40.9299595],[-5.3812072,40.9304566]],[[-5.3810681,40.9295258],[-5.3809678,40.9299595]],[[-5.3810681,40.9295258],[-5.381027984272127,40.929157275250205]],[[-5.3807778,40.9282075],[-5.3810632,40.9281873]],[[-5.3809671,40.9285626],[-5.3810632,40.9281873]],[[-5.3810632,40.9281873],[-5.3807786,40.9277002]],[[-5.191779657596592,40.91444032041621],[-5.2083704,40.9214424],[-5.2450255,40.9281597],[-5.2978063,40.9269964],[-5.3305931,40.9340856],[-5.3416209,40.9350914],[-5.381027984272127,40.929157275250205]],[[-5.381027984272127,40.929157275250205],[-5.381012463845591,40.92900084366941]],[[-5.381012463845591,40.92900084366941],[-5.340254,40.9349072],[-5.2978032,40.9268241],[-5.2450236,40.927986],[-5.2084179,40.9212768],[-5.191872784537058,40.91428592128984]],[[-5.381012463845591,40.92900084366941],[-5.3809671,40.9285626]],[[-5.3807778,40.9282075],[-5.3809671,40.9285626]],[[-5.3807786,40.9277002],[-5.3805623,40.9278535]],[[-5.3807786,40.9277002],[-5.3804028,40.9275811]],[[-5.3805623,40.9278535],[-5.3807778,40.9282075]],[[-5.3804028,40.9275811],[-5.3805623,40.9278535]],[[-5.3062425,40.9244394],[-5.3229561,40.928147],[-5.3386614,40.9288523],[-5.3757491,40.9291819],[-5.3804028,40.9275811]],[[-5.3788417,42.7035724],[-5.380044,42.7035193]],[[-5.37924307866923,42.444608307209656],[-5.379386447100895,42.444817890921904]],[[-5.357796206766912,42.44275995742431],[-5.3649146,42.4444823],[-5.379386447100895,42.444817890921904]],[[-5.3627479,42.4190653],[-5.37924307866923,42.444608307209656]],[[-5.37924307866923,42.444608307209656],[-5.3644278,42.4442724],[-5.3578249355203225,42.442578596908135]],[[-5.3784729,42.7036289],[-5.3788417,42.7035724]],[[-5.3788417,42.7035724],[-5.378423,42.7035314]],[[-5.3786553,42.6988175],[-5.3781306,42.7006734]],[[-5.3781306,42.7006734],[-5.3786553,42.6988175]],[[-5.3786317,41.5257065],[-5.3782312,41.525791]],[[-5.378331,41.52591],[-5.3786317,41.5257065]],[[-5.378205,42.7036836],[-5.3784729,42.7036289]],[[-5.3784729,42.7036289],[-5.378423,42.7035314]],[[-5.378423,42.7035314],[-5.3781836,42.7035725]],[[-5.3780539,41.5260317],[-5.378331,41.52591]],[[-5.378331,41.52591],[-5.3782312,41.525791]],[[-5.3782312,41.525791],[-5.3779686,41.5258821]],[[-5.3781836,42.7035725],[-5.378205,42.7036836]],[[-5.3779406,42.7036624],[-5.378205,42.7036836]],[[-5.3781836,42.7035725],[-5.3779406,42.7036624]],[[-5.3781306,42.7006734],[-5.375523,42.7037345]],[[-5.3774515,41.5261932],[-5.3780539,41.5260317]],[[-5.3779686,41.5258821],[-5.3780539,41.5260317]],[[-5.3779686,41.5258821],[-5.3774515,41.5261932]],[[-5.3758747,42.7038722],[-5.3779406,42.7036624]],[[-5.3774515,41.5261932],[-5.3729732,41.5277561]],[[-5.3759591,40.5793973],[-5.3749913,40.5770512]],[[-5.3749913,40.5770512],[-5.3759591,40.5793973]],[[-5.3756129,42.7039211],[-5.3758747,42.7038722]],[[-5.3758747,42.7038722],[-5.3756147,42.7038194]],[[-5.3756129,42.7039211],[-5.3756147,42.7038194]],[[-5.3756147,42.7038194],[-5.375523,42.7037345]],[[-5.3752802,42.7039981],[-5.3756129,42.7039211]],[[-5.375523,42.7037345],[-5.3752802,42.7039981]],[[-5.375523,42.7037345],[-5.3752802,42.7039981]],[[-5.325597,42.8539161],[-5.3298828,42.8417582],[-5.33372,42.8367319],[-5.3366156,42.8194021],[-5.3429399,42.8077371],[-5.3447516,42.8009087],[-5.3432473,42.7853821],[-5.3385211,42.7758168],[-5.3414575,42.7710429],[-5.3391169,42.7655763],[-5.3393371,42.7561342],[-5.349613,42.7400628],[-5.3672479,42.7230305],[-5.3704492,42.7103056],[-5.3752802,42.7039981]],[[-5.3574656,40.5529094],[-5.3683678,40.5616788],[-5.3749913,40.5770512]],[[-5.217487877783091,41.31694391501417],[-5.2266825,41.3089984],[-5.2320294,41.2977965],[-5.2454212,41.2834468],[-5.2747948,41.2589238],[-5.2897436,41.251313],[-5.3135774,41.2307724],[-5.3254179,41.209198],[-5.3523354,41.1930093],[-5.374210043529315,41.17404523755737]],[[-5.3740687682585575,41.173889463720975],[-5.374210043529315,41.17404523755737]],[[-5.3740687682585575,41.173889463720975],[-5.3522123,41.1928648],[-5.3252425,41.2090762],[-5.3216948,41.2134526],[-5.3134324,41.2306354],[-5.2895794,41.2511987],[-5.2746835,41.2587615],[-5.2452795,41.2833074],[-5.232456,41.2968463],[-5.2265125,41.3088886],[-5.2172510685130415,41.31687278688078]],[[-5.3709301,41.1723679],[-5.3740687682585575,41.173889463720975]],[[-5.3729732,41.5277561],[-5.3658243,41.5292282]],[[-5.3658243,41.5292282],[-5.3729732,41.5277561]],[[-5.3703348,41.1725378],[-5.3709301,41.1723679]],[[-5.3709301,41.1723679],[-5.370255,41.1723204]],[[-5.3696927,41.1726291],[-5.3703348,41.1725378]],[[-5.3703348,41.1725378],[-5.370255,41.1723204]],[[-5.370255,41.1723204],[-5.3696443,41.17246]],[[-5.3701889,42.0067862],[-5.3633029,42.0106852]],[[-5.3633029,42.0106852],[-5.3701889,42.0067862]],[[-5.3696443,41.17246],[-5.3696927,41.1726291]],[[-5.3691222,41.1725954],[-5.3696927,41.1726291]],[[-5.3696443,41.17246],[-5.3691222,41.1725954]],[[-5.367143964287244,41.17206126321216],[-5.3691222,41.1725954]],[[-5.367143964287244,41.17206126321216],[-5.3487891,41.1932261]],[[-5.2986925,41.1162899],[-5.2994948,41.1194639],[-5.3197256,41.1314669],[-5.3220092,41.135021],[-5.3383849,41.1411729],[-5.3579916,41.1534621],[-5.3649608,41.1628778],[-5.367143964287244,41.17206126321216]],[[-5.3658243,41.5292282],[-5.3474497,41.5329463],[-5.3051976,41.5349176],[-5.2969299,41.5317252]],[[-5.3633029,42.0106852],[-5.3103185,42.0404855],[-5.2236243,42.0924442],[-5.2155955,42.0997316]],[[-5.3627479,42.4190653],[-5.3594401,42.4147749]],[[-5.360299743887004,42.4185869786681],[-5.3627479,42.4190653]],[[-5.3619096,40.4330824],[-5.3580558,40.4356393]],[[-5.3580558,40.4356393],[-5.3619096,40.4330824]],[[-5.360062122962143,42.41861154468096],[-5.360299743887004,42.4185869786681]],[[-5.3578249355203225,42.442578596908135],[-5.360299743887004,42.4185869786681]],[[-5.360299743887004,42.4185869786681],[-5.3594401,42.4147749]],[[-5.3587741,42.4136659],[-5.358547,42.4181713],[-5.360062122962143,42.41861154468096]],[[-5.360062122962143,42.41861154468096],[-5.357589755985563,42.44248007046573]],[[-5.3587741,42.4136659],[-5.360062122962143,42.41861154468096]],[[-5.3594401,42.4147749],[-5.3581282,42.4115789]],[[-5.3581282,42.4115789],[-5.3587741,42.4136659]],[[-5.3109401,42.3292761],[-5.3581282,42.4115789]],[[-5.3250204,40.4642848],[-5.3270366,40.4661902],[-5.3289394,40.4653785],[-5.3353787,40.4581545],[-5.3364469,40.4529834],[-5.3580558,40.4356393]],[[-5.357796206766912,42.44275995742431],[-5.3578249355203225,42.442578596908135]],[[-5.3578249355203225,42.442578596908135],[-5.357589755985563,42.44248007046573]],[[-5.357562093953415,42.442662376619914],[-5.357796206766912,42.44275995742431]],[[-5.357589755985563,42.44248007046573],[-5.357562093953415,42.442662376619914]],[[-5.357589755985563,42.44248007046573],[-5.3322172,42.4321454],[-5.3037497,42.4304142],[-5.2800456,42.4205169],[-5.2457322,42.4210702],[-5.2209384,42.4154171],[-5.1982333,42.4128317],[-5.1463983,42.3931383],[-5.1328717,42.392495],[-5.11226,42.3877617],[-5.0556183,42.3801033],[-5.0346783,42.3840333],[-5.026015,42.3836583],[-4.9940833,42.3736],[-4.9790697,42.3662298],[-4.9577041,42.3663007],[-4.9206917,42.363219],[-4.8705337,42.3669363],[-4.8329783,42.3592483],[-4.7851167,42.3577433],[-4.74815,42.3507133],[-4.695375,42.3453217],[-4.6792619,42.3457132],[-4.6462954,42.3497271],[-4.6245544987247005,42.34953643313845]],[[-4.624550076400611,42.349730842591754],[-4.6468073,42.3498879],[-4.6776081,42.3460482],[-4.6950617,42.3455217],[-4.7462995,42.3506323],[-4.7838133,42.3577819],[-4.8318625,42.359296],[-4.8715052,42.3671881],[-4.920684,42.3633926],[-4.9554076,42.366369],[-4.9790503,42.3663873],[-4.9937267,42.37371],[-5.0265341,42.3839262],[-5.0347933,42.3842317],[-5.0555883,42.38028],[-5.1125117,42.3879983],[-5.1330117,42.3927028],[-5.1470183,42.3934667],[-5.1979542,42.4129415],[-5.2211858,42.4155876],[-5.2446197,42.4211547],[-5.2791747,42.4205247],[-5.3054893,42.4310221],[-5.3327781,42.4324599],[-5.357562093953415,42.442662376619914]],[[-5.3574656,40.5529094],[-5.3551629,40.5516435]],[[-5.3551629,40.5516435],[-5.3574656,40.5529094]],[[-5.0409315,40.1793516],[-5.049671,40.1803287],[-5.0538098,40.1857623],[-5.0745637,40.1896331],[-5.0834424,40.1852178],[-5.0910561,40.1750876],[-5.1095713,40.1632784],[-5.1177609,40.1631736],[-5.1223859,40.1675862],[-5.1260077,40.1683762],[-5.1343257,40.166507],[-5.153852,40.1584001],[-5.1833678,40.1569982],[-5.1868765,40.1551419],[-5.1903571,40.1486163],[-5.1935719,40.1461103],[-5.2070652,40.1400618],[-5.226293,40.1345582],[-5.2588726,40.1405645],[-5.2612818,40.1425088],[-5.2634453,40.1480334],[-5.2672002,40.1498061],[-5.278843,40.147638],[-5.3180257,40.145854],[-5.3369097,40.1468862],[-5.3471647,40.149262],[-5.3568731,40.1478862]],[[-5.3484245,40.5182363],[-5.3478818,40.5218342],[-5.350193,40.5240543],[-5.3488009,40.5278252],[-5.3444972,40.5319177],[-5.341456,40.5445796],[-5.3551629,40.5516435]],[[-5.3487891,41.1932261],[-5.3476514,41.1939168]],[[-5.3478749,41.1940946],[-5.3487891,41.1932261]],[[-5.3487773,40.5160638],[-5.3484245,40.5182363]],[[-5.3484245,40.5182363],[-5.3487773,40.5160638]],[[-5.3313605,40.4670667],[-5.3487773,40.5160638]],[[-5.3473386,41.1944701],[-5.3478749,41.1940946]],[[-5.3478749,41.1940946],[-5.3476514,41.1939168]],[[-5.3476514,41.1939168],[-5.3471165,41.1942837]],[[-5.346269,41.195049],[-5.3473386,41.1944701]],[[-5.3471165,41.1942837],[-5.3473386,41.1944701]],[[-5.3471165,41.1942837],[-5.346269,41.195049]],[[-5.346269,41.195049],[-5.3234724,41.2086579],[-5.309359,41.2325629],[-5.2977997,41.2389147],[-5.294309,41.2453498],[-5.288931,41.249623],[-5.2759313,41.2569655],[-5.2593621,41.2690692],[-5.233317,41.295145],[-5.211663,41.3131173]],[[-5.3313605,40.4670667],[-5.3311435,40.4666731]],[[-5.3309133,40.4668082],[-5.3313605,40.4670667]],[[-5.3292635,42.8539109],[-5.3287071,42.8538708]],[[-5.3287562,42.8541114],[-5.3292635,42.8539109]],[[-5.3282351,42.854141],[-5.3287562,42.8541114]],[[-5.3287562,42.8541114],[-5.3287071,42.8538708]],[[-5.3287071,42.8538708],[-5.328515,42.8537993]],[[-5.328515,42.8537993],[-5.3282314,42.8538997]],[[-5.328515,42.8537993],[-5.3281588,42.8536439]],[[-5.3281991,42.8539495],[-5.3282351,42.854141]],[[-5.3277339,42.8540968],[-5.3282351,42.854141]],[[-5.3282314,42.8538997],[-5.3281991,42.8539495]],[[-5.3281588,42.8536439],[-5.3282314,42.8538997]],[[-5.3281991,42.8539495],[-5.3277339,42.8540968]],[[-5.3281588,42.8536439],[-5.3260772,42.8539102]],[[-5.3277339,42.8540968],[-5.325573180397468,42.854109536968274]],[[-5.325597,42.8539161],[-5.3260772,42.8539102]],[[-5.3260772,42.8539102],[-5.325597,42.8539161]],[[-5.325573180397468,42.854109536968274],[-5.325597,42.8539161]],[[-5.3255664,42.8541646],[-5.325573180397468,42.854109536968274]],[[-5.325573180397468,42.854109536968274],[-5.3205861,42.8551868]],[[-5.3250204,40.4642848],[-5.3248673,40.4641092]],[[-5.3247846,40.4641914],[-5.3250204,40.4642848]],[[-5.3247846,40.4641914],[-5.3248673,40.4641092]],[[-5.3248673,40.4641092],[-5.3245535,40.4640655]],[[-5.3246152,40.4641805],[-5.3247846,40.4641914]],[[-5.324341,40.4641794],[-5.3246152,40.4641805]],[[-5.3245535,40.4640655],[-5.3246152,40.4641805]],[[-5.3245535,40.4640655],[-5.324341,40.4641794]],[[-5.3201688,40.4662956],[-5.324341,40.4641794]],[[-5.3205861,42.8551868],[-5.3200719,42.8553744]],[[-5.3203076,42.8555661],[-5.3205861,42.8551868]],[[-5.3199178,42.8557998],[-5.3203076,42.8555661]],[[-5.3203076,42.8555661],[-5.3200719,42.8553744]],[[-5.3201688,40.4662956],[-5.3198885,40.4663398]],[[-5.319997,40.4664498],[-5.3201688,40.4662956]],[[-5.3200719,42.8553744],[-5.3197183,42.8556467]],[[-5.3197981,40.4665609],[-5.319997,40.4664498]],[[-5.319997,40.4664498],[-5.3198885,40.4663398]],[[-5.3194769,42.8560659],[-5.3199178,42.8557998]],[[-5.3197183,42.8556467],[-5.3199178,42.8557998]],[[-5.3198885,40.4663398],[-5.3196945,40.4664691]],[[-5.3194763,40.4666583],[-5.3197981,40.4665609]],[[-5.3196945,40.4664691],[-5.3197981,40.4665609]],[[-5.3197183,42.8556467],[-5.3194769,42.8560659]],[[-5.3196945,40.4664691],[-5.3194763,40.4666583]],[[-5.3194769,42.8560659],[-5.3136543,42.8615965],[-5.3094135,42.8623431],[-5.250942,42.8397072],[-5.2169232,42.8381238],[-5.2022849,42.8336584],[-5.1930059,42.8347918],[-5.1803085,42.8284493],[-5.1738839,42.8292332],[-5.1690107,42.8327427],[-5.1620448,42.8339738],[-5.1561334,42.837118],[-5.1457413,42.8328713],[-5.127263,42.8328827]],[[-5.3130595,40.4703434],[-5.3194763,40.4666583]],[[-5.3130595,40.4703434],[-5.3100346,40.4728678]],[[-5.3100346,40.4728678],[-5.3130595,40.4703434]],[[-5.3109401,42.3292761],[-5.3087063,42.3255963]],[[-5.3096473,42.3271902],[-5.3109401,42.3292761]],[[-5.3069483,40.4754344],[-5.3100346,40.4728678]],[[-5.3089239,42.3271973],[-5.3096473,42.3271902]],[[-5.3087063,42.3255963],[-5.3096473,42.3271902]],[[-5.3096473,42.3271902],[-5.3089239,42.3271973]],[[-5.0495828022281515,42.37554434905635],[-5.0631949,42.378169],[-5.0715288,42.3820757],[-5.0783834,42.3821841],[-5.0932895,42.3725111],[-5.1141452,42.362356],[-5.12696,42.3521433],[-5.1467785,42.3467228],[-5.1559444,42.3487855],[-5.1688415,42.3465129],[-5.1792,42.3478654],[-5.197517,42.3579619],[-5.2069011,42.3588092],[-5.2179871,42.356099],[-5.247951,42.3443457],[-5.260521,42.3350317],[-5.279979,42.3260165],[-5.2916483,42.3244172],[-5.3089239,42.3271973]],[[-5.2699202804832295,42.17559529730696],[-5.2682591,42.2506984],[-5.2722834,42.2616223],[-5.3087063,42.3255963]],[[-5.3069483,40.4754344],[-5.3031567,40.4786207]],[[-5.3031567,40.4786207],[-5.3069483,40.4754344]],[[-5.3062425,40.9244394],[-5.3058304,40.9244034]],[[-5.3059282,40.9246314],[-5.3062425,40.9244394]],[[-5.3053619,40.9244991],[-5.3059282,40.9246314]],[[-5.3059282,40.9246314],[-5.3058304,40.9244034]],[[-5.3058304,40.9244034],[-5.3055748,40.9243573]],[[-5.3055748,40.9243573],[-5.3053619,40.9244991]],[[-5.3055748,40.9243573],[-5.3051412,40.924184]],[[-5.3051412,40.924184],[-5.3053619,40.9244991]],[[-5.2201075,40.9086556],[-5.2293966,40.9090481],[-5.3051412,40.924184]],[[-5.2936712,40.4859962],[-5.3031567,40.4786207]],[[-5.2986925,41.1162899],[-5.2977046,41.1151274]],[[-5.2977046,41.1151274],[-5.2986925,41.1162899]],[[-5.2977046,41.1151274],[-5.2907379,41.1174222],[-5.246069,41.1103668],[-5.228919,41.1096992],[-5.207391,41.1135212],[-5.1790644,41.1144486],[-5.1682658,41.1215575],[-5.1609709,41.1225698],[-5.1380127,41.1203743],[-5.1106552,41.1129008],[-5.0750736,41.1125907],[-5.0417594,41.1032615],[-5.0344156,41.1030749],[-5.0223416,41.0978312],[-5.0017954,41.0973153],[-4.9984806,41.0960368]],[[-5.2969299,41.5317252],[-5.2966359,41.5314372]],[[-5.2964685,41.5316621],[-5.2969299,41.5317252]],[[-5.2964685,41.5316621],[-5.2966359,41.5314372]],[[-5.2966359,41.5314372],[-5.2959913,41.5311481]],[[-5.2958021,41.5314357],[-5.2964685,41.5316621]],[[-5.2959913,41.5311481],[-5.2958021,41.5314357]],[[-5.2959913,41.5311481],[-5.2955016,41.5310736]],[[-5.2955016,41.5310736],[-5.2958021,41.5314357]],[[-5.2955016,41.5310736],[-5.2730686,41.5209998],[-5.2456719,41.5202372],[-5.2207241,41.5141543]],[[-5.2936712,40.4859962],[-5.2894695,40.4886999]],[[-5.2894695,40.4886999],[-5.2936712,40.4859962]],[[-5.2795322,40.495091],[-5.2894695,40.4886999]],[[-5.2795322,40.495091],[-5.2767569,40.4968342]],[[-5.2767569,40.4968342],[-5.2795322,40.495091]],[[-5.2703601,40.5008563],[-5.2767569,40.4968342]],[[-5.2704082,42.1696099],[-5.2699202804832295,42.17559529730696]],[[-5.2704082,42.1696099],[-5.2694119,42.1645031]],[[-5.2694119,42.1645031],[-5.2704082,42.1696099]],[[-5.2703601,40.5008563],[-5.2657051,40.5034676]],[[-5.2657051,40.5034676],[-5.2703601,40.5008563]],[[-5.2689516,42.1748379],[-5.2699202804832295,42.17559529730696]],[[-5.2682611,42.1622672],[-5.2694119,42.1645031]],[[-5.2681351,42.162012],[-5.2682611,42.1622672]],[[-5.2682611,42.1622672],[-5.2681351,42.162012]],[[-5.2681351,42.162012],[-5.2682611,42.1622672]],[[-5.2168902,42.1013116],[-5.2283494,42.1098467],[-5.256407,42.1363192],[-5.2681351,42.162012]],[[-5.2581555,40.5051596],[-5.2657051,40.5034676]],[[-5.2581555,40.5051596],[-5.2524978,40.5064399]],[[-5.2524978,40.5064399],[-5.2581555,40.5051596]],[[-5.2502868,41.7214789],[-5.2569684,41.727731]],[[-5.2300587,40.5142853],[-5.2524978,40.5064399]],[[-5.2300587,40.5142853],[-5.2263746,40.5159162]],[[-5.2263746,40.5159162],[-5.2300587,40.5142853]],[[-5.2078035,40.5254114],[-5.2263746,40.5159162]],[[-5.2207241,41.5141543],[-5.2186977,41.5134173]],[[-5.2185894,41.5137929],[-5.2207241,41.5141543]],[[-5.2201075,40.9086556],[-5.2189185,40.9083971]],[[-5.218899,40.9086275],[-5.2201075,40.9086556]],[[-5.218899,40.9086275],[-5.2189185,40.9083971]],[[-5.2189185,40.9083971],[-5.2189066,40.908201]],[[-5.2189066,40.908201],[-5.218815,40.9084267]],[[-5.2049828,40.9021724],[-5.2073011,40.9045202],[-5.2180961,40.906767],[-5.2189066,40.908201]],[[-5.2170754,40.9085842],[-5.218899,40.9086275]],[[-5.218815,40.9084267],[-5.218899,40.9086275]],[[-5.2183897,40.9086154],[-5.218899,40.9086275]],[[-5.218815,40.9084267],[-5.2183897,40.9086154]],[[-5.2188039,43.1111344],[-5.2185885,43.1098358],[-5.2224827,43.1084949],[-5.2208555,43.1008854],[-5.2198025,43.1001597],[-5.2205459,43.1034233],[-5.2192462,43.1062753],[-5.2188684,43.10262],[-5.2179326,43.1053298],[-5.2164528,43.1006687],[-5.2136744,43.0991702],[-5.2177223,43.0946815],[-5.2156542,43.087114],[-5.217942,43.0847485],[-5.215259,43.0839827],[-5.2143617,43.0763067],[-5.2104519,43.0732315],[-5.1998731,43.0705745],[-5.1959537,43.0724525],[-5.1804999,43.0692485],[-5.1573722,43.0727282],[-5.1425814,43.0701284],[-5.1411998,43.0676622],[-5.1371885,43.0659852],[-5.1382782,43.0610778],[-5.1329677,43.0573479],[-5.1284992,43.0478912],[-5.1238571,43.04476],[-5.1157839,43.0440787],[-5.1035358,43.0389495],[-5.0962958,43.0383136],[-5.0922567,43.0402898],[-5.0822258,43.0378955],[-5.0712411,43.0285594],[-5.0474897,43.0254638],[-5.0410356,43.0215749],[-5.0365069,43.0226621],[-5.0326811,43.0160206],[-5.0293327,43.0169455],[-5.0215444,43.0128771]],[[-5.2185894,41.5137929],[-5.2186977,41.5134173]],[[-5.2186977,41.5134173],[-5.2180525,41.5133002]],[[-5.2178951,41.5136098],[-5.2185894,41.5137929]],[[-5.2170754,40.9085842],[-5.2183897,40.9086154]],[[-5.2180525,41.5133002],[-5.2165803,41.5131098]],[[-5.2180525,41.5133002],[-5.2178951,41.5136098]],[[-5.2165803,41.5131098],[-5.2178951,41.5136098]],[[-5.203413767505139,41.32149307156964],[-5.217487877783091,41.31694391501417]],[[-5.2172510685130415,41.31687278688078],[-5.217487877783091,41.31694391501417]],[[-5.2172510685130415,41.31687278688078],[-5.203422307590109,41.321306191315216]],[[-5.2114898,41.3142068],[-5.2172510685130415,41.31687278688078]],[[-5.19872929914562,40.90757241143606],[-5.2170754,40.9085842]],[[-5.2168902,42.1013116],[-5.2153851,42.10002]],[[-5.2151931,42.0999844],[-5.2168902,42.1013116]],[[-5.2165803,41.5131098],[-5.1619675,41.5095984]],[[-5.2155955,42.0997316],[-5.215329,42.0997394]],[[-5.2155054,42.0997689],[-5.2155955,42.0997316]],[[-5.2151745,42.0998117],[-5.2155054,42.0997689]],[[-5.2153851,42.10002],[-5.2155054,42.0997689]],[[-5.2153851,42.10002],[-5.2151745,42.0998117]],[[-5.215329,42.0997394],[-5.2151745,42.0998117]],[[-5.215329,42.0997394],[-5.2150091,42.0996481]],[[-5.2151745,42.0998117],[-5.2151931,42.0999844]],[[-5.214677,42.0994675],[-5.2151931,42.0999844]],[[-5.2151745,42.0998117],[-5.2150091,42.0996481]],[[-5.214677,42.0994675],[-5.2151745,42.0998117]],[[-5.2150091,42.0996481],[-5.2125421,42.0972554]],[[-5.2125421,42.0972554],[-5.214677,42.0994675]],[[-5.2065385,42.0913298],[-5.2125421,42.0972554]],[[-5.211663,41.3131173],[-5.2106382,41.3136481]],[[-5.2108711,41.3138291],[-5.211663,41.3131173]],[[-5.2114898,41.3142068],[-5.2108816,41.3138974]],[[-5.2107397,41.3140995],[-5.2114898,41.3142068]],[[-5.2107397,41.3140995],[-5.2108816,41.3138974]],[[-5.2108816,41.3138974],[-5.2108711,41.3138291]],[[-5.2108711,41.3138291],[-5.2106382,41.3136481]],[[-5.2104463,41.3141362],[-5.2107397,41.3140995]],[[-5.2106382,41.3136481],[-5.210382,41.3136683]],[[-5.2095627,41.3146097],[-5.2104463,41.3141362]],[[-5.2102163,41.3139602],[-5.2104463,41.3141362]],[[-5.210382,41.3136683],[-5.2102154,41.313827]],[[-5.210382,41.3136683],[-5.2098113,41.3135291]],[[-5.2102163,41.3139602],[-5.2095627,41.3146097]],[[-5.2102154,41.313827],[-5.2102163,41.3139602]],[[-5.2098113,41.3135291],[-5.2102154,41.313827]],[[-5.0828369,41.3306523],[-5.0930751,41.3328046],[-5.1115443,41.330787],[-5.1919215,41.3144348],[-5.2098113,41.3135291]],[[-5.2095627,41.3146097],[-5.203422307590109,41.321306191315216]],[[-5.2089154,42.6246253],[-5.2076093,42.6257945]],[[-5.2076093,42.6257945],[-5.2089154,42.6246253]],[[-5.2078035,40.5254114],[-5.2037524,40.5266625]],[[-5.2037524,40.5266625],[-5.2078035,40.5254114]],[[-5.1400568,42.7474526],[-5.1508399,42.7098465],[-5.1562188,42.7001967],[-5.1588684,42.6908256],[-5.1672696,42.681593],[-5.1748224,42.6579769],[-5.1863015,42.643643],[-5.1964621,42.6369362],[-5.2076093,42.6257945]],[[-5.2065385,42.0913298],[-5.2051065,42.0897616]],[[-5.2053517,42.0901756],[-5.2065385,42.0913298]],[[-5.204403,42.0891416],[-5.2053517,42.0901756]],[[-5.2041011,42.0892585],[-5.2053517,42.0901756]],[[-5.2051065,42.0897616],[-5.2039523,42.0885124]],[[-5.2051065,42.0897616],[-5.204403,42.0891416]],[[-5.2022267,40.9043446],[-5.2049828,40.9021724]],[[-5.2049828,40.9021724],[-5.2032002,40.9004467],[-5.1955381,40.9020467],[-5.1791959,40.9009971]],[[-5.2041011,42.0892585],[-5.204403,42.0891416]],[[-5.204403,42.0891416],[-5.2039523,42.0885124]],[[-5.2041618,42.0888875],[-5.204403,42.0891416]],[[-5.204403,42.0891416],[-5.2040946,42.0891728]],[[-5.2041618,42.0888875],[-5.2040946,42.0891728]],[[-5.2027132,42.0872042],[-5.2041618,42.0888875]],[[-5.2037241,42.0892953],[-5.2041011,42.0892585]],[[-5.2040946,42.0891728],[-5.2037241,42.0892953]],[[-5.2039523,42.0885124],[-5.2027132,42.0872042]],[[-5.1235259,40.5528938],[-5.138924,40.5494682],[-5.1520412,40.5424703],[-5.1559491,40.5422705],[-5.1655629,40.5335842],[-5.1758668,40.5303715],[-5.1832547,40.5306674],[-5.1894785,40.5274504],[-5.2037524,40.5266625]],[[-5.0383684,42.0958636],[-5.0811405,42.0841098],[-5.1082732,42.0803277],[-5.1488055,42.0825557],[-5.17436,42.0880683],[-5.1863341,42.086531],[-5.1991218,42.0897311],[-5.2037241,42.0892953]],[[-5.203422307590109,41.321306191315216],[-5.1958756,41.3259369],[-5.1865003,41.3388922],[-5.1715821,41.3501468],[-5.1643306,41.367612],[-5.1465412,41.3883761],[-5.1332037,41.4092114],[-5.0959626,41.4361604],[-5.0914521,41.4417114],[-5.0866314,41.4525202],[-5.0735923,41.4626081],[-5.0409281,41.4825335],[-5.02345277413186,41.490078054450635]],[[-5.203422307590109,41.321306191315216],[-5.203413767505139,41.32149307156964]],[[-5.0237129607556446,41.490080551277934],[-5.0409869,41.4827098],[-5.0736997,41.4627657],[-5.0872291,41.452114],[-5.0916458,41.4417874],[-5.0961279,41.4362781],[-5.1329195,41.4097603],[-5.1386565,41.4028458],[-5.1467441,41.3884608],[-5.1650829,41.3668571],[-5.1718012,41.3502174],[-5.1857759,41.3398275],[-5.1960577,41.3260408],[-5.203413767505139,41.32149307156964]],[[-5.203413767505139,41.32149307156964],[-5.1977322,41.3280337],[-5.1931796,41.3302919],[-5.1791735,41.3513229]],[[-5.0297857,41.8685386],[-5.0343675,41.8711372],[-5.0407914,41.8786253],[-5.0451766,41.878839],[-5.0449883,41.8833264],[-5.0634177,41.9026499],[-5.0783218,41.9229872],[-5.0882032,41.9399338],[-5.113061,41.965627],[-5.1319683,42.0115197],[-5.1373151,42.0210021],[-5.1469787,42.0298367],[-5.148326,42.0356106],[-5.1759789,42.0585769],[-5.2027132,42.0872042]],[[-5.2022267,40.9043446],[-5.20199,40.9044241]],[[-5.2020718,40.9045091],[-5.2022267,40.9043446]],[[-5.20199,40.9045946],[-5.2020718,40.9045091]],[[-5.2020718,40.9045091],[-5.20199,40.9044241]],[[-5.20199,40.9044241],[-5.2018676,40.9045715]],[[-5.2018676,40.9045715],[-5.20199,40.9045946]],[[-5.2018255,40.9047449],[-5.20199,40.9045946]],[[-5.2018676,40.9045715],[-5.2018255,40.9047449]],[[-5.1994756,40.9068914],[-5.2018255,40.9047449]],[[-5.1994756,40.9068914],[-5.1991158,40.9070412]],[[-5.1992945,40.9071743],[-5.1994756,40.9068914]],[[-5.1989803,40.9074257],[-5.1992945,40.9071743]],[[-5.1992945,40.9071743],[-5.1991158,40.9070412]],[[-5.1991158,40.9070412],[-5.1987978,40.9073057]],[[-5.19872929914562,40.90757241143606],[-5.1989803,40.9074257]],[[-5.1987978,40.9073057],[-5.1989803,40.9074257]],[[-5.1987978,40.9073057],[-5.198622338178182,40.90755313831715]],[[-5.195915,40.9097898],[-5.19872929914562,40.90757241143606]],[[-5.198622338178182,40.90755313831715],[-5.19872929914562,40.90757241143606]],[[-5.198622338178182,40.90755313831715],[-5.195915,40.9097898]],[[-5.1812352,40.9021914],[-5.198622338178182,40.90755313831715]],[[-5.195915,40.9097898],[-5.1925454,40.9131476]],[[-5.1925454,40.9131476],[-5.1922698,40.9133631]],[[-5.192525,40.9134584],[-5.1925454,40.9131476]],[[-5.1923094,40.9138068],[-5.192525,40.9134584]],[[-5.192525,40.9134584],[-5.1922698,40.9133631]],[[-5.1920567,40.913981],[-5.1923094,40.9138068]],[[-5.1920794,40.9137456],[-5.1923094,40.9138068]],[[-5.1922698,40.9133631],[-5.1920794,40.9137456]],[[-5.1920794,40.9137456],[-5.1920567,40.913981]],[[-5.1920567,40.913981],[-5.191872784537058,40.91428592128984]],[[-5.191872784537058,40.91428592128984],[-5.191779657596592,40.91444032041621]],[[-5.191872784537058,40.91428592128984],[-5.170996648488499,40.9000464079468]],[[-5.191779657596592,40.91444032041621],[-5.1916173,40.9147095]],[[-5.170558602833057,40.90000010520018],[-5.191779657596592,40.91444032041621]],[[-5.1916173,40.9147095],[-5.1913594,40.9149059]],[[-5.1915962,40.9149854],[-5.1916173,40.9147095]],[[-5.191397,40.915351],[-5.1915962,40.9149854]],[[-5.1915962,40.9149854],[-5.1913594,40.9149059]],[[-5.1911126,40.9155618],[-5.191397,40.915351]],[[-5.1911326,40.9152613],[-5.191397,40.915351]],[[-5.1913594,40.9149059],[-5.1911326,40.9152613]],[[-5.1911326,40.9152613],[-5.1911126,40.9155618]],[[-5.1911126,40.9155618],[-5.1508089,40.9827331],[-5.1321854,40.9957848],[-5.1272239,40.9971356],[-5.1246637,40.9996414],[-5.0754039,41.0245131],[-4.9982089,41.0955317]],[[-5.1699484,41.6264678],[-5.1763528,41.6273815],[-5.1833405,41.631338],[-5.186677,41.6372593]],[[-5.1812352,40.9021914],[-5.1795342,40.9015486]],[[-5.1795387,40.9016204],[-5.1812352,40.9021914]],[[-5.1788038,40.9013105],[-5.1795387,40.9016204]],[[-5.1778694,40.9011033],[-5.1795387,40.9016204]],[[-5.1795342,40.9015486],[-5.1790289,40.9011535]],[[-5.1795342,40.9015486],[-5.1788038,40.9013105]],[[-5.1791959,40.9009971],[-5.1789044,40.9011457]],[[-5.1790289,40.9011535],[-5.1791959,40.9009971]],[[-5.1791735,41.3513229],[-5.1790234,41.3515489]],[[-5.1790234,41.3515489],[-5.1791735,41.3513229]],[[-5.1791735,41.3513229],[-5.1790234,41.3515489]],[[-5.1788038,40.9013105],[-5.1790289,40.9011535]],[[-5.1790234,41.3515489],[-5.1494741,41.3856037],[-5.1348444,41.4139878],[-5.0996613,41.4358212],[-5.0908142,41.4443759],[-5.0886285,41.4533727]],[[-5.1789044,40.9011457],[-5.1784488,40.9012018]],[[-5.1789044,40.9011457],[-5.1788038,40.9013105]],[[-5.1788038,40.9013105],[-5.1784488,40.9012018]],[[-5.1778694,40.9011033],[-5.1788038,40.9013105]],[[-5.1784488,40.9012018],[-5.176524,40.9007444]],[[-5.176524,40.9007444],[-5.1778694,40.9011033]],[[-5.170996648488499,40.9000464079468],[-5.176524,40.9007444]],[[-5.170996648488499,40.9000464079468],[-5.1457203,40.8857068],[-5.1312277,40.8740893],[-5.1221868,40.8705859],[-5.0688581,40.8734987],[-5.055640799962851,40.87697359859243]],[[-5.170558602833057,40.90000010520018],[-5.170996648488499,40.9000464079468]],[[-5.05573896999035,40.877130647250766],[-5.0688667,40.873668],[-5.1216537,40.8706613],[-5.1311656,40.8742736],[-5.1446546,40.8852409],[-5.170558602833057,40.90000010520018]],[[-5.1041656,40.8755945],[-5.1108845,40.8754948],[-5.1367583,40.8834584],[-5.1406032,40.8877667],[-5.1605185,40.8982518],[-5.170558602833057,40.90000010520018]],[[-5.1696019,41.626311],[-5.1699484,41.6264678]],[[-5.1699484,41.6264678],[-5.1696019,41.626311]],[[-5.1696019,41.626311],[-5.1661487,41.6238887]],[[-5.1619675,41.5095984],[-5.1544846,41.5092727]],[[-5.1544846,41.5092727],[-5.1619675,41.5095984]],[[-5.1544846,41.5092727],[-5.0975622,41.5067346]],[[-5.1400568,42.7474526],[-5.1395215,42.7536584]],[[-5.1395215,42.7536584],[-5.1400568,42.7474526]],[[-5.1266831,42.7944305],[-5.125983,42.7893731],[-5.1285831,42.780973],[-5.1397965,42.7649385],[-5.1395215,42.7536584]],[[-5.1355358,42.806264],[-5.1355902,42.8058283]],[[-5.1355902,42.8058283],[-5.1355087,42.8055968]],[[-5.1355902,42.8058283],[-5.135272,42.8058482]],[[-5.1352118,42.806189],[-5.1355358,42.806264]],[[-5.135251,42.8064966],[-5.1355358,42.806264]],[[-5.1355087,42.8055968],[-5.135272,42.8058482]],[[-5.1275477,42.7946123],[-5.1325474,42.7954494],[-5.1355087,42.8055968]],[[-5.135272,42.8058482],[-5.1352118,42.806189]],[[-5.135251,42.8064966],[-5.1343036,42.8117236],[-5.1316621,42.8132434]],[[-5.1352118,42.806189],[-5.135251,42.8064966]],[[-5.1313389,42.8134316],[-5.1316621,42.8132434]],[[-5.1316621,42.8132434],[-5.1313591,42.813229]],[[-5.1313389,42.8134316],[-5.1313591,42.813229]],[[-5.1313591,42.813229],[-5.1313069,42.8131684]],[[-5.1311392,42.8135337],[-5.1313389,42.8134316]],[[-5.1313069,42.8131684],[-5.1312778,42.8126541]],[[-5.1313069,42.8131684],[-5.1309525,42.8131147]],[[-5.1312778,42.8126541],[-5.1309525,42.8131147]],[[-5.1312778,42.8126541],[-5.1287024,42.8040496],[-5.1254084,42.8006854]],[[-5.1308298,42.8134403],[-5.1311392,42.8135337]],[[-5.1308619,42.8138767],[-5.1311392,42.8135337]],[[-5.1309525,42.8131147],[-5.1308298,42.8134403]],[[-5.1304506,42.8148635],[-5.1308619,42.8138767]],[[-5.1308298,42.8134403],[-5.1308619,42.8138767]],[[-5.1304506,42.8148635],[-5.1274059,42.8173022]],[[-5.1274059,42.8173022],[-5.1304506,42.8148635]],[[-5.1276131,42.8313109],[-5.1263028,42.8341551]],[[-5.1269673,42.832906],[-5.1276131,42.8313109]],[[-5.1274059,42.8173022],[-5.1189654,42.8240856],[-5.1264551,42.8288531],[-5.1276131,42.8313109]],[[-5.1275477,42.7946123],[-5.1271804,42.7946857]],[[-5.1273409,42.7949284],[-5.1275477,42.7946123]],[[-5.1270933,42.795107],[-5.1273409,42.7949284]],[[-5.1273409,42.7949284],[-5.1271804,42.7946857]],[[-5.1269673,42.832906],[-5.127263,42.8328827]],[[-5.127263,42.8328827],[-5.1269673,42.832906]],[[-5.1271804,42.7946857],[-5.1270699,42.7946618]],[[-5.1268897,42.7954073],[-5.1270933,42.795107]],[[-5.126863,42.795069],[-5.1270933,42.795107]],[[-5.1270699,42.7946618],[-5.1267776,42.7947696]],[[-5.1270699,42.7946618],[-5.1266831,42.7944305]],[[-5.1263028,42.8341551],[-5.1269673,42.832906]],[[-5.125334,42.8003553],[-5.1268897,42.7954073]],[[-5.126863,42.795069],[-5.1268897,42.7954073]],[[-5.126769,42.7949903],[-5.126863,42.795069]],[[-5.1267776,42.7947696],[-5.1267584,42.7948099]],[[-5.1266831,42.7944305],[-5.1267776,42.7947696]],[[-5.1267584,42.7948099],[-5.126769,42.7949903]],[[-5.1264398,42.794904],[-5.126769,42.7949903]],[[-5.1267584,42.7948099],[-5.1264398,42.794904]],[[-5.1173915,42.7955778],[-5.1264398,42.794904]],[[-5.1258487,42.8351214],[-5.1263028,42.8341551]],[[-5.1258487,42.8351214],[-5.1245183,42.837988]],[[-5.1245183,42.837988],[-5.1258487,42.8351214]],[[-5.1254084,42.8006854],[-5.125334,42.8003553]],[[-5.125334,42.8003553],[-5.1254084,42.8006854]],[[-4.7355062,43.073437],[-4.7372597,43.0740227],[-4.7331343,43.0767474],[-4.738361,43.0753408],[-4.7429256,43.0714746],[-4.7489266,43.0720421],[-4.7662358,43.0668866],[-4.7765547,43.0655172],[-4.7806044,43.0687845],[-4.7831882,43.0650253],[-4.7928396,43.0584834],[-4.7966998,43.0526581],[-4.800375,43.0540228],[-4.8044215,43.0527164],[-4.8153566,43.0548185],[-4.8197767,43.0539884],[-4.8475088,43.0418503],[-4.8502599,43.0389646],[-4.8581112,43.0368889],[-4.8582085,43.0356254],[-4.8551456,43.0353325],[-4.8565976,43.0337923],[-4.8551446,43.0317303],[-4.8591464,43.0301522],[-4.8578674,43.0281065],[-4.8603538,43.0252799],[-4.8633587,43.024631],[-4.8637453,43.0228657],[-4.8701378,43.0201991],[-4.8734521,43.0159264],[-4.8803703,43.0136648],[-4.8879582,43.0081209],[-4.890117,43.0051523],[-4.8886975,43.0018803],[-4.8895669,42.9953103],[-4.897621,42.9929089],[-4.9153454,42.9769995],[-4.9370207,42.9718861],[-4.9512594,42.974737],[-4.9636814,42.974022],[-4.9772648,42.9683782],[-4.983435,42.9689411],[-4.9851963,42.970902],[-4.9876213,42.9693861],[-4.9940085,42.9706632],[-5.0019704,42.9773257],[-5.0052626,42.9777296],[-5.0125443,42.9753545],[-5.0189696,42.967951],[-5.0192739,42.9614999],[-5.0123359,42.9601321],[-5.0108354,42.957684],[-5.0117993,42.9557976],[-5.019485,42.9522676],[-5.0214072,42.9489988],[-5.0311959,42.946529],[-5.0324369,42.9431105],[-5.0386872,42.9397182],[-5.0422432,42.9395511],[-5.0442924,42.9376376],[-5.0536696,42.9414455],[-5.0625446,42.9371561],[-5.0718449,42.937253],[-5.0825296,42.9325675],[-5.0852072,42.933764],[-5.0922608,42.932736],[-5.0917267,42.9315357],[-5.0883866,42.9317997],[-5.0893637,42.9302161],[-5.1046171,42.935564],[-5.1143859,42.9300748],[-5.113861,42.9264465],[-5.1178844,42.9238688],[-5.1211241,42.9191439],[-5.1320309,42.9146848],[-5.156085,42.8909153],[-5.1622159,42.8909512],[-5.164001,42.8882444],[-5.1618924,42.8852781],[-5.1536928,42.8849787],[-5.158957,42.8796859],[-5.1609802,42.8706334],[-5.1562983,42.8669019],[-5.1450293,42.8620492],[-5.1341871,42.8622548],[-5.136032,42.8552971],[-5.1292326,42.850313],[-5.1220682,42.8412544],[-5.1245183,42.837988]],[[-5.1235259,40.5528938],[-5.1203946,40.5530907]],[[-5.1203946,40.5530907],[-5.1235259,40.5528938]],[[-5.121068875055296,41.594603705662934],[-5.1189247,41.5950152],[-5.1228747,41.5980439]],[[-5.121286896458072,41.59452722248067],[-5.1223983,41.5941128]],[[-5.121068875055296,41.594603705662934],[-5.121286896458072,41.59452722248067]],[[-5.121286896458072,41.59452722248067],[-5.0926428,41.5708144],[-5.0646243,41.5366124],[-5.0239279,41.5141406],[-5.0153459417543065,41.51238225235291]],[[-5.014952097331632,41.51259564500583],[-5.0234914,41.5141385],[-5.0645378,41.5367875],[-5.0923922,41.5708323],[-5.121068875055296,41.594603705662934]],[[-5.1071224,40.5548845],[-5.1113665,40.552435],[-5.1203946,40.5530907]],[[-5.1173915,42.7955778],[-5.111604,42.7942193]],[[-5.111604,42.7942193],[-5.1173915,42.7955778]],[[-5.0615403,42.7659724],[-5.0706445,42.7668682],[-5.0819583,42.7716883],[-5.0860672,42.7750523],[-5.0919783,42.7766],[-5.0935089,42.7789989],[-5.091426,42.7851412],[-5.0955358,42.7855551],[-5.0973573,42.789207],[-5.1041473,42.7903354],[-5.111604,42.7942193]],[[-5.1071224,40.5548845],[-5.1041492,40.5566036]],[[-5.1041492,40.5566036],[-5.1071224,40.5548845]],[[-5.1041656,40.8755945],[-5.0996205,40.8756856]],[[-5.0996205,40.8756856],[-5.1041656,40.8755945]],[[-5.0376109,40.5745297],[-5.0805962,40.5634495],[-5.0892215,40.5625692],[-5.1041492,40.5566036]],[[-5.0572254,40.8780428],[-5.0612962,40.8757565],[-5.0698201,40.8745823],[-5.0996205,40.8756856]],[[-5.0975622,41.5067346],[-5.0897262,41.5063762]],[[-5.0897262,41.5063762],[-5.0975622,41.5067346]],[[-5.0897262,41.5063762],[-5.0430733,41.5033935]],[[-5.0886285,41.4533727],[-5.088253,41.4536035]],[[-5.0885245,41.4537205],[-5.0886285,41.4533727]],[[-5.0882018,41.4540579],[-5.0885245,41.4537205]],[[-5.0885245,41.4537205],[-5.088253,41.4536035]],[[-5.088253,41.4536035],[-5.0879648,41.4538981]],[[-5.0877777,41.4542042],[-5.0882018,41.4540579]],[[-5.0879648,41.4538981],[-5.0882018,41.4540579]],[[-5.0879648,41.4538981],[-5.0877777,41.4542042]],[[-5.0877777,41.4542042],[-5.0840621,41.455401],[-5.0458773,41.4812913],[-5.0237129607556446,41.490080551277934]],[[-5.0805678,41.3303124],[-5.0828369,41.3306523]],[[-5.0828369,41.3306523],[-5.0807241,41.3301404]],[[-5.0805728,41.3302254],[-5.0807241,41.3301404]],[[-5.0807241,41.3301404],[-5.0805129,41.3301149]],[[-5.0805678,41.3303124],[-5.0805728,41.3302254]],[[-5.0805728,41.3302254],[-5.0805129,41.3301149]],[[-5.0804622,41.3302341],[-5.0805678,41.3303124]],[[-5.0805129,41.3301149],[-5.0804622,41.3302341]],[[-5.0805129,41.3301149],[-5.0801482,41.3300378]],[[-5.0801482,41.3300378],[-5.0804622,41.3302341]],[[-4.9613444,41.3155175],[-4.9689014,41.3151903],[-4.9887143,41.3099697],[-5.0148579,41.3072834],[-5.0273167,41.3076194],[-5.0530661,41.3222911],[-5.0680436,41.3250943],[-5.0801482,41.3300378]],[[-5.0776886,43.1873445],[-5.075683,43.1836034],[-5.0776213,43.1734688],[-5.075496,43.1719984],[-5.0749117,43.1670708],[-5.0769883,43.1660338],[-5.077809,43.1617186],[-5.0767337,43.1561863],[-5.071663,43.1538039],[-5.065382,43.1465354],[-5.0570625,43.1478942],[-5.058821,43.1466518],[-5.0584135,43.1445652],[-5.0523163,43.1439608],[-5.052521,43.1417676],[-5.0483792,43.1416118],[-5.0471658,43.1395111],[-5.0363088,43.1427289],[-5.0386295,43.1412533],[-5.0373765,43.13886],[-5.0386834,43.1378142],[-5.0383486,43.1327587],[-5.03465,43.1296873],[-5.0267501,43.1291719],[-5.0249829,43.1268768],[-5.0176993,43.1242025],[-5.0119002,43.1251861],[-5.0085207,43.1235114],[-5.0127241,43.1232705],[-5.0134416,43.120792],[-5.0166393,43.1212127],[-5.0175682,43.1194294],[-5.0199969,43.1201528],[-5.0230626,43.1187661],[-5.0226247,43.1122216],[-5.0171176,43.1087181],[-5.0124073,43.1086316],[-5.0156183,43.1075839],[-5.0154214,43.1060086],[-5.025517,43.1069415],[-5.0300925,43.1039538],[-5.0333192,43.106372],[-5.0304374,43.1026309],[-5.0248321,43.1049711],[-5.017911,43.0989399],[-5.0135623,43.0989978],[-5.0202468,43.0930655],[-5.0163799,43.0881075],[-5.0208202,43.0807926],[-5.0180379,43.074853],[-5.0210071,43.0706883],[-5.0210552,43.0670958],[-5.0185892,43.0601292],[-5.0074586,43.0437471],[-5.0183901,43.0283888],[-5.021183,43.0128778]],[[-5.0572854,42.7661208],[-5.0615403,42.7659724]],[[-5.0615403,42.7659724],[-5.0572854,42.7661208]],[[-4.9781154,42.7854345],[-5.0022268,42.7795025],[-5.025156,42.7821318],[-5.0278617,42.778505],[-5.0386267,42.7713283],[-5.048881,42.7669249],[-5.0572854,42.7661208]],[[-5.0566072,40.8781804],[-5.0572254,40.8780428]],[[-5.0572254,40.8780428],[-5.0566815,40.8778742]],[[-5.0566072,40.8781804],[-5.0566815,40.8778742]],[[-5.0566815,40.8778742],[-5.0562545,40.8776505]],[[-5.0559573,40.8777538],[-5.0566072,40.8781804]],[[-5.0562545,40.8776505],[-5.0559573,40.8777538]],[[-5.0562545,40.8776505],[-5.0558854,40.8773567]],[[-5.0558854,40.8773567],[-5.0559573,40.8777538]],[[-5.05573896999035,40.877130647250766],[-5.0558854,40.8773567]],[[-4.984739402688561,40.85978042954901],[-4.9868352,40.8688339],[-4.9900048,40.8739742],[-5.0035228,40.8863758],[-5.0107168,40.889579],[-5.0218753,40.8894185],[-5.05573896999035,40.877130647250766]],[[-5.055640799962851,40.87697359859243],[-5.05573896999035,40.877130647250766]],[[-5.055640799962851,40.87697359859243],[-5.0217809,40.8892331],[-5.0107636,40.8893842],[-5.0036808,40.8862149],[-4.9901865,40.8737925],[-4.9870388,40.8687485],[-4.985003140137077,40.8598462421487]],[[-5.0555066,40.8767521],[-5.055640799962851,40.87697359859243]],[[-5.0555066,40.8767521],[-5.0554279,40.8763307]],[[-5.0551478,40.8764359],[-5.0555066,40.8767521]],[[-5.0551478,40.8764359],[-5.0554279,40.8763307]],[[-5.0554279,40.8763307],[-5.0547022,40.8760107]],[[-5.0547266,40.8762601],[-5.0551478,40.8764359]],[[-5.0547022,40.8760107],[-5.0547266,40.8762601]],[[-5.0542014,40.8761967],[-5.0547266,40.8762601]],[[-5.0547022,40.8760107],[-5.0542014,40.8761967]],[[-4.985003140137077,40.8598462421487],[-4.9969119,40.8659638],[-5.0117417,40.8681983],[-5.0279334,40.8752926],[-5.039943,40.8772229],[-5.0542014,40.8761967]],[[-5.0495081,42.3759023],[-5.0498081,42.3758998]],[[-5.0498081,42.3758998],[-5.0495859,42.3756188]],[[-5.0498081,42.3758998],[-5.0495081,42.3759023]],[[-5.0496271,42.3743343],[-5.0496435,42.374048]],[[-5.0496435,42.374048],[-5.0494125,42.3738186]],[[-5.0496435,42.374048],[-5.0493273,42.3740208]],[[-5.0493076,42.3743409],[-5.0496271,42.3743343]],[[-5.0495115,42.3746093],[-5.0496271,42.3743343]],[[-5.0495859,42.3756188],[-5.0495081,42.3759023]],[[-5.0495828022281515,42.37554434905635],[-5.0495859,42.3756188]],[[-5.0495115,42.3746093],[-5.0495828022281515,42.37554434905635]],[[-4.9873492,42.3660862],[-5.0094188,42.3687654],[-5.0219382,42.3766526],[-5.0282967,42.378695],[-5.0495828022281515,42.37554434905635]],[[-5.0493076,42.3743409],[-5.0495115,42.3746093]],[[-5.0494125,42.3738186],[-5.0493273,42.3740208]],[[-4.9760083,42.266115],[-4.9872164,42.280448],[-4.9983435,42.3056279],[-5.0074167,42.3158219],[-5.0130487,42.3181871],[-5.0160537,42.3219987],[-5.0224,42.3259562],[-5.0241438,42.3576885],[-5.0375276,42.3597871],[-5.0444769,42.3635178],[-5.0480066,42.3673585],[-5.0494125,42.3738186]],[[-5.0493273,42.3740208],[-5.0493076,42.3743409]],[[-5.047897,40.1860672],[-5.0477371,40.1861214]],[[-5.0477372,40.1863935],[-5.047897,40.1860672]],[[-5.047897,40.1860672],[-5.0477377,40.1859248]],[[-5.0477377,40.1859248],[-5.0477371,40.1861214]],[[-5.0474425,40.1852282],[-5.0477377,40.1859248]],[[-5.0476634,40.1862401],[-5.0477372,40.1863935]],[[-5.0474299,40.1863973],[-5.0477372,40.1863935]],[[-5.0477371,40.1861214],[-5.0476634,40.1862401]],[[-5.0476634,40.1862401],[-5.0474299,40.1863973]],[[-5.0474425,40.1852282],[-5.0464168,40.1842796]],[[-5.0464168,40.1842796],[-5.0474425,40.1852282]],[[-5.0474299,40.1863973],[-5.0473159,40.1949169],[-5.0435107,40.2006991],[-5.0393006,40.2154737],[-5.0358883,40.2202833],[-5.0342347,40.2297333],[-5.0285991,40.2401999],[-5.021948,40.245215]],[[-5.0410365,40.1800725],[-5.0464168,40.1842796]],[[-5.0428967,41.5035122],[-5.0430733,41.5033935]],[[-5.0430733,41.5033935],[-5.0428248,41.5033787]],[[-5.0428248,41.5033787],[-5.0428967,41.5035122]],[[-5.0428967,41.5035122],[-5.0428248,41.5033787]],[[-5.0410365,40.1800725],[-5.0408128,40.179747]],[[-5.0406041,40.1798909],[-5.0410365,40.1800725]],[[-5.0409315,40.1793516],[-5.0406744,40.1794229]],[[-5.0408169,40.1795505],[-5.0409315,40.1793516]],[[-5.0408128,40.179747],[-5.0408169,40.1795505]],[[-5.0408169,40.1795505],[-5.0406744,40.1794229]],[[-5.0406041,40.1798909],[-5.0408128,40.179747]],[[-5.0406744,40.1794229],[-5.0404051,40.1793981]],[[-5.0403012,40.1798518],[-5.0406041,40.1798909]],[[-5.0404051,40.1793981],[-5.040198,40.1795342]],[[-5.0404051,40.1793981],[-5.0399758,40.1792039]],[[-5.0400506,40.1799395],[-5.0403012,40.1798518]],[[-5.0401898,40.1797415],[-5.0403012,40.1798518]],[[-5.040198,40.1795342],[-5.0401898,40.1797415]],[[-5.0399758,40.1792039],[-5.040198,40.1795342]],[[-5.0401898,40.1797415],[-5.0400506,40.1799395]],[[-5.0400506,40.1799395],[-5.0332666,40.1836442],[-4.998625,40.1860181]],[[-5.0142995,40.1452151],[-5.0159742,40.1478637],[-5.0152169,40.1523797],[-5.0177094,40.161291],[-5.0313313,40.1708329],[-5.0399758,40.1792039]],[[-5.0383684,42.0958636],[-5.0376,42.0964353]],[[-5.0376,42.0964353],[-5.0383684,42.0958636]],[[-5.0376109,40.5745297],[-5.0306467,40.57627]],[[-5.0306467,40.57627],[-5.0376109,40.5745297]],[[-4.9994073,42.0867571],[-5.0320463,42.0978027],[-5.0332957,42.0963415],[-5.0376,42.0964353]],[[-5.0157679,40.5800095],[-5.0306467,40.57627]],[[-5.0297857,41.8685386],[-5.0266196,41.8666209]],[[-5.0266196,41.8666209],[-5.0297857,41.8685386]],[[-4.660322365999339,42.02101597344367],[-4.6592499,42.0185797],[-4.6645151,42.0128857],[-4.7133425,42.0044161],[-4.7289123,41.9908159],[-4.7345445,41.9829022],[-4.7771524,41.9591809],[-4.859629,41.9418804],[-4.950764,41.9033732],[-4.9999295,41.8699468],[-5.014174,41.8654716],[-5.0278219,41.8679019]],[[-4.9437737,41.786727],[-4.9997829,41.824866],[-5.0125582,41.8401762],[-5.0143005,41.847038],[-5.0123234,41.8523724],[-5.0266196,41.8666209]],[[-5.0237554,41.503744],[-5.021387122936459,41.5036533637219]],[[-5.021387122936459,41.5036533637219],[-5.0237129607556446,41.490080551277934]],[[-5.0237129607556446,41.490080551277934],[-5.02345277413186,41.490078054450635]],[[-5.02345277413186,41.490078054450635],[-5.021153671909311,41.50364472371168]],[[-5.02345277413186,41.490078054450635],[-5.0189986,41.4905351]],[[-5.021948,40.245215],[-5.0200292,40.246179]],[[-5.0200292,40.246179],[-5.021948,40.245215]],[[-5.021183,43.0128778],[-5.0215444,43.0128771]],[[-5.0215444,43.0128771],[-5.021183,43.0128778]],[[-5.017445648021852,41.51061837121638],[-5.021387122936459,41.5036533637219]],[[-5.021387122936459,41.5036533637219],[-5.021153671909311,41.50364472371168]],[[-5.021183,43.0128778],[-5.0197659,43.0106712],[-5.0041021,43.0064265],[-5.0011134,42.9993231],[-4.999192,42.9983225],[-4.9997726,42.9946337],[-4.9937262,42.9950532],[-4.9951548,42.9905701],[-4.9908192,42.9885697],[-4.9959004,42.9846631],[-4.9933716,42.9803476],[-5.0022036,42.9782802]],[[-5.021153671909311,41.50364472371168],[-5.017266955645866,41.510522055568714]],[[-5.021153671909311,41.50364472371168],[-5.0190694,41.5035707]],[[-5.0146273,40.263655],[-5.0205535,40.2574891],[-5.0201348,40.2549705],[-5.0174809,40.2529744],[-5.0177531,40.249269],[-5.0200292,40.246179]],[[-5.0183761,41.503701],[-5.0190694,41.5035707]],[[-5.0190694,41.5035707],[-5.018428,41.503457]],[[-5.0189986,41.4905351],[-5.0183935,41.4906719]],[[-5.0185364,41.4908206],[-5.0189986,41.4905351]],[[-5.0183815,41.4908521],[-5.0185364,41.4908206]],[[-5.0185364,41.4908206],[-5.0183935,41.4906719]],[[-5.0183761,41.503701],[-5.018428,41.503457]],[[-5.018428,41.503457],[-5.0175415,41.5033912]],[[-5.0183935,41.4906719],[-5.0183171,41.4907213]],[[-5.0177533,41.4909425],[-5.0183815,41.4908521]],[[-5.0183171,41.4907213],[-5.0183815,41.4908521]],[[-5.0175555,41.5036865],[-5.0183761,41.503701]],[[-5.0183171,41.4907213],[-5.0177533,41.4909425]],[[-5.017445648021852,41.51061837121638],[-5.0179611,41.5108904]],[[-5.0177833,40.0896997],[-5.0173858,40.0972632],[-5.0142462,40.101891],[-5.0130233,40.1111698],[-5.0070633,40.1234294],[-5.0055619,40.1301566],[-5.0115478,40.1435409]],[[-5.0177533,41.4909425],[-5.001366,41.4963398]],[[-5.0175415,41.5033912],[-5.0175555,41.5036865]],[[-5.0170474,41.5034975],[-5.0175555,41.5036865]],[[-5.0175415,41.5033912],[-5.0170474,41.5034975]],[[-5.0153459417543065,41.51238225235291],[-5.017445648021852,41.51061837121638]],[[-5.017266955645866,41.510522055568714],[-5.017445648021852,41.51061837121638]],[[-5.017266955645866,41.510522055568714],[-5.0108496,41.5130354]],[[-5.0143755,41.5089541],[-5.017266955645866,41.510522055568714]],[[-5.0170474,41.5034975],[-5.0078766,41.5031737]],[[-5.0157679,40.5800095],[-5.0086696,40.5817913]],[[-5.0086696,40.5817913],[-5.0157679,40.5800095]],[[-5.0153459417543065,41.51238225235291],[-5.0108496,41.5130354]],[[-5.014952097331632,41.51259564500583],[-5.0153459417543065,41.51238225235291]],[[-5.0053663,41.5136084],[-5.014952097331632,41.51259564500583]],[[-5.0053663,41.5136084],[-5.014952097331632,41.51259564500583]],[[-5.0128465,40.3213585],[-5.0106594,40.3205139],[-5.0093805,40.3155769],[-5.007067,40.3145376],[-5.0040803,40.3089444],[-5.0077887,40.3129771],[-5.010902,40.313013],[-5.0140479,40.3164104],[-5.0192303,40.3063608],[-5.0179998,40.3025958],[-5.017489,40.3059776],[-5.0130741,40.3085619],[-5.0075187,40.3001556],[-5.0057574,40.2940545],[-5.009197,40.2967772],[-5.0087182,40.291931],[-5.0114473,40.289048],[-5.0125394,40.2839293],[-5.0111347,40.2794501],[-5.0179506,40.2759798],[-5.0186139,40.2701737],[-5.0146916,40.265881]],[[-5.0146916,40.265881],[-5.0146273,40.263655]],[[-5.0146273,40.263655],[-5.0146916,40.265881]],[[-5.0143755,41.5089541],[-5.0141059,41.5087017]],[[-5.0139443,41.5088439],[-5.0143755,41.5089541]],[[-5.0142995,40.1452151],[-5.0115478,40.1435409]],[[-5.0115478,40.1435409],[-5.0142995,40.1452151]],[[-4.9864258,40.5176913],[-4.9866972,40.5144136],[-4.9919144,40.5084867],[-4.9941177,40.5032609],[-4.9986324,40.500619],[-5.009237,40.4884927],[-5.0092174,40.4851999],[-5.0050787,40.4874568],[-5.0081521,40.4802684],[-5.0263151,40.4590774],[-5.0227424,40.4353285],[-5.02011,40.430475],[-5.0207333,40.4285772],[-5.0310857,40.423794],[-5.034061,40.4174792],[-5.0307533,40.4056624],[-5.0204896,40.3857546],[-5.0162569,40.3688451],[-5.0147213,40.3401613],[-5.0129734,40.3375875],[-5.0126098,40.3314908],[-5.0102461,40.3283293],[-5.0141659,40.3227762]],[[-5.0141659,40.3227762],[-5.0128465,40.3213585]],[[-5.0128465,40.3213585],[-5.0141659,40.3227762]],[[-5.0139443,41.5088439],[-5.0141059,41.5087017]],[[-5.0141059,41.5087017],[-5.0137205,41.5084861]],[[-5.0135956,41.5086001],[-5.0139443,41.5088439]],[[-5.0137205,41.5084861],[-5.0135956,41.5086001]],[[-5.0137205,41.5084861],[-5.0132574,41.5083364]],[[-5.0132574,41.5083364],[-5.0135956,41.5086001]],[[-5.005955,41.5031898],[-5.0132574,41.5083364]],[[-5.0108496,41.5130354],[-5.0014781,41.5132172],[-4.9930819,41.5110801]],[[-4.9192842,40.5970226],[-4.9582986,40.588531],[-4.9660271,40.5924659],[-5.0086696,40.5817913]],[[-5.005992,41.5031578],[-5.0078766,41.5031737]],[[-5.0078766,41.5031737],[-5.0059699,41.5030039]],[[-5.005955,41.5031898],[-5.005992,41.5031578]],[[-5.005992,41.5031578],[-5.0059699,41.5030039]],[[-5.0059699,41.5030039],[-5.0057623,41.5029809]],[[-5.0056801,41.503065],[-5.005955,41.5031898]],[[-5.0057623,41.5029809],[-5.0057011,41.5030256]],[[-5.0057623,41.5029809],[-5.0045904,41.5018267]],[[-5.0057011,41.5030256],[-5.0056801,41.503065]],[[-5.0045226,41.5018583],[-5.0057011,41.5030256]],[[-5.00374,41.5032786],[-5.0056801,41.503065]],[[-4.9922933,41.5109267],[-5.0053663,41.5136084]],[[-5.0045226,41.5018583],[-5.0045904,41.5018267]],[[-5.0045904,41.5018267],[-5.0044525,41.5016114]],[[-5.0043293,41.5016664],[-5.0045226,41.5018583]],[[-5.0044525,41.5016114],[-5.0043293,41.5016664]],[[-5.0044525,41.5016114],[-5.0043089,41.5015155]],[[-5.0043089,41.5015155],[-5.0043293,41.5016664]],[[-5.000651,41.4972925],[-5.0043089,41.5015155]],[[-5.0028891,41.5033331],[-4.995305,41.5027575],[-4.985068613692908,41.50495871707255]],[[-5.001366,41.4963398],[-5.0006188,41.4964878]],[[-5.0007471,41.496754],[-5.001366,41.4963398]],[[-5.0007091,41.4968273],[-5.0007471,41.496754]],[[-5.0007471,41.496754],[-5.0006188,41.4964878]],[[-5.0003356,41.4969544],[-5.0007091,41.4968273]],[[-5.000651,41.4972925],[-5.0007091,41.4968273]],[[-5.0003356,41.4969544],[-5.000651,41.4972925]],[[-5.0006188,41.4964878],[-5.0004701,41.4964378]],[[-5.0004701,41.4964378],[-4.998901,41.4948048]],[[-5.0004701,41.4964378],[-5.0000736,41.4966073]],[[-5.0000736,41.4966073],[-5.0003356,41.4969544]],[[-4.998901,41.4948048],[-5.0000736,41.4966073]],[[-4.9994073,42.0867571],[-4.9932741,42.0846546]],[[-4.9932741,42.0846546],[-4.9994073,42.0867571]],[[-4.998901,41.4948048],[-4.9933082,41.4819256]],[[-4.998625,40.1860181],[-4.9949068,40.1863006]],[[-4.9949068,40.1863006],[-4.998625,40.1860181]],[[-4.9984806,41.0960368],[-4.9983025,41.0957683]],[[-4.9981627,41.0958927],[-4.9984806,41.0960368]],[[-4.9981627,41.0958927],[-4.9983025,41.0957683]],[[-4.9983025,41.0957683],[-4.9982089,41.0955317]],[[-4.9982089,41.0955317],[-4.9979774,41.095847]],[[-4.9982089,41.0955317],[-4.9980405,41.0954908]],[[-4.9979774,41.095847],[-4.9981627,41.0958927]],[[-4.9980405,41.0954908],[-4.997894,41.0956573]],[[-4.9980405,41.0954908],[-4.9975637,41.0951856]],[[-4.9979774,41.095847],[-4.9343751,41.1772642],[-4.921535,41.2153699],[-4.9107844,41.2918915]],[[-4.997894,41.0956573],[-4.9979774,41.095847]],[[-4.9975637,41.0951856],[-4.997894,41.0956573]],[[-4.9975637,41.0951856],[-4.9881113,41.0875146],[-4.9324988,41.0688522],[-4.9260953,41.0647532],[-4.8507189,41.042494],[-4.8174047,41.0463007],[-4.7849529,41.0550535],[-4.7639928,41.0640394],[-4.7295397,41.0674328]],[[-4.9949068,40.1863006],[-4.9732614,40.185518],[-4.9530506,40.1905793],[-4.9461615,40.1952351],[-4.9410204,40.2036801],[-4.9311796,40.2073301],[-4.921437,40.2085788],[-4.8923375,40.2210194],[-4.8867798,40.2265876],[-4.870925,40.235232],[-4.8662205,40.2420023],[-4.8594058,40.2476853],[-4.8421741,40.2482271],[-4.83248,40.2525818]],[[-4.9722628,42.0774757],[-4.9932741,42.0846546]],[[-4.9930819,41.5110801],[-4.986426692874798,41.50674047362604]],[[-4.9930819,41.5110801],[-4.986426692874798,41.50674047362604]],[[-4.986042355280516,41.506608481011256],[-4.9922933,41.5109267]],[[-4.821316379803316,41.59769242958448],[-4.8303908,41.5920699],[-4.8335379,41.5865956],[-4.8391348,41.5814603],[-4.9069182,41.5312562],[-4.9580504,41.5102773],[-4.9813586,41.5061087],[-4.9922933,41.5109267]],[[-4.9873492,42.3660862],[-4.978635,42.3656502]],[[-4.978635,42.3656502],[-4.9873492,42.3660862]],[[-4.986426692874798,41.50674047362604],[-4.985068613692908,41.50495871707255]],[[-4.986426692874798,41.50674047362604],[-4.986042355280516,41.506608481011256]],[[-4.9864258,40.5176913],[-4.9855718,40.5193655]],[[-4.9855718,40.5193655],[-4.9864258,40.5176913]],[[-4.984838163201472,41.50500255804399],[-4.986042355280516,41.506608481011256]],[[-4.986042355280516,41.506608481011256],[-4.9781337,41.5061462],[-4.9570423,41.5103633],[-4.9066106,41.5312353],[-4.8390291,41.5813379],[-4.8331693,41.5867994],[-4.830499,41.5918049],[-4.8212381229002546,41.597595635919205]],[[-4.9675036,40.5258675],[-4.9680448,40.5227127],[-4.9737681,40.5239894],[-4.9855718,40.5193655]],[[-4.984838163201472,41.50500255804399],[-4.985068613692908,41.50495871707255]],[[-4.985068613692908,41.50495871707255],[-4.983461,41.499926],[-4.9837397,41.4921226],[-4.9912993,41.477742],[-4.9723803,41.4327281],[-4.9656552,41.4229277],[-4.9655598,41.4143844],[-4.9605647,41.4009357],[-4.9623787,41.3603356],[-4.9602811,41.357391],[-4.9444979,41.3463781],[-4.9343597,41.3343996],[-4.929036213091427,41.33087857552377]],[[-4.985003140137077,40.8598462421487],[-4.9772699,40.8507492],[-4.9413284,40.8321254],[-4.9269404,40.818446],[-4.9100152,40.8138058],[-4.8974439,40.8083838],[-4.884029437562759,40.808038196506565]],[[-4.984739402688561,40.85978042954901],[-4.985003140137077,40.8598462421487]],[[-4.9842006,41.5051231],[-4.984838163201472,41.50500255804399]],[[-4.928900880046949,41.33106537078511],[-4.9340803,41.3344355],[-4.9443617,41.3465817],[-4.9620821,41.360245],[-4.9603308,41.4009404],[-4.9653917,41.4147183],[-4.9654276,41.4229546],[-4.972145,41.4327733],[-4.9910658,41.4777583],[-4.9834116,41.4924558],[-4.9832251,41.4999083],[-4.984838163201472,41.50500255804399]],[[-4.884307714053706,40.80816632825375],[-4.8973724,40.8085525],[-4.9099437,40.8139796],[-4.9268689,40.8186248],[-4.9414898,40.8324599],[-4.9771362,40.8508883],[-4.984739402688561,40.85978042954901]],[[-4.9846395,40.8597555],[-4.984739402688561,40.85978042954901]],[[-4.9846395,40.8597555],[-4.9803964,40.8577679]],[[-4.9803964,40.8577679],[-4.9846395,40.8597555]],[[-4.9632428,40.8492385],[-4.9803964,40.8577679]],[[-4.8799439,42.3655893],[-4.928637,42.3622796],[-4.9491643,42.3652804],[-4.978635,42.3656502]],[[-4.9778403,42.785491],[-4.9781154,42.7854345]],[[-4.9781154,42.7854345],[-4.9778958,42.7853573]],[[-4.9778403,42.785491],[-4.9778958,42.7853573]],[[-4.9778958,42.7853573],[-4.9775781,42.7854382]],[[-4.9777034,42.7855157],[-4.9778403,42.785491]],[[-4.9773346,42.7855955],[-4.9777034,42.7855157]],[[-4.9775781,42.7854382],[-4.9777034,42.7855157]],[[-4.9775781,42.7854382],[-4.9773346,42.7855955]],[[-4.9773346,42.7855955],[-4.9687467,42.7875289],[-4.9652714,42.7903275]],[[-4.9760083,42.266115],[-4.9712329,42.2626084]],[[-4.9712329,42.2626084],[-4.9760083,42.266115]],[[-4.9722628,42.0774757],[-4.969176,42.0764229]],[[-4.969176,42.0764229],[-4.9722628,42.0774757]],[[-4.9562593,42.2495607],[-4.9712329,42.2626084]],[[-4.660322365999339,42.02101597344367],[-4.6691127,42.0195965],[-4.7393291,42.0279126],[-4.8046265,42.0329979],[-4.8660264,42.0342006],[-4.9300055,42.0557942],[-4.9608894,42.073538],[-4.969176,42.0764229]],[[-4.9675036,40.5258675],[-4.9670949,40.5274829]],[[-4.9670949,40.5274829],[-4.9675036,40.5258675]],[[-4.9055891,40.5546626],[-4.9182978,40.5495402],[-4.9261987,40.5416782],[-4.9380141,40.5352828],[-4.9512671,40.5345762],[-4.9639944,40.53175],[-4.9670949,40.5274829]],[[-4.9648935,41.4223251],[-4.9653707,41.4231923]],[[-4.9652714,42.7903275],[-4.9640343,42.7904691]],[[-4.9640343,42.7904691],[-4.9652714,42.7903275]],[[-4.9645612,41.4222241],[-4.9648935,41.4223251]],[[-4.9648935,41.4223251],[-4.9646107,41.4220886]],[[-4.9646107,41.4220886],[-4.9642286,41.4220199]],[[-4.9646107,41.4220886],[-4.9645612,41.4222241]],[[-4.9642286,41.4220199],[-4.9645612,41.4222241]],[[-4.9604145,41.4163838],[-4.9642286,41.4220199]],[[-4.9640343,42.7904691],[-4.958641,42.7891171],[-4.9540933,42.7906627],[-4.9297853,42.78416],[-4.9133357,42.7854852],[-4.9027828,42.7900979],[-4.8940939,42.7794903],[-4.8808772,42.7760017],[-4.8731046,42.7788772],[-4.8600858,42.7785232],[-4.8611812,42.7817309],[-4.8589596,42.7848247],[-4.8619869,42.7877547],[-4.8572829,42.7888063],[-4.8540834,42.7937353],[-4.8482161,42.7977016]],[[-4.9632428,40.8492385],[-4.9628382,40.8489362]],[[-4.9627456,40.8490595],[-4.9632428,40.8492385]],[[-4.9627456,40.8490595],[-4.9628382,40.8489362]],[[-4.9628382,40.8489362],[-4.9626252,40.8488347]],[[-4.9625181,40.8489491],[-4.9627456,40.8490595]],[[-4.9626252,40.8488347],[-4.9625181,40.8489491]],[[-4.9626252,40.8488347],[-4.962038,40.8486285]],[[-4.962038,40.8486285],[-4.9625181,40.8489491]],[[-4.884307714053706,40.80816632825375],[-4.9461692,40.8361074],[-4.962038,40.8486285]],[[-4.9613444,41.3155175],[-4.9555542,41.3134752]],[[-4.9555542,41.3134752],[-4.9613444,41.3155175]],[[-4.9604145,41.4163838],[-4.9602693,41.4138529]],[[-4.9602151,41.4138522],[-4.9604145,41.4163838]],[[-4.9602693,41.4138529],[-4.959737,41.4109319]],[[-4.9602151,41.4138522],[-4.9602693,41.4138529]],[[-4.959737,41.4109319],[-4.9602151,41.4138522]],[[-4.959737,41.4109319],[-4.9600958,41.4050275]],[[-4.9560448,42.2492064],[-4.9562949,42.2491653]],[[-4.9562593,42.2495607],[-4.9562949,42.2491653]],[[-4.9562949,42.2491653],[-4.9559092,42.2488288]],[[-4.9560448,42.2492064],[-4.9562593,42.2495607]],[[-4.9558331,42.24903],[-4.9560448,42.2492064]],[[-4.9559092,42.2488288],[-4.9553191,42.2487392]],[[-4.9559092,42.2488288],[-4.9558331,42.24903]],[[-4.9553191,42.2487392],[-4.9558331,42.24903]],[[-4.9139611,41.3108226],[-4.9171986,41.3124551],[-4.9280283,41.3098909],[-4.9380625,41.3098045],[-4.9555542,41.3134752]],[[-4.7735079,42.1931137],[-4.8504106,42.2156791],[-4.860251,42.2157647],[-4.8683814,42.2211762],[-4.9553191,42.2487392]],[[-4.9437737,41.786727],[-4.9433719,41.786469]],[[-4.9433498,41.7865314],[-4.9437737,41.786727]],[[-4.9432592,41.7865911],[-4.9437737,41.786727]],[[-4.9433498,41.7865314],[-4.9433719,41.786469]],[[-4.9433719,41.786469],[-4.9431183,41.7863458]],[[-4.9432592,41.7865911],[-4.9433498,41.7865314]],[[-4.9430381,41.7864001],[-4.9433498,41.7865314]],[[-4.9430182,41.786496],[-4.9432592,41.7865911]],[[-4.9431183,41.7863458],[-4.9430381,41.7864001]],[[-4.9431183,41.7863458],[-4.9428833,41.7863268]],[[-4.9430381,41.7864001],[-4.9430182,41.786496]],[[-4.9428833,41.7863268],[-4.9430381,41.7864001]],[[-4.9423833,41.7861143],[-4.9430182,41.786496]],[[-4.9423833,41.7861143],[-4.9428833,41.7863268]],[[-4.9009504,41.7576549],[-4.9315878,41.7809293],[-4.9423833,41.7861143]],[[-4.928900880046949,41.33106537078511],[-4.929036213091427,41.33087857552377]],[[-4.929036213091427,41.33087857552377],[-4.9261607,41.3267815]],[[-4.929036213091427,41.33087857552377],[-4.922852,41.3295147],[-4.912687681195466,41.32998978585346]],[[-4.9285535,41.3316648],[-4.928900880046949,41.33106537078511]],[[-4.9126659709519656,41.330179815484826],[-4.9226633,41.3297117],[-4.928900880046949,41.33106537078511]],[[-4.9261607,41.3267815],[-4.9259016,41.3263748]],[[-4.925743,41.3264848],[-4.9261607,41.3267815]],[[-4.925743,41.3264848],[-4.9259016,41.3263748]],[[-4.9259016,41.3263748],[-4.9257064,41.3262332]],[[-4.9255679,41.3263372],[-4.925743,41.3264848]],[[-4.9257064,41.3262332],[-4.9255679,41.3263372]],[[-4.9257064,41.3262332],[-4.9253075,41.3259488]],[[-4.9253075,41.3259488],[-4.9255679,41.3263372]],[[-4.9253075,41.3259488],[-4.9167106,41.3177547]],[[-4.9190113,40.5970809],[-4.9192842,40.5970226]],[[-4.9190113,40.5970809],[-4.9192842,40.5970226]],[[-4.9192842,40.5970226],[-4.9190113,40.5970809]],[[-4.8422974,40.6143911],[-4.9190113,40.5970809]],[[-4.9167106,41.3177547],[-4.9135948,41.3147809]],[[-4.9135726,41.3148322],[-4.9167106,41.3177547]],[[-4.9139611,41.3108226],[-4.9134153,41.3113752]],[[-4.9135076,41.3100185],[-4.9139611,41.3108226]],[[-4.9135726,41.3148322],[-4.9135948,41.3147809]],[[-4.9135948,41.3147809],[-4.91335,41.314421]],[[-4.9133699,41.3148406],[-4.9135726,41.3148322]],[[-4.9135076,41.3100185],[-4.9111413,41.306794]],[[-4.9111413,41.306794],[-4.9135076,41.3100185]],[[-4.9134153,41.3113752],[-4.9130939,41.3115921]],[[-4.9132521,41.3116166],[-4.9134153,41.3113752]],[[-4.9133699,41.3148406],[-4.912687681195466,41.32998978585346]],[[-4.91335,41.314421],[-4.9133699,41.3148406]],[[-4.9132302,41.3117016],[-4.91335,41.314421]],[[-4.9132302,41.3117016],[-4.9132521,41.3116166]],[[-4.9132521,41.3116166],[-4.9130939,41.3115921]],[[-4.9129997,41.3116577],[-4.9132302,41.3117016]],[[-4.9130939,41.3115921],[-4.9129997,41.3116577]],[[-4.9085887,41.3144375],[-4.9129997,41.3116577]],[[-4.912687681195466,41.32998978585346],[-4.9126659709519656,41.330179815484826]],[[-4.912687681195466,41.32998978585346],[-4.9064231,41.3281243],[-4.9017677,41.3240726],[-4.8987201,41.3179396],[-4.898377291512648,41.31075213629861]],[[-4.9126659709519656,41.330179815484826],[-4.9122388,41.3523683],[-4.9091107,41.3749288],[-4.9136533,41.3923058],[-4.9145561,41.4030763],[-4.9092807,41.4126749],[-4.9097121,41.4153002],[-4.8989177,41.4200533],[-4.8873069,41.4344628],[-4.8643439,41.4555032],[-4.8592995,41.4639569],[-4.8577133,41.4689611],[-4.858093,41.4834401],[-4.8665839,41.5028787],[-4.8669492,41.5148068],[-4.8689923,41.5183516],[-4.8501189,41.5279803],[-4.8335706,41.5325265]],[[-4.898129972427463,41.31072134059139],[-4.8983415,41.3174784],[-4.9018243,41.3245618],[-4.9063983,41.3283577],[-4.9126659709519656,41.330179815484826]],[[-4.9098305,41.30291],[-4.9111413,41.306794]],[[-4.9107844,41.2918915],[-4.9103907,41.2946333]],[[-4.9104951,41.2946451],[-4.9107844,41.2918915]],[[-4.9104113,41.2951367],[-4.9104951,41.2946451]],[[-4.9104113,41.2951367],[-4.9104951,41.2946451]],[[-4.9104951,41.2946451],[-4.9103907,41.2946333]],[[-4.9099351,41.2979473],[-4.9104113,41.2951367]],[[-4.9103907,41.2946333],[-4.9099351,41.2979473]],[[-4.9099351,41.2979473],[-4.9096474,41.3024655]],[[-4.9098305,41.30291],[-4.9096474,41.3024655]],[[-4.9095195,41.3025632],[-4.9098305,41.30291]],[[-4.9096474,41.3024655],[-4.9095195,41.3025632]],[[-4.901454752584406,41.29412783332902],[-4.9095195,41.3025632]],[[-4.9085887,41.3144375],[-4.9079026,41.3141583]],[[-4.9079026,41.3141583],[-4.9085887,41.3144375]],[[-4.898377291512648,41.31075213629861],[-4.9079026,41.3141583]],[[-4.9055891,40.5546626],[-4.9045717,40.5564215]],[[-4.9045717,40.5564215],[-4.9055891,40.5546626]],[[-4.9045717,40.5564215],[-4.8968361,40.5730043],[-4.810783,40.6101878],[-4.7924342,40.6208413],[-4.7707981,40.6300778]],[[-4.9011879468272435,41.29413426078673],[-4.901454752584406,41.29412783332902]],[[-4.898377291512648,41.31075213629861],[-4.901454752584406,41.29412783332902]],[[-4.901454752584406,41.29412783332902],[-4.8661933,41.2439271],[-4.8118895,41.1894627],[-4.7961052,41.1585746],[-4.7375931,41.0818601],[-4.7168358,41.0715889],[-4.7067284,41.0692044],[-4.7027887,41.0628044],[-4.700275156868592,41.05039706998531]],[[-4.8997971,41.2934288],[-4.9011879468272435,41.29413426078673]],[[-4.9011879468272435,41.29413426078673],[-4.898129972427463,41.31072134059139]],[[-4.700039512016029,41.05042458841192],[-4.7025767,41.06287],[-4.706648,41.0693576],[-4.7167018,41.071728],[-4.7336633,41.079095],[-4.7376221,41.0822053],[-4.7955017,41.1580383],[-4.8122783,41.190345],[-4.8657513,41.2437636],[-4.9011879468272435,41.29413426078673]],[[-4.898129972427463,41.31072134059139],[-4.898377291512648,41.31075213629861]],[[-4.891386,41.3104607],[-4.898129972427463,41.31072134059139]],[[-4.8920791,41.7516362],[-4.889756667840274,41.749857339912886]],[[-4.8913707,41.7494832],[-4.8918361,41.7490989]],[[-4.8918361,41.7490989],[-4.8914235,41.7487221]],[[-4.8918361,41.7490989],[-4.8915615,41.7491073]],[[-4.889507641342835,41.749933608819035],[-4.8916026,41.7515816]],[[-4.8915615,41.7491073],[-4.8913752,41.7492372]],[[-4.8914235,41.7487221],[-4.8915615,41.7491073]],[[-4.8407413,41.7177979],[-4.8468804,41.7134154],[-4.8502127,41.7137225],[-4.8739872,41.7357765],[-4.8883021,41.7478382],[-4.8914235,41.7487221]],[[-4.891386,41.3104607],[-4.8846526,41.3121495]],[[-4.8846526,41.3121495],[-4.891386,41.3104607]],[[-4.8913752,41.7492372],[-4.8908903,41.7495169]],[[-4.8913752,41.7492372],[-4.8913707,41.7494832]],[[-4.8908903,41.7495169],[-4.8913707,41.7494832]],[[-4.889756667840274,41.749857339912886],[-4.8908903,41.7495169]],[[-4.889507641342835,41.749933608819035],[-4.889756667840274,41.749857339912886]],[[-4.889756667840274,41.749857339912886],[-4.8776094,41.7410344],[-4.8391241,41.7279461],[-4.8247899,41.7203488],[-4.819129,41.7143826],[-4.8158598,41.7081456],[-4.8143563,41.6895966],[-4.8120652,41.6838339],[-4.7980534,41.6679923],[-4.787236936806803,41.664297887063775]],[[-4.889109,41.7500557],[-4.889507641342835,41.749933608819035]],[[-4.7872087807909995,41.664401810136],[-4.7977851,41.6679943],[-4.8030699,41.6755258],[-4.8116757,41.6836306],[-4.814134,41.6896102],[-4.8154887,41.7077502],[-4.8187803,41.7142538],[-4.824296,41.7202395],[-4.8389234,41.7281127],[-4.8761772,41.7405773],[-4.889507641342835,41.749933608819035]],[[-4.889109,41.7500557],[-4.8884408,41.750117]],[[-4.8885771,41.7503415],[-4.889109,41.7500557]],[[-4.8884408,41.750117],[-4.8885771,41.7503415]],[[-4.8885771,41.7503415],[-4.8884408,41.750117]],[[-4.7080143,41.2901813],[-4.7409027,41.2936809],[-4.8340788,41.3178905],[-4.8846526,41.3121495]],[[-4.848733262482929,40.80964886148051],[-4.884307714053706,40.80816632825375]],[[-4.884029437562759,40.808038196506565],[-4.884307714053706,40.80816632825375]],[[-4.884029437562759,40.808038196506565],[-4.848879133257058,40.80947692519421]],[[-4.8605832,40.795888],[-4.8662421,40.8008907],[-4.884029437562759,40.808038196506565]],[[-4.8799439,42.3655893],[-4.8749044,42.3660141],[-4.8700699,42.3642856]],[[-4.8700699,42.3642856],[-4.8750228,42.3660968],[-4.8799439,42.3655893]],[[-4.616638754643214,42.34424457870449],[-4.6465766,42.3294689],[-4.7023424,42.3185454],[-4.7644164,42.2965671],[-4.7673015,42.2933808],[-4.7807682,42.2889441],[-4.7966636,42.3000573],[-4.7994167,42.3047933],[-4.79907,42.3105217],[-4.803763,42.3226615],[-4.8079746,42.3288786],[-4.8127625,42.3298417],[-4.8331511,42.3402787],[-4.861765,42.348695],[-4.8666124,42.3536472],[-4.8652496,42.3580303],[-4.8663818,42.3623962],[-4.8700699,42.3642856]],[[-4.8605832,40.795888],[-4.8573471,40.7941748]],[[-4.8582249,40.7948128],[-4.8605832,40.795888]],[[-4.8582249,40.7948128],[-4.8578592,40.7953165]],[[-4.8578592,40.7953165],[-4.8582249,40.7948128]],[[-4.8573471,40.7941748],[-4.8582249,40.7948128]],[[-4.849953,40.8082097],[-4.8562751,40.8005769],[-4.8578592,40.7953165]],[[-4.7411520295825005,40.698685711138445],[-4.7755155,40.710954],[-4.7811949,40.7153111],[-4.7865913,40.7259215],[-4.7849085,40.733451],[-4.7942842,40.7469603],[-4.8039708,40.7504595],[-4.810458,40.7614267],[-4.828012,40.7685869],[-4.8330971,40.7782276],[-4.8573471,40.7941748]],[[-4.849953,40.8082097],[-4.8496549,40.808383]],[[-4.8498891,40.8085143],[-4.849953,40.8082097]],[[-4.8494652,40.8089821],[-4.8498891,40.8085143]],[[-4.8498891,40.8085143],[-4.8496549,40.808383]],[[-4.8496549,40.808383],[-4.8492353,40.8088796]],[[-4.8491677,40.8091369],[-4.8494652,40.8089821]],[[-4.8492353,40.8088796],[-4.8494652,40.8089821]],[[-4.8492353,40.8088796],[-4.8491677,40.8091369]],[[-4.848879133257058,40.80947692519421],[-4.8491677,40.8091369]],[[-4.848879133257058,40.80947692519421],[-4.811084,40.8137505],[-4.8015024,40.812965],[-4.7920642,40.8091165],[-4.7697296,40.7916775],[-4.7547338,40.7679114],[-4.7545018,40.758801],[-4.7594152,40.7489834],[-4.7598942,40.744546],[-4.7566789,40.7389262],[-4.7468779,40.7334675],[-4.7433567,40.7288255],[-4.7431193,40.7240249],[-4.7473434,40.7136026],[-4.7411520295825005,40.698685711138445]],[[-4.848733262482929,40.80964886148051],[-4.848879133257058,40.80947692519421]],[[-4.740858276359831,40.698511416002525],[-4.7471151,40.7136386],[-4.7429026,40.7239737],[-4.7435096,40.7297394],[-4.7467385,40.7336134],[-4.7564954,40.7390975],[-4.7595503,40.7440102],[-4.7593544,40.7484147],[-4.7540202,40.7599026],[-4.7546098,40.7682596],[-4.7695349,40.7917852],[-4.7910421,40.8086749],[-4.8014078,40.813129],[-4.8111196,40.8139424],[-4.848733262482929,40.80964886148051]],[[-4.8484508,40.8099848],[-4.848733262482929,40.80964886148051]],[[-4.8484508,40.8099848],[-4.8481879,40.810159]],[[-4.8483804,40.8102331],[-4.8484508,40.8099848]],[[-4.8479353,40.8107507],[-4.8483804,40.8102331]],[[-4.8483804,40.8102331],[-4.8481879,40.810159]],[[-4.8482161,42.7977016],[-4.8474089,42.7974523]],[[-4.8474089,42.7974523],[-4.8482161,42.7977016]],[[-4.8481879,40.810159],[-4.8477427,40.8106176]],[[-4.8475367,40.8109248],[-4.8479353,40.8107507]],[[-4.8477427,40.8106176],[-4.8479353,40.8107507]],[[-4.8477427,40.8106176],[-4.8475367,40.8109248]],[[-4.7319506,40.8552398],[-4.7834071,40.8396569],[-4.8242704,40.829286],[-4.8475367,40.8109248]],[[-4.8474089,42.7974523],[-4.8436225,42.7894814]],[[-4.843689,42.789053],[-4.8455528,42.7815008],[-4.8449153,42.775807]],[[-4.8449153,42.775807],[-4.8449122,42.7755259]],[[-4.8447,42.7755784],[-4.8449153,42.775807]],[[-4.8447,42.7755784],[-4.8449122,42.7755259]],[[-4.8449122,42.7755259],[-4.8448138,42.7752554]],[[-4.8448138,42.7752554],[-4.844609,42.7750655]],[[-4.8448138,42.7752554],[-4.8445862,42.7752927]],[[-4.844579,42.7755305],[-4.8447,42.7755784]],[[-4.844609,42.7750655],[-4.8445862,42.7752927]],[[-4.733162,42.5521114],[-4.7358624,42.5544702],[-4.7505568,42.5600969],[-4.7558708,42.5680143],[-4.76629,42.613004],[-4.8030511,42.6816526],[-4.8166139,42.71579],[-4.8334282,42.7484646],[-4.8378968,42.7542265],[-4.844609,42.7750655]],[[-4.8445862,42.7752927],[-4.8445185,42.7753844]],[[-4.8445185,42.7753844],[-4.844579,42.7755305]],[[-4.8442181,42.7755284],[-4.844579,42.7755305]],[[-4.8445185,42.7753844],[-4.8442181,42.7755284]],[[-4.8442181,42.7755284],[-4.840816,42.7764582],[-4.8402055,42.778045]],[[-4.843689,42.789053],[-4.8433839,42.7893928]],[[-4.8436225,42.7894814],[-4.843689,42.789053]],[[-4.8436225,42.7894814],[-4.8433839,42.7893928]],[[-4.8433839,42.7893928],[-4.8176625,42.7900517]],[[-4.8425739,41.7073023],[-4.8427154,41.7101628],[-4.8307677,41.7186665]],[[-4.8425739,41.7073023],[-4.8424365,41.7070013]],[[-4.8422004,41.7070881],[-4.8425739,41.7073023]],[[-4.8422004,41.7070881],[-4.8424365,41.7070013]],[[-4.8424365,41.7070013],[-4.842172,41.7068123]],[[-4.8419463,40.6144693],[-4.8422974,40.6143911]],[[-4.8419463,40.6144693],[-4.8422974,40.6143911]],[[-4.8422974,40.6143911],[-4.8419463,40.6144693]],[[-4.8421631,41.7070772],[-4.8422004,41.7070881]],[[-4.842172,41.7068123],[-4.8409974,41.7059734]],[[-4.842172,41.7068123],[-4.8421631,41.7070772]],[[-4.8409974,41.7059734],[-4.8421631,41.7070772]],[[-4.7720753,40.6305125],[-4.8419463,40.6144693]],[[-4.8353297,41.701234],[-4.8409974,41.7059734]],[[-4.8407897,42.7790803],[-4.840652,42.7791196]],[[-4.8406154,42.7793382],[-4.8407897,42.7790803]],[[-4.8407897,42.7790803],[-4.8406547,42.7789876]],[[-4.8407413,41.7177979],[-4.838154,41.7197173]],[[-4.838154,41.7197173],[-4.8407413,41.7177979]],[[-4.8406547,42.7789876],[-4.840652,42.7791196]],[[-4.8404448,42.7785605],[-4.8406547,42.7789876]],[[-4.840652,42.7791196],[-4.8406154,42.7793382]],[[-4.8367058,42.7799814],[-4.8406154,42.7793382]],[[-4.8403465,42.7784957],[-4.84046,42.7784637]],[[-4.8404448,42.7785605],[-4.84046,42.7784637]],[[-4.84046,42.7784637],[-4.8403526,42.7781634]],[[-4.8403465,42.7784957],[-4.8404448,42.7785605]],[[-4.8403526,42.7781634],[-4.8402055,42.778045]],[[-4.8403526,42.7781634],[-4.8401792,42.7782006]],[[-4.8400971,42.7783381],[-4.8403465,42.7784957]],[[-4.8402055,42.778045],[-4.8401792,42.7782006]],[[-4.8401792,42.7782006],[-4.8400971,42.7783381]],[[-4.8400971,42.7783381],[-4.8367058,42.7799814]],[[-4.8302426,41.7197238],[-4.8308816,41.7217943],[-4.8332516,41.7225547],[-4.838154,41.7197173]],[[-4.8180806,42.7895413],[-4.8250369,42.7844743],[-4.8367058,42.7799814]],[[-4.8353297,41.701234],[-4.835277,41.7011028]],[[-4.8351756,41.7011764],[-4.8353297,41.701234]],[[-4.8351756,41.7011764],[-4.835277,41.7011028]],[[-4.835277,41.7011028],[-4.8351051,41.7009513]],[[-4.8349765,41.7010486],[-4.8351756,41.7011764]],[[-4.8351051,41.7009513],[-4.8349765,41.7010486]],[[-4.8351051,41.7009513],[-4.8348453,41.7008263]],[[-4.8348453,41.7008263],[-4.8349765,41.7010486]],[[-4.816296,41.6855829],[-4.8348453,41.7008263]],[[-4.8335706,41.5325265],[-4.8304556,41.5343658]],[[-4.8304556,41.5343658],[-4.8335706,41.5325265]],[[-4.83248,40.2525818],[-4.8284972,40.2545652]],[[-4.8284972,40.2545652],[-4.83248,40.2525818]],[[-4.8307677,41.7186665],[-4.8302728,41.7188269]],[[-4.830467,41.7189771],[-4.8307677,41.7186665]],[[-4.8303519,41.7193079],[-4.830467,41.7189771]],[[-4.830467,41.7189771],[-4.8302728,41.7188269]],[[-4.8304556,41.5343658],[-4.8101002,41.5406689],[-4.7960635,41.5425658],[-4.787718862974889,41.548484219408756]],[[-4.8299902,41.7193538],[-4.8303519,41.7193079]],[[-4.8302426,41.7197238],[-4.8303519,41.7193079]],[[-4.8302728,41.7188269],[-4.8299902,41.7193538]],[[-4.8299902,41.7193538],[-4.8302426,41.7197238]],[[-4.8284972,40.2545652],[-4.7994801,40.2591001],[-4.7921585,40.2619621],[-4.7719791,40.2636453]],[[-4.776241478478525,41.63477553921198],[-4.7786886,41.6306912],[-4.7883693,41.6237813],[-4.7930216,41.6142541],[-4.821316379803316,41.59769242958448]],[[-4.8212761,41.5988539],[-4.821316379803316,41.59769242958448]],[[-4.821316379803316,41.59769242958448],[-4.8212381229002546,41.597595635919205]],[[-4.8212381229002546,41.597595635919205],[-4.7928789,41.6141234],[-4.7881784,41.6236602],[-4.7788329,41.6302711],[-4.776016676446394,41.634713762197656]],[[-4.8212381229002546,41.597595635919205],[-4.8199572,41.5960113]],[[-4.8199572,41.5960113],[-4.8198933,41.5957539]],[[-4.8196712,41.5958489],[-4.8199572,41.5960113]],[[-4.8196712,41.5958489],[-4.8198933,41.5957539]],[[-4.8198933,41.5957539],[-4.8196952,41.5954678]],[[-4.8196952,41.5954678],[-4.8194464,41.5955693]],[[-4.8196952,41.5954678],[-4.8194018,41.59529]],[[-4.8195423,41.5958222],[-4.8196712,41.5958489]],[[-4.8192562,41.5959221],[-4.8195423,41.5958222]],[[-4.8194175,41.595667],[-4.8195423,41.5958222]],[[-4.8194464,41.5955693],[-4.8194175,41.595667]],[[-4.8194018,41.59529],[-4.8194464,41.5955693]],[[-4.8194175,41.595667],[-4.8192562,41.5959221]],[[-4.8181088,41.5884087],[-4.8194018,41.59529]],[[-4.8192562,41.5959221],[-4.8191593,41.5968782]],[[-4.8179948,41.5881844],[-4.818193,41.5881845]],[[-4.8181088,41.5884087],[-4.818193,41.5881845]],[[-4.818193,41.5881845],[-4.8181319,41.5879079]],[[-4.8181319,41.5879079],[-4.8179456,41.5879546]],[[-4.8181319,41.5879079],[-4.8179331,41.5877164]],[[-4.8179948,41.5881844],[-4.8181088,41.5884087]],[[-4.8177656,42.7896886],[-4.8180806,42.7895413]],[[-4.8180806,42.7895413],[-4.8177329,42.789481]],[[-4.8179456,41.5879546],[-4.8179948,41.5881844]],[[-4.8179331,41.5877164],[-4.8179456,41.5879546]],[[-4.8179331,41.5877164],[-4.8154396,41.5818055]],[[-4.8176694,42.7898093],[-4.8177656,42.7896886]],[[-4.8177656,42.7896886],[-4.8177329,42.789481]],[[-4.8177329,42.789481],[-4.8170468,42.7895285]],[[-4.8173083,42.7898808],[-4.8176694,42.7898093]],[[-4.8176625,42.7900517],[-4.8176694,42.7898093]],[[-4.8173083,42.7898808],[-4.8176625,42.7900517]],[[-4.8170779,42.7897512],[-4.8173083,42.7898808]],[[-4.8170468,42.7895285],[-4.8170779,42.7897512]],[[-4.8167145,42.7896333],[-4.8170779,42.7897512]],[[-4.8170468,42.7895285],[-4.8167145,42.7896333]],[[-4.8167145,42.7896333],[-4.7989555,42.7910995],[-4.7868257,42.7899573]],[[-4.8159034,41.6856968],[-4.816296,41.6855829]],[[-4.816296,41.6855829],[-4.8158791,41.6854752]],[[-4.8153781,41.6853548],[-4.8159034,41.6856968]],[[-4.8159034,41.6856968],[-4.8158791,41.6854752]],[[-4.8158791,41.6854752],[-4.8156855,41.6853455]],[[-4.8156855,41.6853455],[-4.8154738,41.6849962]],[[-4.8156855,41.6853455],[-4.8153781,41.6853548]],[[-4.8154738,41.6849962],[-4.8153781,41.6853548]],[[-4.7892366,41.6641073],[-4.8012918,41.6683355],[-4.8034733,41.6743765],[-4.8154738,41.6849962]],[[-4.8154396,41.5818055],[-4.8152824,41.581381]],[[-4.815118,41.5814468],[-4.8154396,41.5818055]],[[-4.815118,41.5814468],[-4.8152824,41.581381]],[[-4.8152824,41.581381],[-4.8151206,41.5811541]],[[-4.8151206,41.5811541],[-4.81493,41.5812628]],[[-4.8151206,41.5811541],[-4.8148337,41.5809061]],[[-4.81493,41.5812628],[-4.815118,41.5814468]],[[-4.8148337,41.5809061],[-4.81493,41.5812628]],[[-4.8023922,41.5676768],[-4.8148337,41.5809061]],[[-4.8023922,41.5676768],[-4.7978451,41.5652331]],[[-4.7978451,41.5652331],[-4.8023922,41.5676768]],[[-4.7878897,41.56214],[-4.7978451,41.5652331]],[[-4.7892366,41.6641073],[-4.7891025,41.6638505]],[[-4.7889051,41.6640069],[-4.7892366,41.6641073]],[[-4.7889051,41.6640069],[-4.7891025,41.6638505]],[[-4.7891025,41.6638505],[-4.7887115,41.6638599]],[[-4.7887569,41.6639525],[-4.7889051,41.6640069]],[[-4.7887115,41.6638599],[-4.7887569,41.6639525]],[[-4.7884836,41.6639478],[-4.7887569,41.6639525]],[[-4.7887115,41.6638599],[-4.7884836,41.6639478]],[[-4.7884836,41.6639478],[-4.7880082,41.6637881]],[[-4.7880082,41.6637881],[-4.7875283,41.6636662]],[[-4.7876592,41.6638721],[-4.7880082,41.6637881]],[[-4.7871047,41.5622746],[-4.7878897,41.56214]],[[-4.7878897,41.56214],[-4.7872351,41.5619531]],[[-4.787718862974889,41.548484219408756],[-4.787475666300658,41.549037632724875]],[[-4.787475666300658,41.549037632724875],[-4.787718862974889,41.548484219408756]],[[-4.787718862974889,41.548484219408756],[-4.7874318,41.5484854]],[[-4.7874238,41.6640546],[-4.7876592,41.6638721]],[[-4.7876592,41.6638721],[-4.7875283,41.6636662]],[[-4.7875283,41.6636662],[-4.7872253,41.664024]],[[-4.787475666300658,41.549037632724875],[-4.787433,41.5491462]],[[-4.7872395,41.5486139],[-4.787475666300658,41.549037632724875]],[[-4.787433,41.5491462],[-4.7863718,41.5616527]],[[-4.7867089,41.5615849],[-4.787433,41.5491462]],[[-4.7874318,41.5484854],[-4.7872395,41.5486139]],[[-4.7874318,41.5484854],[-4.787005,41.5482796]],[[-4.7872253,41.664024],[-4.7874238,41.6640546]],[[-4.7872543,41.6642338],[-4.7874238,41.6640546]],[[-4.787236936806803,41.664297887063775],[-4.7872543,41.6642338]],[[-4.7872253,41.664024],[-4.7872543,41.6642338]],[[-4.787005,41.5482796],[-4.7872395,41.5486139]],[[-4.7872087807909995,41.664401810136],[-4.787236936806803,41.664297887063775]],[[-4.787236936806803,41.664297887063775],[-4.7613434,41.6607505]],[[-4.7871047,41.5622746],[-4.7872351,41.5619531]],[[-4.7872351,41.5619531],[-4.7867089,41.5615849]],[[-4.7871967,41.6644464],[-4.7872087807909995,41.664401810136]],[[-4.7613311,41.6608657],[-4.7872087807909995,41.664401810136]],[[-4.7871277,41.6645385],[-4.7872,41.6645555]],[[-4.7872,41.6645555],[-4.7871967,41.6644464]],[[-4.7872,41.6645555],[-4.7871277,41.6645385]],[[-4.7871967,41.6644464],[-4.7871277,41.6645385]],[[-4.7867983,41.5624115],[-4.7871047,41.5622746]],[[-4.787005,41.5482796],[-4.7771591,41.5421418]],[[-4.7868257,42.7899573],[-4.7818141,42.7890014]],[[-4.7818141,42.7890014],[-4.7868257,42.7899573]],[[-4.7861715,41.5621764],[-4.7867983,41.5624115]],[[-4.7837536,41.5658329],[-4.7867983,41.5624115]],[[-4.7867089,41.5615849],[-4.7863718,41.5616527]],[[-4.7863718,41.5616527],[-4.7861715,41.5621764]],[[-4.7813842,41.6199208],[-4.7862903,41.6178054]],[[-4.7862903,41.6178054],[-4.7860843,41.6176497]],[[-4.7860843,41.6176497],[-4.7862903,41.6178054]],[[-4.7861715,41.5621764],[-4.7837536,41.5658329]],[[-4.7860843,41.6176497],[-4.7812217,41.6196738]],[[-4.7848846,41.6227496],[-4.781281933115183,41.62020086152877]],[[-4.781107934810523,41.620314322083786],[-4.7845907,41.622733]],[[-4.7533144,41.6070333],[-4.7582989,41.5942084],[-4.7594983,41.5856689],[-4.7645489,41.579628],[-4.7837536,41.5658329]],[[-4.7818141,42.7890014],[-4.7725359,42.7934483],[-4.7439294,42.800382],[-4.7356153,42.8048067]],[[-4.781281933115183,41.62020086152877],[-4.7813842,41.6199208]],[[-4.7813842,41.6199208],[-4.7812217,41.6196738]],[[-4.781107934810523,41.620314322083786],[-4.781281933115183,41.62020086152877]],[[-4.781281933115183,41.62020086152877],[-4.780573353099472,41.619618960246775]],[[-4.7812217,41.6196738],[-4.780573353099472,41.619618960246775]],[[-4.780451,41.6202447],[-4.781107934810523,41.620314322083786]],[[-4.780400398314755,41.619735032797436],[-4.781107934810523,41.620314322083786]],[[-4.780573353099472,41.619618960246775],[-4.780400398314755,41.619735032797436]],[[-4.780573353099472,41.619618960246775],[-4.7677875,41.6095704],[-4.753525639003011,41.607763758629126]],[[-4.7803094,41.6200312],[-4.780451,41.6202447]],[[-4.7747724,41.6221401],[-4.780451,41.6202447]],[[-4.780400398314755,41.619735032797436],[-4.7803094,41.6200312]],[[-4.753461499744819,41.60792696907912],[-4.7683482,41.6100184],[-4.780400398314755,41.619735032797436]],[[-4.7803094,41.6200312],[-4.7747393,41.6219752]],[[-4.7771591,41.5421418],[-4.7748373,41.5406591]],[[-4.7748373,41.5406591],[-4.7771591,41.5421418]],[[-4.7769391,41.6348964],[-4.7768256,41.6351088]],[[-4.7768256,41.6351088],[-4.7769391,41.6348964]],[[-4.7769391,41.6348964],[-4.776241478478525,41.63477553921198]],[[-4.776196690768409,41.63487790168852],[-4.7768256,41.6351088]],[[-4.776196690768409,41.63487790168852],[-4.776241478478525,41.63477553921198]],[[-4.776241478478525,41.63477553921198],[-4.776016676446394,41.634713762197656]],[[-4.765227839810104,41.6529237091305],[-4.7666861,41.6457446],[-4.776196690768409,41.63487790168852]],[[-4.775971550151506,41.6348171168596],[-4.776196690768409,41.63487790168852]],[[-4.776016676446394,41.634713762197656],[-4.775971550151506,41.6348171168596]],[[-4.776016676446394,41.634713762197656],[-4.774505,41.6341137]],[[-4.775971550151506,41.6348171168596],[-4.7665773,41.6454798],[-4.764991218714995,41.652855105370975]],[[-4.774294,41.6343137],[-4.775971550151506,41.6348171168596]],[[-4.7748373,41.5406591],[-4.7648186,41.5371932]],[[-4.7744459,41.6222396],[-4.7747724,41.6221401]],[[-4.7747724,41.6221401],[-4.7747393,41.6219752]],[[-4.7747393,41.6219752],[-4.7743162,41.6221093]],[[-4.774294,41.6343137],[-4.774505,41.6341137]],[[-4.774505,41.6341137],[-4.7740435,41.6338309]],[[-4.7689494,41.6241641],[-4.7744459,41.6222396]],[[-4.7743162,41.6221093],[-4.7744459,41.6222396]],[[-4.7743162,41.6221093],[-4.7688616,41.6240562]],[[-4.7738178,41.6340485],[-4.774294,41.6343137]],[[-4.7740435,41.6338309],[-4.7738178,41.6340485]],[[-4.7740435,41.6338309],[-4.7622025,41.6306345],[-4.7593268,41.6277945]],[[-4.7587608,41.6279711],[-4.7621717,41.6307133],[-4.769704,41.6318188],[-4.7738178,41.6340485]],[[-4.7731529,42.1930548],[-4.7735079,42.1931137]],[[-4.7735079,42.1931137],[-4.7731529,42.1930548]],[[-4.7731529,42.1930548],[-4.7735079,42.1931137]],[[-4.6367672,42.1142192],[-4.6429156,42.1155483],[-4.6666209,42.1320075],[-4.6782454,42.1478873],[-4.6801423,42.1556189],[-4.6841224,42.1595824],[-4.6900877,42.1613682],[-4.7000214,42.1604348],[-4.7054699,42.1614908],[-4.717757,42.1666519],[-4.7611628,42.190123],[-4.7731529,42.1930548]],[[-4.7720753,40.6305125],[-4.7704344,40.6307508]],[[-4.7703728,40.6308816],[-4.7720753,40.6305125]],[[-4.7719791,40.2636453],[-4.7673504,40.2640509]],[[-4.7673504,40.2640509],[-4.7719791,40.2636453]],[[-4.7707981,40.6300778],[-4.7702182,40.6305404]],[[-4.7703749,40.6306169],[-4.7707981,40.6300778]],[[-4.7703728,40.6308816],[-4.7704344,40.6307508]],[[-4.7704344,40.6307508],[-4.7703749,40.6306169]],[[-4.7703749,40.6306169],[-4.7702182,40.6305404]],[[-4.7700426,40.6309448],[-4.7703728,40.6308816]],[[-4.7702182,40.6305404],[-4.7698767,40.6307893]],[[-4.7675255,40.6316387],[-4.7700426,40.6309448]],[[-4.7698767,40.6307893],[-4.7700426,40.6309448]],[[-4.7698767,40.6307893],[-4.7675255,40.6316387]],[[-4.7683978,41.6244031],[-4.7689494,41.6241641]],[[-4.7689494,41.6241641],[-4.7688616,41.6240562]],[[-4.7688616,41.6240562],[-4.7683096,41.6242002]],[[-4.7593867,41.6274573],[-4.7683978,41.6244031]],[[-4.7683096,41.6242002],[-4.7683978,41.6244031]],[[-4.7683096,41.6242002],[-4.7593343,41.627389]],[[-4.7354022,40.6435463],[-4.7675255,40.6316387]],[[-4.7674704,41.6438726],[-4.7599521,41.6429887]],[[-4.759939,41.6431087],[-4.7674412,41.6439263]],[[-4.7673504,40.2640509],[-4.7533474,40.268716]],[[-4.765616,41.6538399],[-4.7657245,41.6537329]],[[-4.7657245,41.6537329],[-4.765227839810104,41.6529237091305]],[[-4.7657245,41.6537329],[-4.765166758801134,41.65332839790627]],[[-4.7655836,41.6538523],[-4.765616,41.6538399]],[[-4.76513523686274,41.65349969244719],[-4.765616,41.6538399]],[[-4.765059473623134,41.653821947181605],[-4.7655836,41.6538523]],[[-4.7613042,41.6606401],[-4.7655836,41.6538523]],[[-4.765166758801134,41.65332839790627],[-4.765227839810104,41.6529237091305]],[[-4.765227839810104,41.6529237091305],[-4.764991218714995,41.652855105370975]],[[-4.76513523686274,41.65349969244719],[-4.765166758801134,41.65332839790627]],[[-4.765166758801134,41.65332839790627],[-4.7649532841688576,41.653185067202905]],[[-4.765059473623134,41.653821947181605],[-4.76513523686274,41.65349969244719]],[[-4.764926228286894,41.65335256488136],[-4.76513523686274,41.65349969244719]],[[-4.760967964895491,41.66041003910877],[-4.765059473623134,41.653821947181605]],[[-4.76483530059647,41.65374235018515],[-4.765059473623134,41.653821947181605]],[[-4.764991218714995,41.652855105370975],[-4.7649532841688576,41.653185067202905]],[[-4.764991218714995,41.652855105370975],[-4.7644706,41.6528582]],[[-4.7649532841688576,41.653185067202905],[-4.764926228286894,41.65335256488136]],[[-4.7649532841688576,41.653185067202905],[-4.7644706,41.6528582]],[[-4.764926228286894,41.65335256488136],[-4.76483530059647,41.65374235018515]],[[-4.7643856,41.652972],[-4.764926228286894,41.65335256488136]],[[-4.76483530059647,41.65374235018515],[-4.76073360217892,41.66034458429579]],[[-4.7643553,41.6533398],[-4.76483530059647,41.65374235018515]],[[-4.7648186,41.5371932],[-4.7609035,41.5357771]],[[-4.7609035,41.5357771],[-4.7648186,41.5371932]],[[-4.7644706,41.6528582],[-4.7643856,41.652972]],[[-4.7644706,41.6528582],[-4.7594165,41.6494068]],[[-4.7643856,41.652972],[-4.7643553,41.6533398]],[[-4.759321,41.6495175],[-4.7643856,41.652972]],[[-4.7643553,41.6533398],[-4.7601636,41.6603367]],[[-4.7613311,41.6608657],[-4.7613434,41.6607505]],[[-4.7613434,41.6607505],[-4.7613042,41.6606401]],[[-4.7613434,41.6607505],[-4.760850031101925,41.66069625306731]],[[-4.760672589502883,41.66112688673842],[-4.7613311,41.6608657]],[[-4.7608026000355315,41.66081136369726],[-4.7613311,41.6608657]],[[-4.7613042,41.6606401],[-4.760967964895491,41.66041003910877]],[[-4.760850031101925,41.66069625306731],[-4.760967964895491,41.66041003910877]],[[-4.760967964895491,41.66041003910877],[-4.76073360217892,41.66034458429579]],[[-4.7609035,41.5357771],[-4.7510571,41.5325177],[-4.7307158,41.5325263]],[[-4.7608026000355315,41.66081136369726],[-4.760850031101925,41.66069625306731]],[[-4.760850031101925,41.66069625306731],[-4.760601662603731,41.660668944436274]],[[-4.760672589502883,41.66112688673842],[-4.7608026000355315,41.66081136369726]],[[-4.760554115895667,41.660785833223315],[-4.7608026000355315,41.66081136369726]],[[-4.76073360217892,41.66034458429579],[-4.760601662603731,41.660668944436274]],[[-4.76073360217892,41.66034458429579],[-4.7601636,41.6603367]],[[-4.760420033983742,41.66111546008262],[-4.760672589502883,41.66112688673842]],[[-4.506356551092194,41.92226904231654],[-4.5185469,41.8994078],[-4.525321,41.8917639],[-4.539825,41.8798],[-4.5410999,41.8719048],[-4.5488027,41.8593425],[-4.5554369,41.8550623],[-4.5797049,41.8190753],[-4.5832263,41.8100164],[-4.5883859,41.8031478],[-4.6084312,41.7876713],[-4.6347121,41.7569894],[-4.6612367,41.7428246],[-4.6783616,41.7302517],[-4.687408,41.7258641],[-4.7111229,41.7028666],[-4.7221361,41.6944944],[-4.7311114,41.6837869],[-4.7437543,41.6767416],[-4.7548899,41.6767177],[-4.7600796,41.674601],[-4.7621865,41.6705415],[-4.760672589502883,41.66112688673842]],[[-4.760601662603731,41.660668944436274],[-4.760554115895667,41.660785833223315]],[[-4.760601662603731,41.660668944436274],[-4.7597727,41.6605778]],[[-4.760554115895667,41.660785833223315],[-4.760420033983742,41.66111546008262]],[[-4.7597411,41.6607023],[-4.760554115895667,41.660785833223315]],[[-4.760420033983742,41.66111546008262],[-4.7619455,41.6705113],[-4.7596666,41.674671],[-4.7548438,41.6765331],[-4.7438179,41.6765343],[-4.7307338,41.6838073],[-4.7226692,41.6936838],[-4.7109103,41.7027692],[-4.6869983,41.7259319],[-4.6782352,41.7301055],[-4.6608923,41.742801],[-4.6343837,41.757014],[-4.6084044,41.7874316],[-4.5882587,41.8030031],[-4.5830475,41.8099149],[-4.5797708,41.8185809],[-4.5553617,41.8548049],[-4.5486497,41.8592231],[-4.5408451,41.8721612],[-4.5396087,41.8797384],[-4.5185998,41.8990089],[-4.5100062,41.9154961]],[[-4.7597411,41.6607023],[-4.760420033983742,41.66111546008262]],[[-4.7601636,41.6603367],[-4.7597727,41.6605778]],[[-4.759939,41.6431087],[-4.7599521,41.6429887]],[[-4.7599521,41.6429887],[-4.7593562,41.6429488]],[[-4.7599521,41.6429887],[-4.7593562,41.6429488]],[[-4.7598351,41.6432383],[-4.759939,41.6431087]],[[-4.7593523,41.6430734],[-4.759939,41.6431087]],[[-4.7594515,41.6432461],[-4.7598351,41.6432383]],[[-4.7596663,41.6435946],[-4.7598351,41.6432383]],[[-4.7597727,41.6605778],[-4.7597411,41.6607023]],[[-4.7597727,41.6605778],[-4.7341434,41.6602175]],[[-4.7338588,41.6605751],[-4.7597411,41.6607023]],[[-4.7593297,41.6485776],[-4.7596663,41.6435946]],[[-4.7594515,41.6432461],[-4.7596663,41.6435946]],[[-4.7593523,41.6430734],[-4.7594515,41.6432461]],[[-4.759321,41.6495175],[-4.7594165,41.6494068]],[[-4.7594165,41.6494068],[-4.7593528,41.6490774]],[[-4.7594165,41.6494068],[-4.7584692,41.6489073]],[[-4.7583756,41.6278043],[-4.7593867,41.6274573]],[[-4.7593268,41.6277945],[-4.7593867,41.6274573]],[[-4.7593867,41.6274573],[-4.7593343,41.627389]],[[-4.7593562,41.6429488],[-4.7593523,41.6430734]],[[-4.7593562,41.6429488],[-4.7447346,41.6413215]],[[-4.7593528,41.6490774],[-4.7593297,41.6485776]],[[-4.7593528,41.6490774],[-4.75889,41.6488549]],[[-4.7446755,41.6415342],[-4.7593523,41.6430734]],[[-4.7593343,41.627389],[-4.7583188,41.6277406]],[[-4.7593343,41.627389],[-4.7588894,41.6272287]],[[-4.7593297,41.6485776],[-4.75889,41.6488549]],[[-4.7587608,41.6279711],[-4.7593268,41.6277945]],[[-4.7583741,41.649023],[-4.759321,41.6495175]],[[-4.7583741,41.649023],[-4.759321,41.6495175]],[[-4.75889,41.6488549],[-4.7584692,41.6489073]],[[-4.7588894,41.6272287],[-4.7583505,41.6274965]],[[-4.7588894,41.6272287],[-4.7536226,41.6234947],[-4.7483751,41.6223555]],[[-4.7583756,41.6278043],[-4.7587608,41.6279711]],[[-4.7584692,41.6489073],[-4.7583741,41.649023]],[[-4.7584692,41.6489073],[-4.7541113,41.6474997],[-4.7411505,41.648192]],[[-4.7445985,41.6412018],[-4.7499844,41.6337328],[-4.7583756,41.6278043]],[[-4.7583188,41.6277406],[-4.7583756,41.6278043]],[[-4.7410804,41.6482969],[-4.754126,41.6476379],[-4.7583741,41.649023]],[[-4.7583505,41.6274965],[-4.7583188,41.6277406]],[[-4.7483609,41.6225303],[-4.7539615,41.6237666],[-4.7583505,41.6274965]],[[-4.7583188,41.6277406],[-4.7499088,41.6336845],[-4.7445015,41.641179]],[[-4.753461499744819,41.60792696907912],[-4.753525639003011,41.607763758629126]],[[-4.753525639003011,41.607763758629126],[-4.7534068,41.6074941]],[[-4.753525639003011,41.607763758629126],[-4.752650763295935,41.60753648694162]],[[-4.753094,41.6080983],[-4.753461499744819,41.60792696907912]],[[-4.752572891364018,41.60769473871129],[-4.753461499744819,41.60792696907912]],[[-4.7534068,41.6074941],[-4.7533144,41.6070333]],[[-4.7534068,41.6074941],[-4.7529938,41.6073784]],[[-4.7533474,40.268716],[-4.7509606,40.2703098]],[[-4.7509606,40.2703098],[-4.7533474,40.268716]],[[-4.7533144,41.6070333],[-4.7529938,41.6073784]],[[-4.7520688,41.6099688],[-4.753094,41.6080983]],[[-4.7527122,41.6079975],[-4.753094,41.6080983]],[[-4.7529938,41.6073784],[-4.752650763295935,41.60753648694162]],[[-4.7527122,41.6079975],[-4.7517837,41.6098999]],[[-4.752572891364018,41.60769473871129],[-4.7527122,41.6079975]],[[-4.752650763295935,41.60753648694162],[-4.752572891364018,41.60769473871129]],[[-4.752650763295935,41.60753648694162],[-4.7403953,41.6054155],[-4.725843442198469,41.60928916229988]],[[-4.725862254698376,41.60937705028449],[-4.7403781,41.6055897],[-4.752572891364018,41.60769473871129]],[[-4.7518623,41.6104625],[-4.7520688,41.6099688]],[[-4.7520688,41.6099688],[-4.7517837,41.6098999]],[[-4.7515107,41.6103609],[-4.7518623,41.6104625]],[[-4.7480572,41.6220457],[-4.7486061,41.6144996],[-4.7518623,41.6104625]],[[-4.7517837,41.6098999],[-4.7515107,41.6103609]],[[-4.7515107,41.6103609],[-4.7484973,41.6144809],[-4.747732,41.6220667]],[[-4.7509606,40.2703098],[-4.7409358,40.2756329],[-4.7262266,40.2875074],[-4.7218161,40.2940151],[-4.7197311,40.3003862]],[[-4.7483609,41.6225303],[-4.7483751,41.6223555]],[[-4.7483751,41.6223555],[-4.7480572,41.6220457]],[[-4.7483751,41.6223555],[-4.7475834,41.622235]],[[-4.748151,41.6226975],[-4.7483609,41.6225303]],[[-4.7475657,41.6224283],[-4.7483609,41.6225303]],[[-4.7477343,41.6226652],[-4.748151,41.6226975]],[[-4.7456108,41.6260486],[-4.748151,41.6226975]],[[-4.7480572,41.6220457],[-4.747732,41.6220667]],[[-4.7477343,41.6226652],[-4.7453792,41.6258712]],[[-4.7475657,41.6224283],[-4.7477343,41.6226652]],[[-4.747732,41.6220667],[-4.7475834,41.622235]],[[-4.7475834,41.622235],[-4.7475657,41.6224283]],[[-4.7475834,41.622235],[-4.726627,41.6177945]],[[-4.7266062,41.6178871],[-4.7475657,41.6224283]],[[-4.7453143,41.626277],[-4.7456108,41.6260486]],[[-4.7456108,41.6260486],[-4.7453792,41.6258712]],[[-4.7453792,41.6258712],[-4.7450909,41.6261583]],[[-4.7437062,41.6280285],[-4.7453143,41.626277]],[[-4.7450909,41.6261583],[-4.7453143,41.626277]],[[-4.7450909,41.6261583],[-4.7435005,41.6279433]],[[-4.7446755,41.6415342],[-4.7447346,41.6413215]],[[-4.7447346,41.6413215],[-4.7445985,41.6412018]],[[-4.7444558,41.6415996],[-4.7446755,41.6415342]],[[-4.7444558,41.6415996],[-4.7445985,41.6412018]],[[-4.7445985,41.6412018],[-4.7445015,41.641179]],[[-4.7445015,41.641179],[-4.7443491,41.6415807]],[[-4.7445015,41.641179],[-4.7443491,41.6415807]],[[-4.74100273016257,41.6479060628561],[-4.7444558,41.6415996]],[[-4.7443491,41.6415807],[-4.7444558,41.6415996]],[[-4.7443491,41.6415807],[-4.740936613578396,41.64786745180258]],[[-4.7434466,41.6283433],[-4.7437062,41.6280285]],[[-4.7437062,41.6280285],[-4.7435005,41.6279433]],[[-4.7435005,41.6279433],[-4.7432303,41.6282072]],[[-4.7350371,41.6440765],[-4.7434466,41.6283433]],[[-4.7432303,41.6282072],[-4.7434466,41.6283433]],[[-4.7432303,41.6282072],[-4.7349433,41.6440141]],[[-4.7411520295825005,40.698685711138445],[-4.733828149199999,40.682726298547635]],[[-4.740858276359831,40.698511416002525],[-4.7411520295825005,40.698685711138445]],[[-4.7410804,41.6482969],[-4.7411505,41.648192]],[[-4.7411505,41.648192],[-4.74100273016257,41.6479060628561]],[[-4.7411505,41.648192],[-4.740906090081631,41.6480663606828]],[[-4.740743129050472,41.648336665704036],[-4.7410804,41.6482969]],[[-4.740850889833423,41.648157921862534],[-4.7410804,41.6482969]],[[-4.740906090081631,41.6480663606828],[-4.74100273016257,41.6479060628561]],[[-4.74100273016257,41.6479060628561],[-4.740936613578396,41.64786745180258]],[[-4.740936613578396,41.64786745180258],[-4.740843290332751,41.64802321224143]],[[-4.740936613578396,41.64786745180258],[-4.7406189,41.6478297]],[[-4.740850889833423,41.648157921862534],[-4.740906090081631,41.6480663606828]],[[-4.740906090081631,41.6480663606828],[-4.740843290332751,41.64802321224143]],[[-4.733799581672687,40.68306804506525],[-4.740858276359831,40.698511416002525]],[[-4.7367974,40.6945285],[-4.740858276359831,40.698511416002525]],[[-4.740743129050472,41.648336665704036],[-4.740850889833423,41.648157921862534]],[[-4.740786900574177,41.64811732913032],[-4.740850889833423,41.648157921862534]],[[-4.740843290332751,41.64802321224143],[-4.740786900574177,41.64811732913032]],[[-4.740843290332751,41.64802321224143],[-4.7406189,41.6478297]],[[-4.740786900574177,41.64811732913032],[-4.740674447140129,41.64830501866165]],[[-4.7405218,41.6479119],[-4.740786900574177,41.64811732913032]],[[-4.7341434,41.6602175],[-4.740743129050472,41.648336665704036]],[[-4.740674447140129,41.64830501866165],[-4.740743129050472,41.648336665704036]],[[-4.740674447140129,41.64830501866165],[-4.7340682,41.6601711]],[[-4.7405218,41.6479119],[-4.740674447140129,41.64830501866165]],[[-4.7406189,41.6478297],[-4.7405218,41.6479119]],[[-4.7406189,41.6478297],[-4.7350371,41.6440765]],[[-4.734952,41.6441383],[-4.7405218,41.6479119]],[[-4.7396152,42.5131791],[-4.7398093,42.5132021]],[[-4.7395768,42.5136032],[-4.7398093,42.5132021]],[[-4.7398093,42.5132021],[-4.7397446,42.5129334]],[[-4.7397446,42.5129334],[-4.7395643,42.5130171]],[[-4.7397446,42.5129334],[-4.7394357,42.5127808]],[[-4.7396152,42.5131791],[-4.7395768,42.5136032]],[[-4.7395643,42.5130171],[-4.7396152,42.5131791]],[[-4.7395768,42.5136032],[-4.7316818,42.5256243],[-4.7361122,42.5343903],[-4.7328571,42.5486453]],[[-4.7394357,42.5127808],[-4.7395643,42.5130171]],[[-4.6471735,42.3755308],[-4.7010326,42.4540479],[-4.7161863,42.4788369],[-4.7207389,42.4825347],[-4.7221408,42.4883917],[-4.7394357,42.5127808]],[[-4.7367974,40.6945285],[-4.7366433,40.6942147]],[[-4.7364172,40.6942763],[-4.7367974,40.6945285]],[[-4.7364172,40.6942763],[-4.7366433,40.6942147]],[[-4.7366433,40.6942147],[-4.7364909,40.6937996]],[[-4.7364909,40.6937996],[-4.7363869,40.6934781]],[[-4.7364909,40.6937996],[-4.7362656,40.6938304]],[[-4.7362656,40.6938304],[-4.7364172,40.6942763]],[[-4.7363869,40.6934781],[-4.7362656,40.6938304]],[[-4.7363869,40.6934781],[-4.733799581672687,40.68306804506525]],[[-4.7356153,42.8048067],[-4.7314314,42.8065086]],[[-4.7314314,42.8065086],[-4.7356153,42.8048067]],[[-4.7354022,40.6435463],[-4.727077611255266,40.64797592397326]],[[-4.7272146228570024,40.64804109264657],[-4.7354022,40.6435463]],[[-4.734952,41.6441383],[-4.7350371,41.6440765]],[[-4.7350371,41.6440765],[-4.7349433,41.6440141]],[[-4.7348629,41.6440748],[-4.734952,41.6441383]],[[-4.7349433,41.6440141],[-4.7348629,41.6440748]],[[-4.7349433,41.6440141],[-4.7315859,41.6420002],[-4.7263623,41.6260672]],[[-4.7263629,41.6263807],[-4.7315083,41.6420513],[-4.7348629,41.6440748]],[[-4.7338588,41.6605751],[-4.7341434,41.6602175]],[[-4.7341434,41.6602175],[-4.7340682,41.6601711]],[[-4.7340682,41.6601711],[-4.7337658,41.6605415]],[[-4.7340682,41.6601711],[-4.7337658,41.6605415]],[[-4.722052882871825,41.67784145149644],[-4.7338588,41.6605751]],[[-4.7337658,41.6605415],[-4.7338588,41.6605751]],[[-4.733799581672687,40.68306804506525],[-4.733828149199999,40.682726298547635]],[[-4.733828149199999,40.682726298547635],[-4.7283903,40.6745144]],[[-4.733828149199999,40.682726298547635],[-4.7246339,40.671206],[-4.718997630180152,40.66850543727065]],[[-4.7128569,40.6697004],[-4.7188995,40.6694276],[-4.7247474,40.6721866],[-4.733799581672687,40.68306804506525]],[[-4.7337658,41.6605415],[-4.721924725477623,41.67776439067197]],[[-4.733162,42.5521114],[-4.7328571,42.5486453]],[[-4.7328571,42.5486453],[-4.733162,42.5521114]],[[-4.7319506,40.8552398],[-4.7314459,40.855201]],[[-4.7314373,40.8554008],[-4.7319506,40.8552398]],[[-4.7314373,40.8554008],[-4.7314459,40.855201]],[[-4.7314459,40.855201],[-4.7309693,40.8552886]],[[-4.7310803,40.8554603],[-4.7314373,40.8554008]],[[-4.7314314,42.8065086],[-4.7264788,42.8107076]],[[-4.7307792,40.8555774],[-4.7310803,40.8554603]],[[-4.7309693,40.8552886],[-4.7310803,40.8554603]],[[-4.7309693,40.8552886],[-4.7307792,40.8555774]],[[-4.7307792,40.8555774],[-4.6907761,40.8637973],[-4.6851074,40.8676497],[-4.6748499,40.8713269],[-4.6630881,40.8746528],[-4.6433479,40.876995],[-4.6361687,40.8806791]],[[-4.7307158,41.5325263],[-4.7263992,41.5321217]],[[-4.7263992,41.5321217],[-4.7307158,41.5325263]],[[-4.7295397,41.0674328],[-4.7287084,41.0670013]],[[-4.7284155,41.0673305],[-4.7295397,41.0674328]],[[-4.7284155,41.0673305],[-4.7287084,41.0670013]],[[-4.7287084,41.0670013],[-4.7282848,41.0667927]],[[-4.7280045,41.0669895],[-4.7284155,41.0673305]],[[-4.7283903,40.6745144],[-4.7269176,40.6721427]],[[-4.7269176,40.6721427],[-4.7283903,40.6745144]],[[-4.7282848,41.0667927],[-4.7280045,41.0669895]],[[-4.7282848,41.0667927],[-4.7277244,41.0665862]],[[-4.7277244,41.0665862],[-4.7280045,41.0669895]],[[-4.7220523,41.6785666],[-4.7277499,41.6830842]],[[-4.7277244,41.0665862],[-4.7270118,41.0612696],[-4.7209396,41.0596425]],[[-4.7273799,41.68267],[-4.7223253,41.6783184]],[[-4.726615213591118,40.64869376772654],[-4.7272146228570024,40.64804109264657]],[[-4.726615213591118,40.64869376772654],[-4.7272146228570024,40.64804109264657]],[[-4.7272146228570024,40.64804109264657],[-4.727077611255266,40.64797592397326]],[[-4.727077611255266,40.64797592397326],[-4.7264911803399325,40.64862175626525]],[[-4.727077611255266,40.64797592397326],[-4.726579,40.6480039]],[[-4.7269176,40.6721427],[-4.7236005,40.6662046]],[[-4.7266062,41.6178871],[-4.726627,41.6177945]],[[-4.726627,41.6177945],[-4.7264562,41.617575]],[[-4.726627,41.6177945],[-4.725944,41.6177341]],[[-4.717689580435069,40.667560141724536],[-4.7210332,40.6636834],[-4.726615213591118,40.64869376772654]],[[-4.7264911803399325,40.64862175626525],[-4.726615213591118,40.64869376772654]],[[-4.7264445,41.6180269],[-4.7266062,41.6178871]],[[-4.7259371,41.6178376],[-4.7266062,41.6178871]],[[-4.726579,40.6480039],[-4.7253482,40.6474159]],[[-4.726579,40.6480039],[-4.7263778,40.6481864]],[[-4.7264911803399325,40.64862175626525],[-4.7209434,40.663125],[-4.717306798684198,40.66730111170009]],[[-4.7263778,40.6481864],[-4.7264911803399325,40.64862175626525]],[[-4.7264788,42.8107076],[-4.7242951,42.8139293]],[[-4.7242951,42.8139293],[-4.7264788,42.8107076]],[[-4.7264562,41.617575],[-4.725862254698376,41.60937705028449]],[[-4.7264562,41.617575],[-4.7260973,41.6175745]],[[-4.7260877,41.6180161],[-4.7264445,41.6180269]],[[-4.7263623,41.6260672],[-4.7264445,41.6180269]],[[-4.7263992,41.5321217],[-4.7124684,41.5351955]],[[-4.7252119,40.6476127],[-4.7263778,40.6481864]],[[-4.7262844,41.6261541],[-4.7263629,41.6263807]],[[-4.7259129,41.6262858],[-4.7263629,41.6263807]],[[-4.7262844,41.6261541],[-4.7263623,41.6260672]],[[-4.7259129,41.6262858],[-4.7262844,41.6261541]],[[-4.7258876,41.6246627],[-4.7262844,41.6261541]],[[-4.7260973,41.6175745],[-4.725944,41.6177341]],[[-4.725674108138798,41.60944521032381],[-4.7260973,41.6175745]],[[-4.7260877,41.6180161],[-4.7258876,41.6246627]],[[-4.7259371,41.6178376],[-4.7260877,41.6180161]],[[-4.725944,41.6177341],[-4.7259371,41.6178376]],[[-4.725944,41.6177341],[-4.7213335,41.6176511],[-4.7162446,41.6203414]],[[-4.716335,41.6204163],[-4.721367,41.6177331],[-4.7259371,41.6178376]],[[-4.7257617,41.6263603],[-4.7259129,41.6262858]],[[-4.7258876,41.6246627],[-4.7257617,41.6263603]],[[-4.725674108138798,41.60944521032381],[-4.725862254698376,41.60937705028449]],[[-4.725862254698376,41.60937705028449],[-4.725843442198469,41.60928916229988]],[[-4.725843442198469,41.60928916229988],[-4.725655997714852,41.609357487472025]],[[-4.725843442198469,41.60928916229988],[-4.7227292,41.5941916],[-4.7131467,41.5810683],[-4.712312,41.5729431],[-4.7138367,41.5685733],[-4.7067267,41.5517783],[-4.7077567,41.5416067],[-4.70407340863681,41.53652652429006]],[[-4.7257617,41.6263603],[-4.7210221,41.6315271]],[[-4.713481218639849,41.6125106830541],[-4.725674108138798,41.60944521032381]],[[-4.725655997714852,41.609357487472025],[-4.725674108138798,41.60944521032381]],[[-4.725655997714852,41.609357487472025],[-4.713417728459058,41.61241012409144]],[[-4.703796590914282,41.53657002183707],[-4.7074445,41.5416438],[-4.7065724,41.5522196],[-4.7136564,41.5685995],[-4.7121078,41.5729069],[-4.7129644,41.5810351],[-4.7224936,41.5941113],[-4.725655997714852,41.609357487472025]],[[-4.7252119,40.6476127],[-4.7253482,40.6474159]],[[-4.7253482,40.6474159],[-4.7248226,40.6473024]],[[-4.7248157,40.6475428],[-4.7252119,40.6476127]],[[-4.7248226,40.6473024],[-4.7244546,40.6475165]],[[-4.7248226,40.6473024],[-4.7248157,40.6475428]],[[-4.7244546,40.6475165],[-4.7248157,40.6475428]],[[-4.7123259,40.6518426],[-4.7244546,40.6475165]],[[-4.7242951,42.8139293],[-4.7102196,42.8218481],[-4.6966098,42.8255368],[-4.6677915,42.828669]],[[-4.7236005,40.6662046],[-4.7236005,40.6662046]],[[-4.7220523,41.6785666],[-4.7223253,41.6783184]],[[-4.7223253,41.6783184],[-4.722052882871825,41.67784145149644]],[[-4.7217804309644995,41.6785328552383],[-4.722052882871825,41.67784145149644]],[[-4.722052882871825,41.67784145149644],[-4.721924725477623,41.67776439067197]],[[-4.7217804309644995,41.6785328552383],[-4.7220523,41.6785666]],[[-4.721924725477623,41.67776439067197],[-4.721642294934437,41.678465605598575]],[[-4.721924725477623,41.67776439067197],[-4.721726,41.67772]],[[-4.7198806,41.6879095],[-4.7217804309644995,41.6785328552383]],[[-4.721642294934437,41.678465605598575],[-4.7217804309644995,41.6785328552383]],[[-4.721726,41.67772],[-4.7213475,41.6779981]],[[-4.721726,41.67772],[-4.708134,41.6705167],[-4.7009944209226395,41.66437456055134]],[[-4.721642294934437,41.678465605598575],[-4.7195967,41.6878704]],[[-4.7213475,41.6779981],[-4.721642294934437,41.678465605598575]],[[-4.700888928546876,41.664542384235205],[-4.7080165,41.6706834],[-4.7213475,41.6779981]],[[-4.7210221,41.6315271],[-4.7207862,41.6316003]],[[-4.7209569,41.6317304],[-4.7210221,41.6315271]],[[-4.7207843,41.6319994],[-4.7209569,41.6317304]],[[-4.7209569,41.6317304],[-4.7207862,41.6316003]],[[-4.7209396,41.0596425],[-4.7207572,41.0595817]],[[-4.7207235,41.059614],[-4.7209396,41.0596425]],[[-4.7207862,41.6316003],[-4.7207069,41.6316288]],[[-4.720678,41.6320498],[-4.7207843,41.6319994]],[[-4.7207843,41.6319994],[-4.7207069,41.6316288]],[[-4.7207235,41.059614],[-4.7207572,41.0595817]],[[-4.7207572,41.0595817],[-4.72055,41.0593875]],[[-4.7204168,41.0595221],[-4.7207235,41.059614]],[[-4.7207069,41.6316288],[-4.720617,41.6316724]],[[-4.7207069,41.6316288],[-4.7163186,41.6210066]],[[-4.7205678,41.6320745],[-4.720678,41.6320498]],[[-4.720617,41.6316724],[-4.720678,41.6320498]],[[-4.720617,41.6316724],[-4.7204295,41.6319817]],[[-4.7158304,41.621191],[-4.720617,41.6316724]],[[-4.7202646,41.6323569],[-4.7205678,41.6320745]],[[-4.7204295,41.6319817],[-4.7205678,41.6320745]],[[-4.72055,41.0593875],[-4.7204168,41.0595221]],[[-4.72055,41.0593875],[-4.7199389,41.0592045]],[[-4.7204295,41.6319817],[-4.7202646,41.6323569]],[[-4.7199389,41.0592045],[-4.7204168,41.0595221]],[[-4.7202646,41.6323569],[-4.7137082,41.6417977]],[[-4.7053667,41.0494573],[-4.7199389,41.0592045]],[[-4.7197847,41.6882303],[-4.7198806,41.6879095]],[[-4.7198806,41.6879095],[-4.7195967,41.6878704]],[[-4.7195273,41.6881919],[-4.7197847,41.6882303]],[[-4.7124137,41.6993627],[-4.7197847,41.6882303]],[[-4.7197311,40.3003862],[-4.7192648,40.3026403]],[[-4.7192648,40.3026403],[-4.7197311,40.3003862]],[[-4.7194236,40.6689804],[-4.7196384,40.6689515]],[[-4.7196384,40.6689515],[-4.7193795,40.6687828]],[[-4.7196384,40.6689515],[-4.7194236,40.6689804]],[[-4.7195967,41.6878704],[-4.7195273,41.6881919]],[[-4.7195273,41.6881919],[-4.7122975,41.6992848]],[[-4.7193795,40.6687828],[-4.7194236,40.6689804]],[[-4.718997630180152,40.66850543727065],[-4.7193795,40.6687828]],[[-4.7192648,40.3026403],[-4.7129796,40.308231],[-4.7034829,40.3119622],[-4.7014249,40.315656],[-4.68888,40.317726],[-4.661984,40.3125605],[-4.6392426,40.3027152],[-4.6118323,40.3005559],[-4.6022592,40.2983913],[-4.5950648,40.2945208]],[[-4.717689580435069,40.667560141724536],[-4.718997630180152,40.66850543727065]],[[-4.718997630180152,40.66850543727065],[-4.715855184694258,40.66861072177637]],[[-4.715855184694258,40.66861072177637],[-4.717689580435069,40.667560141724536]],[[-4.717306798684198,40.66730111170009],[-4.717689580435069,40.667560141724536]],[[-4.717306798684198,40.66730111170009],[-4.7124637,40.6696018]],[[-4.7124574,40.6645664],[-4.717306798684198,40.66730111170009]],[[-4.7156011,41.6211652],[-4.716335,41.6204163]],[[-4.7163186,41.6210066],[-4.716335,41.6204163]],[[-4.716335,41.6204163],[-4.7162446,41.6203414]],[[-4.7158304,41.621191],[-4.7163186,41.6210066]],[[-4.7162446,41.6203414],[-4.7154702,41.6211197]],[[-4.7162446,41.6203414],[-4.7159354,41.6202252]],[[-4.7159354,41.6202252],[-4.7131814,41.6129992]],[[-4.7159354,41.6202252],[-4.7155162,41.6202572]],[[-4.715855184694258,40.66861072177637],[-4.7124637,40.6696018]],[[-4.7128569,40.6697004],[-4.715855184694258,40.66861072177637]],[[-4.7156011,41.6211652],[-4.7158304,41.621191]],[[-4.7045074,41.6324124],[-4.7086049,41.6299877],[-4.7156011,41.6211652]],[[-4.7154702,41.6211197],[-4.7156011,41.6211652]],[[-4.7155162,41.6202572],[-4.7154702,41.6211197]],[[-4.7130364,41.6130301],[-4.7155162,41.6202572]],[[-4.7154702,41.6211197],[-4.7085438,41.6298591],[-4.7044372,41.6323135]],[[-4.7137082,41.6417977],[-4.7127323,41.6421431]],[[-4.7129228,41.6423505],[-4.7137082,41.6417977]],[[-4.713017599062884,41.612644376709085],[-4.713481218639849,41.6125106830541]],[[-4.7131814,41.6129992],[-4.713481218639849,41.6125106830541]],[[-4.713481218639849,41.6125106830541],[-4.713417728459058,41.61241012409144]],[[-4.713417728459058,41.61241012409144],[-4.71294509658095,41.61254624039085]],[[-4.713417728459058,41.61241012409144],[-4.7126836,41.612274]],[[-4.7130364,41.6130301],[-4.7131814,41.6129992]],[[-4.7131814,41.6129992],[-4.713017599062884,41.612644376709085]],[[-4.7126887,41.6129797],[-4.7130364,41.6130301]],[[-4.712882759061216,41.61268696036345],[-4.7130364,41.6130301]],[[-4.712882759061216,41.61268696036345],[-4.713017599062884,41.612644376709085]],[[-4.713017599062884,41.612644376709085],[-4.71294509658095,41.61254624039085]],[[-4.71294509658095,41.61254624039085],[-4.712808846815115,41.612590179707]],[[-4.71294509658095,41.61254624039085],[-4.7126836,41.612274]],[[-4.7128141,41.6424539],[-4.7129228,41.6423505]],[[-4.7129228,41.6423505],[-4.7127323,41.6421431]],[[-4.712485863372623,41.61282308026942],[-4.712882759061216,41.61268696036345]],[[-4.712808846815115,41.612590179707],[-4.712882759061216,41.61268696036345]],[[-4.6856013042212465,40.67714896609605],[-4.6936051,40.6771634],[-4.7128569,40.6697004]],[[-4.7126908,41.6425038],[-4.7128141,41.6424539]],[[-4.7128141,41.6424539],[-4.712533,41.6421761]],[[-4.712808846815115,41.612590179707],[-4.71243347530331,41.612721390898194]],[[-4.7125731,41.6123382],[-4.712808846815115,41.612590179707]],[[-4.7127323,41.6421431],[-4.712533,41.6421761]],[[-4.7124911,41.6425231],[-4.7126908,41.6425038]],[[-4.7124347,41.6422246],[-4.7126908,41.6425038]],[[-4.712485863372623,41.61282308026942],[-4.7126887,41.6129797]],[[-4.7118628,41.6132254],[-4.7126887,41.6129797]],[[-4.7126836,41.612274],[-4.7125731,41.6123382]],[[-4.7126836,41.612274],[-4.6864078,41.5876669],[-4.6805189,41.5781827],[-4.6700015,41.5708054],[-4.6669384,41.565021],[-4.6677892,41.5552891],[-4.662897462004719,41.54876463417273]],[[-4.7125731,41.6123382],[-4.7124232,41.612554]],[[-4.662785629306546,41.54880119464635],[-4.6675682,41.5549888],[-4.6668197,41.5650797],[-4.6700691,41.5710836],[-4.6805317,41.5783483],[-4.6861455,41.5875508],[-4.7125731,41.6123382]],[[-4.712533,41.6421761],[-4.7124347,41.6422246]],[[-4.712533,41.6421761],[-4.7045609,41.6326545]],[[-4.7115905,41.6429212],[-4.7124911,41.6425231]],[[-4.7123058,41.6423773],[-4.7124911,41.6425231]],[[-4.711866562352189,41.613048301384815],[-4.712485863372623,41.61282308026942]],[[-4.71243347530331,41.612721390898194],[-4.712485863372623,41.61282308026942]],[[-4.7124637,40.6696018],[-4.69351,40.6770667],[-4.685702299053281,40.67704989547039]],[[-4.7124574,40.6645664],[-4.7123464,40.6643193]],[[-4.7121557,40.6643894],[-4.7124574,40.6645664]],[[-4.7124347,41.6422246],[-4.7123058,41.6423773]],[[-4.7042587,41.6328798],[-4.7124347,41.6422246]],[[-4.71243347530331,41.612721390898194],[-4.711794822977216,41.6129538867361]],[[-4.7124232,41.612554],[-4.71243347530331,41.612721390898194]],[[-4.7124232,41.612554],[-4.7116586,41.6128824]],[[-4.7121557,40.6643894],[-4.7123464,40.6643193]],[[-4.7123464,40.6643193],[-4.7121595,40.663952]],[[-4.7123259,40.6518426],[-4.7115097,40.6520122]],[[-4.7115544,40.6521678],[-4.7123259,40.6518426]],[[-4.7123058,41.6423773],[-4.7115905,41.6429212]],[[-4.7121595,40.663952],[-4.7119264,40.6640175]],[[-4.7121595,40.663952],[-4.711577,40.6608632]],[[-4.7119264,40.6640175],[-4.7121557,40.6643894]],[[-4.711397,40.6608482],[-4.7119264,40.6640175]],[[-4.711265188028616,41.6133013865424],[-4.711866562352189,41.613048301384815]],[[-4.7118628,41.6132254],[-4.711866562352189,41.613048301384815]],[[-4.711866562352189,41.613048301384815],[-4.711794822977216,41.6129538867361]],[[-4.711265188028616,41.6133013865424],[-4.7118628,41.6132254]],[[-4.7118279,40.6592986],[-4.7114092,40.6607074]],[[-4.7115509,40.6606903],[-4.7118279,40.6592986]],[[-4.7118279,40.6592986],[-4.7095494,40.6574661]],[[-4.711794822977216,41.6129538867361],[-4.711194248033668,41.613201265599294]],[[-4.711794822977216,41.6129538867361],[-4.7116586,41.6128824]],[[-4.7116586,41.6128824],[-4.711194248033668,41.613201265599294]],[[-4.7115905,41.6429212],[-4.7085075,41.6444772],[-4.7063292,41.6483155]],[[-4.711397,40.6608482],[-4.711577,40.6608632]],[[-4.711577,40.6608632],[-4.7115509,40.6606903]],[[-4.7113589,40.6522513],[-4.7115544,40.6521678]],[[-4.7115544,40.6521678],[-4.7115097,40.6520122]],[[-4.7115509,40.6606903],[-4.7114092,40.6607074]],[[-4.7115097,40.6520122],[-4.7113825,40.6519755]],[[-4.7114092,40.6607074],[-4.711397,40.6608482]],[[-4.7113825,40.6519755],[-4.7112162,40.6520625]],[[-4.7113825,40.6519755],[-4.7041358,40.6484593]],[[-4.7106385,40.6525545],[-4.7113589,40.6522513]],[[-4.7112044,40.6521311],[-4.7113589,40.6522513]],[[-4.694499881645604,41.62090034106338],[-4.711265188028616,41.6133013865424]],[[-4.711194248033668,41.613201265599294],[-4.711265188028616,41.6133013865424]],[[-4.7112162,40.6520625],[-4.7112044,40.6521311]],[[-4.7040476,40.648671],[-4.7112162,40.6520625]],[[-4.7112044,40.6521311],[-4.7106385,40.6525545]],[[-4.711194248033668,41.613201265599294],[-4.694397498643369,41.620820454091174]],[[-4.7111909,41.5355935],[-4.711078,41.5352358]],[[-4.711078,41.5352358],[-4.7111909,41.5355935]],[[-4.70407340863681,41.53652652429006],[-4.7111909,41.5355935]],[[-4.711078,41.5352358],[-4.704030717929685,41.536478790392934]],[[-4.7095757,40.6565744],[-4.7090264,40.6539748],[-4.7106385,40.6525545]],[[-4.7095757,40.6565744],[-4.709522,40.6568059]],[[-4.709522,40.6568059],[-4.7095757,40.6565744]],[[-4.709522,40.6568059],[-4.7095757,40.6565744]],[[-4.7095494,40.6574661],[-4.709414,40.6573116]],[[-4.7093492,40.6573643],[-4.7095494,40.6574661]],[[-4.7094159,40.6571014],[-4.709522,40.6568059]],[[-4.7094159,40.6571014],[-4.7092913,40.6572369]],[[-4.709404,40.6572643],[-4.7094159,40.6571014]],[[-4.7093492,40.6573643],[-4.709414,40.6573116]],[[-4.709414,40.6573116],[-4.709404,40.6572643]],[[-4.709404,40.6572643],[-4.7092913,40.6572369]],[[-4.7092691,40.6573478],[-4.7093492,40.6573643]],[[-4.7092913,40.6572369],[-4.7092468,40.6572713]],[[-4.7089833,40.6573616],[-4.7092691,40.6573478]],[[-4.7092468,40.6572713],[-4.7092691,40.6573478]],[[-4.7092468,40.6572713],[-4.7089833,40.6573616]],[[-4.7081325,40.6574892],[-4.7089833,40.6573616]],[[-4.7076211,40.6575462],[-4.7081325,40.6574892]],[[-4.7081325,40.6574892],[-4.707659,40.6574401]],[[-4.7080143,41.2901813],[-4.7044057,41.2897675]],[[-4.7044057,41.2897675],[-4.7080143,41.2901813]],[[-4.7076211,40.6575462],[-4.707659,40.6574401]],[[-4.707659,40.6574401],[-4.7074756,40.6575099]],[[-4.7076104,40.6575503],[-4.7076211,40.6575462]],[[-4.7074756,40.6575099],[-4.7076104,40.6575503]],[[-4.7074238,40.6577799],[-4.7076104,40.6575503]],[[-4.7074756,40.6575099],[-4.7074238,40.6577799]],[[-4.7043967,40.6597232],[-4.7074238,40.6577799]],[[-4.7063292,41.6483155],[-4.7042691,41.6516013]],[[-4.696388,41.646544],[-4.7063292,41.6483155]],[[-4.7053667,41.0494573],[-4.7033448,41.0493552]],[[-4.7033448,41.0493552],[-4.7053667,41.0494573]],[[-4.7043385,40.6460781],[-4.7046732,40.646095]],[[-4.7040835,40.6483848],[-4.7046732,40.646095]],[[-4.7046732,40.646095],[-4.70451,40.6457317]],[[-4.7042587,41.6328798],[-4.7045609,41.6326545]],[[-4.7045609,41.6326545],[-4.7045074,41.6324124]],[[-4.70451,40.6457317],[-4.7042672,40.6459917]],[[-4.70451,40.6457317],[-4.7007866,40.64463]],[[-4.7038647,41.632754],[-4.7045074,41.6324124]],[[-4.7045074,41.6324124],[-4.7044372,41.6323135]],[[-4.7044372,41.6323135],[-4.7037848,41.6326498]],[[-4.7044372,41.6323135],[-4.7041726,41.6321567]],[[-4.6814902,41.2873642],[-4.687595,41.2852664],[-4.6905181,41.2875057],[-4.7044057,41.2897675]],[[-4.7040281,40.6598283],[-4.7043967,40.6597232]],[[-4.7043967,40.6597232],[-4.7039778,40.6596696]],[[-4.7043385,40.6460781],[-4.7037333,40.6483471]],[[-4.7042672,40.6459917],[-4.7043385,40.6460781]],[[-4.7042691,41.6516013],[-4.7040536,41.6594235]],[[-4.704211,41.6594178],[-4.7042691,41.6516013]],[[-4.7006562,40.6448522],[-4.7042672,40.6459917]],[[-4.7038647,41.632754],[-4.7042587,41.6328798]],[[-4.7040394,41.6597328],[-4.7042171,41.659742]],[[-4.7041141,41.6599379],[-4.7042171,41.659742]],[[-4.7042171,41.659742],[-4.704211,41.6594178]],[[-4.704211,41.6594178],[-4.7040536,41.6594235]],[[-4.7041726,41.6321567],[-4.6959587,41.6220128]],[[-4.7041726,41.6321567],[-4.7037376,41.6323072]],[[-4.7040476,40.648671],[-4.7041358,40.6484593]],[[-4.7041358,40.6484593],[-4.7040835,40.6483848]],[[-4.7041141,41.6599379],[-4.7009944209226395,41.66437456055134]],[[-4.7040394,41.6597328],[-4.7041141,41.6599379]],[[-4.7040835,40.6483848],[-4.7037333,40.6483471]],[[-4.703796590914282,41.53657002183707],[-4.70407340863681,41.53652652429006]],[[-4.70407340863681,41.53652652429006],[-4.704030717929685,41.536478790392934]],[[-4.7040536,41.6594235],[-4.703924,41.6595316]],[[-4.7037333,40.6483471],[-4.7040476,40.648671]],[[-4.7039541,41.6596768],[-4.7040394,41.6597328]],[[-4.704030717929685,41.536478790392934],[-4.703754399210332,41.53652231660546]],[[-4.704030717929685,41.536478790392934],[-4.6977333,41.5296917],[-4.6954291,41.5232546]],[[-4.7037055,40.6598638],[-4.7040281,40.6598283]],[[-4.7040281,40.6598283],[-4.7039778,40.6596696]],[[-4.7039778,40.6596696],[-4.7036793,40.6597234]],[[-4.703924,41.6595316],[-4.7039541,41.6596768]],[[-4.7037269,41.6596264],[-4.7039541,41.6596768]],[[-4.703924,41.6595316],[-4.7037269,41.6596264]],[[-4.6955956,41.6462906],[-4.7024626,41.6414129],[-4.7020562,41.6350716],[-4.7038647,41.632754]],[[-4.7037848,41.6326498],[-4.7038647,41.632754]],[[-4.6996082,41.5373192],[-4.703796590914282,41.53657002183707]],[[-4.703754399210332,41.53652231660546],[-4.703796590914282,41.53657002183707]],[[-4.7037848,41.6326498],[-4.7018819,41.6352408],[-4.7023307,41.6413731],[-4.6954677,41.6462536]],[[-4.7037376,41.6323072],[-4.7037848,41.6326498]],[[-4.703754399210332,41.53652231660546],[-4.6994746,41.5370443]],[[-4.6954291,41.5232546],[-4.6973698,41.5295483],[-4.703754399210332,41.53652231660546]],[[-4.695615,41.6222016],[-4.7037376,41.6323072]],[[-4.6984576,41.6589592],[-4.7037269,41.6596264]],[[-4.7036793,40.6597234],[-4.7037055,40.6598638]],[[-4.7033209,40.6597734],[-4.7037055,40.6598638]],[[-4.7036793,40.6597234],[-4.7033209,40.6597734]],[[-4.7022045,41.0498578],[-4.7033448,41.0493552]],[[-4.7022091,40.6595673],[-4.7033209,40.6597734]],[[-4.7022091,40.6595673],[-4.7018703,40.6594197]],[[-4.7018595,40.659515],[-4.7022091,40.6595673]],[[-4.7022045,41.0498578],[-4.7016391,41.0498916]],[[-4.7017852,41.0502143],[-4.7022045,41.0498578]],[[-4.7018595,40.659515],[-4.7018703,40.6594197]],[[-4.7018703,40.6594197],[-4.701707,40.6594083]],[[-4.7016807,40.6594761],[-4.7018595,40.659515]],[[-4.7013758,41.0502755],[-4.7017852,41.0502143]],[[-4.7017852,41.0502143],[-4.7016391,41.0498916]],[[-4.701707,40.6594083],[-4.7016807,40.6594761]],[[-4.701707,40.6594083],[-4.7014154,40.6593844]],[[-4.7014154,40.6593844],[-4.7016807,40.6594761]],[[-4.7016391,41.0498916],[-4.7012573,41.0500574]],[[-4.7001725,40.659099],[-4.7014154,40.6593844]],[[-4.7012573,41.0500574],[-4.7013758,41.0502755]],[[-4.7009946,41.0503038],[-4.7013758,41.0502755]],[[-4.7012573,41.0500574],[-4.7009946,41.0503038]],[[-4.700275156868592,41.05039706998531],[-4.7009946,41.0503038]],[[-4.7009944209226395,41.66437456055134],[-4.700888928546876,41.664542384235205]],[[-4.7009944209226395,41.66437456055134],[-4.6942445,41.6594588]],[[-4.700888928546876,41.664542384235205],[-4.7002294,41.6656275]],[[-4.6941284,41.659507],[-4.700888928546876,41.664542384235205]],[[-4.7006562,40.6448522],[-4.7007866,40.64463]],[[-4.7007866,40.64463],[-4.7003899,40.6445106]],[[-4.7002737,40.6447076],[-4.7006562,40.6448522]],[[-4.7003899,40.6445106],[-4.6965536,40.6418173]],[[-4.7003899,40.6445106],[-4.7002737,40.6447076]],[[-4.700039512016029,41.05042458841192],[-4.700275156868592,41.05039706998531]],[[-4.700275156868592,41.05039706998531],[-4.6973032,41.0412129],[-4.620056611672667,40.9606891929646]],[[-4.6963585,40.6419323],[-4.7002737,40.6447076]],[[-4.6999725,40.6591009],[-4.7001725,40.659099]],[[-4.7001725,40.659099],[-4.6999912,40.6590303]],[[-4.6995828,41.050478],[-4.700039512016029,41.05042458841192]],[[-4.619876944184698,40.96079563326691],[-4.6971101,41.0412861],[-4.700039512016029,41.05042458841192]],[[-4.6999725,40.6591009],[-4.6999912,40.6590303]],[[-4.6999912,40.6590303],[-4.6998201,40.65899]],[[-4.699783,40.6590586],[-4.6999725,40.6591009]],[[-4.6998201,40.65899],[-4.699783,40.6590586]],[[-4.6998201,40.65899],[-4.6996485,40.6589793]],[[-4.6996485,40.6589793],[-4.699783,40.6590586]],[[-4.6930586,40.6579359],[-4.6996485,40.6589793]],[[-4.6991432,41.5374173],[-4.6996082,41.5373192]],[[-4.6996082,41.5373192],[-4.6994746,41.5370443]],[[-4.6990451,41.0507789],[-4.6995828,41.050478]],[[-4.6995828,41.050478],[-4.6990284,41.0503443]],[[-4.6994746,41.5370443],[-4.6990448,41.5371646]],[[-4.6990448,41.5371646],[-4.6991432,41.5374173]],[[-4.6958308,41.5382572],[-4.6991432,41.5374173]],[[-4.6982875,41.0507824],[-4.6990451,41.0507789]],[[-4.6990451,41.0507789],[-4.6990284,41.0503443]],[[-4.6990448,41.5371646],[-4.6958308,41.5382572]],[[-4.6990284,41.0503443],[-4.6982721,41.0503736]],[[-4.6982856,41.6590168],[-4.6984576,41.6589592]],[[-4.6984576,41.6589592],[-4.698297,41.6588992]],[[-4.6982856,41.6590168],[-4.698297,41.6588992]],[[-4.698297,41.6588992],[-4.6977783,41.6588883]],[[-4.6982721,41.0503736],[-4.6982875,41.0507824]],[[-4.6978048,41.0505121],[-4.6982875,41.0507824]],[[-4.6977736,41.6589864],[-4.6982856,41.6590168]],[[-4.6982721,41.0503736],[-4.6978048,41.0505121]],[[-4.6844937,41.0464123],[-4.6978048,41.0505121]],[[-4.6977783,41.6588883],[-4.6975875,41.6589305]],[[-4.6977783,41.6588883],[-4.6977736,41.6589864]],[[-4.6975875,41.6589305],[-4.6977736,41.6589864]],[[-4.6975875,41.6589305],[-4.6947325,41.6590645]],[[-4.6963585,40.6419323],[-4.6965536,40.6418173]],[[-4.6965536,40.6418173],[-4.6962438,40.6414892]],[[-4.6956748,41.6466249],[-4.696388,41.646544]],[[-4.696388,41.646544],[-4.695764,41.6463944]],[[-4.6960515,40.641576],[-4.6963585,40.6419323]],[[-4.6962438,40.6414892],[-4.6960515,40.641576]],[[-4.6962438,40.6414892],[-4.6946765,40.6395062]],[[-4.6944195,40.6396411],[-4.6960515,40.641576]],[[-4.695615,41.6222016],[-4.6959587,41.6220128]],[[-4.6959587,41.6220128],[-4.6955456,41.6215795]],[[-4.6637608,41.5475518],[-4.6958308,41.5382572]],[[-4.6956748,41.6466249],[-4.695764,41.6463944]],[[-4.695764,41.6463944],[-4.6955956,41.6462906]],[[-4.6953671,41.6466526],[-4.6956748,41.6466249]],[[-4.6951968,41.6217518],[-4.695615,41.6222016]],[[-4.6953671,41.6466526],[-4.6955956,41.6462906]],[[-4.6955956,41.6462906],[-4.6954677,41.6462536]],[[-4.6955456,41.6215795],[-4.6951968,41.6217518]],[[-4.6955456,41.6215795],[-4.694499881645604,41.62090034106338]],[[-4.6954677,41.6462536],[-4.6952301,41.6466219]],[[-4.6954677,41.6462536],[-4.6952301,41.6466219]],[[-4.6954291,41.5232546],[-4.6646937,41.4455152],[-4.6687175,41.4296745],[-4.6868632,41.410485]],[[-4.6938956,41.6589934],[-4.6922905,41.6532332],[-4.6953671,41.6466526]],[[-4.6952301,41.6466219],[-4.6953671,41.6466526]],[[-4.6952301,41.6466219],[-4.6921542,41.6532162],[-4.6937809,41.6590413]],[[-4.694363008901734,41.62096773374337],[-4.6951968,41.6217518]],[[-4.6947325,41.6590645],[-4.6942825,41.6590689]],[[-4.6943843,41.6592608],[-4.6947325,41.6590645]],[[-4.6944195,40.6396411],[-4.6946765,40.6395062]],[[-4.6946765,40.6395062],[-4.6944174,40.6392425]],[[-4.694363008901734,41.62096773374337],[-4.694499881645604,41.62090034106338]],[[-4.694499881645604,41.62090034106338],[-4.694397498643369,41.620820454091174]],[[-4.6941929,40.6393521],[-4.6944195,40.6396411]],[[-4.6944174,40.6392425],[-4.6941929,40.6393521]],[[-4.6944174,40.6392425],[-4.6930861,40.6370705]],[[-4.694397498643369,41.620820454091174],[-4.69425923262608,41.62088816475906]],[[-4.694397498643369,41.620820454091174],[-4.6934757,41.6200449]],[[-4.6942445,41.6594588],[-4.6943843,41.6592608]],[[-4.6943843,41.6592608],[-4.6942825,41.6590689]],[[-4.6779908,41.7267684],[-4.6730465,41.7187772],[-4.6739457,41.7089007],[-4.6708672,41.6982729],[-4.6739849,41.6868871],[-4.6688102,41.6676202],[-4.6687602,41.6610052],[-4.6721441,41.6484801],[-4.6760522,41.6409214],[-4.6857062,41.6262885],[-4.694363008901734,41.62096773374337]],[[-4.69425923262608,41.62088816475906],[-4.694363008901734,41.62096773374337]],[[-4.6942825,41.6590689],[-4.6938956,41.6589934]],[[-4.69425923262608,41.62088816475906],[-4.6854503,41.6263415],[-4.6757133,41.6409577],[-4.6718436,41.6485139],[-4.6684157,41.6611908],[-4.6685202,41.6676357],[-4.6737105,41.6869498],[-4.6705842,41.6982689],[-4.6736737,41.7089456],[-4.6727662,41.7187782],[-4.6778721,41.7267888]],[[-4.6931447,41.6202721],[-4.69425923262608,41.62088816475906]],[[-4.6941284,41.659507],[-4.6942445,41.6594588]],[[-4.6942445,41.6594588],[-4.6938956,41.6589934]],[[-4.6927594,40.637132],[-4.6941929,40.6393521]],[[-4.6937809,41.6590413],[-4.6941284,41.659507]],[[-4.6937809,41.6590413],[-4.6941284,41.659507]],[[-4.6938956,41.6589934],[-4.6937809,41.6590413]],[[-4.6931447,41.6202721],[-4.6934757,41.6200449]],[[-4.6934757,41.6200449],[-4.6929714,41.6196749]],[[-4.6926902,41.619885],[-4.6931447,41.6202721]],[[-4.6927594,40.637132],[-4.6930861,40.6370705]],[[-4.6930861,40.6370705],[-4.6929094,40.6367463]],[[-4.6930586,40.6579359],[-4.6924696,40.6578539]],[[-4.6924458,40.6579734],[-4.6930586,40.6579359]],[[-4.6929714,41.6196749],[-4.6926902,41.619885]],[[-4.6929714,41.6196749],[-4.6736256,41.6131304],[-4.665797,41.6072862],[-4.6612152,41.601166],[-4.6561121,41.5985896],[-4.6278913,41.5965282],[-4.6028285,41.5909818],[-4.5827578,41.5942398],[-4.5750251,41.5928764]],[[-4.6929094,40.6367463],[-4.6909133,40.6327746]],[[-4.6929094,40.6367463],[-4.6926563,40.6368278]],[[-4.6926563,40.6368278],[-4.6927594,40.637132]],[[-4.568375557085475,41.59304209909193],[-4.5825953,41.5943619],[-4.6033542,41.5911545],[-4.627624,41.5966679],[-4.6556213,41.5986679],[-4.6610537,41.6012953],[-4.6656563,41.6074372],[-4.6735102,41.613278],[-4.6926902,41.619885]],[[-4.6906943,40.6328455],[-4.6926563,40.6368278]],[[-4.6924458,40.6579734],[-4.6924696,40.6578539]],[[-4.6924696,40.6578539],[-4.6923211,40.6578261]],[[-4.692259,40.6578976],[-4.6924458,40.6579734]],[[-4.6923211,40.6578261],[-4.692259,40.6578976]],[[-4.6923211,40.6578261],[-4.6919176,40.6578018]],[[-4.6919176,40.6578018],[-4.692259,40.6578976]],[[-4.690046,40.657381],[-4.6919176,40.6578018]],[[-4.6906943,40.6328455],[-4.6909133,40.6327746]],[[-4.6909133,40.6327746],[-4.6907259,40.6324672]],[[-4.6907259,40.6324672],[-4.6905501,40.6325161]],[[-4.6907259,40.6324672],[-4.6904697,40.6320637]],[[-4.6905501,40.6325161],[-4.6906943,40.6328455]],[[-4.6904697,40.6320637],[-4.6905501,40.6325161]],[[-4.6904697,40.6320637],[-4.688055460982839,40.624357935839555]],[[-4.6901508,40.6722706],[-4.6904283,40.6722681]],[[-4.6883111,40.674524],[-4.6904283,40.6722681]],[[-4.6904283,40.6722681],[-4.690412,40.6719163]],[[-4.690412,40.6719163],[-4.6865426,40.6679273]],[[-4.690412,40.6719163],[-4.6900703,40.6719764]],[[-4.6901508,40.6722706],[-4.6882201,40.6744661]],[[-4.6900703,40.6719764],[-4.6901508,40.6722706]],[[-4.6863573,40.6680486],[-4.6900703,40.6719764]],[[-4.690046,40.657381],[-4.6896786,40.6571537]],[[-4.6895557,40.6572334],[-4.690046,40.657381]],[[-4.6895557,40.6572334],[-4.6896786,40.6571537]],[[-4.6896786,40.6571537],[-4.6893306,40.6570312]],[[-4.6893092,40.6571649],[-4.6895557,40.6572334]],[[-4.6893306,40.6570312],[-4.6893092,40.6571649]],[[-4.6893306,40.6570312],[-4.6884208,40.6569441]],[[-4.6883714,40.6570672],[-4.6893092,40.6571649]],[[-4.6883714,40.6570672],[-4.6884208,40.6569441]],[[-4.6884208,40.6569441],[-4.6883809,40.6569175]],[[-4.6883856,40.624258],[-4.688055460982839,40.624357935839555]],[[-4.6883856,40.624258],[-4.6883856,40.624258]],[[-4.6883809,40.6569175],[-4.6882457,40.6568075]],[[-4.6883809,40.6569175],[-4.6882626,40.6569271]],[[-4.6882595,40.6570524],[-4.6883714,40.6570672]],[[-4.688073,40.6747613],[-4.6883111,40.674524]],[[-4.6883111,40.674524],[-4.6882201,40.6744661]],[[-4.6882626,40.6569271],[-4.6882286,40.6569643]],[[-4.6882457,40.6568075],[-4.6882626,40.6569271]],[[-4.6846244,40.6581395],[-4.6882595,40.6570524]],[[-4.6882286,40.6569643],[-4.6882595,40.6570524]],[[-4.6882457,40.6568075],[-4.6877937,40.6564022]],[[-4.6882286,40.6569643],[-4.684408,40.6579911]],[[-4.6882201,40.6744661],[-4.6879638,40.6747203]],[[-4.6864992,40.6764644],[-4.688073,40.6747613]],[[-4.6879638,40.6747203],[-4.688073,40.6747613]],[[-4.688055460982839,40.624357935839555],[-4.6816608,40.6254645],[-4.6769769,40.6229992],[-4.6768276,40.6192195],[-4.6812662,40.6111713],[-4.6783784,40.603816]],[[-4.688055460982839,40.624357935839555],[-4.6836004,40.6103471],[-4.6761841,40.596508],[-4.6771662,40.5864608],[-4.6729659,40.5831988],[-4.6680279,40.5741955],[-4.6696845,40.5691004],[-4.665439,40.5624507],[-4.6662582,40.5584963],[-4.6605897,40.5547701],[-4.6627418,40.5362091],[-4.6549066,40.5300831],[-4.653585,40.5254972],[-4.6544703,40.5220149],[-4.6580398,40.5201387],[-4.6577418,40.5175392],[-4.6743548,40.5083948],[-4.6777374,40.499379]],[[-4.6879638,40.6747203],[-4.6861925,40.6763083]],[[-4.6877937,40.6564022],[-4.6849242,40.6540474]],[[-4.6848261,40.6540922],[-4.6877937,40.6564022]],[[-4.6868632,41.410485],[-4.6868183,41.4045041]],[[-4.6868183,41.4045041],[-4.6868632,41.410485]],[[-4.6868183,41.4045041],[-4.6833787,41.3674248],[-4.6852122,41.3546854],[-4.6894141,41.3467412],[-4.681145,41.2877865]],[[-4.6863573,40.6680486],[-4.6865426,40.6679273]],[[-4.6865426,40.6679273],[-4.6863183,40.6677629]],[[-4.6862179,40.6767548],[-4.6864992,40.6764644]],[[-4.6864992,40.6764644],[-4.6861925,40.6763083]],[[-4.6861736,40.6678609],[-4.6863573,40.6680486]],[[-4.6863183,40.6677629],[-4.6861736,40.6678609]],[[-4.6863183,40.6677629],[-4.6815393,40.663089]],[[-4.6858443,40.6769106],[-4.6862179,40.6767548]],[[-4.6859285,40.6765744],[-4.6862179,40.6767548]],[[-4.6861925,40.6763083],[-4.6859285,40.6765744]],[[-4.6813566,40.6631928],[-4.6861736,40.6678609]],[[-4.6859285,40.6765744],[-4.6858443,40.6769106]],[[-4.685702299053281,40.67704989547039],[-4.6858443,40.6769106]],[[-4.6856013042212465,40.67714896609605],[-4.685702299053281,40.67704989547039]],[[-4.685702299053281,40.67704989547039],[-4.6729188,40.6706045],[-4.651239566348439,40.67117973946779]],[[-4.6854559,40.6772916],[-4.6856013042212465,40.67714896609605]],[[-4.651282362693027,40.67128999799361],[-4.6728582,40.6707164],[-4.6856013042212465,40.67714896609605]],[[-4.6854559,40.6772916],[-4.6850246,40.677462]],[[-4.6853417,40.6776],[-4.6854559,40.6772916]],[[-4.6851177,40.677895],[-4.6853417,40.6776]],[[-4.6853417,40.6776],[-4.6850246,40.677462]],[[-4.6846388,40.6781343],[-4.6851177,40.677895]],[[-4.6848007,40.6777554],[-4.6851177,40.677895]],[[-4.6850246,40.677462],[-4.6848007,40.6777554]],[[-4.6848261,40.6540922],[-4.6849242,40.6540474]],[[-4.6849242,40.6540474],[-4.6847266,40.6539485]],[[-4.6847189,40.6540474],[-4.6848261,40.6540922]],[[-4.6848007,40.6777554],[-4.6846388,40.6781343]],[[-4.6847266,40.6539485],[-4.6847189,40.6540474]],[[-4.6847266,40.6539485],[-4.6756352,40.6504005]],[[-4.6755223,40.6505265],[-4.6847189,40.6540474]],[[-4.6304106,40.8351568],[-4.6371404,40.8043237],[-4.647733,40.7889297],[-4.6490504,40.7793757],[-4.6576403,40.7713047],[-4.6587159,40.7637968],[-4.6633152,40.754694],[-4.6629727,40.7484239],[-4.6712354,40.7427988],[-4.6747353,40.7376807],[-4.6758531,40.7301839],[-4.6730056,40.7199853],[-4.6743188,40.7160748],[-4.6708747,40.707805],[-4.6709023,40.7031974],[-4.6725791,40.6975018],[-4.6810431,40.6930273],[-4.6832526,40.6869985],[-4.6809271,40.6821845],[-4.6846388,40.6781343]],[[-4.684314,40.6583509],[-4.6846244,40.6581395]],[[-4.6846244,40.6581395],[-4.684408,40.6579911]],[[-4.6844937,41.0464123],[-4.6804172,41.0458565]],[[-4.6804172,41.0458565],[-4.6844937,41.0464123]],[[-4.684408,40.6579911],[-4.6841591,40.6581119]],[[-4.6841591,40.6581119],[-4.684314,40.6583509]],[[-4.6816828,40.658963],[-4.684314,40.6583509]],[[-4.6841591,40.6581119],[-4.6816353,40.6588521]],[[-4.6814615,40.6590291],[-4.6816828,40.658963]],[[-4.6816828,40.658963],[-4.6816353,40.6588521]],[[-4.6816353,40.6588521],[-4.6813964,40.6589238]],[[-4.6813566,40.6631928],[-4.6815393,40.663089]],[[-4.6815393,40.663089],[-4.6813705,40.6629094]],[[-4.6814902,41.2873642],[-4.6812421,41.2874861]],[[-4.6813162,41.2876312],[-4.6814902,41.2873642]],[[-4.6797541,40.6598419],[-4.6814615,40.6590291]],[[-4.6813964,40.6589238],[-4.6814615,40.6590291]],[[-4.6813964,40.6589238],[-4.6795771,40.659555]],[[-4.6813705,40.6629094],[-4.6811782,40.663015]],[[-4.6813705,40.6629094],[-4.6796847,40.6612085]],[[-4.6811782,40.663015],[-4.6813566,40.6631928]],[[-4.681145,41.2877865],[-4.6813162,41.2876312]],[[-4.6813162,41.2876312],[-4.6812421,41.2874861]],[[-4.6812421,41.2874861],[-4.6811586,41.287474]],[[-4.6795144,40.6612649],[-4.6811782,40.663015]],[[-4.6811586,41.287474],[-4.6808724,41.2875948]],[[-4.681145,41.2877865],[-4.6811586,41.287474]],[[-4.6811586,41.287474],[-4.6814529,41.2815317],[-4.6747582,41.2476355],[-4.6449743,41.1237277],[-4.6375403,41.1116951],[-4.639343,41.099162],[-4.6303686,41.0572743],[-4.624720231472582,41.050901911702965]],[[-4.68087,41.2877947],[-4.681145,41.2877865]],[[-4.6808724,41.2875948],[-4.6804648,41.287734]],[[-4.6808724,41.2875948],[-4.68087,41.2877947]],[[-4.6804648,41.287734],[-4.68087,41.2877947]],[[-4.6804648,41.287734],[-4.6745959,41.2887929],[-4.6257866,41.3192816],[-4.6175693,41.3259773],[-4.5690306,41.3464236]],[[-4.6275789,41.0485656],[-4.6299235,41.0473829],[-4.6804172,41.0458565]],[[-4.6795488,40.6600803],[-4.6797541,40.6598419]],[[-4.6797541,40.6598419],[-4.6795771,40.659555]],[[-4.6795144,40.6612649],[-4.6796847,40.6612085]],[[-4.6796847,40.6612085],[-4.6796073,40.6609913]],[[-4.6796073,40.6609913],[-4.6795488,40.6600803]],[[-4.6796073,40.6609913],[-4.6793734,40.6610485]],[[-4.6795771,40.659555],[-4.6789435,40.6598432]],[[-4.6791991,40.6600985],[-4.6795488,40.6600803]],[[-4.6793734,40.6610485],[-4.6795144,40.6612649]],[[-4.6791991,40.6600985],[-4.6793734,40.6610485]],[[-4.6790542,40.6600246],[-4.6791991,40.6600985]],[[-4.6738899,40.6619272],[-4.6790542,40.6600246]],[[-4.6789435,40.6598432],[-4.6790542,40.6600246]],[[-4.6789435,40.6598432],[-4.6737906,40.6617953]],[[-4.6783784,40.603816],[-4.6783784,40.603816]],[[-4.6777374,40.499379],[-4.6772204,40.4981367]],[[-4.6772204,40.4981367],[-4.6777374,40.499379]],[[-4.6772204,40.4981367],[-4.6754476,40.494041],[-4.6723293,40.4921876],[-4.6723788,40.4895954],[-4.6670335,40.4891337],[-4.6671622,40.4865565],[-4.654255,40.4808628]],[[-4.6755223,40.6505265],[-4.6756352,40.6504005]],[[-4.6756352,40.6504005],[-4.6753703,40.6502629]],[[-4.6752575,40.6504118],[-4.6755223,40.6505265]],[[-4.6753703,40.6502629],[-4.6752575,40.6504118]],[[-4.6753703,40.6502629],[-4.6728722,40.6490645]],[[-4.6727771,40.6491863],[-4.6752575,40.6504118]],[[-4.6736211,40.6620301],[-4.6738899,40.6619272]],[[-4.6738899,40.6619272],[-4.6737906,40.6617953]],[[-4.6737906,40.6617953],[-4.6735386,40.6619123]],[[-4.6688416,40.6638215],[-4.6736211,40.6620301]],[[-4.6735386,40.6619123],[-4.6736211,40.6620301]],[[-4.6735386,40.6619123],[-4.6687735,40.6636877]],[[-4.6727771,40.6491863],[-4.6728722,40.6490645]],[[-4.6728722,40.6490645],[-4.6725743,40.6489638]],[[-4.6725136,40.6490575],[-4.6727771,40.6491863]],[[-4.6725743,40.6489638],[-4.6725136,40.6490575]],[[-4.6725743,40.6489638],[-4.6690803,40.6470414]],[[-4.6690803,40.6470414],[-4.6725136,40.6490575]],[[-4.6615709,40.6413347],[-4.6690803,40.6470414]],[[-4.6685749,40.6639132],[-4.6688416,40.6638215]],[[-4.6688416,40.6638215],[-4.6687735,40.6636877]],[[-4.6687735,40.6636877],[-4.6684888,40.6637752]],[[-4.6638077,40.6657233],[-4.6685749,40.6639132]],[[-4.6684888,40.6637752],[-4.6685749,40.6639132]],[[-4.6684888,40.6637752],[-4.6637095,40.6655883]],[[-4.6652739,42.8278183],[-4.6677915,42.828669]],[[-4.6677915,42.828669],[-4.6652739,42.8278183]],[[-4.6652739,42.8278183],[-4.6664186,42.8188007],[-4.6626188,42.8151921]],[[-4.6635272,40.6658154],[-4.6638077,40.6657233]],[[-4.6638077,40.6657233],[-4.6637095,40.6655883]],[[-4.6637608,41.5475518],[-4.6630135,41.5473777]],[[-4.6633237,41.5479396],[-4.6637608,41.5475518]],[[-4.6637095,40.6655883],[-4.6634568,40.6657142]],[[-4.6585812,40.6677853],[-4.6635272,40.6658154]],[[-4.6634568,40.6657142],[-4.6635272,40.6658154]],[[-4.6634568,40.6657142],[-4.6584817,40.667665]],[[-4.662897462004719,41.54876463417273],[-4.6633237,41.5479396]],[[-4.6633237,41.5479396],[-4.6630135,41.5473777]],[[-4.6630135,41.5473777],[-4.661871100640444,41.54705941746255]],[[-4.662785629306546,41.54880119464635],[-4.662897462004719,41.54876463417273]],[[-4.662897462004719,41.54876463417273],[-4.661871100640444,41.54705941746255]],[[-4.6615863,41.5484483],[-4.662785629306546,41.54880119464635]],[[-4.661763088524894,41.54709368084135],[-4.662785629306546,41.54880119464635]],[[-4.6626188,42.8151921],[-4.6594611,42.8148938]],[[-4.6594611,42.8148938],[-4.6626188,42.8151921]],[[-4.661871100640444,41.54705941746255],[-4.661763088524894,41.54709368084135]],[[-4.661871100640444,41.54705941746255],[-4.635896,41.5169323],[-4.6285422,41.5058624],[-4.6158403,41.4928011],[-4.6143381,41.4876273],[-4.6170224,41.4786157],[-4.6168349,41.4723514],[-4.6136875,41.4669762],[-4.6081714,41.463347],[-4.5978972,41.4617653],[-4.5828961,41.4658895],[-4.5734232,41.4662134],[-4.5322067,41.4556707],[-4.5174387,41.4469145],[-4.4868866,41.4496864],[-4.481152,41.4469024],[-4.4712713,41.4343918],[-4.4602981,41.4303668],[-4.4366687,41.4325476],[-4.4176882,41.4415268],[-4.400501,41.442636],[-4.3394086,41.4119125],[-4.331622770139916,41.41074886393816]],[[-4.661763088524894,41.54709368084135],[-4.6613286,41.5480338]],[[-4.331575682660955,41.410874696100834],[-4.3401167,41.4123983],[-4.4007535,41.4428248],[-4.4178142,41.4416191],[-4.4371017,41.4325916],[-4.4607577,41.4305282],[-4.4711571,41.4344698],[-4.4809534,41.4469408],[-4.486615,41.4497445],[-4.5172132,41.4470222],[-4.5315839,41.4556263],[-4.5730212,41.4662875],[-4.5833373,41.4659383],[-4.5976403,41.4619063],[-4.6080983,41.4634518],[-4.6137718,41.4672623],[-4.6166737,41.4723452],[-4.6168874,41.4784635],[-4.6141867,41.4875667],[-4.6155781,41.4926669],[-4.6282883,41.505775],[-4.6356805,41.5168969],[-4.661763088524894,41.54709368084135]],[[-4.661648,42.0214592],[-4.660322365999339,42.02101597344367]],[[-4.6613286,41.5480338],[-4.6615863,41.5484483]],[[-4.6610153,41.5483583],[-4.6615863,41.5484483]],[[-4.6615709,40.6413347],[-4.6575307,40.6392484]],[[-4.6575307,40.6392484],[-4.6615709,40.6413347]],[[-4.6613286,41.5480338],[-4.6610153,41.5483583]],[[-4.6610153,41.5483583],[-4.6426949,41.553702]],[[-4.6012107,42.0281818],[-4.6476878,42.0206938],[-4.660322365999339,42.02101597344367]],[[-4.6594611,42.8148938],[-4.6429333,42.814621],[-4.6212991,42.8088578],[-4.5984192,42.8073795],[-4.5642035,42.8085776],[-4.55267,42.8104883]],[[-4.6582914,40.6678825],[-4.6585812,40.6677853]],[[-4.6585812,40.6677853],[-4.6584817,40.667665]],[[-4.6584817,40.667665],[-4.6582339,40.667774]],[[-4.6509873,40.6709833],[-4.6582914,40.6678825]],[[-4.6582339,40.667774],[-4.6582914,40.6678825]],[[-4.6582339,40.667774],[-4.6507142,40.6709476]],[[-4.6162128,40.6226884],[-4.6273847,40.6243763],[-4.6575307,40.6392484]],[[-4.654255,40.4808628],[-4.6506157,40.4788278]],[[-4.6506157,40.4788278],[-4.654255,40.4808628]],[[-4.650278294548866,40.671476161694535],[-4.651282362693027,40.67128999799361]],[[-4.650278294548866,40.671476161694535],[-4.651282362693027,40.67128999799361]],[[-4.651282362693027,40.67128999799361],[-4.651239566348439,40.67117973946779]],[[-4.651239566348439,40.67117973946779],[-4.6502483650075535,40.67136197635764]],[[-4.651239566348439,40.67117973946779],[-4.6509873,40.6709833]],[[-4.6509873,40.6709833],[-4.6507142,40.6709476]],[[-4.6507142,40.6709476],[-4.6502483650075535,40.67136197635764]],[[-4.5976435,40.4531783],[-4.615191,40.4578617],[-4.616458,40.4622601],[-4.6245453,40.4652475],[-4.62636,40.4692061],[-4.6298444,40.4693893],[-4.6312929,40.4721078],[-4.6360086,40.4726671],[-4.6454428,40.4781231],[-4.6506157,40.4788278]],[[-4.5810741481896,40.69683719956333],[-4.5869811,40.6911203],[-4.5979249,40.6852931],[-4.6102421,40.6756847],[-4.619132,40.6746463],[-4.6346461,40.6784326],[-4.650278294548866,40.671476161694535]],[[-4.6502483650075535,40.67136197635764],[-4.650278294548866,40.671476161694535]],[[-4.6502483650075535,40.67136197635764],[-4.6345039,40.6782679],[-4.6191567,40.674481],[-4.6095679,40.6757493],[-4.5977925,40.6851455],[-4.5868153,40.6910135],[-4.580603319800548,40.696960866439156]],[[-4.6469263,42.3751668],[-4.6471735,42.3755308]],[[-4.6471735,42.3755308],[-4.6469263,42.3751668]],[[-4.6469263,42.3751668],[-4.6471735,42.3755308]],[[-4.6237485,42.3508341],[-4.6469263,42.3751668]],[[-4.6426949,41.553702],[-4.6420698,41.5538829]],[[-4.6420698,41.5538829],[-4.6426949,41.553702]],[[-4.6426949,41.553702],[-4.6420698,41.5538829]],[[-4.6420698,41.5538829],[-4.595346,41.5675255]],[[-4.6367672,42.1142192],[-4.6356968,42.1139132]],[[-4.6355472,42.1141172],[-4.6367672,42.1142192]],[[-4.6361687,40.8806791],[-4.632787332671386,40.881351575059064]],[[-4.632800606220407,40.881411155193874],[-4.6361687,40.8806791]],[[-4.6355472,42.1141172],[-4.6356968,42.1139132]],[[-4.6356968,42.1139132],[-4.6352038,42.1136399]],[[-4.6349731,42.1138262],[-4.6355472,42.1141172]],[[-4.6352038,42.1136399],[-4.6343453,42.1134515]],[[-4.6352038,42.1136399],[-4.6349731,42.1138262]],[[-4.6343453,42.1134515],[-4.6349731,42.1138262]],[[-4.5651141,42.0396256],[-4.579209,42.0531024],[-4.5861633,42.0665557],[-4.6099519,42.0909891],[-4.6310974,42.1069136],[-4.6343453,42.1134515]],[[-4.620056611672667,40.9606891929646],[-4.6360715,40.9521251],[-4.641247,40.9224649],[-4.6363822,40.8901326],[-4.6339417,40.8846048]],[[-4.6339417,40.8846048],[-4.632800606220407,40.881411155193874]],[[-4.632723199538012,40.88142294164338],[-4.6339417,40.8846048]],[[-4.632723199538012,40.88142294164338],[-4.632800606220407,40.881411155193874]],[[-4.632800606220407,40.881411155193874],[-4.632787332671386,40.881351575059064]],[[-4.632787332671386,40.881351575059064],[-4.632708813339342,40.88136400198913]],[[-4.632787332671386,40.881351575059064],[-4.6322424,40.8756836]],[[-4.6287258,40.8820184],[-4.632723199538012,40.88142294164338]],[[-4.632708813339342,40.88136400198913],[-4.632723199538012,40.88142294164338]],[[-4.632708813339342,40.88136400198913],[-4.6287258,40.8820184]],[[-4.6322424,40.8756836],[-4.632708813339342,40.88136400198913]],[[-4.6313835,40.6806843],[-4.6323505,40.6805242]],[[-4.6323505,40.6805242],[-4.632226,40.6802742]],[[-4.632226,40.6802742],[-4.6323505,40.6805242]],[[-4.6322424,40.8756836],[-4.630469,40.8390605]],[[-4.632226,40.6802742],[-4.6313835,40.6806843]],[[-4.6253235,40.6827684],[-4.6313835,40.6806843]],[[-4.630469,40.8390605],[-4.6304106,40.8351568]],[[-4.6304106,40.8351568],[-4.630469,40.8390605]],[[-4.6287258,40.8820184],[-4.6122963,40.8873766],[-4.6063546,40.892332],[-4.5853289,40.8956819]],[[-4.6275789,41.0485656],[-4.6271854,41.048751]],[[-4.6273649,41.0489064],[-4.6275789,41.0485656]],[[-4.6271395,41.0490777],[-4.6273649,41.0489064]],[[-4.6273649,41.0489064],[-4.6271854,41.048751]],[[-4.6271854,41.048751],[-4.6269358,41.0489556]],[[-4.62683,41.0491804],[-4.6271395,41.0490777]],[[-4.6269358,41.0489556],[-4.6271395,41.0490777]],[[-4.6269358,41.0489556],[-4.62683,41.0491804]],[[-4.624720231472582,41.050901911702965],[-4.62683,41.0491804]],[[-4.6253235,40.6827684],[-4.6204472,40.6843126]],[[-4.6204472,40.6843126],[-4.6253235,40.6827684]],[[-4.624720231472582,41.050901911702965],[-4.6027391,41.0684484],[-4.5436713,41.0839895],[-4.5274566,41.0779576],[-4.5181304,41.0778704],[-4.4958195,41.0712806],[-4.4777062,41.0721956],[-4.4473848,41.0707707],[-4.4295903,41.0736169],[-4.4178545,41.0723066]],[[-4.624720231472582,41.050901911702965],[-4.6225252,41.0471217],[-4.6223111,41.0382667],[-4.6011229,41.0026558],[-4.5992258,40.9934228],[-4.5953693,40.9865805],[-4.5940318,40.9763411]],[[-4.624550076400611,42.349730842591754],[-4.6245544987247005,42.34953643313845]],[[-4.6245544987247005,42.34953643313845],[-4.6235148,42.3489119]],[[-4.6245544987247005,42.34953643313845],[-4.622642347451203,42.34952192162316]],[[-4.6239555,42.3502905],[-4.624550076400611,42.349730842591754]],[[-4.622637256497623,42.349709176069744],[-4.624550076400611,42.349730842591754]],[[-4.6233389,42.3503148],[-4.6239555,42.3502905]],[[-4.6237485,42.3508341],[-4.6239555,42.3502905]],[[-4.6233389,42.3503148],[-4.6237485,42.3508341]],[[-4.6235148,42.3489119],[-4.6230858,42.3490177]],[[-4.6235148,42.3489119],[-4.622915,42.3486479]],[[-4.622637256497623,42.349709176069744],[-4.6233389,42.3503148]],[[-4.6230858,42.3490177],[-4.622642347451203,42.34952192162316]],[[-4.622915,42.3486479],[-4.6230858,42.3490177]],[[-4.622915,42.3486479],[-4.616638754643214,42.34424457870449]],[[-4.622642347451203,42.34952192162316],[-4.622637256497623,42.349709176069744]],[[-4.622642347451203,42.34952192162316],[-4.5755481,42.3549683],[-4.5474201,42.3668016],[-4.5209725,42.3740841],[-4.4990069,42.3826236],[-4.470359,42.391308],[-4.4425253,42.3930023],[-4.38855394221985,42.404060080325266]],[[-4.388556796635304,42.404261358798266],[-4.442594,42.3931988],[-4.4704034,42.3914746],[-4.4990726,42.3828116],[-4.521105,42.3742605],[-4.5475507,42.367011],[-4.5746619,42.3554027],[-4.622637256497623,42.349709176069744]],[[-4.5810741481896,40.69683719956333],[-4.5889046,40.6946752],[-4.6022638,40.6880458],[-4.6204472,40.6843126]],[[-4.619876944184698,40.96079563326691],[-4.620056611672667,40.9606891929646]],[[-4.620056611672667,40.9606891929646],[-4.605624672732269,40.949466573847154]],[[-4.5949348,40.9755376],[-4.619876944184698,40.96079563326691]],[[-4.605812685047481,40.94969407183119],[-4.619876944184698,40.96079563326691]],[[-4.599729,42.3437932],[-4.6058395,42.3451322],[-4.616638754643214,42.34424457870449]],[[-4.616638754643214,42.34424457870449],[-4.6151886,42.3427642]],[[-4.6162128,40.6226884],[-4.6133258,40.6222004]],[[-4.6133258,40.6222004],[-4.6162128,40.6226884]],[[-4.6151886,42.3427642],[-4.6137011,42.3408894]],[[-4.6133516,42.3409755],[-4.6151886,42.3427642]],[[-4.6133516,42.3409755],[-4.6137011,42.3408894]],[[-4.6137011,42.3408894],[-4.6135312,42.3405022]],[[-4.6135312,42.3405022],[-4.6127296,42.3379738]],[[-4.6135312,42.3405022],[-4.6131826,42.340585]],[[-4.6131826,42.340585],[-4.6133516,42.3409755]],[[-4.3693333,40.5926161],[-4.3768374,40.5912579],[-4.3837911,40.5927804],[-4.4085787,40.5850814],[-4.4389748,40.5926063],[-4.4451116,40.5966897],[-4.4759498,40.5884516],[-4.4830521,40.5924684],[-4.4906248,40.5921133],[-4.4979094,40.5958689],[-4.4994023,40.6089352],[-4.4953288,40.6128636],[-4.4997735,40.6137013],[-4.5032926,40.619312],[-4.5140875,40.6211216],[-4.517641,40.6159195],[-4.5236279,40.6110745],[-4.5463635,40.6068183],[-4.5528056,40.6100494],[-4.5664021,40.6095935],[-4.5817594,40.6121393],[-4.5850395,40.6143695],[-4.5901816,40.6150721],[-4.5942145,40.6195155],[-4.6011303,40.6183943],[-4.6133258,40.6222004]],[[-4.6127296,42.3379738],[-4.6131826,42.340585]],[[-4.6071107,42.3299701],[-4.6127296,42.3379738]],[[-4.605812685047481,40.94969407183119],[-4.6094604,40.9518902]],[[-4.6074489,40.9497979],[-4.6027389,40.9461719]],[[-4.6071107,42.3299701],[-4.6055223,42.3274784]],[[-4.6052301,42.3276324],[-4.6071107,42.3299701]],[[-4.605624672732269,40.949466573847154],[-4.605812685047481,40.94969407183119]],[[-4.593534832680652,40.94876736696243],[-4.605812685047481,40.94969407183119]],[[-4.6027389,40.9461719],[-4.605624672732269,40.949466573847154]],[[-4.605624672732269,40.949466573847154],[-4.5935429152421525,40.94859622499194]],[[-4.6052301,42.3276324],[-4.6055223,42.3274784]],[[-4.6055223,42.3274784],[-4.6053163,42.3272085]],[[-4.6053163,42.3272085],[-4.6043299,42.3246363]],[[-4.6053163,42.3272085],[-4.6049747,42.3273323]],[[-4.6049747,42.3273323],[-4.6052301,42.3276324]],[[-4.6043299,42.3246363],[-4.6049747,42.3273323]],[[-4.560099407759443,42.040499822063026],[-4.5592448,42.0704922],[-4.5507256,42.104906],[-4.5545433,42.1162563],[-4.5592388,42.1468558],[-4.5744001,42.1819335],[-4.5784303,42.1885152],[-4.5844687,42.1933915],[-4.586033,42.2002465],[-4.6091063,42.232786],[-4.5979997,42.2517064],[-4.6043299,42.3246363]],[[-4.5962905,40.9409691],[-4.6027389,40.9461719]],[[-4.599729,42.3437932],[-4.5926376,42.3450631]],[[-4.5926376,42.3450631],[-4.599729,42.3437932]],[[-4.5993171,42.0282222],[-4.587934917716113,42.030089377057664]],[[-4.588102131426503,42.03021605411099],[-4.5985769,42.028366]],[[-4.5976435,40.4531783],[-4.5936054,40.4524811]],[[-4.5936054,40.4524811],[-4.5976435,40.4531783]],[[-4.5962905,40.9409691],[-4.59457609051314,40.939039807655334]],[[-4.594508919489165,40.93923262567481],[-4.5962905,40.9409691]],[[-4.595346,41.5675255],[-4.5927589,41.5686385]],[[-4.5927589,41.5686385],[-4.595346,41.5675255]],[[-4.5950648,40.2945208],[-4.5948731,40.2943583]],[[-4.5947355,40.2944625],[-4.5950648,40.2945208]],[[-4.5949348,40.9755376],[-4.594251,40.9757589]],[[-4.5943438,40.9759161],[-4.5949348,40.9755376]],[[-4.5947355,40.2944625],[-4.5948731,40.2943583]],[[-4.5948731,40.2943583],[-4.5945369,40.2942024]],[[-4.5944772,40.2943357],[-4.5947355,40.2944625]],[[-4.594508919489165,40.93923262567481],[-4.59457609051314,40.939039807655334]],[[-4.59457609051314,40.939039807655334],[-4.5941741,40.9354828]],[[-4.59457609051314,40.939039807655334],[-4.5941498,40.9359605]],[[-4.5945369,40.2942024],[-4.5944772,40.2943357]],[[-4.5945369,40.2942024],[-4.5942723,40.2941719]],[[-4.5938358,40.9423141],[-4.594508919489165,40.93923262567481]],[[-4.5940584,40.9373304],[-4.594508919489165,40.93923262567481]],[[-4.5942723,40.2941719],[-4.5944772,40.2943357]],[[-4.5939725,40.9759092],[-4.5943438,40.9759161]],[[-4.5940318,40.9763411],[-4.5943438,40.9759161]],[[-4.5942723,40.2941719],[-4.5790234,40.2933601],[-4.5684096,40.3001113],[-4.5565633,40.3021469],[-4.544665,40.301968],[-4.5187168,40.3096412]],[[-4.594251,40.9757589],[-4.5939725,40.9759092]],[[-4.594251,40.9757589],[-4.5939421,40.9756385]],[[-4.5941498,40.9359605],[-4.5941741,40.9354828]],[[-4.5941741,40.9354828],[-4.5939675,40.9315924],[-4.580832055959328,40.89630260358619]],[[-4.5941498,40.9359605],[-4.5940584,40.9373304]],[[-4.5940584,40.9373304],[-4.5938358,40.9423141]],[[-4.5940318,40.9763411],[-4.5939725,40.9759092]],[[-4.5939725,40.9759092],[-4.5939421,40.9756385]],[[-4.5939421,40.9756385],[-4.5927371,40.9659105],[-4.593534832680652,40.94876736696243]],[[-4.5935429152421525,40.94859622499194],[-4.5938358,40.9423141]],[[-4.5899427,40.4521357],[-4.5936054,40.4524811]],[[-4.593534832680652,40.94876736696243],[-4.5935429152421525,40.94859622499194]],[[-4.5935429152421525,40.94859622499194],[-4.5860751,40.9437886],[-4.5858663,40.935688],[-4.5818491,40.9274985],[-4.5797817,40.9131345],[-4.574837760973801,40.903063876869226]],[[-4.574683028677967,40.90315952072916],[-4.5800233,40.914645],[-4.5816378,40.9275064],[-4.5856609,40.9357275],[-4.585875,40.943855],[-4.593534832680652,40.94876736696243]],[[-4.5927589,41.5686385],[-4.5802369,41.5765359],[-4.5768135,41.5804473]],[[-4.3885160276052195,42.402038281939504],[-4.4032197,42.3985471],[-4.4121615,42.3983454],[-4.4551114,42.3885684],[-4.4692176,42.3869877],[-4.5150058,42.3745086],[-4.5537205,42.3631715],[-4.5926376,42.3450631]],[[-4.5899427,40.4521357],[-4.5861299,40.4516392]],[[-4.5861299,40.4516392],[-4.5899427,40.4521357]],[[-4.58863,42.0304343],[-4.5885122,42.0305878]],[[-4.5885122,42.0305878],[-4.58863,42.0304343]],[[-4.58863,42.0304343],[-4.5882862,42.0303555]],[[-4.5882862,42.0303555],[-4.5885122,42.0305878]],[[-4.588102131426503,42.03021605411099],[-4.5882862,42.0303555]],[[-4.565355072551593,42.038716113482224],[-4.588102131426503,42.03021605411099]],[[-4.587934917716113,42.030089377057664],[-4.588102131426503,42.03021605411099]],[[-4.587934917716113,42.030089377057664],[-4.56527092177724,42.03854947378767]],[[-4.587415,42.0296955],[-4.587934917716113,42.030089377057664]],[[-4.587415,42.0296955],[-4.5872371,42.0293846]],[[-4.5870115,42.0295478],[-4.587415,42.0296955]],[[-4.5870115,42.0295478],[-4.5872371,42.0293846]],[[-4.5872371,42.0293846],[-4.5870115,42.0295478]],[[-4.5418179,42.0086825],[-4.5794273,42.0288221],[-4.5865103,42.0290854]],[[-4.58425,40.4513933],[-4.5861299,40.4516392]],[[-4.5853289,40.8956819],[-4.5849941,40.8957348]],[[-4.5849941,40.8957348],[-4.5853289,40.8956819]],[[-4.5853289,40.8956819],[-4.5849941,40.8957348]],[[-4.5849941,40.8957348],[-4.580832055959328,40.89630260358619]],[[-4.58425,40.4513933],[-4.5805794,40.4499038]],[[-4.5805794,40.4499038],[-4.58425,40.4513933]],[[-4.580603319800548,40.696960866439156],[-4.5810741481896,40.69683719956333]],[[-4.547999111160969,40.71557659373561],[-4.5572372,40.7125126],[-4.5667933,40.70334],[-4.5810741481896,40.69683719956333]],[[-4.580832055959328,40.89630260358619],[-4.5788766,40.8981838]],[[-4.580832055959328,40.89630260358619],[-4.5784131,40.8860866],[-4.5664263,40.8655076],[-4.545159661205303,40.852051948835744]],[[-4.548368581888098,40.715345011143526],[-4.5579977,40.7092005],[-4.5606206,40.7046576],[-4.580603319800548,40.696960866439156]],[[-4.580603319800548,40.696960866439156],[-4.5666368,40.7032102],[-4.5571083,40.7123667],[-4.548368581888098,40.715345011143526]],[[-4.5805794,40.4499038],[-4.5625421,40.4427814],[-4.5592561,40.4393478],[-4.5610277,40.4370923],[-4.5566799,40.4371463],[-4.5524033,40.4359446],[-4.5525124,40.4348055]],[[-4.5788766,40.8981838],[-4.5787551,40.8984126]],[[-4.5787551,40.8984126],[-4.5788766,40.8981838]],[[-4.5788766,40.8981838],[-4.5787551,40.8984126]],[[-4.5787551,40.8984126],[-4.574837760973801,40.903063876869226]],[[-4.5768135,41.5804473],[-4.576417,41.5808991]],[[-4.5766026,41.580941],[-4.5768135,41.5804473]],[[-4.576432,41.5811946],[-4.5766026,41.580941]],[[-4.5766026,41.580941],[-4.576417,41.5808991]],[[-4.5762621,41.5810712],[-4.576432,41.5811946]],[[-4.5760836,41.5811809],[-4.576432,41.5811946]],[[-4.576417,41.5808991],[-4.5762621,41.5810712]],[[-4.5762621,41.5810712],[-4.5760836,41.5811809]],[[-4.5760836,41.5811809],[-4.5567182,41.5852956],[-4.555062970712783,41.58694780542125]],[[-4.5750251,41.5928764],[-4.5653275,41.5898615]],[[-4.5750251,41.5928764],[-4.5683202010199135,41.59291073789288]],[[-4.574837760973801,40.903063876869226],[-4.574683028677967,40.90315952072916]],[[-4.574837760973801,40.903063876869226],[-4.573847,40.885908],[-4.5679984,40.8776367],[-4.5656367,40.867345],[-4.5615617,40.8628984],[-4.5479966,40.8553832],[-4.545159661205303,40.852051948835744]],[[-4.5724402,40.9039589],[-4.574683028677967,40.90315952072916]],[[-4.544841217629791,40.85186791639119],[-4.5484167,40.8558867],[-4.5614617,40.86303],[-4.5654517,40.8674167],[-4.5678133,40.877698],[-4.5743617,40.88907],[-4.574683028677967,40.90315952072916]],[[-4.5690306,41.3464236],[-4.5678242,41.3466832]],[[-4.5678243,41.3469757],[-4.5690306,41.3464236]],[[-4.56716292073731,41.593405003418866],[-4.568375557085475,41.59304209909193]],[[-4.56716292073731,41.593405003418866],[-4.568375557085475,41.59304209909193]],[[-4.568375557085475,41.59304209909193],[-4.5683202010199135,41.59291073789288]],[[-4.5683202010199135,41.59291073789288],[-4.5670827803210585,41.59328848900122]],[[-4.5683202010199135,41.59291073789288],[-4.5677148,41.5926183]],[[-4.5673996,41.3469456],[-4.5678243,41.3469757]],[[-4.5678243,41.3469757],[-4.5678242,41.3466832]],[[-4.5678242,41.3466832],[-4.5674337,41.3466825]],[[-4.5677148,41.5926183],[-4.5672817,41.5927359]],[[-4.5677148,41.5926183],[-4.5653275,41.5898615]],[[-4.5674337,41.3466825],[-4.5668898,41.3468935]],[[-4.5674337,41.3466825],[-4.5673996,41.3469456]],[[-4.5668898,41.3468935],[-4.5673996,41.3469456]],[[-4.5672817,41.5927359],[-4.5670827803210585,41.59328848900122]],[[-4.554951152525752,41.58713531553326],[-4.5657149,41.5902143],[-4.5672817,41.5927359]],[[-4.2696603,41.6420194],[-4.2865936,41.6465102],[-4.2915136,41.6502155],[-4.2995855,41.6607499],[-4.3064928,41.6650822],[-4.3221812,41.6695497],[-4.3351513,41.6694903],[-4.3448478,41.6666277],[-4.3580216,41.6587349],[-4.3676882,41.6551921],[-4.3797376,41.6536079],[-4.3973364,41.6545453],[-4.4092591,41.652674],[-4.4294034,41.6414311],[-4.4379847,41.638897],[-4.4480992,41.638317],[-4.4719077,41.6412892],[-4.489466,41.6383327],[-4.5124141,41.6255427],[-4.5353735,41.617432],[-4.5538772,41.6002785],[-4.56716292073731,41.593405003418866]],[[-4.5670827803210585,41.59328848900122],[-4.56716292073731,41.593405003418866]],[[-4.5670827803210585,41.59328848900122],[-4.5533824,41.6004646],[-4.5352478,41.6173305],[-4.5123616,41.6254275],[-4.4886458,41.638431],[-4.470143,41.6411604],[-4.448086,41.6381416],[-4.4381586,41.6387132],[-4.4277742,41.6420012],[-4.4090712,41.6524642],[-4.3977751,41.6543581],[-4.379686,41.6533993],[-4.3683485,41.6548457],[-4.3366288,41.6690485],[-4.3228104,41.6694647],[-4.3065742,41.6649338],[-4.299303,41.6602774],[-4.2879116,41.6471698],[-4.2808255,41.6440399],[-4.2697126,41.6418865]],[[-4.5668898,41.3468935],[-4.5572994,41.345542],[-4.5303138,41.3512647],[-4.5071355,41.36221],[-4.4781446,41.3835826],[-4.4720542,41.3953177],[-4.4325525,41.4010435]],[[-4.564238022639082,42.039139653816314],[-4.565355072551593,42.038716113482224]],[[-4.5651538,42.0391681],[-4.565355072551593,42.038716113482224]],[[-4.565355072551593,42.038716113482224],[-4.56527092177724,42.03854947378767]],[[-4.5653275,41.5898615],[-4.555062970712783,41.58694780542125]],[[-4.56527092177724,42.03854947378767],[-4.564111467424913,42.03899457868245]],[[-4.56527092177724,42.03854947378767],[-4.5643577,42.0383958]],[[-4.5646845,42.0392935],[-4.5651538,42.0391681]],[[-4.5651141,42.0396256],[-4.5651538,42.0391681]],[[-4.5646845,42.0392935],[-4.5651141,42.0396256]],[[-4.564238022639082,42.039139653816314],[-4.5646845,42.0392935]],[[-4.5643577,42.0383958],[-4.5640831,42.0386681]],[[-4.5643577,42.0383958],[-4.5636287,42.0383132]],[[-4.560099407759443,42.040499822063026],[-4.564238022639082,42.039139653816314]],[[-4.564111467424913,42.03899457868245],[-4.564238022639082,42.039139653816314]],[[-4.564111467424913,42.03899457868245],[-4.5600653804839615,42.04032568247674]],[[-4.5640831,42.0386681],[-4.564111467424913,42.03899457868245]],[[-4.5636287,42.0383132],[-4.5640831,42.0386681]],[[-4.5636287,42.0383132],[-4.5601061,42.0360245]],[[-4.559641,42.0361465],[-4.5601061,42.0360245]],[[-4.5601061,42.0360245],[-4.5595801,42.0359354]],[[-4.52017078920376,42.03498506973955],[-4.5291757,42.0387131],[-4.5527348,42.0411605],[-4.560099407759443,42.040499822063026]],[[-4.5600653804839615,42.04032568247674],[-4.560099407759443,42.040499822063026]],[[-4.5600653804839615,42.04032568247674],[-4.5528905,42.0409947],[-4.5289369,42.0385167],[-4.520324830959635,42.03486344266313]],[[-4.5593171,42.0368436],[-4.5600653804839615,42.04032568247674]],[[-4.5594415,42.0363681],[-4.559641,42.0361465]],[[-4.559641,42.0361465],[-4.5595801,42.0359354]],[[-4.5595801,42.0359354],[-4.5591932,42.035793]],[[-4.5589591,42.0363385],[-4.5594415,42.0363681]],[[-4.5593171,42.0368436],[-4.5594415,42.0363681]],[[-4.5589591,42.0363385],[-4.5593171,42.0368436]],[[-4.5591932,42.035793],[-4.5588786,42.0359327]],[[-4.5591932,42.035793],[-4.558595,42.0354514]],[[-4.5588786,42.0359327],[-4.5589591,42.0363385]],[[-4.558595,42.0354514],[-4.5588786,42.0359327]],[[-4.5552418,42.0316214],[-4.558595,42.0354514]],[[-4.5552418,42.0316214],[-4.5549906,42.03114]],[[-4.5547343,42.0312732],[-4.5552418,42.0316214]],[[-4.555062970712783,41.58694780542125],[-4.554951152525752,41.58713531553326]],[[-4.555062970712783,41.58694780542125],[-4.5357039,41.5901269]],[[-4.5547343,42.0312732],[-4.5549906,42.03114]],[[-4.5549906,42.03114],[-4.5546588,42.030803]],[[-4.554951152525752,41.58713531553326],[-4.5546189,41.5876433]],[[-4.5357039,41.5901269],[-4.554951152525752,41.58713531553326]],[[-4.5544214,42.0309267],[-4.5547343,42.0312732]],[[-4.5546588,42.030803],[-4.5544214,42.0309267]],[[-4.5546588,42.030803],[-4.5543501,42.0306776]],[[-4.5546189,41.5876433],[-4.5543459,41.5878257]],[[-4.5545545,41.5879068],[-4.5546189,41.5876433]],[[-4.5543459,41.5878257],[-4.5545545,41.5879068]],[[-4.5545545,41.5879068],[-4.5543459,41.5878257]],[[-4.5543501,42.0306776],[-4.5544214,42.0309267]],[[-4.542027,42.0189285],[-4.5543501,42.0306776]],[[-4.5535571,40.4327946],[-4.5525124,40.4348055]],[[-4.5525124,40.4348055],[-4.5535571,40.4327946]],[[-4.5535571,40.4327946],[-4.553535,40.428875],[-4.5440797,40.4294537],[-4.5377967244583175,40.42809587590055]],[[-4.55267,42.8104883],[-4.5497408,42.8112744]],[[-4.5497408,42.8112744],[-4.55267,42.8104883]],[[-4.5497408,42.8112744],[-4.539685,42.8175034],[-4.5215118,42.8211701],[-4.5096838,42.8312511],[-4.5002488,42.8326195]],[[-4.548368581888098,40.715345011143526],[-4.534961608559733,40.71901516017774]],[[-4.547999111160969,40.71557659373561],[-4.548368581888098,40.715345011143526]],[[-4.535381153492621,40.71902459589239],[-4.547999111160969,40.71557659373561]],[[-4.5356081,40.7190297],[-4.5423124,40.7186694],[-4.547999111160969,40.71557659373561]],[[-4.545159661205303,40.852051948835744],[-4.5362451,40.8405501],[-4.5193005,40.8272721],[-4.4779406,40.8068861],[-4.4636617,40.7922956],[-4.440428,40.7898098],[-4.4369357,40.7870014],[-4.4315308,40.7780475],[-4.424405262384504,40.774924010178815]],[[-4.544841217629791,40.85186791639119],[-4.545159661205303,40.852051948835744]],[[-4.424317028467941,40.77506703320728],[-4.4318791,40.7786067],[-4.4397397,40.7896424],[-4.4635805,40.792439],[-4.4685705,40.7961434],[-4.4771942,40.806599],[-4.5191947,40.8273892],[-4.5361083,40.8406567],[-4.544841217629791,40.85186791639119]],[[-4.420709654606657,40.78336705269818],[-4.4657391,40.7988457],[-4.4828125,40.8109411],[-4.4962636,40.8167219],[-4.5217283,40.8421287],[-4.531516,40.8442674],[-4.544841217629791,40.85186791639119]],[[-4.542027,42.0189285],[-4.5413204,42.0182936]],[[-4.5413204,42.0182936],[-4.542027,42.0189285]],[[-4.5418179,42.0086825],[-4.5411919,42.008307]],[[-4.5411102,42.0083943],[-4.5418179,42.0086825]],[[-4.5398096,42.0165683],[-4.5413204,42.0182936]],[[-4.5411102,42.0083943],[-4.5411919,42.008307]],[[-4.5411919,42.008307],[-4.5409294,42.0082569]],[[-4.5409423,42.0083605],[-4.5411102,42.0083943]],[[-4.5388266,42.0084425],[-4.5409423,42.0083605]],[[-4.5409294,42.0082569],[-4.5409423,42.0083605]],[[-4.5409294,42.0082569],[-4.5388266,42.0084425]],[[-4.5377967244583175,40.42809587590055],[-4.5370603,40.4307067],[-4.5400147,40.4290467]],[[-4.5367658,42.008728],[-4.5388266,42.0084425]],[[-4.496566,40.4111985],[-4.5042247,40.4183295],[-4.5169689,40.4202605],[-4.5230134,40.4184175],[-4.5230182,40.4208153],[-4.524985,40.421569],[-4.5288747,40.420389],[-4.5293976,40.4180304],[-4.5327042,40.4187235],[-4.5323503,40.4215085],[-4.5344744,40.423043],[-4.5336378,40.4258689],[-4.5377967244583175,40.42809587590055]],[[-4.4535153,40.3841991],[-4.4609043,40.3860439],[-4.4635547,40.3894493],[-4.470029,40.3901516],[-4.4780836,40.3970637],[-4.4797122,40.4003399],[-4.4869594,40.4045505],[-4.4886729,40.4166696],[-4.4943396,40.4208132],[-4.4980751,40.4291457],[-4.5135671,40.430861],[-4.5239972,40.4303848],[-4.5332572,40.427177],[-4.5377967244583175,40.42809587590055]],[[-4.5357039,41.5901269],[-4.5063131,41.5976262],[-4.4370523,41.6075571]],[[-4.535355359521708,40.71903643828916],[-4.5356081,40.7190297]],[[-4.5356081,40.7190297],[-4.535381153492621,40.71902459589239]],[[-4.535355359521708,40.71903643828916],[-4.535381153492621,40.71902459589239]],[[-4.535381153492621,40.71902459589239],[-4.534961608559733,40.71901516017774]],[[-4.534888205760669,40.71904889302987],[-4.535355359521708,40.71903643828916]],[[-4.432262,40.7687783],[-4.453695,40.753246],[-4.4809205,40.7489433],[-4.4968977,40.7368706],[-4.535355359521708,40.71903643828916]],[[-4.534961608559733,40.71901516017774],[-4.534888205760669,40.71904889302987]],[[-4.534961608559733,40.71901516017774],[-4.5322469,40.7194058]],[[-4.5322469,40.7194058],[-4.534888205760669,40.71904889302987]],[[-4.534888205760669,40.71904889302987],[-4.4973392,40.7364139],[-4.4808305,40.7487915],[-4.4535815,40.7531053],[-4.4322224,40.7685784]],[[-4.5339893,42.0141853],[-4.5300242,42.0191112]],[[-4.4692557,40.742341],[-4.4987614,40.7350689],[-4.5322469,40.7194058]],[[-4.5300242,42.0191112],[-4.5297737,42.0192342]],[[-4.5300117,42.0193336],[-4.5300242,42.0191112]],[[-4.5297981,42.0196683],[-4.5300117,42.0193336]],[[-4.5300117,42.0193336],[-4.5297737,42.0192342]],[[-4.5293536,42.0200016],[-4.5297981,42.0196683]],[[-4.5295222,42.0195734],[-4.5297981,42.0196683]],[[-4.5297737,42.0192342],[-4.5295222,42.0195734]],[[-4.5295222,42.0195734],[-4.5293536,42.0200016]],[[-4.5293536,42.0200016],[-4.5207591,42.0328815]],[[-4.5235831,41.9983413],[-4.5228383,41.9980728]],[[-4.5235831,41.9983413],[-4.52026,41.993364]],[[-4.5201521,41.9934066],[-4.5235831,41.9983413]],[[-4.5235831,41.9983413],[-4.5228383,41.9980728]],[[-4.5228383,41.9980728],[-4.5209603,41.9969924]],[[-4.5209603,41.9969924],[-4.5166919,41.9945667]],[[-4.5166184,41.9946225],[-4.5209603,41.9969924]],[[-4.52017078920376,42.03498506973955],[-4.520324830959635,42.03486344266313]],[[-4.520324830959635,42.03486344266313],[-4.5194559849147415,42.03406572128047]],[[-4.520324830959635,42.03486344266313],[-4.5194559849147415,42.03406572128047]],[[-4.5201521,41.9934066],[-4.52026,41.993364]],[[-4.52026,41.993364],[-4.5200806,41.9931029]],[[-4.519258049054735,42.03415925993952],[-4.52017078920376,42.03498506973955]],[[-4.519258049054735,42.03415925993952],[-4.52017078920376,42.03498506973955]],[[-4.5199726,41.9931416],[-4.5201521,41.9934066]],[[-4.5200806,41.9931029],[-4.5199726,41.9931416]],[[-4.5200806,41.9931029],[-4.5172918,41.9886969]],[[-4.5169718,41.9889304],[-4.5199726,41.9931416]],[[-4.5194559849147415,42.03406572128047],[-4.519258049054735,42.03415925993952]],[[-4.5194559849147415,42.03406572128047],[-4.5141442,42.0239936],[-4.5025195,42.0121832],[-4.501165,42.0063333],[-4.5022537,41.9999964]],[[-4.500481464329047,42.005797197834106],[-4.5036769,42.0146046],[-4.5136969,42.0237935],[-4.519258049054735,42.03415925993952]],[[-4.5191331,42.0352914],[-4.514790688936601,42.04284926582481]],[[-4.5187168,40.3096412],[-4.51794,40.3098342]],[[-4.5180196,40.3099452],[-4.5187168,40.3096412]],[[-4.5177526,40.3100408],[-4.5180196,40.3099452]],[[-4.5180196,40.3099452],[-4.51794,40.3098342]],[[-4.51794,40.3098342],[-4.5178416,40.3098164]],[[-4.5178416,40.3098164],[-4.5177046,40.3098894]],[[-4.5178416,40.3098164],[-4.5175288,40.3098064]],[[-4.5166478,40.3103472],[-4.5177526,40.3100408]],[[-4.5176896,40.3099397],[-4.5177526,40.3100408]],[[-4.5177046,40.3098894],[-4.5176896,40.3099397]],[[-4.5175288,40.3098064],[-4.5177046,40.3098894]],[[-4.5176896,40.3099397],[-4.5166478,40.3103472]],[[-4.5175288,40.3098064],[-4.5057375,40.3089648],[-4.4968332,40.3109285]],[[-4.5169718,41.9889304],[-4.5172918,41.9886969]],[[-4.5172918,41.9886969],[-4.5169718,41.9889304]],[[-4.5166184,41.9946225],[-4.5166919,41.9945667]],[[-4.5166919,41.9945667],[-4.5164696,41.99445]],[[-4.5166478,40.3103472],[-4.5005777,40.3134871],[-4.4917996,40.3191282]],[[-4.5164306,41.9945046],[-4.5166184,41.9946225]],[[-4.5164696,41.99445],[-4.5164306,41.9945046]],[[-4.5164696,41.99445],[-4.5163656,41.9944347]],[[-4.5163656,41.9944347],[-4.5164306,41.9945046]],[[-4.5163656,41.9944347],[-4.5114756,41.9916073]],[[-4.5153485,42.0432651],[-4.5156337,42.0432322]],[[-4.5155046,42.0434682],[-4.5156337,42.0432322]],[[-4.5156337,42.0432322],[-4.5152435,42.0429098]],[[-4.515617,41.9865452],[-4.5094131,41.9768256],[-4.5052604,41.9518205]],[[-4.5045683,41.9515904],[-4.5093568,41.9770514],[-4.5155189,41.9865965]],[[-4.5115808,42.0483709],[-4.5155046,42.0434682]],[[-4.5153485,42.0432651],[-4.5155046,42.0434682]],[[-4.5151571,42.0430646],[-4.5153485,42.0432651]],[[-4.5152435,42.0429098],[-4.5150019,42.0429243]],[[-4.5152435,42.0429098],[-4.5151571,42.0430646]],[[-4.5150019,42.0429243],[-4.5151571,42.0430646]],[[-4.5150019,42.0429243],[-4.514790688936601,42.04284926582481]],[[-4.514790688936601,42.04284926582481],[-4.5105775,42.0484356],[-4.4964493,42.0581312]],[[-4.514790688936601,42.04284926582481],[-4.5145853,42.0427763]],[[-4.5145853,42.0427763],[-4.5144154,42.042634]],[[-4.514329,42.0427888],[-4.5145853,42.0427763]],[[-4.514329,42.0427888],[-4.5144154,42.042634]],[[-4.5144154,42.042634],[-4.514329,42.0427888]],[[-4.5120283,42.0490874],[-4.5101483,42.0645096],[-4.5014182,42.0823495]],[[-4.5120283,42.0490874],[-4.5119539,42.0487912]],[[-4.5117834,42.0489852],[-4.5120283,42.0490874]],[[-4.5117834,42.0489852],[-4.5119539,42.0487912]],[[-4.5119539,42.0487912],[-4.5117258,42.0485879]],[[-4.5114669,42.0486415],[-4.5117834,42.0489852]],[[-4.5117258,42.0485879],[-4.5115808,42.0483709]],[[-4.5117258,42.0485879],[-4.5114669,42.0486415]],[[-4.5115808,42.0483709],[-4.5114669,42.0486415]],[[-4.5114756,41.9916073],[-4.5112586,41.991281]],[[-4.5110291,41.9913909],[-4.5114756,41.9916073]],[[-4.5110291,41.9913909],[-4.5112586,41.991281]],[[-4.5112586,41.991281],[-4.5109592,41.9910014]],[[-4.5107553,41.9911808],[-4.5110291,41.9913909]],[[-4.5109592,41.9910014],[-4.5107553,41.9911808]],[[-4.5109592,41.9910014],[-4.50177172311126,41.98264913272554]],[[-4.501802965346215,41.98283049959621],[-4.5107553,41.9911808]],[[-4.5100062,41.9154961],[-4.506514214277902,41.92187357753857]],[[-4.5100062,41.9154961],[-4.506514214277902,41.92187357753857]],[[-4.506514214277902,41.92187357753857],[-4.5007798,41.9257892],[-4.498382396073766,41.93009266206088]],[[-4.506514214277902,41.92187357753857],[-4.506356551092194,41.92226904231654]],[[-4.498610721852692,41.930107546572835],[-4.5009124,41.9259441],[-4.506356551092194,41.92226904231654]],[[-4.506356551092194,41.92226904231654],[-4.5028128,41.9298096],[-4.5044927,41.9487221],[-4.5025983,41.9578243],[-4.5045792,41.9665905],[-4.5004815,41.9739008],[-4.5015116250769225,41.9824716642568]],[[-4.50177172311126,41.98264913272554],[-4.5007067,41.9739146],[-4.5048071,41.9665926],[-4.5027963,41.9576287],[-4.5046838,41.9483123],[-4.5031554,41.9310873],[-4.5049668,41.9258961]],[[-4.5027804,42.1009712],[-4.5013442,42.1035775]],[[-4.5013442,42.1035775],[-4.5027804,42.1009712]],[[-4.5003878,42.0857585],[-4.5041495,42.097133],[-4.5027804,42.1009712]],[[-4.500481464329047,42.005797197834106],[-4.5022537,41.9999964]],[[-4.5022537,41.9999964],[-4.501802965346215,41.98283049959621]],[[-4.501802965346215,41.98283049959621],[-4.50177172311126,41.98264913272554]],[[-4.501541444841746,41.982651265475255],[-4.501802965346215,41.98283049959621]],[[-4.50177172311126,41.98264913272554],[-4.5015116250769225,41.9824716642568]],[[-4.501541444841746,41.982651265475255],[-4.5028211,41.9941472],[-4.5015393,42.001577]],[[-4.5015116250769225,41.9824716642568],[-4.501541444841746,41.982651265475255]],[[-4.4375671,41.9807955],[-4.4783933,41.9718667],[-4.4838214,41.973143],[-4.501541444841746,41.982651265475255]],[[-4.5015393,42.001577],[-4.4922022,42.0247154],[-4.4898636,42.0360913],[-4.489591,42.0426841],[-4.4925647,42.05841],[-4.4923029,42.069808],[-4.4880589,42.0861544],[-4.4812293,42.1010314],[-4.4799264,42.1217108],[-4.4700975,42.1385462],[-4.4680868,42.1544153],[-4.465881,42.1604336],[-4.4508797,42.1777252],[-4.449376872027774,42.189585015902544]],[[-4.5015393,42.001577],[-4.500481464329047,42.005797197834106]],[[-4.5015116250769225,41.9824716642568],[-4.4840092,41.9730928],[-4.4777186,41.9717407],[-4.435206358593452,41.981067995527496]],[[-4.5014182,42.0823495],[-4.5003878,42.0857585]],[[-4.5003878,42.0857585],[-4.5014182,42.0823495]],[[-4.5013442,42.1035775],[-4.4964161,42.111919],[-4.4879143,42.1179012]],[[-4.449612883027773,42.189591429550696],[-4.4512588,42.1774338],[-4.4665593,42.1595992],[-4.4700567,42.1393272],[-4.4801879,42.1216054],[-4.4814643,42.1010496],[-4.4882746,42.0862432],[-4.4925319,42.0698532],[-4.4928246,42.0587524],[-4.4898627,42.0429599],[-4.4901007,42.0360773],[-4.4969496,42.0114846],[-4.500481464329047,42.005797197834106]],[[-4.5002488,42.8326195],[-4.4978366,42.834]],[[-4.4978366,42.834],[-4.5002488,42.8326195]],[[-4.4990018,41.930133],[-4.498610721852692,41.930107546572835]],[[-4.435206358593452,41.981067995527496],[-4.4535401,41.971247],[-4.4567925,41.9660791],[-4.4587036,41.9571506],[-4.4624342,41.9526554],[-4.4940045,41.9373498],[-4.4975534,41.9338016],[-4.498610721852692,41.930107546572835]],[[-4.498610721852692,41.930107546572835],[-4.498382396073766,41.93009266206088]],[[-4.4980888,42.8653893],[-4.4984565,42.8653628]],[[-4.4751993,43.0661125],[-4.4794808,43.0685473],[-4.4817259,43.0651898],[-4.4776027,43.0631479],[-4.4763308,43.0607774],[-4.4663474,43.058551],[-4.4631631,43.0559928],[-4.4523589,43.0546715],[-4.4572742,43.0514191],[-4.451167,43.0461897],[-4.4581465,43.0413074],[-4.4561707,43.0349207],[-4.4610026,43.033111],[-4.4574448,43.0308486],[-4.4635658,43.0316474],[-4.4690569,43.0259938],[-4.4788141,43.0226221],[-4.4811828,43.0174655],[-4.4911239,43.0117301],[-4.4964096,43.0125349],[-4.4915125,43.0049282],[-4.49048,42.9996737],[-4.4922086,42.9945832],[-4.48835,42.9906656],[-4.4890516,42.9883083],[-4.4962416,42.9822977],[-4.4941394,42.9769626],[-4.4940611,42.9703149],[-4.4872412,42.9626306],[-4.4909749,42.9481045],[-4.490795,42.9438355],[-4.4873706,42.9372314],[-4.4913292,42.9333234],[-4.4873344,42.9307738],[-4.4897167,42.9255894],[-4.4864987,42.9212248],[-4.4899678,42.9160585],[-4.4846946,42.9082199],[-4.4921356,42.9081305],[-4.4944936,42.9046593],[-4.4936791,42.9016795],[-4.4877241,42.8968579],[-4.4883159,42.8944837],[-4.4859571,42.8938774],[-4.4858298,42.8918813],[-4.489866,42.8849429],[-4.4968396,42.8783468],[-4.4957896,42.8751831],[-4.4913654,42.8757017],[-4.4993373,42.869397],[-4.4984565,42.8653628]],[[-4.496873,42.838598],[-4.5024286,42.8489664],[-4.4995309,42.8534125],[-4.500339,42.8590984],[-4.4984565,42.8653628]],[[-4.4984565,42.8653628],[-4.4980888,42.8653893]],[[-4.498382396073766,41.93009266206088],[-4.4969338,41.9344005],[-4.4935934,41.9373926],[-4.4620135,41.9527407],[-4.4582972,41.9575003],[-4.4564453,41.966382],[-4.4531133,41.9713978],[-4.4373232,41.9793036],[-4.4283754,41.9866125],[-4.4076474,41.9898613],[-4.3708257,42.0032945],[-4.341178,42.0179658],[-4.3252111,42.0278319],[-4.3037696,42.0298717],[-4.2627341,42.0419549],[-4.249171,42.0520416],[-4.2373487,42.0569538],[-4.231309,42.0628909],[-4.2138794,42.0739166],[-4.2098764,42.0809193],[-4.2097288540502795,42.08916829368948]],[[-4.4851609,41.9297777],[-4.498382396073766,41.93009266206088]],[[-4.4980888,42.8653893],[-4.4835195,42.8574933],[-4.4742562,42.8571849],[-4.4686841,42.8619961],[-4.4583186,42.859104],[-4.4328901,42.8558528],[-4.416799,42.8576111],[-4.4009979,42.8509881],[-4.3899187,42.8511206],[-4.3779045,42.8538597],[-4.3730799,42.8525153]],[[-4.4978366,42.834],[-4.4962032,42.8374696]],[[-4.496873,42.838598],[-4.4962032,42.8374696]],[[-4.4962032,42.8374696],[-4.496873,42.838598]],[[-4.4963443,40.4111231],[-4.496566,40.4111985]],[[-4.496566,40.4111985],[-4.4964811,40.4110295]],[[-4.4964811,40.4110295],[-4.4963443,40.4111231]],[[-4.4964811,40.4110295],[-4.4962209,40.4109619]],[[-4.4962209,40.4109619],[-4.4963443,40.4111231]],[[-4.4912249,40.4080295],[-4.4962209,40.4109619]],[[-4.4912249,40.4080295],[-4.4910959,40.407854]],[[-4.4910072,40.4079691],[-4.4912249,40.4080295]],[[-4.4910072,40.4079691],[-4.4910959,40.407854]],[[-4.4910959,40.407854],[-4.4910072,40.4079691]],[[-4.4884035,40.3205974],[-4.4797698,40.3244785],[-4.4688328,40.3329393]],[[-4.4876598,42.118729],[-4.4880229,42.1185461]],[[-4.4879656,42.118963],[-4.4880229,42.1185461]],[[-4.4880229,42.1185461],[-4.4878893,42.1181787]],[[-4.4879656,42.118963],[-4.4845921,42.1303471]],[[-4.4876598,42.118729],[-4.4879656,42.118963]],[[-4.4879143,42.1179012],[-4.4875613,42.1181333]],[[-4.4878893,42.1181787],[-4.4879143,42.1179012]],[[-4.4878893,42.1181787],[-4.4875613,42.1181333]],[[-4.4875613,42.1181333],[-4.4876598,42.118729]],[[-4.4851609,41.9297777],[-4.4840304,41.9302019]],[[-4.4842358,41.9304574],[-4.4851609,41.9297777]],[[-4.4845921,42.1303471],[-4.4831378,42.1331601]],[[-4.4831378,42.1331601],[-4.4845921,42.1303471]],[[-4.4837285,41.9307743],[-4.4842358,41.9304574]],[[-4.4842358,41.9304574],[-4.4840304,41.9302019]],[[-4.4840304,41.9302019],[-4.483401,41.9304408]],[[-4.4827926,41.9311051],[-4.4837285,41.9307743]],[[-4.483401,41.9304408],[-4.4837285,41.9307743]],[[-4.483401,41.9304408],[-4.4827926,41.9311051]],[[-4.4831378,42.1331601],[-4.4767298,42.1455821],[-4.469614,42.1658574],[-4.4511239,42.1895468]],[[-4.4827926,41.9311051],[-4.4748941,41.9362097],[-4.451791,41.9583309]],[[-4.469001,40.7424276],[-4.4692557,40.742341]],[[-4.469001,40.7424276],[-4.4692557,40.742341]],[[-4.4692557,40.742341],[-4.469001,40.7424276]],[[-4.427924094624333,40.77007643922074],[-4.4338757,40.7648478],[-4.4367894,40.7598183],[-4.4454524,40.7573658],[-4.469001,40.7424276]],[[-4.4688328,40.3329393],[-4.4653196,40.33515]],[[-4.4653196,40.33515],[-4.4688328,40.3329393]],[[-4.4653196,40.33515],[-4.4593132,40.3407452],[-4.4448145,40.3457014]],[[-4.4535153,40.3841991],[-4.4528972,40.3817727]],[[-4.4528972,40.3817727],[-4.4535153,40.3841991]],[[-4.4459865,40.3751585],[-4.4528972,40.3817727]],[[-4.451791,41.9583309],[-4.4497362,41.9605737]],[[-4.4497362,41.9605737],[-4.451791,41.9583309]],[[-4.4502519,42.1897134],[-4.4502474,42.1895529]],[[-4.4502474,42.1895529],[-4.4502519,42.1897134]],[[-4.4499393,42.1896003],[-4.4502519,42.1897134]],[[-4.4502474,42.1895529],[-4.4499393,42.1896003]],[[-4.4499393,42.1896003],[-4.449612883027773,42.189591429550696]],[[-4.4497362,41.9605737],[-4.4414301,41.9714816],[-4.4321525,41.9796102]],[[-4.402484292862678,42.28064806929669],[-4.4153508,42.2677601],[-4.4188478,42.2484931],[-4.4309402,42.2282567],[-4.446667,42.2120809],[-4.4485035,42.206206],[-4.449612883027773,42.189591429550696]],[[-4.449612883027773,42.189591429550696],[-4.449376872027774,42.189585015902544]],[[-4.449376872027774,42.189585015902544],[-4.4482715,42.2061864],[-4.4464469,42.212034],[-4.4306857,42.2282425],[-4.4186667,42.2483183],[-4.4151501,42.2676783],[-4.402354324543373,42.28044793125282]],[[-4.449376872027774,42.189585015902544],[-4.4491003,42.1895775]],[[-4.4487448,42.1896459],[-4.4491003,42.1895775]],[[-4.4491003,42.1895775],[-4.4487449,42.1894682]],[[-4.4487448,42.1896459],[-4.4487449,42.1894682]],[[-4.4487449,42.1894682],[-4.4481973,42.1894775]],[[-4.4481999,42.1896412],[-4.4487448,42.1896459]],[[-4.4481973,42.1894775],[-4.4481999,42.1896412]],[[-4.4478472,42.1896732],[-4.4481999,42.1896412]],[[-4.4481973,42.1894775],[-4.4478472,42.1896732]],[[-4.4478472,42.1896732],[-4.445294,42.2071178],[-4.4360032,42.2168416],[-4.4253207,42.2375094],[-4.4160278,42.2511414],[-4.4108716,42.2555514],[-4.4112498,42.2610647]],[[-4.4459865,40.3751585],[-4.4411661,40.3726737]],[[-4.4411661,40.3726737],[-4.4459865,40.3751585]],[[-4.4448145,40.3457014],[-4.4437428,40.3456876]],[[-4.4437107,40.3459546],[-4.4448145,40.3457014]],[[-4.4437107,40.3459546],[-4.4437428,40.3456876]],[[-4.4437428,40.3456876],[-4.4430566,40.3459825]],[[-4.4432837,40.3460924],[-4.4437107,40.3459546]],[[-4.440805,40.3500907],[-4.4432837,40.3460924]],[[-4.4430566,40.3459825],[-4.4432837,40.3460924]],[[-4.4430566,40.3459825],[-4.440805,40.3500907]],[[-4.4160699,40.3640831],[-4.4411661,40.3726737]],[[-4.440805,40.3500907],[-4.4307339,40.3551026]],[[-4.4370523,41.6075571],[-4.4316368,41.6075554]],[[-4.4316368,41.6075554],[-4.4370523,41.6075571]],[[-4.435206358593452,41.981067995527496],[-4.434949,41.9811081]],[[-4.209887431996318,42.08924657397181],[-4.210038,42.0808491],[-4.2136178,42.0743892],[-4.2314655,42.063015],[-4.2376366,42.0569889],[-4.2494861,42.0520777],[-4.2630598,42.0420448],[-4.3040906,42.0299624],[-4.3255016,42.0279134],[-4.3652349,42.0057526],[-4.407937,41.9899635],[-4.4271874,41.987313],[-4.435206358593452,41.981067995527496]],[[-4.4325525,41.4010435],[-4.4320498,41.4009732]],[[-4.4320521,41.4011843],[-4.4325525,41.4010435]],[[-4.4288915,40.7699747],[-4.432262,40.7687783]],[[-4.4288915,40.7699747],[-4.432262,40.7687783]],[[-4.4288915,40.7699747],[-4.432262,40.7687783]],[[-4.4288915,40.7699747],[-4.432262,40.7687783]],[[-4.4288915,40.7699747],[-4.432262,40.7687783]],[[-4.4288915,40.7699747],[-4.432262,40.7687783]],[[-4.4288915,40.7699747],[-4.432262,40.7687783]],[[-4.4288915,40.7699747],[-4.432262,40.7687783]],[[-4.4288915,40.7699747],[-4.432262,40.7687783]],[[-4.4322224,40.7685784],[-4.4287692,40.7697792]],[[-4.4322224,40.7685784],[-4.4287692,40.7697792]],[[-4.4322224,40.7685784],[-4.4287692,40.7697792]],[[-4.4322224,40.7685784],[-4.4287692,40.7697792]],[[-4.4322224,40.7685784],[-4.4287692,40.7697792]],[[-4.4321525,41.9796102],[-4.4313653,41.981516]],[[-4.4316015,41.9815364],[-4.4321525,41.9796102]],[[-4.4318356,41.4012187],[-4.4320521,41.4011843]],[[-4.4320521,41.4011843],[-4.4320498,41.4009732]],[[-4.4320498,41.4009732],[-4.43171,41.4010779]],[[-4.4314553,41.4012932],[-4.4318356,41.4012187]],[[-4.43171,41.4010779],[-4.4318356,41.4012187]],[[-4.43171,41.4010779],[-4.4314553,41.4012932]],[[-4.4316368,41.6075554],[-4.4223437,41.6070021],[-4.381002,41.6211757],[-4.3605211,41.6186579],[-4.3488623,41.6266199],[-4.3324819,41.6274471]],[[-4.431595,41.9818493],[-4.4316015,41.9815364]],[[-4.4316015,41.9815364],[-4.4313653,41.981516]],[[-4.4312495,41.9817987],[-4.431595,41.9818493]],[[-4.4294553,41.9835621],[-4.431595,41.9818493]],[[-4.4314553,41.4012932],[-4.4263222,41.4049513],[-4.39505,41.4056597],[-4.3839471,41.4096569],[-4.3759335,41.4080624],[-4.3687949,41.4089956],[-4.35977,41.4060319],[-4.3388615,41.4044498]],[[-4.4313653,41.981516],[-4.4312495,41.9817987]],[[-4.4312495,41.9817987],[-4.4294553,41.9835621]],[[-4.4294553,41.9835621],[-4.4144518,41.9875667]],[[-4.42785159400103,40.77032774873971],[-4.4288915,40.7699747]],[[-4.4287692,40.7697792],[-4.427924094624333,40.77007643922074]],[[-4.427924094624333,40.77007643922074],[-4.4183226,40.7732234],[-4.4100471,40.7713594]],[[-4.427924094624333,40.77007643922074],[-4.42785159400103,40.77032774873971]],[[-4.41935825067714,40.77417503815935],[-4.42785159400103,40.77032774873971]],[[-4.42785159400103,40.77032774873971],[-4.4267261,40.7721754]],[[-4.4267261,40.7721754],[-4.4257602,40.7729486]],[[-4.4261965,40.7731642],[-4.4267261,40.7721754]],[[-4.4256595,40.7735929],[-4.4261965,40.7731642]],[[-4.4261965,40.7731642],[-4.4257602,40.7729486]],[[-4.4257602,40.7729486],[-4.4253653,40.773358]],[[-4.4245136,40.7747484],[-4.4256595,40.7735929]],[[-4.4253653,40.773358],[-4.4256595,40.7735929]],[[-4.4253653,40.773358],[-4.4245136,40.7747484]],[[-4.4245136,40.7747484],[-4.424405262384504,40.774924010178815]],[[-4.424405262384504,40.774924010178815],[-4.424317028467941,40.77506703320728]],[[-4.424405262384504,40.774924010178815],[-4.41935825067714,40.77417503815935]],[[-4.424317028467941,40.77506703320728],[-4.4237792,40.7760466]],[[-4.419204086548608,40.77428316103271],[-4.424317028467941,40.77506703320728]],[[-4.4237792,40.7760466],[-4.4232392,40.7766616]],[[-4.4237072,40.7767911],[-4.4237792,40.7760466]],[[-4.4233918,40.7773004],[-4.4237072,40.7767911]],[[-4.4237072,40.7767911],[-4.4232392,40.7766616]],[[-4.4229776,40.7778836],[-4.4233918,40.7773004]],[[-4.4230656,40.7772186],[-4.4233918,40.7773004]],[[-4.4232392,40.7766616],[-4.4230656,40.7772186]],[[-4.4230656,40.7772186],[-4.4229776,40.7778836]],[[-4.4213786,40.7820356],[-4.4229776,40.7778836]],[[-4.421126,40.7830176],[-4.4214131,40.782526]],[[-4.4214131,40.782526],[-4.4213786,40.7820356]],[[-4.4214131,40.782526],[-4.4210548,40.7824434]],[[-4.4213786,40.7820356],[-4.4210548,40.7824434]],[[-4.4208616,40.783187],[-4.421126,40.7830176]],[[-4.4208609,40.7829294],[-4.421126,40.7830176]],[[-4.4210548,40.7824434],[-4.4208609,40.7829294]],[[-4.4208616,40.783187],[-4.420709654606657,40.78336705269818]],[[-4.4208609,40.7829294],[-4.4208616,40.783187]],[[-4.420709654606657,40.78336705269818],[-4.4205686,40.7835342]],[[-4.4103378,40.7804979],[-4.412015,40.7822794],[-4.420709654606657,40.78336705269818]],[[-4.4205686,40.7835342],[-4.4202488,40.7836863]],[[-4.4204722,40.7838224],[-4.4205686,40.7835342]],[[-4.4200232,40.7842209],[-4.4204722,40.7838224]],[[-4.4204722,40.7838224],[-4.4202488,40.7836863]],[[-4.4202488,40.7836863],[-4.4198006,40.7840578]],[[-4.4195392,40.7843378],[-4.4200232,40.7842209]],[[-4.4198006,40.7840578],[-4.4200232,40.7842209]],[[-4.4198006,40.7840578],[-4.4195392,40.7843378]],[[-4.4195392,40.7843378],[-4.4097189,40.7828918],[-4.3864517,40.7940816],[-4.3703413,40.7962302],[-4.3642241,40.7953521],[-4.3611077,40.7986475],[-4.3489222,40.8039094],[-4.3412496,40.8050993]],[[-4.419204086548608,40.77428316103271],[-4.41935825067714,40.77417503815935]],[[-4.41935825067714,40.77417503815935],[-4.4100471,40.7713594]],[[-4.4131849,40.772533],[-4.4168884,40.7749254],[-4.419204086548608,40.77428316103271]],[[-4.4131849,40.772533],[-4.419204086548608,40.77428316103271]],[[-4.4178545,41.0723066],[-4.4140223,41.0716238]],[[-4.4140223,41.0716238],[-4.4178545,41.0723066]],[[-4.4145109,42.2645921],[-4.4140478,42.2643742]],[[-4.4140478,42.2643742],[-4.4141593,42.2647433]],[[-4.4123559,42.26154],[-4.4140478,42.2643742]],[[-4.4140223,41.0716238],[-4.4064227,41.07016],[-4.3914097,41.058201],[-4.3820404,41.0528926],[-4.3784375,41.0494187],[-4.3756911,41.0399449],[-4.3626067,41.0335702],[-4.3210181,41.0016898],[-4.3049077,41.0014963],[-4.2581504,40.9845214]],[[-4.4139193,41.9874518],[-4.4085329,41.985601],[-4.3892822,41.9843813]],[[-4.261890895140118,40.73891977897786],[-4.2700406,40.7380595],[-4.2810219,40.7447247],[-4.3310515,40.7438581],[-4.3464151,40.7513877],[-4.3594741,40.7556301],[-4.3747312,40.7652613],[-4.3881713,40.7707546],[-4.394371,40.771822],[-4.4060652,40.7709075],[-4.4131849,40.772533]],[[-4.411887,42.261702],[-4.4123559,42.26154]],[[-4.4123559,42.26154],[-4.4117584,42.2614687]],[[-4.4119325,42.2622881],[-4.4127198,42.2674063],[-4.4075948,42.2742584],[-4.4020956,42.2779848]],[[-4.4119325,42.2622881],[-4.4118475,42.2617807]],[[-4.4115067,42.2618913],[-4.4119325,42.2622881]],[[-4.4118475,42.2617807],[-4.411887,42.261702]],[[-4.411887,42.261702],[-4.4117584,42.2614687]],[[-4.4115067,42.2618913],[-4.4118475,42.2617807]],[[-4.4117584,42.2614687],[-4.4116327,42.261429]],[[-4.4116327,42.261429],[-4.4112498,42.2610647]],[[-4.4116327,42.261429],[-4.4112923,42.2615493]],[[-4.4112923,42.2615493],[-4.4115067,42.2618913]],[[-4.4112498,42.2610647],[-4.4112923,42.2615493]],[[-4.4103378,40.7804979],[-4.4070833,40.7784563]],[[-4.4070833,40.7784563],[-4.4103378,40.7804979]],[[-4.4100471,40.7713594],[-4.3883031,40.7706119],[-4.3746981,40.7650601],[-4.3595377,40.7554645],[-4.3471784,40.7515057],[-4.3307891,40.7436394],[-4.2813118,40.7445802],[-4.2771196,40.7432964],[-4.2699955,40.7378684],[-4.261770555440868,40.738805438274404]],[[-4.3310887,40.7575752],[-4.346371,40.7611075],[-4.3528724,40.7655604],[-4.3694458,40.7692471],[-4.3938307,40.7777518],[-4.4070833,40.7784563]],[[-4.398705543272889,42.30548015757207],[-4.400365,42.2860383],[-4.402484292862678,42.28064806929669]],[[-4.402484292862678,42.28064806929669],[-4.398705543272889,42.30548015757207]],[[-4.402354324543373,42.28044793125282],[-4.402484292862678,42.28064806929669]],[[-4.402354324543373,42.28044793125282],[-4.4001318,42.2860017],[-4.398505855009158,42.305784906655425]],[[-4.4016142,42.2791483],[-4.402354324543373,42.28044793125282]],[[-4.4020956,42.2779848],[-4.4017273,42.2781612]],[[-4.401939,42.2782776],[-4.4020956,42.2779848]],[[-4.4018264,42.2785905],[-4.401939,42.2782776]],[[-4.401939,42.2782776],[-4.4017273,42.2781612]],[[-4.4014277,42.2785488],[-4.4018264,42.2785905]],[[-4.4016142,42.2791483],[-4.4018264,42.2785905]],[[-4.4017273,42.2781612],[-4.4014277,42.2785488]],[[-4.4014277,42.2785488],[-4.4016142,42.2791483]],[[-4.398705543272889,42.30548015757207],[-4.398505855009158,42.305784906655425]],[[-4.3885160276052195,42.402038281939504],[-4.3858831,42.385375],[-4.3904767,42.3644093],[-4.3889063,42.3494709],[-4.3956821,42.3312496],[-4.4017892,42.3229683],[-4.4031181,42.3187058],[-4.398705543272889,42.30548015757207]],[[-4.398505855009158,42.305784906655425],[-4.3987402,42.3126927],[-4.401565,42.3183953],[-4.3975675,42.3238041]],[[-4.398505855009158,42.305784906655425],[-4.4028835,42.318721],[-4.4012059,42.3235294],[-4.3954416,42.3312142],[-4.3886795,42.349425],[-4.3902752,42.3640179],[-4.3856557,42.3853247],[-4.388279882745287,42.402107655821844]],[[-4.3975675,42.3238041],[-4.395637,42.3263006]],[[-4.395637,42.3263006],[-4.3975675,42.3238041]],[[-4.395637,42.3263006],[-4.3930575,42.337137],[-4.3876274,42.3497497],[-4.3877078,42.3628692]],[[-4.3892822,41.9843813],[-4.3854677,41.9839732]],[[-4.3854677,41.9839732],[-4.3892822,41.9843813]],[[-4.388321604978662,42.40430668758671],[-4.388556796635304,42.404261358798266]],[[-4.298629700696978,42.693021706264865],[-4.2998372,42.6858686],[-4.3039015,42.6802068],[-4.3400884,42.6627554],[-4.3465572,42.6572203],[-4.3501889,42.6507424],[-4.3521106,42.630165],[-4.3490546,42.6121619],[-4.3501488,42.5922286],[-4.345757,42.5784579],[-4.345784,42.573621],[-4.3502532,42.56641],[-4.3747598,42.5491614],[-4.383303,42.5290275],[-4.3836435,42.5222389],[-4.379975,42.503825],[-4.3863668,42.4833352],[-4.3840902,42.4654893],[-4.3942777,42.4469265],[-4.3955837,42.4416903],[-4.3945205,42.4356712],[-4.389098,42.4245983],[-4.388556796635304,42.404261358798266]],[[-4.388556796635304,42.404261358798266],[-4.38855394221985,42.404060080325266]],[[-4.38855394221985,42.404060080325266],[-4.388318979369536,42.40410332491479]],[[-4.38855394221985,42.404060080325266],[-4.3885160276052195,42.402038281939504]],[[-4.388279882745287,42.402107655821844],[-4.3885160276052195,42.402038281939504]],[[-4.381391263817998,42.404911701656616],[-4.388321604978662,42.40430668758671]],[[-4.388321604978662,42.40430668758671],[-4.3886934,42.4236702],[-4.3945718,42.4364677],[-4.3953326,42.4420296],[-4.3838613,42.4654633],[-4.3861379,42.4833125],[-4.3797428,42.50381],[-4.3833929,42.5223087],[-4.3830737,42.5289471],[-4.374573,42.5490221],[-4.3500902,42.5662873],[-4.3453346,42.5749313],[-4.3499048,42.5922272],[-4.3488025,42.6119432],[-4.3518745,42.6301221],[-4.3499549,42.6506569],[-4.3463666,42.6571267],[-4.339949,42.6626285],[-4.3036078,42.68007],[-4.2997546,42.6850233],[-4.2984311306576375,42.692818322464944]],[[-4.388318979369536,42.40410332491479],[-4.388321604978662,42.40430668758671]],[[-4.388318979369536,42.40410332491479],[-4.382000441630342,42.4047157605995]],[[-4.388279882745287,42.402107655821844],[-4.388318979369536,42.40410332491479]],[[-4.382000441630342,42.4047157605995],[-4.388279882745287,42.402107655821844]],[[-4.3876983,42.3635638],[-4.3879673,42.363532]],[[-4.387871,42.3638646],[-4.3879673,42.363532]],[[-4.3879673,42.363532],[-4.387853,42.3631165]],[[-4.387871,42.3638646],[-4.3777621,42.3719315],[-4.3668796,42.4002396]],[[-4.3876983,42.3635638],[-4.387871,42.3638646]],[[-4.387853,42.3631165],[-4.3877078,42.3628692]],[[-4.387853,42.3631165],[-4.387612,42.3631518]],[[-4.3877078,42.3628692],[-4.387612,42.3631518]],[[-4.387612,42.3631518],[-4.3876983,42.3635638]],[[-4.3854677,41.9839732],[-4.3760867,41.9826591],[-4.3640211,41.9756801]],[[-4.382000441630342,42.4047157605995],[-4.365591438135113,42.40340965804033]],[[-4.381391263817998,42.404911701656616],[-4.382000441630342,42.4047157605995]],[[-4.3626468,42.4077873],[-4.3690463,42.4084512],[-4.381391263817998,42.404911701656616]],[[-4.36552195055372,42.403578292551074],[-4.381391263817998,42.404911701656616]],[[-4.3730799,42.8525153],[-4.3699056,42.8480609]],[[-4.3699056,42.8480609],[-4.3730799,42.8525153]],[[-4.3699056,42.8480609],[-4.3668779,42.8470488],[-4.3591508,42.8498313],[-4.3487633,42.8502221],[-4.3232195,42.8436292],[-4.3110382,42.8442132],[-4.2945513,42.8348054],[-4.2866635,42.8279927],[-4.2777092,42.8131303],[-4.2776935,42.7976709]],[[-4.3642312,40.5921145],[-4.3693333,40.5926161]],[[-4.3693333,40.5926161],[-4.3642312,40.5921145]],[[-4.3668796,42.4002396],[-4.365499480194469,42.403402196229074]],[[-4.365591438135113,42.40340965804033],[-4.3668796,42.4002396]],[[-4.36552195055372,42.403578292551074],[-4.365591438135113,42.40340965804033]],[[-4.365591438135113,42.40340965804033],[-4.365499480194469,42.403402196229074]],[[-4.3629383,42.4072194],[-4.36552195055372,42.403578292551074]],[[-4.365436372746356,42.40357018982324],[-4.36552195055372,42.403578292551074]],[[-4.365499480194469,42.403402196229074],[-4.365436372746356,42.40357018982324]],[[-4.365499480194469,42.403402196229074],[-4.3271151,42.4009428],[-4.280740836030161,42.40841332257524]],[[-4.365436372746356,42.40357018982324],[-4.362991,42.4071305],[-4.3563844,42.4073533],[-4.3544689,42.4107034]],[[-4.280935983409381,42.40858444151257],[-4.3271298,42.4011142],[-4.365436372746356,42.40357018982324]],[[-4.3621638,40.5921046],[-4.3642312,40.5921145]],[[-4.3640211,41.9756801],[-4.360744,41.974764]],[[-4.360744,41.974764],[-4.3640211,41.9756801]],[[-4.3619229,42.4074224],[-4.3629383,42.4072194]],[[-4.3626051,42.4077658],[-4.3629383,42.4072194]],[[-4.3626468,42.4077873],[-4.3626051,42.4077658]],[[-4.3619443,42.4076336],[-4.3626468,42.4077873]],[[-4.3626051,42.4077658],[-4.3619229,42.4074224]],[[-4.3621638,40.5921046],[-4.3602697,40.5930581]],[[-4.3602697,40.5930581],[-4.3621638,40.5921046]],[[-4.3619229,42.4074224],[-4.3619443,42.4076336]],[[-4.3610179,42.4073954],[-4.3619443,42.4076336]],[[-4.3610179,42.4073954],[-4.3619229,42.4074224]],[[-4.3544689,42.4107034],[-4.3564492,42.4073941],[-4.3610179,42.4073954]],[[-4.360744,41.974764],[-4.3484682,41.9721277],[-4.3404936,41.9629861],[-4.3257464,41.9595222],[-4.3197775,41.9596057],[-4.307217,41.9551715],[-4.2963873,41.9535139],[-4.2682059,41.9436625]],[[-4.3397662,40.5981126],[-4.3602697,40.5930581]],[[-4.3512739,42.4183721],[-4.3544689,42.4107034]],[[-4.3512739,42.4183721],[-4.3502151,42.4209248]],[[-4.3502151,42.4209248],[-4.3512739,42.4183721]],[[-4.3496576,42.4222582],[-4.3502151,42.4209248]],[[-4.3496576,42.4222582],[-4.3485566,42.4250198]],[[-4.3485566,42.4250198],[-4.3496576,42.4222582]],[[-4.3261984,42.5854568],[-4.3091496,42.5543768],[-4.297211,42.5403887],[-4.2940197,42.5318416],[-4.295865,42.5292724],[-4.3104188,42.5202945],[-4.3130687,42.5132388],[-4.3173139,42.5079399],[-4.3162448,42.4977628],[-4.3221264,42.49112],[-4.3201445,42.4763114],[-4.3371045,42.4540927],[-4.3485566,42.4250198]],[[-4.280935983409381,42.40858444151257],[-4.2847377,42.4106593],[-4.348518,42.4233135]],[[-4.3412496,40.8050993],[-4.3361888,40.8056871]],[[-4.3361888,40.8056871],[-4.3412496,40.8050993]],[[-4.3397662,40.5981126],[-4.3390298,40.5978032]],[[-4.3389257,40.5979731],[-4.3397662,40.5981126]],[[-4.3389257,40.5979731],[-4.3390298,40.5978032]],[[-4.3390298,40.5978032],[-4.3385279,40.5976469]],[[-4.3384525,40.5978573],[-4.3389257,40.5979731]],[[-4.3337901,41.4061903],[-4.3388615,41.4044498]],[[-4.3388615,41.4044498],[-4.3337901,41.4061903]],[[-4.3385279,40.5976469],[-4.3376045,40.5975825]],[[-4.3385279,40.5976469],[-4.3384525,40.5978573]],[[-4.3376045,40.5975825],[-4.3384525,40.5978573]],[[-4.2944716,40.5592775],[-4.3016193,40.5604311],[-4.3093641,40.5643981],[-4.3129253,40.5678331],[-4.3141343,40.5715245],[-4.3263618,40.5790611],[-4.3296949,40.5824459],[-4.3332806,40.5938106],[-4.3376045,40.5975825]],[[-4.3361888,40.8056871],[-4.3167059,40.8090799],[-4.3062134,40.8090021],[-4.2889246,40.8191467]],[[-4.3337901,41.4061903],[-4.3327618,41.4076699]],[[-4.3325485,41.4085945],[-4.3327997,41.4080101]],[[-4.3327997,41.4080101],[-4.3327618,41.4076699]],[[-4.3327997,41.4080101],[-4.3325686,41.4079463]],[[-4.3327618,41.4076699],[-4.3325686,41.4079463]],[[-4.3325686,41.4079463],[-4.332245,41.4085068]],[[-4.3322239,41.4090817],[-4.3325485,41.4085945]],[[-4.332245,41.4085068],[-4.3325485,41.4085945]],[[-4.3196673,41.6278193],[-4.3324819,41.6274471]],[[-4.3324819,41.6274471],[-4.3196673,41.6278193]],[[-4.332245,41.4085068],[-4.3322239,41.4090817]],[[-4.331622770139916,41.41074886393816],[-4.3322239,41.4090817]],[[-4.331622770139916,41.41074886393816],[-4.317838,41.4133581],[-4.3090415,41.4129347],[-4.3007242,41.4100518],[-4.2933373,41.4026736],[-4.2916919,41.3913071],[-4.3011295,41.3789992],[-4.2985161,41.3625922],[-4.302828,41.3415718],[-4.3122595,41.3305818],[-4.3137692,41.3256529],[-4.3119893,41.3187645],[-4.3036274,41.3100432],[-4.2965969,41.2771303],[-4.2970314,41.2717933],[-4.3012792,41.2646222],[-4.3009896,41.2592142],[-4.2969423,41.2541795],[-4.2842044,41.2466518],[-4.2741879,41.2301257],[-4.2754135,41.2208543],[-4.2744163,41.2171287],[-4.2627019,41.2051324],[-4.2706883,41.1804933],[-4.2700265,41.16678],[-4.2661514,41.1557195],[-4.2696053,41.1476673],[-4.2694026,41.1424217],[-4.2549804,41.1291795],[-4.2556647,41.1151098],[-4.2540692,41.1110865],[-4.2500871,41.108213],[-4.2385909,41.1046131],[-4.2330356,41.1005541],[-4.2243628,41.0836664],[-4.1981216,41.0548135],[-4.1899814,41.0407648],[-4.191695,41.0298648],[-4.1894998,41.0243798],[-4.1743879,41.016447],[-4.1540983957941275,41.00244447166668]],[[-4.331622770139916,41.41074886393816],[-4.331575682660955,41.410874696100834]],[[-4.153982445974415,41.00252742375191],[-4.1731095,41.0158091],[-4.189508,41.0246297],[-4.1915386,41.0300279],[-4.1898729,41.041011],[-4.1977362,41.0544842],[-4.2242235,41.0837023],[-4.2334601,41.1011824],[-4.2538458,41.1110338],[-4.2554975,41.1149586],[-4.2549198,41.1295069],[-4.2691914,41.1423217],[-4.2694733,41.1475067],[-4.2659062,41.1554744],[-4.2697903,41.166624],[-4.2705256,41.1801078],[-4.2624567,41.2049965],[-4.2743583,41.21743],[-4.2739801,41.2302006],[-4.2838275,41.2463428],[-4.2876603,41.2499931],[-4.2970413,41.2544081],[-4.3007649,41.2590487],[-4.3012667,41.2640068],[-4.2968008,41.2719683],[-4.2964859,41.2773449],[-4.3035932,41.3105007],[-4.3118848,41.3188875],[-4.3135923,41.3255558],[-4.3123221,41.3302089],[-4.3025362,41.3420388],[-4.2982917,41.3630667],[-4.3009761,41.3789935],[-4.2914245,41.3915348],[-4.2931216,41.4027322],[-4.3006712,41.4102135],[-4.3082783,41.4128987],[-4.3169606,41.413563],[-4.331575682660955,41.410874696100834]],[[-4.331575682660955,41.410874696100834],[-4.3298741,41.4118151]],[[-4.3310887,40.7575752],[-4.3280841,40.7560958]],[[-4.3280841,40.7560958],[-4.3310887,40.7575752]],[[-4.261890895140118,40.73891977897786],[-4.2651913,40.7417757],[-4.2757865,40.743837],[-4.2873264,40.7499738],[-4.3064043,40.7494185],[-4.3120406,40.7529325],[-4.3280841,40.7560958]],[[-4.3142884,42.6608395],[-4.3182352,42.6533605],[-4.3230069,42.6358287],[-4.3301558,42.6213045],[-4.3310722,42.6126882],[-4.3264418,42.5892991]],[[-4.3264418,42.5892991],[-4.3261984,42.5854568]],[[-4.3261984,42.5854568],[-4.3264418,42.5892991]],[[-4.3196673,41.6278193],[-4.2889653,41.6285379],[-4.2704076,41.6243469],[-4.2324476,41.6204326],[-4.2297357,41.6189195]],[[-4.3142884,42.6608395],[-4.3135495,42.666327]],[[-4.3135495,42.666327],[-4.3142884,42.6608395]],[[-4.2917403,42.6833664],[-4.3126103,42.6744457],[-4.3141458,42.6719917],[-4.3135495,42.666327]],[[-4.2825523707031925,42.76420751391556],[-4.2906123,42.7581786],[-4.293284,42.75351],[-4.2878907,42.7303702],[-4.2910869,42.7217285],[-4.2882547,42.7098872],[-4.2896608,42.7053964],[-4.2963525,42.6980301],[-4.298629700696978,42.693021706264865]],[[-4.2923577,42.7145988],[-4.2902535,42.7051521],[-4.2994479,42.6975331],[-4.298629700696978,42.693021706264865]],[[-4.298629700696978,42.693021706264865],[-4.2984311306576375,42.692818322464944]],[[-4.2984311306576375,42.692818322464944],[-4.2961634,42.6979246],[-4.2894454,42.7053334],[-4.2880184,42.7098767],[-4.2908593,42.7217402],[-4.2877002,42.7307997],[-4.2930507,42.7534851],[-4.2904419,42.7580574],[-4.282209226666439,42.764285431832576]],[[-4.2984311306576375,42.692818322464944],[-4.2925594,42.6900633],[-4.2899778,42.6855374]],[[-4.2925323,42.7153568],[-4.2925338,42.7150579]],[[-4.2925338,42.7150579],[-4.2923577,42.7145988]],[[-4.2925338,42.7150579],[-4.2923103,42.7150596]],[[-4.2923853,42.7153742],[-4.2925323,42.7153568]],[[-4.2924399,42.7156347],[-4.2925323,42.7153568]],[[-4.2924289,42.7562684],[-4.294328,42.7518541],[-4.2893752,42.7348545],[-4.292645,42.7315722],[-4.2884105,42.7290233],[-4.2914588,42.72275],[-4.2924399,42.7156347]],[[-4.2923853,42.7153742],[-4.2924399,42.7156347]],[[-4.2924289,42.7562684],[-4.2901492,42.7588674]],[[-4.2901492,42.7588674],[-4.2924289,42.7562684]],[[-4.2923103,42.7150596],[-4.2923853,42.7153742]],[[-4.2923577,42.7145988],[-4.2923103,42.7150596]],[[-4.2917403,42.6833664],[-4.2899778,42.6855374]],[[-4.2899778,42.6855374],[-4.2917403,42.6833664]],[[-4.2825523707031925,42.76420751391556],[-4.2901492,42.7588674]],[[-4.2889246,40.8191467],[-4.28098,40.8229455]],[[-4.2889246,40.8191467],[-4.2816989,40.8186084],[-4.2800309,40.820746],[-4.28098,40.8229455]],[[-4.282209226666439,42.764285431832576],[-4.2825523707031925,42.76420751391556]],[[-4.271611019174824,42.770310740479324],[-4.2785613,42.7683348],[-4.2825523707031925,42.76420751391556]],[[-4.2718585,42.7693788],[-4.275986,42.7691006],[-4.282209226666439,42.764285431832576]],[[-4.282209226666439,42.764285431832576],[-4.2778351,42.7685222],[-4.271585566135664,42.770132236920084]],[[-4.28098,40.8229455],[-4.2730777,40.8271477],[-4.2698257,40.8353324],[-4.2456916,40.8574146],[-4.2378537,40.8679167],[-4.2267684,40.8713948],[-4.2186152,40.8794208],[-4.2079393,40.883883],[-4.2036805,40.8873798],[-4.1965054,40.8884417],[-4.1751045,40.8989076]],[[-4.214867604037051,42.40189095949759],[-4.2249194,42.4039903],[-4.2387928,42.4102884],[-4.2469787,42.4121644],[-4.280935983409381,42.40858444151257]],[[-4.280740836030161,42.40841332257524],[-4.280935983409381,42.40858444151257]],[[-4.280740836030161,42.40841332257524],[-4.2470437,42.4119962],[-4.2391521,42.4102222],[-4.2247149,42.4037365],[-4.215017193190916,42.40173332588208]],[[-4.2172056,42.3998116],[-4.2217728,42.3992309],[-4.2299116,42.4024238],[-4.2430413,42.4029616],[-4.2514194,42.4015407],[-4.280740836030161,42.40841332257524]],[[-4.2776935,42.7976709],[-4.275319,42.7963318]],[[-4.275319,42.7963318],[-4.2776935,42.7976709]],[[-4.275319,42.7963318],[-4.2638456,42.7949454]],[[-4.2669007,42.7846267],[-4.2740963,42.7759683],[-4.2739839,42.7728974],[-4.2721277,42.7712656]],[[-4.2721277,42.7712656],[-4.2719283,42.7708479]],[[-4.2716626,42.7709341],[-4.2721277,42.7712656]],[[-4.2716626,42.7709341],[-4.2719283,42.7708479]],[[-4.2719283,42.7708479],[-4.2717475,42.770505]],[[-4.2718585,42.7693788],[-4.2714991,42.7695099]],[[-4.2717882,42.7696605],[-4.2718585,42.7693788]],[[-4.2716864,42.7698996],[-4.2717882,42.7696605]],[[-4.2717882,42.7696605],[-4.2714991,42.7695099]],[[-4.2717475,42.770505],[-4.2716182,42.7703611]],[[-4.2717475,42.770505],[-4.2714966,42.7705547]],[[-4.2714255,42.7699362],[-4.2716864,42.7698996]],[[-4.2715799,42.7700925],[-4.2716864,42.7698996]],[[-4.2714966,42.7705547],[-4.2716626,42.7709341]],[[-4.2716182,42.7703611],[-4.2714966,42.7705547]],[[-4.2716182,42.7703611],[-4.271611019174824,42.770310740479324]],[[-4.241443709519553,42.78029121719955],[-4.2502965,42.7733609],[-4.271611019174824,42.770310740479324]],[[-4.271611019174824,42.770310740479324],[-4.271585566135664,42.770132236920084]],[[-4.271585566135664,42.770132236920084],[-4.2515121,42.7727702],[-4.245265,42.7758069],[-4.241239126379739,42.78021593448083]],[[-4.271585566135664,42.770132236920084],[-4.2715799,42.7700925]],[[-4.2714255,42.7699362],[-4.2715799,42.7700925]],[[-4.2714991,42.7695099],[-4.2714255,42.7699362]],[[-4.2682059,41.9436625],[-4.2618437,41.9422315]],[[-4.2618437,41.9422315],[-4.2682059,41.9436625]],[[-4.2669007,42.7846267],[-4.2647095,42.7870361]],[[-4.2664067,42.7860495],[-4.2669007,42.7846267]],[[-4.2652791,42.7934664],[-4.266596,42.7864266]],[[-4.266596,42.7864266],[-4.2664067,42.7860495]],[[-4.2664067,42.7860495],[-4.266596,42.7864266]],[[-4.2647095,42.7870361],[-4.2664067,42.7860495]],[[-4.2652791,42.7934664],[-4.2644591,42.7942675]],[[-4.2645895,42.7942914],[-4.2652791,42.7934664]],[[-4.248464238324774,42.79098909183911],[-4.2499444,42.7872971],[-4.253735,42.7853196],[-4.2647095,42.7870361]],[[-4.2644851,42.7944497],[-4.2645895,42.7942914]],[[-4.2645895,42.7942914],[-4.2644591,42.7942675]],[[-4.2642531,42.7945129],[-4.2644851,42.7944497]],[[-4.2643826,42.7943965],[-4.2644851,42.7944497]],[[-4.2644591,42.7942675],[-4.2643826,42.7943965]],[[-4.2643826,42.7943965],[-4.2642531,42.7945129]],[[-4.2642531,42.7945129],[-4.2639871,42.7946139]],[[-4.2639871,42.7946139],[-4.2635085,42.7946587]],[[-4.2636358,42.7947646],[-4.2639871,42.7946139]],[[-4.2638456,42.7949454],[-4.2636319,42.7947924]],[[-4.2635029,42.7948766],[-4.2638456,42.7949454]],[[-4.2636319,42.7947924],[-4.2636358,42.7947646]],[[-4.2636358,42.7947646],[-4.2635085,42.7946587]],[[-4.2635029,42.7948766],[-4.2636319,42.7947924]],[[-4.2635085,42.7946587],[-4.2633563,42.7947126]],[[-4.2633629,42.7948298],[-4.2635029,42.7948766]],[[-4.2633563,42.7947126],[-4.2633629,42.7948298]],[[-4.2630164,42.7947954],[-4.2633629,42.7948298]],[[-4.2633563,42.7947126],[-4.2630164,42.7947954]],[[-4.2630164,42.7947954],[-4.2608312,42.7955906],[-4.2573387,42.7939099]],[[-4.208258670135683,40.73643201428895],[-4.2187168,40.7390999],[-4.234304,40.7389667],[-4.2521875,40.7412168],[-4.261890895140118,40.73891977897786]],[[-4.261770555440868,40.738805438274404],[-4.261890895140118,40.73891977897786]],[[-4.2618437,41.9422315],[-4.2291006,41.9261101],[-4.2262566,41.9130398],[-4.2211709,41.9063623],[-4.198035,41.8902858],[-4.1946059,41.8734283],[-4.1977859,41.8682396],[-4.1865092,41.8667939],[-4.182621,41.8619755],[-4.1713831,41.860635],[-4.1647667,41.8623381],[-4.1456199,41.8570916],[-4.1363597,41.8564821],[-4.0343115,41.8195892],[-4.0328476,41.8148774],[-4.0294442,41.8169319],[-4.0219062,41.81487],[-4.0202902,41.8164944],[-4.0133496,41.8127548],[-4.0021708,41.8130917],[-3.9799676,41.8177171],[-3.9743366,41.8123967],[-3.9718997,41.8069126],[-3.9580398,41.7995685],[-3.9374602,41.7838188],[-3.9215473,41.7806726],[-3.9073477,41.7683958],[-3.8874898,41.7591414],[-3.8631811,41.7367313],[-3.822338,41.7154813],[-3.8111195,41.711212],[-3.7831806,41.6929206],[-3.7655116,41.6852248],[-3.7579466,41.6827492],[-3.7297751,41.6793959]],[[-4.261770555440868,40.738805438274404],[-4.2515415,40.7410541],[-4.2339887,40.7387747],[-4.2190896,40.7389751],[-4.208096627601697,40.736221060758474]],[[-4.200905,40.7161582],[-4.2592259,40.7355602],[-4.261770555440868,40.738805438274404]],[[-4.2581504,40.9845214],[-4.2501635,40.9816206]],[[-4.2501635,40.9816206],[-4.2581504,40.9845214]],[[-4.2573387,42.7939099],[-4.2569041,42.7936266]],[[-4.2568374,42.7937113],[-4.2573387,42.7939099]],[[-4.2568374,42.7937113],[-4.2569041,42.7936266]],[[-4.2569041,42.7936266],[-4.2567298,42.7935472]],[[-4.2567139,42.7937077],[-4.2568374,42.7937113]],[[-4.2567298,42.7935472],[-4.2567139,42.7937077]],[[-4.2567298,42.7935472],[-4.2550028,42.7932089]],[[-4.2550028,42.7932089],[-4.2567139,42.7937077]],[[-4.2496032,42.7914426],[-4.2550028,42.7932089]],[[-4.2501635,40.9816206],[-4.2264388,40.9722793]],[[-4.2496032,42.7914426],[-4.2493113,42.7912602]],[[-4.2492506,42.791386],[-4.2496032,42.7914426]],[[-4.2492506,42.791386],[-4.2493113,42.7912602]],[[-4.2493113,42.7912602],[-4.2492506,42.791386]],[[-4.248464238324774,42.79098909183911],[-4.2486308,42.7910798]],[[-4.2250138,42.809589],[-4.2444683,42.7965732],[-4.248464238324774,42.79098909183911]],[[-4.2449325,42.7894961],[-4.248464238324774,42.79098909183911]],[[-4.2446031,42.7887491],[-4.2449411,42.7887534]],[[-4.2449411,42.7887534],[-4.2447343,42.7883748]],[[-4.2449411,42.7887534],[-4.2446031,42.7887491]],[[-4.2447343,42.7883748],[-4.2446031,42.7887491]],[[-4.2447343,42.7883748],[-4.2433199,42.7816895]],[[-4.2424351,42.7808413],[-4.241443709519553,42.78029121719955]],[[-4.208614602320721,42.81604406550535],[-4.2246284,42.8089365],[-4.2351565,42.8004514],[-4.2371928,42.7965998],[-4.2370098,42.7879932],[-4.241443709519553,42.78029121719955]],[[-4.241443709519553,42.78029121719955],[-4.241239126379739,42.78021593448083]],[[-4.241239126379739,42.78021593448083],[-4.2368484,42.7876938],[-4.237006,42.7962939],[-4.2349146,42.8004009],[-4.2245369,42.8087712],[-4.2083851040890865,42.81599288875484]],[[-4.241239126379739,42.78021593448083],[-4.2399089,42.7799932]],[[-4.2399089,42.7799932],[-4.2395946,42.7800354]],[[-4.2398266,42.7801784],[-4.2399089,42.7799932]],[[-4.2391029,42.7803065],[-4.2398266,42.7801784]],[[-4.2398266,42.7801784],[-4.2395946,42.7800354]],[[-4.2395946,42.7800354],[-4.2391029,42.7803065]],[[-4.2391029,42.7803065],[-4.236531,42.7829588]],[[-4.236531,42.7829588],[-4.2361336,42.7830612]],[[-4.236287,42.783229],[-4.236531,42.7829588]],[[-4.2357919,42.7833277],[-4.236287,42.783229]],[[-4.236287,42.783229],[-4.2361336,42.7830612]],[[-4.2361336,42.7830612],[-4.2357833,42.7831588]],[[-4.2357833,42.7831588],[-4.2357919,42.7833277]],[[-4.2354466,42.7832521],[-4.2357919,42.7833277]],[[-4.2357833,42.7831588],[-4.2354466,42.7832521]],[[-4.2354466,42.7832521],[-4.2241413,42.7833081],[-4.2040077,42.7756229],[-4.1805942,42.7584155]],[[-4.2294585,41.6189344],[-4.2297357,41.6189195]],[[-4.2297357,41.6189195],[-4.2295213,41.6187754]],[[-4.2294585,41.6189344],[-4.2295213,41.6187754]],[[-4.2295213,41.6187754],[-4.2291385,41.6185272]],[[-4.2288655,41.6186674],[-4.2294585,41.6189344]],[[-4.2291385,41.6185272],[-4.2288655,41.6186674]],[[-4.2291385,41.6185272],[-4.2288786,41.6183666]],[[-4.2288786,41.6183666],[-4.2288655,41.6186674]],[[-4.2288786,41.6183666],[-4.2195281,41.6170526],[-4.2057999,41.6179227],[-4.1705527,41.6117677]],[[-4.2264388,40.9722793],[-4.222597,40.9715902]],[[-4.222597,40.9715902],[-4.2264388,40.9722793]],[[-4.2250138,42.809589],[-4.2245396,42.8097262]],[[-4.2247305,42.8099423],[-4.2250138,42.809589]],[[-4.2242956,42.8101512],[-4.2247305,42.8099423]],[[-4.2247305,42.8099423],[-4.2245396,42.8097262]],[[-4.2245396,42.8097262],[-4.2241029,42.8099569]],[[-4.2237927,42.810253],[-4.2242956,42.8101512]],[[-4.2241029,42.8099569],[-4.2242956,42.8101512]],[[-4.2241029,42.8099569],[-4.2237927,42.810253]],[[-4.21553,42.8142696],[-4.2237927,42.810253]],[[-4.222597,40.9715902],[-4.2170817,40.9686909],[-4.2093563,40.9548204],[-4.1924726,40.9548799],[-4.1761799,40.9512475]],[[-4.2172056,42.3998116],[-4.214912413511982,42.40172329675856]],[[-4.215017193190916,42.40173332588208],[-4.2172056,42.3998116]],[[-4.2160477,40.7931727],[-4.2159541,40.7962546],[-4.2110229,40.7997442],[-4.21047669975493,40.802512442524254]],[[-4.2160477,40.7931727],[-4.2131823,40.7878594]],[[-4.2131823,40.7878594],[-4.2160477,40.7931727]],[[-4.21553,42.8142696],[-4.2150806,42.8143084]],[[-4.2152292,42.8145288],[-4.21553,42.8142696]],[[-4.2144927,42.8147461],[-4.2152292,42.8145288]],[[-4.2152292,42.8145288],[-4.2150806,42.8143084]],[[-4.2150806,42.8143084],[-4.2147585,42.814238]],[[-4.214867604037051,42.40189095949759],[-4.215017193190916,42.40173332588208]],[[-4.215017193190916,42.40173332588208],[-4.214912413511982,42.40172329675856]],[[-4.214912413511982,42.40172329675856],[-4.214762342855723,42.40188056107933]],[[-4.214912413511982,42.40172329675856],[-4.185734,42.4038029],[-4.165881945500822,42.401042722342176]],[[-4.2125435,42.4038114],[-4.214867604037051,42.40189095949759]],[[-4.214762342855723,42.40188056107933],[-4.214867604037051,42.40189095949759]],[[-4.214762342855723,42.40188056107933],[-4.2125435,42.4038114]],[[-4.166322564036676,42.40127660595026],[-4.186423,42.4039834],[-4.214762342855723,42.40188056107933]],[[-4.2147585,42.814238],[-4.2145003,42.8143365]],[[-4.2147585,42.814238],[-4.2142977,42.8141081]],[[-4.2145003,42.8143365],[-4.2143993,42.81461]],[[-4.2142977,42.8141081],[-4.2145003,42.8143365]],[[-4.2143993,42.81461],[-4.2144927,42.8147461]],[[-4.21418,42.8147576],[-4.2144927,42.8147461]],[[-4.2143993,42.81461],[-4.21418,42.8147576]],[[-4.2142977,42.8141081],[-4.208614602320721,42.81604406550535]],[[-4.204105327454644,42.82518760493434],[-4.2083518,42.8179278],[-4.21418,42.8147576]],[[-4.212992784292832,40.78559880627664],[-4.2131823,40.7878594]],[[-4.213004731267268,40.78537669310835],[-4.212992784292832,40.78559880627664]],[[-4.210472502834596,40.80276270506714],[-4.2176095,40.7989455],[-4.2200384,40.7948399],[-4.2186677,40.7900565],[-4.213004731267268,40.78537669310835]],[[-4.2089638,40.7795705],[-4.213004731267268,40.78537669310835]],[[-4.213004731267268,40.78537669310835],[-4.206235064046181,40.774547821239864]],[[-4.212992784292832,40.78559880627664],[-4.2186983,40.7903919],[-4.2198172,40.7949667],[-4.2173685,40.7988927],[-4.21047669975493,40.802512442524254]],[[-4.206006049761674,40.77438523966296],[-4.212992784292832,40.78559880627664]],[[-4.166322564036676,42.40127660595026],[-4.176567,42.4061385],[-4.2011459,42.4029029],[-4.2125435,42.4038114]],[[-4.209887431996318,42.08924657397181],[-4.2107481,42.0895565]],[[-4.2106503,40.7604747],[-4.2070581,40.7656877],[-4.2028478,40.7670194],[-4.2012234,40.7713347],[-4.2040129,40.7733791]],[[-4.2106503,40.7604747],[-4.2110643,40.7580959],[-4.2090995,40.756224]],[[-4.2090995,40.756224],[-4.210927,40.7579624],[-4.2106503,40.7604747]],[[-4.21047669975493,40.802512442524254],[-4.198195,40.8133633],[-4.1853878,40.8204832],[-4.1792816,40.8221273]],[[-4.21047669975493,40.802512442524254],[-4.210472502834596,40.80276270506714]],[[-4.1793484,40.8223132],[-4.1851683,40.8207791],[-4.198131,40.813621],[-4.210472502834596,40.80276270506714]],[[-4.210472502834596,40.80276270506714],[-4.2057822,40.8073095]],[[-3.8209965,42.3093324],[-3.8247715,42.3044703],[-3.8312322,42.3028164],[-3.8705604,42.2825597],[-3.88826,42.2782859],[-3.8965949,42.2740009],[-3.9391462,42.2633172],[-3.9472442,42.2565695],[-4.0022827,42.2227148],[-4.0077972,42.2123415],[-4.0197349,42.2019921],[-4.037596,42.1875457],[-4.0515884,42.1791367],[-4.0691855,42.1712648],[-4.0854,42.1538095],[-4.1002255,42.1472542],[-4.1085314,42.1394203],[-4.1175482,42.1347472],[-4.1538386,42.1179672],[-4.161339,42.1161674],[-4.1678859,42.1112121],[-4.2015691,42.0984929],[-4.208276,42.0928655],[-4.209887431996318,42.08924657397181]],[[-4.2097288540502795,42.08916829368948],[-4.209887431996318,42.08924657397181]],[[-4.2097288540502795,42.08916829368948],[-4.2081301,42.0927392],[-4.201233,42.0984583],[-4.1680574,42.1109459],[-4.1612156,42.1160372],[-4.1535398,42.1179046],[-4.1180027,42.1343367],[-4.1082776,42.1393685],[-4.09978,42.1473023],[-4.0854414,42.1535571],[-4.0690846,42.1710969],[-4.0522764,42.1785775],[-4.0374249,42.187429],[-4.0192812,42.2021144],[-4.0076234,42.2122159],[-4.0022378,42.2225012],[-3.9471813,42.2563882],[-3.9389525,42.2632141],[-3.8966356,42.2738008],[-3.8877054,42.27828],[-3.870577,42.2823601],[-3.8312541,42.3026118],[-3.8247934,42.3040594],[-3.8222471,42.3077409]],[[-3.9156261,42.0766272],[-3.9356649,42.0773808],[-3.9612642,42.0740011],[-3.9685124,42.0780091],[-3.9841772,42.0817387],[-3.9965707,42.0754484],[-3.9988509,42.0764074],[-4.0040829,42.0835228],[-4.0080909,42.0848401],[-4.0293977,42.0796546],[-4.0451886,42.0801983],[-4.0548828,42.0831497],[-4.0716971,42.0792199],[-4.0820916,42.0795955],[-4.0913789,42.0771391],[-4.1331248,42.0874377],[-4.1914505,42.0819983],[-4.1972011,42.0829817],[-4.2097288540502795,42.08916829368948]],[[-4.199578906989322,40.73349454661943],[-4.2034636,40.7397498],[-4.1994648,40.7447096],[-4.1995352,40.7505168],[-4.2090995,40.756224]],[[-4.2089638,40.7795705],[-4.2087282,40.7778727]],[[-4.2084857,40.7779168],[-4.2089638,40.7795705]],[[-4.2084857,40.7779168],[-4.2087282,40.7778727]],[[-4.2087282,40.7778727],[-4.2087187,40.7776568]],[[-4.2087187,40.7776568],[-4.206220768458688,40.77446891194364]],[[-4.2087187,40.7776568],[-4.2084396,40.7776405]],[[-4.204105327454644,42.82518760493434],[-4.208614602320721,42.81604406550535]],[[-4.208614602320721,42.81604406550535],[-4.2083851040890865,42.81599288875484]],[[-4.2084396,40.7776405],[-4.2084857,40.7779168]],[[-4.206235064046181,40.774547821239864],[-4.2084396,40.7776405]],[[-4.2083851040890865,42.81599288875484],[-4.203716961965374,42.825355372593734]],[[-4.2083851040890865,42.81599288875484],[-4.2075779,42.8158171]],[[-4.206220768458688,40.77446891194364],[-4.2068566,40.7705215],[-4.2122426,40.7650569],[-4.2133358,40.7618077],[-4.2118774,40.7577806],[-4.2038539,40.7521876],[-4.2018581,40.7487729],[-4.2029757,40.7444893],[-4.2086435,40.7398694],[-4.208258670135683,40.73643201428895]],[[-4.208258670135683,40.73643201428895],[-4.208096627601697,40.736221060758474]],[[-4.199515184232289,40.73331087680829],[-4.208258670135683,40.73643201428895]],[[-4.208096627601697,40.736221060758474],[-4.2000433,40.7333476]],[[-4.208096627601697,40.736221060758474],[-4.2000433,40.7333476]],[[-4.2075779,42.8158171],[-4.2072177,42.8156393]],[[-4.2071191,42.8158301],[-4.2075779,42.8158171]],[[-4.2071191,42.8158301],[-4.2072177,42.8156393]],[[-4.2072177,42.8156393],[-4.2066289,42.815524]],[[-4.2065793,42.81571],[-4.2071191,42.8158301]],[[-4.2066289,42.815524],[-4.2063007,42.8156313]],[[-4.2066289,42.815524],[-4.2065793,42.81571]],[[-4.2063007,42.8156313],[-4.2065793,42.81571]],[[-4.2063007,42.8156313],[-4.2035657,42.8197238],[-4.199395,42.81946],[-4.1974011,42.8257488],[-4.1911825,42.8308164],[-4.1919354,42.8335458],[-4.195654038121339,42.83556547127857]],[[-4.206235064046181,40.774547821239864],[-4.206220768458688,40.77446891194364]],[[-4.206006049761674,40.77438523966296],[-4.206235064046181,40.774547821239864]],[[-4.206220768458688,40.77446891194364],[-4.20599295431394,40.77430357043079]],[[-4.20599295431394,40.77430357043079],[-4.206006049761674,40.77438523966296]],[[-4.2040129,40.7733791],[-4.206006049761674,40.77438523966296]],[[-4.199578906989322,40.73349454661943],[-4.2040084,40.7392955],[-4.201651,40.7468201],[-4.2020975,40.75022],[-4.2110572,40.7571987],[-4.213105,40.7610833],[-4.2121119,40.7649318],[-4.2068507,40.7701325],[-4.20599295431394,40.77430357043079]],[[-4.20599295431394,40.77430357043079],[-4.2040129,40.7733791]],[[-4.2057822,40.8073095],[-4.2054271,40.8075789]],[[-4.2056692,40.8076417],[-4.2057822,40.8073095]],[[-4.2053637,40.807911],[-4.2056692,40.8076417]],[[-4.2056692,40.8076417],[-4.2054271,40.8075789]],[[-4.2054271,40.8075789],[-4.2052473,40.8077253]],[[-4.2050498,40.8080038],[-4.2053637,40.807911]],[[-4.2052473,40.8077253],[-4.2053637,40.807911]],[[-4.2052473,40.8077253],[-4.2050498,40.8080038]],[[-4.1795471,40.824411],[-4.1970221,40.8151353],[-4.2050498,40.8080038]],[[-4.203716961965374,42.825355372593734],[-4.204105327454644,42.82518760493434]],[[-4.196370465914306,42.83633805197379],[-4.204105327454644,42.82518760493434]],[[-4.195654038121339,42.83556547127857],[-4.1973747,42.8311953],[-4.203716961965374,42.825355372593734]],[[-4.203716961965374,42.825355372593734],[-4.196221009153939,42.83617361520821]],[[-4.200905,40.7161582],[-4.1977347,40.7154509]],[[-4.1977347,40.7154509],[-4.200905,40.7161582]],[[-4.2000433,40.7333476],[-4.199476909980365,40.73308479405955]],[[-4.199578906989322,40.73349454661943],[-4.199515184232289,40.73331087680829]],[[-4.197235,40.7321124],[-4.199578906989322,40.73349454661943]],[[-4.199515184232289,40.73331087680829],[-4.199476909980365,40.73308479405955]],[[-4.197235,40.7321124],[-4.199515184232289,40.73331087680829]],[[-4.199476909980365,40.73308479405955],[-4.1978759,40.7293749]],[[-4.199476909980365,40.73308479405955],[-4.1933586,40.7279902]],[[-4.1978759,40.7293749],[-4.1956335,40.7253797]],[[-4.1956335,40.7253797],[-4.1978759,40.7293749]],[[-4.1913298,40.7140283],[-4.1977347,40.7154509]],[[-4.1886656,40.7186689],[-4.1934278,40.7284921],[-4.197235,40.7321124]],[[-4.195111390592308,42.83774024579936],[-4.196370465914306,42.83633805197379]],[[-4.196370465914306,42.83633805197379],[-4.1952418,42.8387123]],[[-4.196221009153939,42.83617361520821],[-4.196370465914306,42.83633805197379]],[[-4.196221009153939,42.83617361520821],[-4.195064367746529,42.83751387429802]],[[-4.195654038121339,42.83556547127857],[-4.196221009153939,42.83617361520821]],[[-4.195064367746529,42.83751387429802],[-4.195654038121339,42.83556547127857]],[[-4.1956335,40.7253797],[-4.1925785,40.721471]],[[-4.1548571,42.8678615],[-4.1692226,42.8590488],[-4.1860302,42.8532081],[-4.1884659,42.8471918],[-4.1952418,42.8387123]],[[-4.1952418,42.8387123],[-4.195111390592308,42.83774024579936]],[[-4.1259791,42.8944988],[-4.1293702,42.8898257],[-4.1376243,42.8846187],[-4.1422964,42.8748801],[-4.1503742,42.8705894],[-4.1573714,42.8621714],[-4.1665666,42.8560712],[-4.1732659,42.8460832],[-4.1820104,42.8414576],[-4.195111390592308,42.83774024579936]],[[-4.195111390592308,42.83774024579936],[-4.195064367746529,42.83751387429802]],[[-4.195064367746529,42.83751387429802],[-4.1823731,42.8411269],[-4.1731603,42.8459036],[-4.1690113,42.8502284],[-4.1663989,42.8559488],[-4.1571171,42.8621195],[-4.1502688,42.8704294],[-4.1420964,42.8747736],[-4.1373595,42.8845045],[-4.1291333,42.8896825],[-4.1257559,42.8944505]],[[-4.1933586,40.7279902],[-4.1937178,40.7255535],[-4.1918104,40.7237525]],[[-4.1933586,40.7279902],[-4.1936631,40.7255645],[-4.1918104,40.7237525]],[[-4.1933586,40.7279902],[-4.1936104,40.725575],[-4.1918104,40.7237525]],[[-4.1933586,40.7279902],[-4.1918104,40.7237525]],[[-4.1933586,40.7279902],[-4.1918104,40.7237525]],[[-4.1933586,40.7279902],[-4.1918104,40.7237525]],[[-4.1933586,40.7279902],[-4.1918104,40.7237525]],[[-4.1933586,40.7279902],[-4.1918104,40.7237525]],[[-4.1933586,40.7279902],[-4.1918104,40.7237525]],[[-4.1933586,40.7279902],[-4.1918104,40.7237525]],[[-4.1933586,40.7279902],[-4.1918104,40.7237525]],[[-4.1933586,40.7279902],[-4.1918104,40.7237525]],[[-4.1933586,40.7279902],[-4.1918104,40.7237525]],[[-4.1933586,40.7279902],[-4.1918104,40.7237525]],[[-4.1933586,40.7279902],[-4.1918104,40.7237525]],[[-4.1933586,40.7279902],[-4.1918104,40.7237525]],[[-4.1933586,40.7279902],[-4.1918104,40.7237525]],[[-4.1933586,40.7279902],[-4.1918104,40.7237525]],[[-4.1933586,40.7279902],[-4.1918104,40.7237525]],[[-4.1933586,40.7279902],[-4.1918104,40.7237525]],[[-4.1933586,40.7279902],[-4.1918104,40.7237525]],[[-4.1933586,40.7279902],[-4.1918104,40.7237525]],[[-4.1933586,40.7279902],[-4.1918104,40.7237525]],[[-4.1925785,40.721471],[-4.1924394,40.7209835]],[[-4.1921993,40.7210937],[-4.1925785,40.721471]],[[-4.1921993,40.7210937],[-4.1924394,40.7209835]],[[-4.1924394,40.7209835],[-4.1923443,40.7207833]],[[-4.1923443,40.7207833],[-4.1921709,40.7203498]],[[-4.1923443,40.7207833],[-4.1920892,40.7207981]],[[-4.1920892,40.7207981],[-4.1921993,40.7210937]],[[-4.1921709,40.7203498],[-4.1920892,40.7207981]],[[-4.1894681,40.7139467],[-4.1921709,40.7203498]],[[-4.1918104,40.7237525],[-4.1877414,40.7169048],[-4.1833152,40.7141775],[-4.1722285,40.712891],[-4.157720535843024,40.71453936370042]],[[-4.1918104,40.7237525],[-4.187238,40.7165853]],[[-4.1913298,40.7140283],[-4.1885081,40.7133919]],[[-4.1885081,40.7133919],[-4.1913298,40.7140283]],[[-4.187238,40.7165853],[-4.1886656,40.7186689]],[[-4.140644853586813,40.70996261146865],[-4.1577587,40.7166453],[-4.1627795,40.7165524],[-4.1735297,40.7131352],[-4.1836534,40.7145682],[-4.1886656,40.7186689]],[[-4.142769925559326,40.707423207923476],[-4.1468066,40.7042427],[-4.1507778,40.7088202],[-4.152835,40.7072189],[-4.1576907,40.7104734],[-4.1602225,40.7085479],[-4.1603006,40.7124487],[-4.1760495,40.710683],[-4.1885081,40.7133919]],[[-4.187238,40.7165853],[-4.1832693,40.7142847],[-4.1743973,40.7130521],[-4.1627199,40.7160359],[-4.157720535843024,40.71453936370042]],[[-4.1809449,42.7569968],[-4.1810242,42.7564608]],[[-4.1810242,42.7564608],[-4.1807416,42.7562609]],[[-4.1810242,42.7564608],[-4.1807171,42.7565322]],[[-4.1807466,42.7571088],[-4.1809449,42.7569968]],[[-4.1807038,42.7569134],[-4.1809449,42.7569968]],[[-4.1804716,42.7576019],[-4.1807466,42.7571088]],[[-4.1807038,42.7569134],[-4.1807466,42.7571088]],[[-4.1807416,42.7562609],[-4.1807171,42.7565322]],[[-4.1807416,42.7562609],[-4.1498535,42.7417892]],[[-4.1807171,42.7565322],[-4.1807038,42.7569134]],[[-4.1805942,42.7584155],[-4.1805157,42.7582047]],[[-4.1802331,42.7582783],[-4.1805942,42.7584155]],[[-4.1805157,42.7582047],[-4.1805231,42.7577873]],[[-4.1805231,42.7577873],[-4.1804716,42.7576019]],[[-4.1805231,42.7577873],[-4.180269,42.7577083]],[[-4.1802331,42.7582783],[-4.1805157,42.7582047]],[[-4.1804716,42.7576019],[-4.180269,42.7577083]],[[-4.180269,42.7577083],[-4.1802331,42.7582783]],[[-4.1795471,40.824411],[-4.1744398,40.8280419]],[[-4.1744398,40.8280419],[-4.1795471,40.824411]],[[-4.174473,40.823162],[-4.1793484,40.8223132]],[[-4.174473,40.823162],[-4.1793484,40.8223132]],[[-4.174473,40.823162],[-4.1793484,40.8223132]],[[-4.174473,40.823162],[-4.1793484,40.8223132]],[[-4.174473,40.823162],[-4.1793484,40.8223132]],[[-4.1792816,40.8221273],[-4.1748819,40.8229151]],[[-4.1792816,40.8221273],[-4.1748819,40.8229151]],[[-4.1792816,40.8221273],[-4.1748819,40.8229151]],[[-4.1792816,40.8221273],[-4.1748819,40.8229151]],[[-4.1792816,40.8221273],[-4.1748819,40.8229151]],[[-4.1792816,40.8221273],[-4.1748819,40.8229151]],[[-4.1792816,40.8221273],[-4.1748819,40.8229151]],[[-4.1792816,40.8221273],[-4.1748819,40.8229151]],[[-4.1792816,40.8221273],[-4.1748819,40.8229151]],[[-4.1758564,40.9513516],[-4.1761799,40.9512475]],[[-4.1761799,40.9512475],[-4.1758799,40.9511486]],[[-4.1758564,40.9513516],[-4.1758799,40.9511486]],[[-4.1758799,40.9511486],[-4.175578,40.9510862]],[[-4.1755737,40.951388],[-4.1758564,40.9513516]],[[-4.175578,40.9510862],[-4.1754654,40.951193]],[[-4.175578,40.9510862],[-4.1752855,40.9510121]],[[-4.1754634,40.951277],[-4.1755737,40.951388]],[[-4.1751684,40.951369],[-4.1755737,40.951388]],[[-4.1754654,40.951193],[-4.1754634,40.951277]],[[-4.1752855,40.9510121],[-4.1754654,40.951193]],[[-4.1754634,40.951277],[-4.1751684,40.951369]],[[-4.1752855,40.9510121],[-4.1616631,40.9473089],[-4.1552107,40.9437675]],[[-4.147616,40.9530788],[-4.1568789,40.9501053],[-4.1751684,40.951369]],[[-4.1751045,40.8989076],[-4.1705198,40.9006748]],[[-4.1705198,40.9006748],[-4.1751045,40.8989076]],[[-4.1748819,40.8229151],[-4.1625258,40.8269425],[-4.157476601950655,40.83541784405847]],[[-4.1748565,42.7547283],[-4.1645537,42.7493163],[-4.133616436686548,42.737887476937146]],[[-4.157765662497141,40.83529218383809],[-4.1597672,40.8301219],[-4.1630667,40.8267833],[-4.174473,40.823162]],[[-4.1638754,40.8324675],[-4.1744398,40.8280419]],[[-4.133262132232164,42.7379211585455],[-4.1735251,42.7541476]],[[-4.1705527,41.6117677],[-4.1633138,41.61048]],[[-4.1633138,41.61048],[-4.1705527,41.6117677]],[[-4.1705198,40.9006748],[-4.164537,40.9033764],[-4.1596622,40.9097194],[-4.1563425,40.9188248]],[[-4.165881945500822,42.401042722342176],[-4.166322564036676,42.40127660595026]],[[-4.023500589820749,42.39617055249477],[-4.0329261,42.4005347],[-4.0395452,42.401473],[-4.059321,42.3970709],[-4.0957394,42.3934191],[-4.1302426,42.3994755],[-4.166322564036676,42.40127660595026]],[[-4.0767018,42.392847],[-4.0821545,42.3911003],[-4.1041931,42.3763914],[-4.1095949,42.3757663],[-4.1318281,42.3834793],[-4.165881945500822,42.401042722342176]],[[-4.165881945500822,42.401042722342176],[-4.1307552,42.3993629],[-4.0958372,42.3932519],[-4.0591928,42.3969127],[-4.0399317,42.4012852],[-4.0334551,42.400519],[-4.023818985724546,42.3961092884696]],[[-4.1638754,40.8324675],[-4.1588191,40.8348362]],[[-4.1588191,40.8348362],[-4.1638754,40.8324675]],[[-4.1633138,41.61048],[-4.1431936,41.6078426],[-4.1379935,41.6035129],[-4.1279947,41.5988566],[-4.1184023,41.600452],[-4.1126298,41.6034309]],[[-4.157765662497141,40.83529218383809],[-4.1588191,40.8348362]],[[-4.157476601950655,40.83541784405847],[-4.157765662497141,40.83529218383809]],[[-4.103953539525193,40.90383966382166],[-4.1163254,40.8878416],[-4.1225738,40.8708792],[-4.12107,40.8609633],[-4.1232717,40.85494],[-4.1411457,40.8441596],[-4.1528831,40.8405938],[-4.157765662497141,40.83529218383809]],[[-4.157720535843024,40.71453936370042],[-4.142769925559326,40.707423207923476]],[[-4.157720535843024,40.71453936370042],[-4.141739382911408,40.70894913124507]],[[-4.1484334,40.839279],[-4.157476601950655,40.83541784405847]],[[-4.157476601950655,40.83541784405847],[-4.1530112,40.8403101],[-4.1403401,40.8443455],[-4.1230294,40.854921],[-4.1208696,40.860429],[-4.122319,40.8709773],[-4.1160309,40.8880118],[-4.103740014657206,40.90380093048955]],[[-4.1563425,40.9188248],[-4.1535794,40.9200643]],[[-4.1563425,40.9188248],[-4.1542923,40.9207113]],[[-4.1552107,40.9437675],[-4.1540787,40.9431268]],[[-4.1538543,40.9432909],[-4.1552107,40.9437675]],[[-4.1548048,41.0019433],[-4.1550481,41.0018848]],[[-4.1550481,41.0018848],[-4.1548883,41.0017646]],[[-4.1548883,41.0017646],[-4.1550481,41.0018848]],[[-4.1549516,40.9289596],[-4.1540091,40.940972]],[[-4.1549516,40.9289596],[-4.1542,40.9255546]],[[-4.1542,40.9255546],[-4.1549516,40.9289596]],[[-4.1548883,41.0017646],[-4.1548048,41.0019433]],[[-4.1540983957941275,41.00244447166668],[-4.1548048,41.0019433]],[[-4.1540891,42.8677113],[-4.1543094,42.8676183]],[[-4.154267,42.8678201],[-4.1543094,42.8676183]],[[-4.1543094,42.8676183],[-4.1540891,42.8677113]],[[-4.1542923,40.9207113],[-4.1537076,40.9210427]],[[-4.153274240521717,40.92136652755581],[-4.1542923,40.9207113]],[[-4.1471765,42.8726994],[-4.154267,42.8678201]],[[-4.1540891,42.8677113],[-4.154267,42.8678201]],[[-4.1539355,40.9243799],[-4.1542,40.9255546]],[[-4.153982445974415,41.00252742375191],[-4.1540983957941275,41.00244447166668]],[[-4.1540983957941275,41.00244447166668],[-4.141124805693561,40.99104802717448]],[[-4.1538543,40.9432909],[-4.1540787,40.9431268]],[[-4.1540787,40.9431268],[-4.1540442,40.9430159]],[[-4.1536909,40.9241103],[-4.1540648,40.9240481]],[[-4.1539355,40.9243799],[-4.1540648,40.9240481]],[[-4.1540648,40.9240481],[-4.1539591,40.9236118]],[[-4.1540442,40.9430159],[-4.1540091,40.940972]],[[-4.1540442,40.9430159],[-4.1537083,40.9429602]],[[-4.1540091,40.940972],[-4.1537083,40.9429602]],[[-4.1530699,41.0031743],[-4.153982445974415,41.00252742375191]],[[-4.140946689935399,40.99115934070572],[-4.153982445974415,41.00252742375191]],[[-4.1539591,40.9236118],[-4.1536588,40.9229092]],[[-4.1539591,40.9236118],[-4.1536317,40.9236257]],[[-4.1536909,40.9241103],[-4.1539355,40.9243799]],[[-4.1537905,40.9432871],[-4.1538543,40.9432909]],[[-4.1536226,40.9430366],[-4.1537905,40.9432871]],[[-4.1525241,40.9436009],[-4.1537905,40.9432871]],[[-4.1537083,40.9429602],[-4.1536226,40.9430366]],[[-4.1537076,40.9210427],[-4.153260725118924,40.92130404409123]],[[-4.1535794,40.9200643],[-4.1537076,40.9210427]],[[-4.1536317,40.9236257],[-4.1536909,40.9241103]],[[-4.153274240521717,40.92136652755581],[-4.1536317,40.9236257]],[[-4.1536226,40.9430366],[-4.1525241,40.9436009]],[[-4.1535794,40.9200643],[-4.153260725118924,40.92130404409123]],[[-4.107565378009008,40.920238361782424],[-4.1223248,40.9187386],[-4.1452368,40.9231079],[-4.153274240521717,40.92136652755581]],[[-4.153260725118924,40.92130404409123],[-4.153274240521717,40.92136652755581]],[[-4.153260725118924,40.92130404409123],[-4.1449542,40.922965],[-4.121461,40.9185227],[-4.107509880398642,40.92013615300222]],[[-4.1530699,41.0031743],[-4.1528202,41.0032514]],[[-4.1529551,41.0033583],[-4.1530699,41.0031743]],[[-4.1525388,41.0036479],[-4.1529551,41.0033583]],[[-4.1529551,41.0033583],[-4.1528202,41.0032514]],[[-4.1528202,41.0032514],[-4.1524195,41.0035555]],[[-4.1523299,41.0037147],[-4.1525388,41.0036479]],[[-4.1524195,41.0035555],[-4.1525388,41.0036479]],[[-4.1525241,40.9436009],[-4.1388438,40.9429266],[-4.1312366,40.9445646]],[[-4.1524195,41.0035555],[-4.1523299,41.0037147]],[[-4.1523299,41.0037147],[-4.1484465,41.0068877],[-4.1427353,41.018223],[-4.1430399,41.0231364],[-4.1398107,41.0341141],[-4.132051,41.0449695],[-4.1344202,41.0652958],[-4.1240454,41.0921124],[-4.1260004,41.103146],[-4.1209156,41.1132809]],[[-4.1494442,42.741912],[-4.1498535,42.7417892]],[[-4.1498535,42.7417892],[-4.1495009,42.7416977]],[[-4.1494442,42.741912],[-4.1495009,42.7416977]],[[-4.1495009,42.7416977],[-4.1490065,42.7415122]],[[-4.148797,42.7416804],[-4.1494442,42.741912]],[[-4.1490065,42.7415122],[-4.148797,42.7416804]],[[-4.1490065,42.7415122],[-4.1487221,42.7414652]],[[-4.1487221,42.7414652],[-4.148797,42.7416804]],[[-4.1487221,42.7414652],[-4.133616436686548,42.737887476937146]],[[-4.1484334,40.839279],[-4.1456419,40.8405435]],[[-4.1456419,40.8405435],[-4.1484334,40.839279]],[[-4.147616,40.9530788],[-4.1472689,40.9531438]],[[-4.1474137,40.9532617],[-4.147616,40.9530788]],[[-4.1473715,40.9533385],[-4.1474137,40.9532617]],[[-4.1474137,40.9532617],[-4.1472689,40.9531438]],[[-4.1471784,40.9533559],[-4.1473715,40.9533385]],[[-4.1472154,40.9535491],[-4.1473715,40.9533385]],[[-4.1472689,40.9531438],[-4.1471118,40.9532348]],[[-4.1472154,40.9535491],[-4.1377726,40.9629128],[-4.1408467,40.9673681],[-4.136522,40.9699383]],[[-4.1471784,40.9533559],[-4.1472154,40.9535491]],[[-4.1471543,40.9533414],[-4.1471784,40.9533559]],[[-4.147005473220805,42.872764510316024],[-4.1471765,42.8726994]],[[-4.147164581933845,42.87271185979643],[-4.1471765,42.8726994]],[[-4.1471765,42.8726994],[-4.147164581933845,42.87271185979643]],[[-4.147164581933845,42.87271185979643],[-4.147005473220805,42.872764510316024]],[[-4.1456288,42.8737599],[-4.147164581933845,42.87271185979643]],[[-4.1469171,40.9533744],[-4.1471543,40.9533414]],[[-4.1471118,40.9532348],[-4.1471543,40.9533414]],[[-4.1471118,40.9532348],[-4.1469171,40.9533744]],[[-4.147005473220805,42.872764510316024],[-4.1456288,42.8737599]],[[-4.1456288,42.8737599],[-4.147005473220805,42.872764510316024]],[[-4.119847,40.9525319],[-4.1325725,40.9540411],[-4.135761,40.9559654],[-4.1403214,40.9531622],[-4.1469171,40.9533744]],[[-4.0992367,40.8828946],[-4.1006832,40.8669366],[-4.0981702,40.8627976],[-4.1063771,40.8624657],[-4.1456419,40.8405435]],[[-4.1447535,42.8751747],[-4.1456288,42.8737599]],[[-4.141739382911408,40.70894913124507],[-4.142769925559326,40.707423207923476]],[[-4.142769925559326,40.707423207923476],[-4.132464707606252,40.7028735128859]],[[-4.1412429,40.7094366],[-4.141739382911408,40.70894913124507]],[[-4.141739382911408,40.70894913124507],[-4.132464707606252,40.7028735128859]],[[-4.1412429,40.7094366],[-4.140547454470307,40.70990954327488]],[[-4.140644853586813,40.70996261146865],[-4.1412429,40.7094366]],[[-4.141124805693561,40.99104802717448],[-4.140946689935399,40.99115934070572]],[[-4.1358023,40.9711665],[-4.1372624,40.9791041],[-4.141772,40.9879255],[-4.141124805693561,40.99104802717448]],[[-4.141124805693561,40.99104802717448],[-4.131051,40.9836083],[-4.1181932,40.9780975]],[[-4.140946689935399,40.99115934070572],[-4.1404548,40.9919812]],[[-4.1253964,40.9813671],[-4.140946689935399,40.99115934070572]],[[-4.1380743,40.7102408],[-4.140644853586813,40.70996261146865]],[[-4.140547454470307,40.70990954327488],[-4.140644853586813,40.70996261146865]],[[-4.140547454470307,40.70990954327488],[-4.1380743,40.7102408]],[[-4.131197956660158,40.70225731578133],[-4.140547454470307,40.70990954327488]],[[-4.128671,40.7081551],[-4.1308542,40.7066551],[-4.1331258,40.707611],[-4.1313719,40.7109404],[-4.1326019,40.713508],[-4.1380743,40.7102408]],[[-4.136522,40.9699383],[-4.1358166,40.9701249]],[[-4.1359789,40.9703508],[-4.136522,40.9699383]],[[-4.1359153,40.9704351],[-4.1359789,40.9703508]],[[-4.1359789,40.9703508],[-4.1358166,40.9701249]],[[-4.1355289,40.9704045],[-4.1359153,40.9704351]],[[-4.1358023,40.9711665],[-4.1359153,40.9704351]],[[-4.1358166,40.9701249],[-4.1355289,40.9704045]],[[-4.1355289,40.9704045],[-4.1358023,40.9711665]],[[-4.133616436686548,42.737887476937146],[-4.133262132232164,42.7379211585455]],[[-4.133616436686548,42.737887476937146],[-4.1153908,42.7320828],[-4.094255172272663,42.73262515048155]],[[-4.133262132232164,42.7379211585455],[-4.115616,42.7345318],[-4.094564789014167,42.73276183137609]],[[-4.094564789014167,42.73276183137609],[-4.1144708,42.7321293],[-4.133262132232164,42.7379211585455]],[[-4.132464707606252,40.7028735128859],[-4.1296581,40.6997724]],[[-4.132464707606252,40.7028735128859],[-4.131197956660158,40.70225731578133]],[[-4.1309175,40.9446193],[-4.1312366,40.9445646]],[[-4.1312366,40.9445646],[-4.1309522,40.9444947]],[[-4.1293581,40.7002164],[-4.131197956660158,40.70225731578133]],[[-4.131197956660158,40.70225731578133],[-4.1269333,40.7001566]],[[-4.1309175,40.9446193],[-4.1309522,40.9444947]],[[-4.1309522,40.9444947],[-4.1306593,40.9444755]],[[-4.1306735,40.9446116],[-4.1309175,40.9446193]],[[-4.1306593,40.9444755],[-4.1306735,40.9446116]],[[-4.1303314,40.9445324],[-4.1306735,40.9446116]],[[-4.1306593,40.9444755],[-4.1303314,40.9445324]],[[-4.1303314,40.9445324],[-4.1291749,40.9444802]],[[-4.1273713,40.9444867],[-4.1291749,40.9444802]],[[-4.1291749,40.9444802],[-4.1274272,40.9443424]],[[-4.1273713,40.9444867],[-4.1274272,40.9443424]],[[-4.1274272,40.9443424],[-4.126619,40.9443024]],[[-4.1265928,40.9444087],[-4.1273713,40.9444867]],[[-4.126619,40.9443024],[-4.1256433,40.9443084]],[[-4.126619,40.9443024],[-4.1265928,40.9444087]],[[-4.1256433,40.9443084],[-4.1265928,40.9444087]],[[-4.1214771,40.9444964],[-4.1256433,40.9443084]],[[-4.118031,40.9783842],[-4.1253964,40.9813671]],[[-4.086134718572131,40.97310548841146],[-4.0892121,40.9763643],[-4.0944394,40.9784594],[-4.1068187,40.9807809],[-4.1196124,40.9798456],[-4.1253964,40.9813671]],[[-4.1239891,40.9469265],[-4.1238872,40.9469618]],[[-4.1238872,40.9469618],[-4.1239891,40.9469265]],[[-4.1239891,40.9469265],[-4.1213823,40.944611]],[[-4.1212725,40.9447163],[-4.1238872,40.9469618]],[[-4.1214771,40.9444964],[-4.1213129,40.9445516]],[[-4.1213823,40.944611],[-4.1214771,40.9444964]],[[-4.1212725,40.9447163],[-4.1213823,40.944611]],[[-4.1213823,40.944611],[-4.1213129,40.9445516]],[[-4.1213129,40.9445516],[-4.1212827,40.9445463]],[[-4.1212827,40.9445463],[-4.1178006,40.9417712]],[[-4.1212827,40.9445463],[-4.1211696,40.9445968]],[[-4.1211696,40.9445968],[-4.1212725,40.9447163]],[[-4.1176887,40.9418606],[-4.1211696,40.9445968]],[[-4.1209156,41.1132809],[-4.1188648,41.1155101]],[[-4.1188648,41.1155101],[-4.1209156,41.1132809]],[[-4.1196646,40.9524607],[-4.119847,40.9525319]],[[-4.119847,40.9525319],[-4.1196646,40.9524607]],[[-4.1174055,40.948429],[-4.1160329,40.950736],[-4.1196646,40.9524607]],[[-3.9371807,41.214011],[-3.9789649,41.2081605],[-3.9821703,41.2065625],[-3.993017,41.1942757],[-4.0067281,41.1586462],[-4.0051913,41.1572391],[-4.0079886,41.1528927],[-4.0528139,41.1469853],[-4.0832988,41.1365959],[-4.1122024,41.1215232],[-4.1188648,41.1155101]],[[-4.1188235,40.9797455],[-4.107453,40.9806653],[-4.0939871,40.978187],[-4.086309670443609,40.9730483256646]],[[-4.118031,40.9783842],[-4.1181932,40.9780975]],[[-4.1181932,40.9780975],[-4.1178284,40.9778624]],[[-4.1174554,40.9780787],[-4.118031,40.9783842]],[[-4.1178284,40.9778624],[-4.1174554,40.9780787]],[[-4.1178284,40.9778624],[-4.1088183,40.9730226]],[[-4.1176887,40.9418606],[-4.1178006,40.9417712]],[[-4.1178006,40.9417712],[-4.1176738,40.9416625]],[[-4.117542,40.9417355],[-4.1176887,40.9418606]],[[-4.1176738,40.9416625],[-4.117542,40.9417355]],[[-4.1176738,40.9416625],[-4.1139631,40.9372283]],[[-4.1138885,40.9373709],[-4.117542,40.9417355]],[[-4.1086404,40.9733051],[-4.1138851,40.9748757],[-4.1174554,40.9780787]],[[-4.1174055,40.948429],[-4.1173339,40.9481983]],[[-4.1171919,40.9482818],[-4.1174055,40.948429]],[[-4.1172481,40.9482342],[-4.1173339,40.9481983]],[[-4.1173339,40.9481983],[-4.1170944,40.9480297]],[[-4.1171506,40.9482266],[-4.1172481,40.9482342]],[[-4.1171919,40.9482818],[-4.1172481,40.9482342]],[[-4.1111105,40.9516266],[-4.1171919,40.9482818]],[[-4.1171506,40.9482266],[-4.1171919,40.9482818]],[[-4.1170763,40.9481783],[-4.1171506,40.9482266]],[[-4.1170944,40.9480297],[-4.1168853,40.9480956]],[[-4.1170944,40.9480297],[-4.1170569,40.9481441]],[[-4.1170763,40.9481783],[-4.1114166,40.9514391]],[[-4.1170569,40.9481441],[-4.1170763,40.9481783]],[[-4.1168853,40.9480956],[-4.1170569,40.9481441]],[[-4.1127966,40.9473333],[-4.1168853,40.9480956]],[[-4.1138885,40.9373709],[-4.1139631,40.9372283]],[[-4.1139631,40.9372283],[-4.113893,40.9371535]],[[-4.113893,40.9371535],[-4.1131804,40.9355484]],[[-4.113893,40.9371535],[-4.1138163,40.9371321]],[[-4.1136364,40.9373075],[-4.1138885,40.9373709]],[[-4.1138163,40.9371321],[-4.1131804,40.9355484]],[[-4.1138163,40.9371321],[-4.1136364,40.9373075]],[[-4.1127469,40.9364601],[-4.1136364,40.9373075]],[[-4.1131804,40.9355484],[-4.1125823,40.93608]],[[-4.1127966,40.9473333],[-4.1126583,40.9471449]],[[-4.1125752,40.9472436],[-4.1127966,40.9473333]],[[-4.1125823,40.93608],[-4.1127469,40.9364601]],[[-4.1122602,40.9362761],[-4.1127469,40.9364601]],[[-4.1125752,40.9472436],[-4.1126583,40.9471449]],[[-4.1126583,40.9471449],[-4.1124927,40.9469689]],[[-4.1126298,41.6034309],[-4.1123215,41.6034504]],[[-4.1123733,41.6035962],[-4.1126298,41.6034309]],[[-4.1125823,40.93608],[-4.1123931,40.9361427]],[[-4.1123449,40.9469941],[-4.1125752,40.9472436]],[[-4.1124927,40.9469689],[-4.1087843,40.9428072]],[[-4.1124927,40.9469689],[-4.1123449,40.9469941]],[[-4.1122602,40.9362761],[-4.1123931,40.9361427]],[[-4.1123931,40.9361427],[-4.1123324,40.9361351]],[[-4.1121468,41.6037354],[-4.1123733,41.6035962]],[[-4.1123733,41.6035962],[-4.1123215,41.6034504]],[[-4.1086544,40.942905],[-4.1123449,40.9469941]],[[-4.1123324,40.9361351],[-4.1122346,40.9362013]],[[-4.1123324,40.9361351],[-4.1121703,40.9360794]],[[-4.1123215,41.6034504],[-4.1119315,41.6036237]],[[-4.1122346,40.9362013],[-4.1122602,40.9362761]],[[-4.1121703,40.9360794],[-4.1122346,40.9362013]],[[-4.1121703,40.9360794],[-4.1105095,40.9347694]],[[-4.111762,41.603896],[-4.1121468,41.6037354]],[[-4.1119315,41.6036237],[-4.1121468,41.6037354]],[[-4.1119315,41.6036237],[-4.111762,41.603896]],[[-4.111762,41.603896],[-4.0990835,41.6105989],[-4.0907347,41.6120409],[-4.060741,41.6083046],[-4.0430863,41.6035711],[-4.0148741,41.609008],[-3.9828983,41.6083267],[-3.9761142,41.6106917],[-3.927732,41.6143286],[-3.9085132,41.6175809],[-3.8945417,41.6231557],[-3.8791148,41.626294]],[[-4.1114166,40.9514391],[-4.1111605,40.9512939]],[[-4.1114166,40.9514391],[-4.1111107,40.951532]],[[-4.1111105,40.9516266],[-4.1111107,40.951532]],[[-4.1111107,40.951532],[-4.1108027,40.951707]],[[-4.110897,40.9517321],[-4.1111105,40.9516266]],[[-4.1095797,40.9524514],[-4.110897,40.9517321]],[[-4.1108027,40.951707],[-4.110897,40.9517321]],[[-4.1108027,40.951707],[-4.1094524,40.9524589]],[[-4.1105095,40.9347694],[-4.10948,40.9340186]],[[-4.1094493,40.9341212],[-4.1105095,40.9347694]],[[-4.1077383,40.9323901],[-4.1100641,40.9304448]],[[-4.1088866,40.9334319],[-4.1100641,40.9304448]],[[-4.1100641,40.9304448],[-4.1097666,40.9277281]],[[-4.1095511,40.9277127],[-4.1097666,40.9277281]],[[-4.1097666,40.9277281],[-4.1096989,40.9273548]],[[-4.1096989,40.9273548],[-4.108933,40.9243796]],[[-4.1096989,40.9273548],[-4.1094662,40.9274428]],[[-4.1094524,40.9524589],[-4.1095797,40.9524514]],[[-4.1070812,40.9575912],[-4.1095797,40.9524514]],[[-4.1095511,40.9277127],[-4.1098589,40.9309472],[-4.1076097,40.932211]],[[-4.1094662,40.9274428],[-4.1095511,40.9277127]],[[-4.1094493,40.9341212],[-4.10948,40.9340186]],[[-4.10948,40.9340186],[-4.1093867,40.9339062]],[[-4.108604,40.924378],[-4.1094662,40.9274428]],[[-4.1094524,40.9524589],[-4.1072229,40.9570219]],[[-4.1090914,40.9339662],[-4.1094493,40.9341212]],[[-4.1093867,40.9339062],[-4.1088866,40.9334319]],[[-4.1093867,40.9339062],[-4.1090914,40.9339662]],[[-4.1074594,40.9325126],[-4.1090914,40.9339662]],[[-4.108604,40.924378],[-4.108933,40.9243796]],[[-4.108933,40.9243796],[-4.1088947,40.9238054]],[[-4.1088947,40.9238054],[-4.107565378009008,40.920238361782424]],[[-4.1088947,40.9238054],[-4.1085714,40.9238303]],[[-4.1088866,40.9334319],[-4.1077338,40.9324043]],[[-4.1086404,40.9733051],[-4.1088183,40.9730226]],[[-4.1088183,40.9730226],[-4.1083956,40.9728791]],[[-4.1086544,40.942905],[-4.1087843,40.9428072]],[[-4.1087843,40.9428072],[-4.1085362,40.9426443]],[[-4.1084309,40.9428071],[-4.1086544,40.942905]],[[-4.1082173,40.973108],[-4.1086404,40.9733051]],[[-4.1085714,40.9238303],[-4.108604,40.924378]],[[-4.107426325742197,40.92025902090379],[-4.1085714,40.9238303]],[[-4.1085362,40.9426443],[-4.1084309,40.9428071]],[[-4.1085362,40.9426443],[-4.1042041,40.9401627]],[[-4.1040107,40.9403223],[-4.1084309,40.9428071]],[[-4.1083956,40.9728791],[-4.1082173,40.973108]],[[-4.1083956,40.9728791],[-4.1043083,40.9707055]],[[-4.1041803,40.9708735],[-4.1082173,40.973108]],[[-4.1077338,40.9324043],[-4.1077383,40.9323901]],[[-4.1077383,40.9323901],[-4.1076097,40.932211]],[[-4.1074594,40.9325126],[-4.1077338,40.9324043]],[[-4.1074151,40.959443],[-4.1076517,40.9594093]],[[-4.1076517,40.9594093],[-4.1118698,40.9598421],[-4.1070221,40.9645342]],[[-4.1076517,40.9594093],[-4.1076211,40.9592932]],[[-4.1071479,40.9646232],[-4.111961,40.9598477],[-4.1076211,40.9592932]],[[-4.1076211,40.9592932],[-4.1073812,40.9593403]],[[-4.1076097,40.932211],[-4.1073157,40.9323489]],[[-4.107426325742197,40.92025902090379],[-4.107565378009008,40.920238361782424]],[[-4.107565378009008,40.920238361782424],[-4.107509880398642,40.92013615300222]],[[-4.107509880398642,40.92013615300222],[-4.107370908668975,40.92015616782936]],[[-4.107509880398642,40.92013615300222],[-4.1037263,40.9124465],[-4.1035800848537995,40.9050715330189]],[[-4.1074242,40.9325007],[-4.1074594,40.9325126]],[[-4.087195260793574,40.92732178038297],[-4.0939308,40.9225868],[-4.107426325742197,40.92025902090379]],[[-4.107370908668975,40.92015616782936],[-4.107426325742197,40.92025902090379]],[[-4.1073157,40.9323489],[-4.1074242,40.9325007]],[[-4.1039234,40.9338604],[-4.1074242,40.9325007]],[[-4.1067496,40.9577302],[-4.1074151,40.959443]],[[-4.1073812,40.9593403],[-4.1074151,40.959443]],[[-4.1073812,40.9593403],[-4.1069986,40.9577595]],[[-4.107370908668975,40.92015616782936],[-4.093795,40.9224053],[-4.086997042584266,40.927226647337264]],[[-4.103358374296748,40.905034663483285],[-4.103542,40.9127341],[-4.107370908668975,40.92015616782936]],[[-4.1073157,40.9323489],[-4.1038509,40.933731]],[[-4.1072229,40.9570219],[-4.1063168,40.9576789]],[[-4.1072229,40.9570219],[-4.1068482,40.9575059]],[[-4.1069242,40.9647842],[-4.1071479,40.9646232]],[[-4.1071479,40.9646232],[-4.1070221,40.9645342]],[[-4.1069986,40.9577595],[-4.1070812,40.9575912]],[[-4.1070812,40.9575912],[-4.1068482,40.9575059]],[[-4.1070221,40.9645342],[-4.1068135,40.9646888]],[[-4.1067733,40.9577346],[-4.1069986,40.9577595]],[[-4.1030962,40.9674657],[-4.1069242,40.9647842]],[[-4.1068135,40.9646888],[-4.1069242,40.9647842]],[[-4.1068482,40.9575059],[-4.1068196,40.9575153]],[[-4.1068196,40.9575153],[-4.1063168,40.9576789]],[[-4.1068196,40.9575153],[-4.1067388,40.9576961]],[[-4.1068135,40.9646888],[-4.1030298,40.9673168]],[[-4.1067388,40.9576961],[-4.1067733,40.9577346]],[[-4.1067496,40.9577302],[-4.1067733,40.9577346]],[[-4.1067388,40.9576961],[-4.1067496,40.9577302]],[[-4.1014239,40.9609157],[-4.1067496,40.9577302]],[[-4.1063168,40.9576789],[-4.1011887,40.9608127]],[[-4.1060031,42.1403904],[-4.0902049,42.1480855],[-4.0850212,42.1531386]],[[-4.1046718,40.9053573],[-4.1043233,40.9070728]],[[-4.1046718,40.9053573],[-4.1044775,40.9045672]],[[-4.104052,40.9049976],[-4.1046718,40.9053573]],[[-4.104052,40.9049976],[-4.1044775,40.9045672]],[[-4.1044775,40.9045672],[-4.103953539525193,40.90383966382166]],[[-4.1042542,40.9073207],[-4.1044606,40.9073179]],[[-4.1044606,40.9073179],[-4.1043233,40.9070728]],[[-4.1044606,40.9073179],[-4.1042542,40.9073207]],[[-4.1043233,40.9070728],[-4.1042542,40.9073207]],[[-4.1041803,40.9708735],[-4.1043083,40.9707055]],[[-4.1043083,40.9707055],[-4.1040399,40.9705944]],[[-4.1040107,40.9403223],[-4.1042041,40.9401627]],[[-4.1042041,40.9401627],[-4.1038172,40.9398806]],[[-4.1039213,40.9706991],[-4.1041803,40.9708735]],[[-4.1035800848537995,40.9050715330189],[-4.104052,40.9049976]],[[-4.1040399,40.9705944],[-4.1039213,40.9706991]],[[-4.1040399,40.9705944],[-4.1016291,40.9688485],[-4.1028902,40.9675768]],[[-4.1036221,40.9400135],[-4.1040107,40.9403223]],[[-4.1035800848537995,40.9050715330189],[-4.103953539525193,40.90383966382166]],[[-4.103953539525193,40.90383966382166],[-4.103740014657206,40.90380093048955]],[[-4.1036411,40.9339819],[-4.1039234,40.9338604]],[[-4.1039234,40.9338604],[-4.1038509,40.933731]],[[-4.1027206,40.9674698],[-4.101519,40.9688597],[-4.1039213,40.9706991]],[[-4.1038509,40.933731],[-4.103529,40.9338377]],[[-4.1038172,40.9398806],[-4.1036221,40.9400135]],[[-4.1038172,40.9398806],[-4.0995628,40.9362715]],[[-4.103740014657206,40.90380093048955],[-4.103358374296748,40.905034663483285]],[[-4.103740014657206,40.90380093048955],[-4.1031598,40.9039159]],[[-4.0995834,40.9359998],[-4.1036411,40.9339819]],[[-4.103529,40.9338377],[-4.1036411,40.9339819]],[[-4.099281,40.9364271],[-4.1036221,40.9400135]],[[-4.103358374296748,40.905034663483285],[-4.1035800848537995,40.9050715330189]],[[-4.103529,40.9338377],[-4.0994086,40.9358485]],[[-4.1028059,40.9044416],[-4.103358374296748,40.905034663483285]],[[-4.1031598,40.9039159],[-4.1022227,40.9036922]],[[-4.1031598,40.9039159],[-4.1028059,40.9044416]],[[-4.1028902,40.9675768],[-4.1030962,40.9674657]],[[-4.1030962,40.9674657],[-4.1030298,40.9673168]],[[-4.1030298,40.9673168],[-4.1027206,40.9674698]],[[-4.1027206,40.9674698],[-4.1028902,40.9675768]],[[-4.1022227,40.9036922],[-4.1028059,40.9044416]],[[-4.1022227,40.9036922],[-4.1029852,40.9007137],[-4.1002706,40.8880098]],[[-4.1012296,40.9611212],[-4.1014239,40.9609157]],[[-4.1014239,40.9609157],[-4.1011887,40.9608127]],[[-4.1009566,40.9614567],[-4.1012296,40.9611212]],[[-4.1010734,40.9610681],[-4.1012296,40.9611212]],[[-4.1011887,40.9608127],[-4.1010734,40.9610681]],[[-4.1010734,40.9610681],[-4.1009566,40.9614567]],[[-4.1009566,40.9614567],[-4.0985601,40.9652753]],[[-4.1002706,40.8880098],[-4.0992367,40.8828946]],[[-4.0992367,40.8828946],[-4.1002706,40.8880098]],[[-4.0995628,40.9362715],[-4.0995834,40.9359998]],[[-4.0995834,40.9359998],[-4.0994086,40.9358485]],[[-4.099281,40.9364271],[-4.0995628,40.9362715]],[[-4.0994086,40.9358485],[-4.0991133,40.9358127]],[[-4.0988171,40.9359976],[-4.099281,40.9364271]],[[-4.0991133,40.9358127],[-4.0988171,40.9359976]],[[-4.0991133,40.9358127],[-4.0897325,40.9291755]],[[-4.0895256,40.9293236],[-4.0988171,40.9359976]],[[-4.0985601,40.9652753],[-4.0981977,40.9655043]],[[-4.0983469,40.9655993],[-4.0985601,40.9652753]],[[-4.0982234,40.9657805],[-4.0983469,40.9655993]],[[-4.0983469,40.9655993],[-4.0981977,40.9655043]],[[-4.098171,40.9657867],[-4.0982234,40.9657805]],[[-4.0980813,40.9658206],[-4.0982234,40.9657805]],[[-4.0981977,40.9655043],[-4.0980968,40.9655134]],[[-4.0980813,40.9658206],[-4.098171,40.9657867]],[[-4.0980581,40.9657595],[-4.098171,40.9657867]],[[-4.0980968,40.9655134],[-4.0979847,40.9656152]],[[-4.0980968,40.9655134],[-4.0979847,40.9656152]],[[-4.097804,40.9659499],[-4.0980813,40.9658206]],[[-4.0980581,40.9657595],[-4.0980813,40.9658206]],[[-4.0979941,40.9656975],[-4.0980581,40.9657595]],[[-4.0979941,40.9656975],[-4.097804,40.9659499]],[[-4.0979847,40.9656152],[-4.0979941,40.9656975]],[[-4.097804,40.9659499],[-4.0951692,40.9677939]],[[-4.0951692,40.9677939],[-4.0947889,40.968042]],[[-4.0949567,40.9681376],[-4.0951692,40.9677939]],[[-4.0947406,40.9683421],[-4.0949567,40.9681376]],[[-4.0949567,40.9681376],[-4.0947889,40.968042]],[[-4.0947889,40.968042],[-4.0946212,40.9682937]],[[-4.0944852,40.9685814],[-4.0947406,40.9683421]],[[-4.0946212,40.9682937],[-4.0947406,40.9683421]],[[-4.0946212,40.9682937],[-4.0944852,40.9685814]],[[-4.0555404,42.7255971],[-4.0792977,42.7325487],[-4.094564789014167,42.73276183137609]],[[-4.094255172272663,42.73262515048155],[-4.094564789014167,42.73276183137609]],[[-4.0944852,40.9685814],[-4.0907624,40.9713737]],[[-4.094255172272663,42.73262515048155],[-4.0792897,42.7323718],[-4.055506,42.7254123]],[[-4.094255172272663,42.73262515048155],[-4.0536474,42.7228979]],[[-4.0907929,42.0768683],[-4.0708639,42.0776032],[-4.0701405,42.0792317]],[[-4.0907624,40.9713737],[-4.0892692,40.9720554]],[[-4.0893857,40.9722004],[-4.0907624,40.9713737]],[[-4.0895256,40.9293236],[-4.0897325,40.9291755]],[[-4.0897325,40.9291755],[-4.0893677,40.9289079]],[[-4.0891713,40.9291285],[-4.0895256,40.9293236]],[[-4.0890437,40.9723126],[-4.0893857,40.9722004]],[[-4.0893857,40.9722004],[-4.0892692,40.9720554]],[[-4.0893677,40.9289079],[-4.0891713,40.9291285]],[[-4.0893677,40.9289079],[-4.087411,40.9276479]],[[-4.0892692,40.9720554],[-4.0889746,40.9722114]],[[-4.0872669,40.927851],[-4.0891713,40.9291285]],[[-4.0865768,40.9728105],[-4.0890437,40.9723126]],[[-4.0889746,40.9722114],[-4.0890437,40.9723126]],[[-4.0889746,40.9722114],[-4.0865972,40.9726095]],[[-4.0872669,40.927851],[-4.087411,40.9276479]],[[-4.087411,40.9276479],[-4.087195260793574,40.92732178038297]],[[-4.086834667132145,40.92786841869366],[-4.0872669,40.927851]],[[-4.086834667132145,40.92786841869366],[-4.087195260793574,40.92732178038297]],[[-4.087195260793574,40.92732178038297],[-4.086997042584266,40.927226647337264]],[[-4.086997042584266,40.927226647337264],[-4.08661047912872,40.92780746884387]],[[-4.086997042584266,40.927226647337264],[-4.0861979,40.9271767]],[[-4.085980395650845,40.97239649819977],[-4.0856409,40.9676509],[-4.0908035,40.9529825],[-4.085726,40.9423995],[-4.0854871,40.9320869],[-4.086834667132145,40.92786841869366]],[[-4.08661047912872,40.92780746884387],[-4.086834667132145,40.92786841869366]],[[-4.08661047912872,40.92780746884387],[-4.0852766,40.9317355],[-4.0854697,40.9422808],[-4.0906616,40.9529979],[-4.0854176,40.9676384],[-4.085792959657538,40.97243363531483]],[[-4.0860775,40.927345],[-4.08661047912872,40.92780746884387]],[[-4.0865768,40.9728105],[-4.0865972,40.9726095]],[[-4.0865972,40.9726095],[-4.085980395650845,40.97239649819977]],[[-4.086309670443609,40.9730483256646],[-4.0865768,40.9728105]],[[-4.086134718572131,40.97310548841146],[-4.086309670443609,40.9730483256646]],[[-4.086309670443609,40.9730483256646],[-4.085980395650845,40.97239649819977]],[[-4.0861979,40.9271767],[-4.0858106,40.9270956]],[[-4.0861979,40.9271767],[-4.0860775,40.927345]],[[-4.0854688,40.9730316],[-4.086134718572131,40.97310548841146]],[[-4.085792959657538,40.97243363531483],[-4.086134718572131,40.97310548841146]],[[-4.0858106,40.9270956],[-4.0860775,40.927345]],[[-4.085980395650845,40.97239649819977],[-4.085792959657538,40.97243363531483]],[[-4.0858106,40.9270956],[-4.0806159,40.9236067]],[[-4.085792959657538,40.97243363531483],[-4.0853566,40.972824]],[[-4.0853566,40.972824],[-4.0854688,40.9730316]],[[-4.0850788,40.9730237],[-4.0854688,40.9730316]],[[-4.0853566,40.972824],[-4.0850788,40.9730237]],[[-4.0612617,40.9831098],[-4.0676629,40.9817384],[-4.0772947,40.9772662],[-4.0809423,40.9735906],[-4.0850788,40.9730237]],[[-4.0806159,40.9236067],[-4.0801375,40.9231123]],[[-4.0799283,40.9233011],[-4.0806159,40.9236067]],[[-4.0799283,40.9233011],[-4.0801375,40.9231123]],[[-4.0801375,40.9231123],[-4.0797981,40.9228968]],[[-4.0795887,40.9230789],[-4.0799283,40.9233011]],[[-4.0797981,40.9228968],[-4.0795887,40.9230789]],[[-4.0797981,40.9228968],[-4.0791425,40.9226609]],[[-4.0791425,40.9226609],[-4.0795887,40.9230789]],[[-4.0791425,40.9226609],[-4.06654,40.914658]],[[-4.0767018,42.392847],[-4.0717719,42.3929987],[-4.0678271,42.3950785]],[[-4.0678271,42.3950785],[-4.0767018,42.392847]],[[-4.023818985724546,42.3961092884696],[-4.0380464,42.3992851],[-4.0678271,42.3950785]],[[-4.06654,40.914658],[-4.0659671,40.9141831]],[[-4.0657886,40.9144144],[-4.06654,40.914658]],[[-4.0657886,40.9144144],[-4.0659671,40.9141831]],[[-4.0659671,40.9141831],[-4.0657532,40.9140281]],[[-4.0654508,40.9142628],[-4.0657886,40.9144144]],[[-4.0657532,40.9140281],[-4.0650382,40.9136979]],[[-4.0657532,40.9140281],[-4.0654508,40.9142628]],[[-4.0650382,40.9136979],[-4.0654508,40.9142628]],[[-4.0650382,40.9136979],[-4.0600449,40.9108408]],[[-4.0608467,40.9831364],[-4.0612617,40.9831098]],[[-4.0612617,40.9831098],[-4.0555993,40.9834935]],[[-4.0555993,40.9834935],[-4.0608467,40.9831364]],[[-4.0606865,40.9831386],[-4.0608467,40.9831364]],[[-4.0600449,40.9108408],[-4.058903,40.9105125]],[[-4.0589272,40.9108147],[-4.0600449,40.9108408]],[[-4.0584035,40.9107612],[-4.0589272,40.9108147]],[[-4.0589272,40.9108147],[-4.058903,40.9105125]],[[-4.058903,40.9105125],[-4.058481,40.9105034]],[[-4.058481,40.9105034],[-4.0571546,40.9104058]],[[-4.058481,40.9105034],[-4.0584035,40.9107612]],[[-4.0571546,40.9104058],[-4.0584035,40.9107612]],[[-4.0571546,40.9104058],[-4.0458059,40.9087246]],[[-4.0405451,40.9860612],[-4.0555993,40.9834935]],[[-4.0533797,42.7229946],[-4.0536474,42.7228979]],[[-4.0536474,42.7228979],[-4.0533837,42.72283]],[[-4.0533797,42.7229946],[-4.0533837,42.72283]],[[-4.0533837,42.72283],[-4.0526176,42.7228177]],[[-4.0526157,42.7229925],[-4.0533797,42.7229946]],[[-4.0526176,42.7228177],[-4.0523171,42.7228757]],[[-4.0526176,42.7228177],[-4.0526157,42.7229925]],[[-4.0523171,42.7228757],[-4.0526157,42.7229925]],[[-4.0523171,42.7228757],[-4.0308865,42.719169],[-4.0204531,42.7155657],[-4.0119737,42.7105051],[-3.9943215,42.7058149],[-3.9861427,42.7014425],[-3.983529,42.6963299],[-3.9745148,42.6873927],[-3.9501521,42.681384],[-3.8829255,42.6460857],[-3.8693313,42.6341571],[-3.8595973,42.6294563],[-3.8423462,42.6240902],[-3.8201848,42.6191099],[-3.8166149,42.6167964],[-3.8129167,42.6112053],[-3.7976193,42.6035422]],[[-4.0458059,40.9087246],[-4.0452217,40.9085043]],[[-4.0451306,40.9087729],[-4.0458059,40.9087246]],[[-4.0451306,40.9087729],[-4.0452217,40.9085043]],[[-4.0452217,40.9085043],[-4.0447944,40.90845]],[[-4.0447492,40.90871],[-4.0451306,40.9087729]],[[-4.0447944,40.90845],[-4.0441544,40.9084843]],[[-4.0447944,40.90845],[-4.0447492,40.90871]],[[-4.0441544,40.9084843],[-4.0447492,40.90871]],[[-4.0441544,40.9084843],[-4.0309631,40.9046278]],[[-4.0405451,40.9860612],[-4.0359481,40.9884236]],[[-4.0359481,40.9884236],[-4.0405451,40.9860612]],[[-4.02361,40.9937646],[-4.0359481,40.9884236]],[[-4.0309631,40.9046278],[-4.0304463,40.9043255]],[[-4.0302684,40.9045999],[-4.0309631,40.9046278]],[[-4.0302684,40.9045999],[-4.0304463,40.9043255]],[[-4.0304463,40.9043255],[-4.0301029,40.9041995]],[[-4.0299164,40.9044471],[-4.0302684,40.9045999]],[[-4.0301029,40.9041995],[-4.0292442,40.9040928]],[[-4.0301029,40.9041995],[-4.0299164,40.9044471]],[[-4.0292442,40.9040928],[-4.0299164,40.9044471]],[[-4.0292442,40.9040928],[-4.0207109,40.9044986],[-4.0139104,40.9022718]],[[-4.023500589820749,42.39617055249477],[-4.023818985724546,42.3961092884696]],[[-4.023818985724546,42.3961092884696],[-4.0170539,42.3942974],[-4.0018104,42.3937227],[-3.9615444,42.3815447],[-3.9406566,42.3796535],[-3.9282173,42.3750586],[-3.9089208,42.3757178],[-3.8893823,42.368675],[-3.856164,42.3710499],[-3.8361021,42.3621317],[-3.824769922884682,42.360223202435954]],[[-4.02361,40.9937646],[-4.0219373,40.9950823]],[[-4.0219373,40.9950823],[-4.02361,40.9937646]],[[-3.8248904360847344,42.36039710190644],[-3.8296219,42.3663457],[-3.8475119,42.3722722],[-3.8919278,42.3710294],[-3.911054,42.3807757],[-3.9248252,42.3787836],[-3.9366235,42.3827526],[-3.954455,42.3820561],[-3.9644293,42.3840096],[-3.9744785,42.3885605],[-3.9791051,42.388338],[-4.0042989,42.3950027],[-4.0155524,42.3946734],[-4.023500589820749,42.39617055249477]],[[-3.8248904360847344,42.36039710190644],[-3.8369797,42.3625622],[-3.8558929,42.3711804],[-3.8891035,42.3688125],[-3.9088405,42.3758801],[-3.9277541,42.3751569],[-3.9406998,42.3798387],[-3.96155,42.3817262],[-4.0015686,42.3938468],[-4.0171012,42.3944757],[-4.023500589820749,42.39617055249477]],[[-4.0215531,40.9961761],[-4.0219373,40.9950823]],[[-4.0215531,40.9961761],[-4.0184908,40.9982784]],[[-4.0184908,40.9982784],[-4.0215531,40.9961761]],[[-3.9870123,41.0085563],[-4.0044213,41.0056276],[-4.0184908,40.9982784]],[[-4.0139104,40.9022718],[-4.0109767,40.9010746]],[[-4.0109767,40.9010746],[-4.0139104,40.9022718]],[[-4.0109767,40.9010746],[-4.0096672,40.9005435]],[[-4.0097212,40.9000595],[-4.0093412,40.9001654]],[[-4.009471,40.9002604],[-4.0097212,40.9000595]],[[-4.0050192,40.7900408],[-4.0082793,40.7931312],[-4.0057824,40.7978197],[-4.0075842,40.8011757],[-4.0061891,40.802704],[-4.005854,40.8094955],[-4.012985,40.8080757],[-4.01651,40.8120271],[-4.0143263,40.8114043],[-4.0146067,40.8124734],[-4.0185585,40.8124199],[-4.0156709,40.8144554],[-4.0192051,40.8136703],[-4.0172539,40.8154496],[-4.0178639,40.8168293],[-4.0145628,40.8167685],[-4.0173143,40.82321],[-4.0225718,40.8266117],[-4.0262776,40.8399723],[-4.0251569,40.8468516],[-4.0280244,40.8523884],[-4.0262205,40.8548681],[-4.0272664,40.8645455],[-4.0223935,40.8688759],[-4.0205293,40.876223],[-4.0184199,40.8781882],[-4.0192472,40.8831215],[-4.0129056,40.8910124],[-4.012161,40.8986152],[-4.0097212,40.9000595]],[[-4.0096672,40.9005435],[-4.0094739,40.9003346]],[[-4.0093246,40.9004405],[-4.0096672,40.9005435]],[[-4.0093246,40.9004405],[-4.0094739,40.9003346]],[[-4.0094739,40.9003346],[-4.009471,40.9002604]],[[-4.009471,40.9002604],[-4.0093412,40.9001654]],[[-4.0093412,40.9001654],[-4.0093246,40.9004405]],[[-4.0056463,40.775978],[-4.0015641,40.7810415],[-4.0021666,40.7833877],[-4.0004159,40.7852772],[-4.00302,40.7880415]],[[-4.0050192,40.7900408],[-4.00302,40.7880415]],[[-4.00302,40.7880415],[-4.0050192,40.7900408]],[[-4.0049755,42.2145599],[-4.0002953,42.2185756]],[[-4.0002953,42.2185756],[-3.9991587,42.219548]],[[-3.9991587,42.219548],[-4.0002953,42.2185756]],[[-3.9991587,42.219548],[-3.9806563,42.2359833]],[[-3.9870123,41.0085563],[-3.9818834,41.0110823]],[[-3.9818834,41.0110823],[-3.9870123,41.0085563]],[[-3.9395282,41.0299541],[-3.9591452,41.0231489],[-3.9818834,41.0110823]],[[-3.9296451,42.265363],[-3.9414467,42.2603545]],[[-3.9395282,41.0299541],[-3.9354027,41.0319199]],[[-3.9354027,41.0319199],[-3.9395282,41.0299541]],[[-3.9371807,41.214011],[-3.936144,41.2141467]],[[-3.9361191,41.2143579],[-3.9371807,41.214011]],[[-3.9361191,41.2143579],[-3.936144,41.2141467]],[[-3.936144,41.2141467],[-3.9358211,41.214364]],[[-3.9361028,41.2143689],[-3.9361191,41.2143579]],[[-3.9358211,41.214364],[-3.9361028,41.2143689]],[[-3.9354615,41.2151819],[-3.9361028,41.2143689]],[[-3.9358211,41.214364],[-3.9354615,41.2151819]],[[-3.9354615,41.2151819],[-3.9320963,41.2224632],[-3.9302464,41.2335885],[-3.9325711,41.237413],[-3.9326015,41.2466848],[-3.9277524,41.2590142],[-3.9329812,41.2950554],[-3.931281,41.298691],[-3.9313801,41.331907],[-3.9566912,41.3955378],[-3.9522844,41.397271],[-3.9522209,41.3992883],[-3.9282587,41.4183101],[-3.9145026,41.4228119],[-3.9086579,41.4286843],[-3.9048167,41.4366061],[-3.8883805,41.4570153],[-3.882587,41.4588424],[-3.8456625,41.4959606],[-3.8340026,41.5018318],[-3.8015701,41.5361489],[-3.7899044,41.5446045],[-3.7888147,41.5471779],[-3.7899066,41.5510621],[-3.7866746,41.5542279],[-3.7682074,41.5643149],[-3.7656695,41.5746552],[-3.7505105,41.5910983],[-3.7483452,41.5956243],[-3.7267843,41.6086766],[-3.722169,41.6188478],[-3.7129079,41.6293991],[-3.6995763191610753,41.6363813199972]],[[-3.8916677,41.0619994],[-3.9091839,41.0503211],[-3.9183342,41.0382274],[-3.9317199,41.0345181],[-3.9354027,41.0319199]],[[-3.9140975,42.0761035],[-3.9156261,42.0766272]],[[-3.9156261,42.0766272],[-3.9140975,42.0761035]],[[-3.764056574137237,42.03406309937716],[-3.8022726,42.0465765],[-3.835034,42.0452794],[-3.8548382,42.0470619],[-3.8673648,42.0443441],[-3.8807058,42.0530521],[-3.8916341,42.0635337],[-3.9129169,42.0742804],[-3.9140975,42.0761035]],[[-3.8921365,42.277633],[-3.9043191,42.273799]],[[-3.89406,43.0385406],[-3.8787541,43.0313572],[-3.8637262,43.0286687]],[[-3.8921365,42.277633],[-3.8918991,42.2777141]],[[-3.8919992,42.2778402],[-3.8921365,42.277633]],[[-3.8918991,42.2777141],[-3.8919992,42.2778402]],[[-3.8919992,42.2778402],[-3.8918991,42.2777141]],[[-3.8916677,41.0619994],[-3.8858471,41.0630984]],[[-3.8858471,41.0630984],[-3.8916677,41.0619994]],[[-3.8366593,41.0638155],[-3.8521701,41.0643609],[-3.8732366,41.0597672],[-3.8858471,41.0630984]],[[-3.8791148,41.626294],[-3.8759884,41.6278667]],[[-3.8759884,41.6278667],[-3.8791148,41.626294]],[[-3.86334,43.0287408],[-3.8677162,43.036513],[-3.8786383,43.0424974],[-3.8779555,43.0449368]],[[-3.8759884,41.6278667],[-3.8697938,41.6328573],[-3.8482392,41.6303502],[-3.8305426,41.6354278],[-3.8059088,41.6384116]],[[-3.86334,43.0287408],[-3.8637262,43.0286687]],[[-3.8637262,43.0286687],[-3.86334,43.0287408]],[[-3.8573215,43.0231506],[-3.86334,43.0287408]],[[-3.8573215,43.0231506],[-3.8558674,43.0203325]],[[-3.8558674,43.0203325],[-3.8573215,43.0231506]],[[-3.8429637,43.0069422],[-3.8558735,43.021896]],[[-3.7275652,42.6242522],[-3.728606,42.6308812],[-3.734419,42.6367177],[-3.7422571,42.6400392],[-3.7841557,42.6654699],[-3.7919731,42.674112],[-3.7918951,42.678523],[-3.7979582,42.6808253],[-3.7962862,42.6869099],[-3.8014986,42.6899516],[-3.8045773,42.6970418],[-3.804028,42.7015398],[-3.8018741,42.7042272],[-3.8032112,42.7074376],[-3.8016862,42.7097991],[-3.8026469,42.7126732],[-3.8006151,42.7183701],[-3.8012621,42.7224651],[-3.7984818,42.727677],[-3.803691,42.7320506],[-3.803643,42.7346162],[-3.80023,42.7384976],[-3.804922,42.7410899],[-3.8067586,42.7443125],[-3.799829,42.7479269],[-3.8027826,42.7536052],[-3.7964809,42.762879],[-3.7838662,42.7678862],[-3.778644,42.7736549],[-3.7725815,42.7744259],[-3.7698663,42.7780756],[-3.7658503,42.7801802],[-3.7675441,42.7827671],[-3.7658835,42.7887654],[-3.7726537,42.7945283],[-3.7682343,42.8015564],[-3.7751376,42.8078739],[-3.7722954,42.8171255],[-3.7715131,42.8125046],[-3.7713749,42.8158213],[-3.7665605,42.821689],[-3.7736327,42.8271886],[-3.7766156,42.8390903],[-3.7827408,42.8442522],[-3.7835457,42.8476018],[-3.7967395,42.8670313],[-3.8002113,42.8767393],[-3.8292522,42.8926246],[-3.8350855,42.9135036],[-3.8278107,42.9232527],[-3.8295918,42.9394161],[-3.8458459,42.952228],[-3.849147,42.9733683],[-3.8560575,42.9821496],[-3.8594536,42.990134],[-3.8586649,43.005523],[-3.8533407,43.0124384],[-3.8558674,43.0203325]],[[-3.8429637,43.0069422],[-3.8420538,43.0026276]],[[-3.8420538,43.0026276],[-3.8429637,43.0069422]],[[-3.7962302,42.9747759],[-3.8137849,42.9825025],[-3.8155043,42.9863384],[-3.8212626,42.9910081],[-3.8344523,42.9946159],[-3.8420538,43.0026276]],[[-3.8308885,41.0639577],[-3.8366593,41.0638155]],[[-3.8366593,41.0638155],[-3.8308885,41.0639577]],[[-3.8165797,41.0678499],[-3.8243009,41.0645341],[-3.8308885,41.0639577]],[[-3.824769922884682,42.360223202435954],[-3.8248904360847344,42.36039710190644]],[[-3.794533277156674,42.34965200687972],[-3.7991691,42.3561782],[-3.8053225,42.3598821],[-3.8248904360847344,42.36039710190644]],[[-3.7954704,42.3486618],[-3.7976527,42.3500139],[-3.805807,42.3476702],[-3.8139827,42.3487012],[-3.8184661,42.351209],[-3.824769922884682,42.360223202435954]],[[-3.824769922884682,42.360223202435954],[-3.8055267,42.3597465],[-3.8000949,42.3566287],[-3.7947293422830737,42.34955877986002]],[[-3.8222471,42.3077409],[-3.81794018991511,42.310449520622]],[[-3.8222471,42.3077409],[-3.81794018991511,42.310449520622]],[[-3.817876357251126,42.31063565695209],[-3.8209965,42.3093324]],[[-3.8200405,42.3139632],[-3.8185593,42.3112478],[-3.8209965,42.3093324]],[[-3.8201932,42.3150224],[-3.8203844,42.3150267]],[[-3.8202854,42.3153088],[-3.8203844,42.3150267]],[[-3.8203844,42.3150267],[-3.8203764,42.3147717]],[[-3.8203764,42.3147717],[-3.8202509,42.3145962]],[[-3.8203764,42.3147717],[-3.8201683,42.3147923]],[[-3.8202854,42.3153088],[-3.8061304,42.3294498],[-3.7947091,42.3360519],[-3.787087421648978,42.33801246153004]],[[-3.8201932,42.3150224],[-3.8202854,42.3153088]],[[-3.8202509,42.3145962],[-3.8201683,42.3147923]],[[-3.8200405,42.3139632],[-3.8202509,42.3145962]],[[-3.8201683,42.3147923],[-3.8201932,42.3150224]],[[-3.817876357251126,42.31063565695209],[-3.8200405,42.3139632]],[[-3.81794018991511,42.310449520622],[-3.7724613,42.3042973],[-3.75436363137743,42.30351257081983]],[[-3.81794018991511,42.310449520622],[-3.817876357251126,42.31063565695209]],[[-3.7545380745926344,42.303655965536535],[-3.7721692,42.3044409],[-3.817876357251126,42.31063565695209]],[[-3.8165797,41.0678499],[-3.8131922,41.0701089]],[[-3.8131922,41.0701089],[-3.8165797,41.0678499]],[[-3.8062079,41.0758033],[-3.8131922,41.0701089]],[[-3.8062079,41.0758033],[-3.802588,41.0783135]],[[-3.802588,41.0783135],[-3.8062079,41.0758033]],[[-3.8055333,41.6385484],[-3.8059088,41.6384116]],[[-3.8059088,41.6384116],[-3.8056122,41.6383338]],[[-3.8055333,41.6385484],[-3.8056122,41.6383338]],[[-3.8056122,41.6383338],[-3.8047564,41.6382244]],[[-3.8051414,41.6386912],[-3.8055333,41.6385484]],[[-3.8049198,41.6389488],[-3.8051414,41.6386912]],[[-3.8049385,41.638645],[-3.8051414,41.6386912]],[[-3.8049385,41.638645],[-3.8049198,41.6389488]],[[-3.8047313,41.6384343],[-3.8049385,41.638645]],[[-3.8049198,41.6389488],[-3.7933689,41.6425027],[-3.7823974,41.6482431]],[[-3.8047564,41.6382244],[-3.7960138,41.6387339],[-3.7526758,41.6328501],[-3.7156225,41.6351653],[-3.7021671130299567,41.63821406617399]],[[-3.8047564,41.6382244],[-3.8047313,41.6384343]],[[-3.702382551742022,41.63833392413593],[-3.7156478,41.6353411],[-3.7526363,41.6330346],[-3.7959528,41.6389269],[-3.8047313,41.6384343]],[[-3.796779,41.081708],[-3.802588,41.0783135]],[[-3.7976193,42.6035422],[-3.7959085,42.6025987]],[[-3.7958325,42.6026236],[-3.7976193,42.6035422]],[[-3.796779,41.081708],[-3.7930927,41.0847111]],[[-3.7930927,41.0847111],[-3.796779,41.081708]],[[-3.7962302,42.9747759],[-3.7936809,42.9732825]],[[-3.7936809,42.9732825],[-3.7962302,42.9747759]],[[-3.7959085,42.6025987],[-3.7958325,42.6026236]],[[-3.7959085,42.6025987],[-3.794553,42.6014073]],[[-3.7958325,42.6026236],[-3.7734284,42.612219],[-3.7606631,42.6094086],[-3.7548998,42.6107881],[-3.7413745,42.6187404],[-3.7370776,42.6194091],[-3.733699,42.6225842],[-3.7281231,42.6240316]],[[-3.794553,42.6014073],[-3.7958325,42.6026236]],[[-3.7954704,42.3486618],[-3.7947976,42.3484794]],[[-3.7950529,42.3488835],[-3.7954704,42.3486618]],[[-3.7947293422830737,42.34955877986002],[-3.7950529,42.3488835]],[[-3.7950529,42.3488835],[-3.7947976,42.3484794]],[[-3.7947976,42.3484794],[-3.79388401576341,42.34825913770819]],[[-3.794533277156674,42.34965200687972],[-3.7947293422830737,42.34955877986002]],[[-3.7947293422830737,42.34955877986002],[-3.79388401576341,42.34825913770819]],[[-3.794553,42.6014073],[-3.7884181,42.5956216]],[[-3.7930689,42.3490662],[-3.794533277156674,42.34965200687972]],[[-3.793657587888272,42.3483128400729],[-3.794533277156674,42.34965200687972]],[[-3.79388401576341,42.34825913770819],[-3.793657587888272,42.3483128400729]],[[-3.79388401576341,42.34825913770819],[-3.79170452116932,42.34488673834869]],[[-3.7912785,42.9718354],[-3.7936809,42.9732825]],[[-3.793657587888272,42.3483128400729],[-3.7931891,42.348628]],[[-3.791768949683959,42.34541657037791],[-3.793657587888272,42.3483128400729]],[[-3.7931891,42.348628],[-3.7924182,42.3487229]],[[-3.7931891,42.348628],[-3.7930689,42.3490662]],[[-3.7609753,41.0962741],[-3.7881818,41.088864],[-3.7930927,41.0847111]],[[-3.7924182,42.3487229],[-3.7930689,42.3490662]],[[-3.791794126075545,42.34859033016147],[-3.7924182,42.3487229]],[[-3.692235228222667,42.38590447273949],[-3.7311276,42.378552],[-3.7495174,42.3771131],[-3.7867584,42.3591697],[-3.7908087,42.3546388],[-3.791794126075545,42.34859033016147]],[[-3.791794126075545,42.34859033016147],[-3.791768949683959,42.34541657037791]],[[-3.7911398346358185,42.34845139660371],[-3.791794126075545,42.34859033016147]],[[-3.791768949683959,42.34541657037791],[-3.79170452116932,42.34488673834869]],[[-3.7866167161118334,42.338151924164954],[-3.791768949683959,42.34541657037791]],[[-3.79170452116932,42.34488673834869],[-3.787087421648978,42.33801246153004]],[[-3.79170452116932,42.34488673834869],[-3.786852100417371,42.338082183503595]],[[-3.7912785,42.9718354],[-3.788586,42.9709553]],[[-3.788586,42.9709553],[-3.7912785,42.9718354]],[[-3.7911398346358185,42.34845139660371],[-3.7904401,42.3545523],[-3.7865774,42.3590712],[-3.7501553,42.3767127],[-3.7432054,42.378384],[-3.730445,42.3785235],[-3.6923044287283404,42.38572557102291]],[[-3.786323106983853,42.338238669312176],[-3.790458,42.3445006],[-3.7911398346358185,42.34845139660371]],[[-3.781452,42.3462782],[-3.7911398346358185,42.34845139660371]],[[-3.5894195,42.9002382],[-3.6162403,42.9185408],[-3.6319343,42.9250855],[-3.6577622,42.9319367],[-3.6602192,42.9370431],[-3.6700771,42.9375836],[-3.6739945,42.9418331],[-3.6921849,42.9418083],[-3.7146107,42.9348541],[-3.7227395,42.9359019],[-3.7501474,42.944622],[-3.7641524,42.9557668],[-3.7743383,42.9597094],[-3.7800802,42.9656393],[-3.788586,42.9709553]],[[-3.7884181,42.5956216],[-3.7860999,42.593072]],[[-3.7860999,42.593072],[-3.7884181,42.5956216]],[[-3.787087421648978,42.33801246153004],[-3.786852100417371,42.338082183503595]],[[-3.787087421648978,42.33801246153004],[-3.7836459,42.3352661]],[[-3.786852100417371,42.338082183503595],[-3.7866167161118334,42.338151924164954]],[[-3.786852100417371,42.338082183503595],[-3.7836459,42.3352661]],[[-3.7866167161118334,42.338151924164954],[-3.786323106983853,42.338238669312176]],[[-3.7825408,42.3347787],[-3.7866167161118334,42.338151924164954]],[[-3.786323106983853,42.338238669312176],[-3.7741791,42.3417828]],[[-3.7825408,42.3347787],[-3.786323106983853,42.338238669312176]],[[-3.7860999,42.593072],[-3.7850625,42.5850058],[-3.7809877,42.5802641]],[[-3.7836459,42.3352661],[-3.7674349,42.3230059],[-3.7564815,42.3098128],[-3.7545380745926344,42.303655965536535]],[[-3.7539889,42.3067726],[-3.7690765,42.3250524],[-3.7825408,42.3347787]],[[-3.7823974,41.6482431],[-3.7821205,41.6483122]],[[-3.7822168,41.6484406],[-3.7823974,41.6482431]],[[-3.7819883,41.648561],[-3.7822168,41.6484406]],[[-3.7822168,41.6484406],[-3.7821205,41.6483122]],[[-3.7821205,41.6483122],[-3.7818582,41.6484468]],[[-3.7816386,41.6486447],[-3.7819883,41.648561]],[[-3.7818582,41.6484468],[-3.7819883,41.648561]],[[-3.7818582,41.6484468],[-3.7816386,41.6486447]],[[-3.7816386,41.6486447],[-3.7785181,41.6526122],[-3.7636313,41.6596439],[-3.7379839,41.6632873]],[[-3.781452,42.3462782],[-3.7797925,42.3454167]],[[-3.7797925,42.3454167],[-3.781452,42.3462782]],[[-3.7809877,42.5802641],[-3.7785846,42.5776886]],[[-3.7785846,42.5776886],[-3.7809877,42.5802641]],[[-3.7744825,42.3423788],[-3.7797925,42.3454167]],[[-3.7785846,42.5776886],[-3.7696001,42.5686424]],[[-3.7677382,41.9833886],[-3.7696774,41.980269],[-3.7758791,41.9764618]],[[-3.7740122,42.3424444],[-3.7744825,42.3423788]],[[-3.7744825,42.3423788],[-3.7741151,42.3421974]],[[-3.7740122,42.3424444],[-3.7741151,42.3421974]],[[-3.7741151,42.3421974],[-3.7734686,42.3420385]],[[-3.7733713,42.3423439],[-3.7740122,42.3424444]],[[-3.7734686,42.3420385],[-3.7703051,42.3415475]],[[-3.7734686,42.3420385],[-3.7733713,42.3423439]],[[-3.7703051,42.3415475],[-3.7733713,42.3423439]],[[-3.7642913,42.340799],[-3.7703051,42.3415475]],[[-3.7696001,42.5686424],[-3.7677175,42.5664653]],[[-3.7677175,42.5664653],[-3.7696001,42.5686424]],[[-3.7621214,41.9962499],[-3.7680373,41.9853872]],[[-3.7680373,41.9853872],[-3.7680235,41.9851058]],[[-3.7680235,41.9851058],[-3.7680373,41.9853872]],[[-3.7680235,41.9851058],[-3.7678699657041967,41.984407181476996]],[[-3.764056574137237,42.03406309937716],[-3.7684113,42.0281349],[-3.7684579,42.0249101],[-3.7560737,42.0167311],[-3.753748,42.0107491],[-3.7638074,41.9886904],[-3.7678699657041967,41.984407181476996]],[[-3.7678699657041967,41.984407181476996],[-3.7766695,41.9769181],[-3.7781018,41.9694869],[-3.76583,41.9521058],[-3.7628146,41.9308482],[-3.7551992,41.9198957],[-3.7488378,41.9146726],[-3.7493166,41.9014042],[-3.7435213193354553,41.89374505116478]],[[-3.7678699657041967,41.984407181476996],[-3.7678300127491684,41.98423760072077]],[[-3.7678300127491684,41.98423760072077],[-3.7638676,41.9881792],[-3.7535405,42.010541],[-3.7561271,42.017046],[-3.7682632,42.0249418],[-3.7682187,42.0280571],[-3.7638588545414224,42.03398517761508]],[[-3.7433182968758216,41.89381547677578],[-3.7490947,41.901363],[-3.7484855,41.9144892],[-3.7550768,41.9201221],[-3.7626105,41.9308868],[-3.7655093,41.9518864],[-3.7778754,41.9694196],[-3.776515,41.9767978],[-3.7678300127491684,41.98423760072077]],[[-3.7678300127491684,41.98423760072077],[-3.7677214,41.9836827]],[[-3.7677382,41.9833886],[-3.7677214,41.9836827]],[[-3.7677214,41.9836827],[-3.7677382,41.9833886]],[[-3.7677175,42.5664653],[-3.7622404,42.5592546],[-3.7477312,42.5549729],[-3.7411694,42.5497449],[-3.7354351,42.5397862],[-3.727606,42.5306733],[-3.7277347,42.5213545],[-3.7199299,42.5151101],[-3.7046983,42.5068338]],[[-3.7609196,42.3408891],[-3.7642913,42.340799]],[[-3.7642913,42.340799],[-3.7609343,42.3406533]],[[-3.755911465284182,42.03804565535696],[-3.764056574137237,42.03406309937716]],[[-3.7638588545414224,42.03398517761508],[-3.764056574137237,42.03406309937716]],[[-3.7638588545414224,42.03398517761508],[-3.7559265960609394,42.037907278678766]],[[-3.7589291,42.0320074],[-3.7638588545414224,42.03398517761508]],[[-3.7621214,41.9962499],[-3.7621214,41.9962499]],[[-3.7609753,41.0962741],[-3.757214,41.096008],[-3.7466961,41.1018724]],[[-3.7474845,41.1021302],[-3.7536606,41.1012313],[-3.7609753,41.0962741]],[[-3.7609196,42.3408891],[-3.7609343,42.3406533]],[[-3.7609343,42.3406533],[-3.760327,42.340624]],[[-3.7603247,42.3408948],[-3.7609196,42.3408891]],[[-3.760327,42.340624],[-3.7599635,42.3407455]],[[-3.760327,42.340624],[-3.7603247,42.3408948]],[[-3.7599635,42.3407455],[-3.7603247,42.3408948]],[[-3.7409354,42.3413797],[-3.7599635,42.3407455]],[[-3.7589291,42.0320074],[-3.7586317,42.0318357]],[[-3.7586728,42.03196],[-3.7589291,42.0320074]],[[-3.7587197,42.0310794],[-3.7584591,42.0316157]],[[-3.7585585,42.0315772],[-3.7587197,42.0310794]],[[-3.7587197,42.0310794],[-3.7606118,42.026595],[-3.7549265,42.0202351]],[[-3.7583711,42.0321298],[-3.7586728,42.03196]],[[-3.7584594,42.0318454],[-3.7586728,42.03196]],[[-3.7586317,42.0318357],[-3.7585585,42.0315772]],[[-3.7586317,42.0318357],[-3.7584594,42.0318454]],[[-3.7584594,42.0318454],[-3.7585585,42.0315772]],[[-3.7584594,42.0318454],[-3.7582019,42.0323268]],[[-3.7583711,42.0321298],[-3.7584594,42.0318454]],[[-3.7584591,42.0316157],[-3.7584594,42.0318454]],[[-3.7584591,42.0316157],[-3.7582019,42.0323268]],[[-3.7578963,42.0331337],[-3.7583711,42.0321298]],[[-3.7582019,42.0323268],[-3.7578963,42.0331337]],[[-3.7560278,42.0360306],[-3.7578963,42.0331337]],[[-3.7561078,42.0365994],[-3.7561541,42.0363532]],[[-3.7561541,42.0363532],[-3.7560278,42.0360306]],[[-3.7561541,42.0363532],[-3.7559059,42.0362956]],[[-3.7558088,42.0365807],[-3.7561078,42.0365994]],[[-3.755933,42.0369106],[-3.7561078,42.0365994]],[[-3.7560278,42.0360306],[-3.7559059,42.0362956]],[[-3.7559265960609394,42.037907278678766],[-3.755933,42.0369106]],[[-3.7558088,42.0365807],[-3.755933,42.0369106]],[[-3.7559265960609394,42.037907278678766],[-3.7473204,42.0461203],[-3.7420376,42.0579267],[-3.7332083,42.0688401],[-3.7331399,42.0775359],[-3.7180549,42.1102448],[-3.7168645,42.1310846],[-3.7124696,42.1391462],[-3.7015635,42.1511239],[-3.700608,42.1601734],[-3.7029269,42.1786767],[-3.6999463,42.1845011],[-3.6958813,42.2004885],[-3.701675,42.2096629],[-3.7022653,42.2176126],[-3.7058108,42.2278431],[-3.7047002,42.234341],[-3.7065007,42.2412875],[-3.7001622,42.254644],[-3.6989685133966796,42.26329015767231]],[[-3.755911465284182,42.03804565535696],[-3.7559265960609394,42.037907278678766]],[[-3.6991856112560964,42.26339479651344],[-3.700327,42.2548193],[-3.7067491,42.2412325],[-3.7048983,42.2343383],[-3.7060398,42.2278506],[-3.7024479,42.217533],[-3.7020021,42.2100015],[-3.6961131,42.2004771],[-3.7003353,42.1840534],[-3.7031462,42.1786982],[-3.7008195,42.1601314],[-3.701746,42.1511492],[-3.7126486,42.1392613],[-3.7169169,42.1313928],[-3.718255,42.1102905],[-3.7333773,42.0775794],[-3.7335758,42.0686201],[-3.7424233,42.0577229],[-3.7476192,42.0459776],[-3.755911465284182,42.03804565535696]],[[-3.747068,42.0474926],[-3.755911465284182,42.03804565535696]],[[-3.7559059,42.0362956],[-3.7557537,42.0364058]],[[-3.7557537,42.0364058],[-3.7558088,42.0365807]],[[-3.7557537,42.0364058],[-3.7456938,42.04868]],[[-3.7549265,42.0202351],[-3.7547939,42.0200043]],[[-3.7547517,42.0201197],[-3.7549265,42.0202351]],[[-3.7547517,42.0201197],[-3.7547939,42.0200043]],[[-3.7547939,42.0200043],[-3.7547411,42.0199483]],[[-3.7546476,42.0199292],[-3.7547517,42.0201197]],[[-3.7547411,42.0199483],[-3.7546243,42.0197955]],[[-3.7547411,42.0199483],[-3.7546476,42.0199292]],[[-3.7546243,42.0197955],[-3.7546476,42.0199292]],[[-3.7546243,42.0197955],[-3.7515829,42.0135261],[-3.7519035,42.0112148]],[[-3.702924639573233,42.31639444953974],[-3.7162777,42.310331],[-3.7545380745926344,42.303655965536535]],[[-3.7545380745926344,42.303655965536535],[-3.75436363137743,42.30351257081983]],[[-3.75436363137743,42.30351257081983],[-3.7453737,42.3044445]],[[-3.75436363137743,42.30351257081983],[-3.7510658,42.3025912],[-3.7453737,42.3044445]],[[-3.7479636,41.9081262],[-3.7468078,41.8993638],[-3.7425896,41.8942125]],[[-3.7474845,41.1021302],[-3.7459293,41.1025027]],[[-3.7446338,41.1032314],[-3.7474845,41.1021302]],[[-3.7466961,41.1018724],[-3.7452187,41.1028427]],[[-3.7459293,41.1025027],[-3.7466961,41.1018724]],[[-3.7459293,41.1025027],[-3.7452187,41.1028427]],[[-3.7453737,42.3044445],[-3.7149073,42.3104992],[-3.7031362222663082,42.3157440118488]],[[-3.7452187,41.1028427],[-3.7446338,41.1032314]],[[-3.6766921,41.1438099],[-3.6974579,41.1229843],[-3.7081753,41.1224421],[-3.7267171,41.1163905],[-3.7446338,41.1032314]],[[-3.7438672,41.8937226],[-3.7437606,41.8935804]],[[-3.7437606,41.8935804],[-3.7438672,41.8937226]],[[-3.7435846,41.8937231],[-3.7438672,41.8937226]],[[-3.7437606,41.8935804],[-3.7435846,41.8937231]],[[-3.7435213193354553,41.89374505116478],[-3.7435846,41.8937231]],[[-3.7433182968758216,41.89381547677578],[-3.7435213193354553,41.89374505116478]],[[-3.7435213193354553,41.89374505116478],[-3.7323296,41.8784791],[-3.7315583,41.8711279],[-3.7353129,41.8630182],[-3.7337387,41.8578787],[-3.7217636,41.8506313],[-3.7085338,41.8359781],[-3.7080969,41.8297277],[-3.7000563,41.8074889],[-3.7009957,41.79495],[-3.6970682163294573,41.78164039155643]],[[-3.7432378,41.8938434],[-3.7433182968758216,41.89381547677578]],[[-3.6968600518658215,41.78163619869794],[-3.7008244,41.7952685],[-3.6998689,41.8075379],[-3.7078211,41.8295071],[-3.7082274,41.8357598],[-3.7168387,41.8440704],[-3.7206263,41.8502244],[-3.730602,41.8551108],[-3.7337673,41.8583012],[-3.7351329,41.8629214],[-3.7313799,41.8709809],[-3.7320805,41.8783246],[-3.7433182968758216,41.89381547677578]],[[-3.7432378,41.8938434],[-3.7430261,41.8938647]],[[-3.7431147,41.8939825],[-3.7432378,41.8938434]],[[-3.7427894,41.8941309],[-3.7431147,41.8939825]],[[-3.7431147,41.8939825],[-3.7430261,41.8938647]],[[-3.7430261,41.8938647],[-3.7427027,41.8940559]],[[-3.7425896,41.8942125],[-3.7427894,41.8941309]],[[-3.7427027,41.8940559],[-3.7427894,41.8941309]],[[-3.7427027,41.8940559],[-3.7425896,41.8942125]],[[-3.7407281,42.3414756],[-3.7409354,42.3413797]],[[-3.7409354,42.3413797],[-3.7406948,42.3413678]],[[-3.7404043,42.3415747],[-3.7407281,42.3414756]],[[-3.7407281,42.3414756],[-3.7406948,42.3413678]],[[-3.7406948,42.3413678],[-3.7403257,42.3414918]],[[-3.7402153,42.3415907],[-3.7404043,42.3415747]],[[-3.7403257,42.3414918],[-3.7404043,42.3415747]],[[-3.7403257,42.3414918],[-3.7402153,42.3415907]],[[-3.734189,42.3425898],[-3.7402153,42.3415907]],[[-3.7379839,41.6632873],[-3.7294626,41.6642939]],[[-3.7294268,41.6645115],[-3.7379839,41.6632873]],[[-3.734189,42.3425898],[-3.7338266,42.342442]],[[-3.7338018,42.3425974],[-3.734189,42.3425898]],[[-3.7338018,42.3425974],[-3.7338266,42.342442]],[[-3.7338266,42.342442],[-3.7334133,42.3424356]],[[-3.7334272,42.342589],[-3.7338018,42.3425974]],[[-3.7334133,42.3424356],[-3.7334272,42.342589]],[[-3.7330516,42.3424953],[-3.7334272,42.342589]],[[-3.7334133,42.3424356],[-3.7330516,42.3424953]],[[-3.7296503,42.3421739],[-3.7330516,42.3424953]],[[-3.7297751,41.6793959],[-3.729165,41.6791947]],[[-3.7290315,41.6794366],[-3.7297751,41.6793959]],[[-3.7292131,42.3422287],[-3.7296503,42.3421739]],[[-3.7296503,42.3421739],[-3.7292557,42.3420528]],[[-3.7294268,41.6645115],[-3.7294626,41.6642939]],[[-3.7294626,41.6642939],[-3.7290298,41.6642987]],[[-3.7290651,41.6645133],[-3.7294268,41.6645115]],[[-3.7292131,42.3422287],[-3.7292557,42.3420528]],[[-3.7292557,42.3420528],[-3.728872,42.3420119]],[[-3.728838,42.3421766],[-3.7292131,42.3422287]],[[-3.7290315,41.6794366],[-3.729165,41.6791947]],[[-3.729165,41.6791947],[-3.728737,41.6790848]],[[-3.7290298,41.6642987],[-3.7290651,41.6645133]],[[-3.7285939853696104,41.66452121673506],[-3.7290651,41.6645133]],[[-3.7286311,41.6793119],[-3.7290315,41.6794366]],[[-3.7290298,41.6642987],[-3.7285937375502076,41.66440608184654]],[[-3.728872,42.3420119],[-3.7284465,42.3420517]],[[-3.728872,42.3420119],[-3.728838,42.3421766]],[[-3.7284465,42.3420517],[-3.728838,42.3421766]],[[-3.728737,41.6790848],[-3.7281008,41.6791335]],[[-3.728737,41.6790848],[-3.7286311,41.6793119]],[[-3.7281008,41.6791335],[-3.7286311,41.6793119]],[[-3.7283924994972835,41.66454714696448],[-3.7285939853696104,41.66452121673506]],[[-3.727882354174851,41.67909864684587],[-3.7293631,41.6747952],[-3.7285939853696104,41.66452121673506]],[[-3.7285939853696104,41.66452121673506],[-3.7285937375502076,41.66440608184654]],[[-3.7285937375502076,41.66440608184654],[-3.7283923583284477,41.66442860598984]],[[-3.7285937375502076,41.66440608184654],[-3.7222759,41.6515314],[-3.7143438,41.6447192],[-3.702382551742022,41.63833392413593]],[[-3.7222851,42.3414474],[-3.7284465,42.3420517]],[[-3.7279416,41.6646577],[-3.7283924994972835,41.66454714696448]],[[-3.7283924994972835,41.66454714696448],[-3.7291673,41.6746424],[-3.7276687247384044,41.67906456214928]],[[-3.7283923583284477,41.66442860598984],[-3.7283924994972835,41.66454714696448]],[[-3.7283923583284477,41.66442860598984],[-3.7278987,41.664431]],[[-3.7021332636144764,41.638420334928256],[-3.7142583,41.6448706],[-3.7221846,41.6517],[-3.7283923583284477,41.66442860598984]],[[-3.7277143,42.6241624],[-3.7281231,42.6240316]],[[-3.7281231,42.6240316],[-3.7276915,42.6240058]],[[-3.7281008,41.6791335],[-3.727882354174851,41.67909864684587]],[[-3.7275135,41.6646485],[-3.7279416,41.6646577]],[[-3.7279416,41.6646577],[-3.7278987,41.664431]],[[-3.7278987,41.664431],[-3.7275641,41.6644305]],[[-3.6887231454534515,41.71303726383823],[-3.6912982,41.709421],[-3.6998204,41.7047153],[-3.7169491,41.6867538],[-3.727882354174851,41.67909864684587]],[[-3.727882354174851,41.67909864684587],[-3.7276687247384044,41.67906456214928]],[[-3.7275652,42.6242522],[-3.7277143,42.6241624]],[[-3.7277143,42.6241624],[-3.7276915,42.6240058]],[[-3.7276915,42.6240058],[-3.7275209,42.6239966]],[[-3.7276687247384044,41.67906456214928],[-3.7164524,41.6869559],[-3.6994956,41.7047762],[-3.6913663,41.7091701],[-3.6885524003283674,41.71291600373361]],[[-3.7276687247384044,41.67906456214928],[-3.7274778,41.6790341]],[[-3.7273988,42.6242668],[-3.7275652,42.6242522]],[[-3.7275209,42.6239966],[-3.7275652,42.6242522]],[[-3.7275641,41.6644305],[-3.7160078,41.6658116]],[[-3.7275641,41.6644305],[-3.7275135,41.6646485]],[[-3.7275209,42.6239966],[-3.7272941,42.6241402]],[[-3.7024186,42.5069426],[-3.6974325,42.5087896],[-3.690138,42.5202036],[-3.6978637,42.5444997],[-3.7050299,42.5557202],[-3.7061574,42.5656444],[-3.7173386,42.5739258],[-3.7213048,42.5855742],[-3.7254404,42.5886255],[-3.7272187,42.5988376],[-3.724105,42.6096616],[-3.7275209,42.6239966]],[[-3.7159641,41.6659979],[-3.7275135,41.6646485]],[[-3.7274778,41.6790341],[-3.7269931,41.6788355]],[[-3.726926,41.6790775],[-3.7274778,41.6790341]],[[-3.7269229,42.6243307],[-3.7273988,42.6242668]],[[-3.7272941,42.6241402],[-3.7273988,42.6242668]],[[-3.7272941,42.6241402],[-3.7269229,42.6243307]],[[-3.726926,41.6790775],[-3.7269931,41.6788355]],[[-3.7269931,41.6788355],[-3.7265517,41.6787645]],[[-3.7264886,41.6790198],[-3.726926,41.6790775]],[[-3.62385,42.6524412],[-3.6318145,42.6514174],[-3.6439581,42.6541917],[-3.653657,42.6520576],[-3.6643064,42.6546259],[-3.6736993,42.6486898],[-3.6752548,42.6446149],[-3.6827403,42.6413837],[-3.6834728,42.638251],[-3.7004455,42.6368061],[-3.7026583,42.6338242],[-3.7107028,42.6290982],[-3.7269229,42.6243307]],[[-3.7265517,41.6787645],[-3.7257948,41.6787782]],[[-3.7265517,41.6787645],[-3.7264886,41.6790198]],[[-3.7257948,41.6787782],[-3.7264886,41.6790198]],[[-3.7257948,41.6787782],[-3.7201226,41.6779106]],[[-3.7222851,42.3414474],[-3.7204536,42.3411758]],[[-3.720425,42.3413033],[-3.7222851,42.3414474]],[[-3.720425,42.3413033],[-3.7204536,42.3411758]],[[-3.7204536,42.3411758],[-3.7201399,42.3411346]],[[-3.7201031,42.3412622],[-3.720425,42.3413033]],[[-3.7201399,42.3411346],[-3.7201031,42.3412622]],[[-3.7201399,42.3411346],[-3.7175783,42.3398974]],[[-3.7201226,41.6779106],[-3.7188137,41.6776472]],[[-3.7187895,41.6778991],[-3.7201226,41.6779106]],[[-3.717464,42.3399944],[-3.7201031,42.3412622]],[[-3.7187895,41.6778991],[-3.7188137,41.6776472]],[[-3.7188137,41.6776472],[-3.7185485,41.6776114]],[[-3.7184356,41.6778274],[-3.7187895,41.6778991]],[[-3.7185485,41.6776114],[-3.7184356,41.6778274]],[[-3.7185485,41.6776114],[-3.7173785,41.6774794]],[[-3.7173785,41.6774794],[-3.7184356,41.6778274]],[[-3.717464,42.3399944],[-3.7175783,42.3398974]],[[-3.7175783,42.3398974],[-3.717464,42.3399944]],[[-3.7173785,41.6774794],[-3.7078221,41.6757796]],[[-3.7094723,42.3367795],[-3.7168176,42.3397367]],[[-3.7159641,41.6659979],[-3.7160078,41.6658116]],[[-3.7160078,41.6658116],[-3.7156308,41.6657702]],[[-3.7155828,41.6659224],[-3.7159641,41.6659979]],[[-3.7156308,41.6657702],[-3.7155828,41.6659224]],[[-3.7156308,41.6657702],[-3.703935,41.6644795]],[[-3.7039118,41.6645861],[-3.7155828,41.6659224]],[[-3.7094723,42.3367795],[-3.7086696,42.3365664]],[[-3.7086275,42.3367024],[-3.7094723,42.3367795]],[[-3.7086275,42.3367024],[-3.7086696,42.3365664]],[[-3.7086696,42.3365664],[-3.7082742,42.336559]],[[-3.7083126,42.3367016],[-3.7086275,42.3367024]],[[-3.7076739,42.3367992],[-3.7083126,42.3367016]],[[-3.7082742,42.336559],[-3.7083126,42.3367016]],[[-3.7082742,42.336559],[-3.7076739,42.3367992]],[[-3.7078221,41.6757796],[-3.7066298,41.6754936]],[[-3.7065856,41.6757473],[-3.7078221,41.6757796]],[[-3.7031296,42.3389999],[-3.7076739,42.3367992]],[[-3.7073739,41.8345819],[-3.7073739,41.8345819]],[[-3.7073739,41.8345819],[-3.7070177,41.8283374],[-3.7049514,41.8256838]],[[-3.7065856,41.6757473],[-3.7066298,41.6754936]],[[-3.7066298,41.6754936],[-3.7063697,41.6754504]],[[-3.7062664,41.6756948],[-3.7065856,41.6757473]],[[-3.7063697,41.6754504],[-3.7050378,41.6754592]],[[-3.7063697,41.6754504],[-3.7062664,41.6756948]],[[-3.7050378,41.6754592],[-3.7062664,41.6756948]],[[-3.7049514,41.8256838],[-3.7052484,41.8256219]],[[-3.7052484,41.8256219],[-3.7051765,41.825492]],[[-3.7051765,41.825492],[-3.7052484,41.8256219]],[[-3.7051765,41.825492],[-3.7049514,41.8256838]],[[-3.7050378,41.6754592],[-3.6944163658970504,41.67623034164595]],[[-3.7046983,42.5068338],[-3.7031325,42.5038197]],[[-3.7031325,42.5038197],[-3.7046983,42.5068338]],[[-3.7039118,41.6645861],[-3.703935,41.6644795]],[[-3.703935,41.6644795],[-3.7035981,41.6644458]],[[-3.7035827,41.6645526],[-3.7039118,41.6645861]],[[-3.7035981,41.6644458],[-3.7035827,41.6645526]],[[-3.7035981,41.6644458],[-3.700458414900637,41.664121614927474]],[[-3.700449619638408,41.66421416929034],[-3.7035827,41.6645526]],[[-3.7034895,41.5747465],[-3.7031793,41.5748813]],[[-3.7034895,41.5747465],[-3.7034593,41.5749055]],[[-3.7034593,41.5749055],[-3.7034895,41.5747465]],[[-3.7031793,41.5748813],[-3.7034593,41.5749055]],[[-3.6866787,41.6248264],[-3.6886103,41.6093949],[-3.6927931,41.595704],[-3.6972878,41.587527],[-3.6962346,41.5801547],[-3.6977082,41.5772068],[-3.7031793,41.5748813]],[[-3.7031362222663082,42.3157440118488],[-3.7020200501813783,42.31580387712078]],[[-3.702924639573233,42.31639444953974],[-3.7031362222663082,42.3157440118488]],[[-3.7031362222663082,42.3157440118488],[-3.7030588,42.313336]],[[-3.7031325,42.5038197],[-3.6951633,42.4948959],[-3.6971153,42.4902343],[-3.690112,42.4721394]],[[-3.7031296,42.3389999],[-3.7027892,42.3390733]],[[-3.7020153,42.3392359],[-3.7031296,42.3389999]],[[-3.7020200501813783,42.31580387712078],[-3.7030588,42.313336]],[[-3.7030588,42.313336],[-3.7033205,42.2919531],[-3.7062266,42.2817735],[-3.6995162,42.2689469],[-3.6991856112560964,42.26339479651344]],[[-3.7019737961859773,42.31656760280905],[-3.702924639573233,42.31639444953974]],[[-3.686075,42.3430749],[-3.6851781,42.3379823],[-3.6964491,42.3326157],[-3.696502,42.3278646],[-3.700201,42.3242594],[-3.702924639573233,42.31639444953974]],[[-3.7027892,42.3390733],[-3.7025173,42.3391195]],[[-3.7027892,42.3390733],[-3.7026185,42.3389776]],[[-3.7026185,42.3389776],[-3.7024644,42.3388553]],[[-3.7026185,42.3389776],[-3.7025157,42.3389695]],[[-3.7025173,42.3391195],[-3.7022465,42.3391553]],[[-3.7025173,42.3391195],[-3.7025157,42.3389695]],[[-3.7023973,42.339018],[-3.7025173,42.3391195]],[[-3.7025157,42.3389695],[-3.7024644,42.3388553]],[[-3.7025157,42.3389695],[-3.7024026,42.3390081]],[[-3.7024644,42.3388553],[-3.7023897,42.3388084]],[[-3.7024026,42.3390081],[-3.7023973,42.339018]],[[-3.7023846,42.338873],[-3.7024026,42.3390081]],[[-3.7023986,42.3103219],[-3.7017120063125875,42.314296497253224]],[[-3.7023986,42.3103219],[-3.7017120063125875,42.314296497253224]],[[-3.6989685133966796,42.26329015767231],[-3.6991505,42.2685924],[-3.7060437,42.2819717],[-3.7031641,42.2918807],[-3.7023986,42.3103219]],[[-3.7023973,42.339018],[-3.7023309,42.3390836]],[[-3.7023897,42.3388084],[-3.7023846,42.338873]],[[-3.7023897,42.3388084],[-3.7003942,42.3360211]],[[-3.7023846,42.338873],[-3.7023309,42.3390836]],[[-3.7021332636144764,41.638420334928256],[-3.702382551742022,41.63833392413593]],[[-3.702382551742022,41.63833392413593],[-3.7021671130299567,41.63821406617399]],[[-3.7023309,42.3390836],[-3.7022465,42.3391553]],[[-3.7022465,42.3391553],[-3.7020153,42.3392359]],[[-3.7021671130299567,41.63821406617399],[-3.701922662922225,41.63830135829406]],[[-3.7021671130299567,41.63821406617399],[-3.6995763191610753,41.6363813199972]],[[-3.692480986856235,41.64126399617515],[-3.7021332636144764,41.638420334928256]],[[-3.701922662922225,41.63830135829406],[-3.7021332636144764,41.638420334928256]],[[-3.7020200501813783,42.31580387712078],[-3.701802679982239,42.31580523194878]],[[-3.701820864982086,42.31591994177889],[-3.7020200501813783,42.31580387712078]],[[-3.6991029,42.3397642],[-3.7020153,42.3392359]],[[-3.69751,42.3165235],[-3.7019737961859773,42.31656760280905]],[[-3.7019737961859773,42.31656760280905],[-3.7002104,42.3239727],[-3.696384,42.3277904],[-3.6963709,42.33246],[-3.6854797,42.3374123],[-3.6846278,42.3395891],[-3.6858763,42.3430973]],[[-3.701820864982086,42.31591994177889],[-3.7019737961859773,42.31656760280905]],[[-3.701922662922225,41.63830135829406],[-3.6924872535173354,41.64109053749966]],[[-3.699416305708231,41.636484809130835],[-3.701922662922225,41.63830135829406]],[[-3.69751,42.3165235],[-3.701820864982086,42.31591994177889]],[[-3.701802679982239,42.31580523194878],[-3.701820864982086,42.31591994177889]],[[-3.701802679982239,42.31580523194878],[-3.6965696,42.3166459]],[[-3.7017120063125875,42.314296497253224],[-3.701802679982239,42.31580523194878]],[[-3.7017120063125875,42.314296497253224],[-3.6965696,42.3166459]],[[-3.7008197,42.3271582],[-3.7013193,42.3253544]],[[-3.7012566,42.3253507],[-3.7008197,42.3271582]],[[-3.7005166,42.3287397],[-3.7008197,42.3271582]],[[-3.7005959,42.3293539],[-3.7006844,42.3290086]],[[-3.7006844,42.3290086],[-3.7005166,42.3287397]],[[-3.7006844,42.3290086],[-3.7004084,42.3290584]],[[-3.7003446,42.3296533],[-3.7005959,42.3293539]],[[-3.7003577,42.3292182],[-3.7005959,42.3293539]],[[-3.7005166,42.3287397],[-3.7004084,42.3290584]],[[-3.700449619638408,41.66421416929034],[-3.700458414900637,41.664121614927474]],[[-3.700458414900637,41.664121614927474],[-3.7003044,41.6581109],[-3.6941538,41.6448142]],[[-3.700458414900637,41.664121614927474],[-3.6919345,41.6619496]],[[-3.7002893,42.2645152],[-3.7004513,42.2645308]],[[-3.7004513,42.2645308],[-3.7003239,42.2643502]],[[-3.7004513,42.2645308],[-3.7002893,42.2645152]],[[-3.700449619638408,41.66421416929034],[-3.6986163,41.6706049],[-3.6944163658970504,41.67623034164595]],[[-3.69189,41.6621597],[-3.700449619638408,41.66421416929034]],[[-3.7004084,42.3290584],[-3.7003577,42.3292182]],[[-3.7003942,42.3360211],[-3.6991029,42.3397642]],[[-3.7003942,42.3360211],[-3.6994583,42.3341965]],[[-3.7003577,42.3292182],[-3.7003446,42.3296533]],[[-3.7003446,42.3296533],[-3.6998516,42.3329507]],[[-3.7003239,42.2643502],[-3.7002893,42.2645152]],[[-3.6991856112560964,42.26339479651344],[-3.7003239,42.2643502]],[[-3.6998516,42.3329507],[-3.6996782,42.333144]],[[-3.6998429,42.3332309],[-3.6998516,42.3329507]],[[-3.6997328,42.3334795],[-3.6998429,42.3332309]],[[-3.6998429,42.3332309],[-3.6996782,42.333144]],[[-3.6994856,42.3334568],[-3.6997328,42.3334795]],[[-3.6994583,42.3341965],[-3.6997328,42.3334795]],[[-3.6995948,42.3764322],[-3.6997313,42.3758876]],[[-3.6997313,42.3758876],[-3.6981969,42.3709716]],[[-3.6997313,42.3758876],[-3.6994448,42.3758476]],[[-3.6966699,42.341693],[-3.6997099,42.3409169]],[[-3.6997099,42.3409169],[-3.6986867,42.3440651]],[[-3.6997099,42.3409169],[-3.6997044,42.3407028]],[[-3.6995281,42.3407763],[-3.6997099,42.3409169]],[[-3.6995281,42.3407763],[-3.6997044,42.3407028]],[[-3.6997044,42.3407028],[-3.6996364,42.3406243]],[[-3.6996782,42.333144],[-3.6994856,42.3334568]],[[-3.6996364,42.3406243],[-3.6995589,42.3405582]],[[-3.6996364,42.3406243],[-3.6994826,42.3406775]],[[-3.6993009,42.3763905],[-3.6995948,42.3764322]],[[-3.6956716,42.3803234],[-3.6995948,42.3764322]],[[-3.6995763191610753,41.6363813199972],[-3.699416305708231,41.636484809130835]],[[-3.6995763191610753,41.6363813199972],[-3.6905641,41.6243099],[-3.689483,41.6197064],[-3.6960344,41.6052114],[-3.6963783,41.593839],[-3.7059391,41.5825567],[-3.7067901,41.569368],[-3.711504,41.5583471],[-3.7180895,41.5495205],[-3.7182537,41.5448871],[-3.7154051,41.5372509],[-3.7151836,41.5214783],[-3.716741,41.5130099],[-3.7009832,41.4878331],[-3.6861634,41.472695],[-3.6760169,41.4589864],[-3.6757235,41.4553502],[-3.6785714,41.4492025],[-3.6776715,41.4346611],[-3.6730348,41.4263673],[-3.6642002,41.4205719],[-3.6569461,41.4116532],[-3.6491295,41.3997288],[-3.6452998,41.3901112],[-3.6447561,41.3774908],[-3.6386221,41.363958],[-3.6431941,41.334953],[-3.6262662,41.3165122],[-3.6085463,41.3055813],[-3.6046487,41.3005572],[-3.6037716,41.2963013],[-3.6059803,41.2900807],[-3.6041214,41.2782851],[-3.5950412,41.2627132],[-3.5893108585462756,41.23299022720331]],[[-3.6995589,42.3405582],[-3.6994779,42.3404891]],[[-3.6995589,42.3405582],[-3.6994705,42.3405579]],[[-3.6994826,42.3406775],[-3.6995281,42.3407763]],[[-3.6994856,42.3334568],[-3.6994583,42.3341965]],[[-3.6994705,42.3405579],[-3.6994826,42.3406775]],[[-3.6994779,42.3404891],[-3.6994705,42.3405579]],[[-3.6994779,42.3404891],[-3.6991029,42.3397642]],[[-3.6994705,42.3405579],[-3.696621,42.34104]],[[-3.6994448,42.3758476],[-3.6993009,42.3763905]],[[-3.6978993,42.3710807],[-3.6994448,42.3758476]],[[-3.699416305708231,41.636484809130835],[-3.6922943,41.6406085]],[[-3.589091976461844,41.23294739178022],[-3.5948114,41.2627135],[-3.6039934,41.2786732],[-3.6057937,41.2900396],[-3.6035484,41.296389],[-3.6043565,41.3004571],[-3.6082183,41.305583],[-3.6248993,41.3157154],[-3.6430177,41.3350891],[-3.6385005,41.3653302],[-3.6443077,41.376717],[-3.644887,41.3891627],[-3.6490431,41.4001373],[-3.6626951,41.4192884],[-3.6730552,41.426683],[-3.6774792,41.4347323],[-3.6783174,41.4494948],[-3.6753417,41.455745],[-3.6758006,41.4594732],[-3.6900406,41.4781258],[-3.7003799,41.4875489],[-3.7167073,41.5136579],[-3.7149099,41.5220851],[-3.715171,41.5372522],[-3.7180219,41.5449138],[-3.7178607,41.5494832],[-3.7112913,41.5582735],[-3.7065331,41.5695101],[-3.7056901,41.5826029],[-3.6961325,41.5939189],[-3.695795,41.6053227],[-3.6892955,41.6195644],[-3.6903176,41.6242721],[-3.699416305708231,41.636484809130835]],[[-3.6993009,42.3763905],[-3.6954383,42.3800953]],[[-3.6989685133966796,42.26329015767231],[-3.6991856112560964,42.26339479651344]],[[-3.6989685133966796,42.26329015767231],[-3.6965482,42.2614578]],[[-3.6986867,42.3440651],[-3.698461,42.3445523]],[[-3.698575,42.3445806],[-3.6986867,42.3440651]],[[-3.6986867,42.3440651],[-3.6971416,42.3436985]],[[-3.6917988,42.3543189],[-3.6952295,42.3518065],[-3.698575,42.3445806]],[[-3.698461,42.3445523],[-3.698575,42.3445806]],[[-3.698461,42.3445523],[-3.6952233,42.351608],[-3.6917113,42.3542228]],[[-3.6970114,42.344196],[-3.698461,42.3445523]],[[-3.6978993,42.3710807],[-3.6981969,42.3709716]],[[-3.6981969,42.3709716],[-3.6978682,42.3704688]],[[-3.6976038,42.370554],[-3.6978993,42.3710807]],[[-3.6978682,42.3704688],[-3.6976038,42.370554]],[[-3.6978682,42.3704688],[-3.6956643,42.3667081]],[[-3.695387,42.3667896],[-3.6976038,42.370554]],[[-3.6089782894879376,42.34085647198324],[-3.6290082,42.3324564],[-3.6500834,42.3298386],[-3.6614301,42.3255041],[-3.6774201,42.3264322],[-3.6849939,42.3252645],[-3.69751,42.3165235]],[[-3.6970114,42.344196],[-3.6971416,42.3436985]],[[-3.6971416,42.3436985],[-3.6968886,42.3436753]],[[-3.6970682163294573,41.78164039155643],[-3.6971153165311206,41.78068025113339]],[[-3.6970682163294573,41.78164039155643],[-3.6971153165311206,41.78068025113339]],[[-3.6971153165311206,41.78068025113339],[-3.6972768,41.7699531],[-3.6889344,41.7600951],[-3.6887499,41.7330227],[-3.6867771,41.7255349],[-3.6887231454534515,41.71303726383823]],[[-3.6971153165311206,41.78068025113339],[-3.6969044493479797,41.780673234068686]],[[-3.6968600518658215,41.78163619869794],[-3.6970682163294573,41.78164039155643]],[[-3.6968886,42.3436753],[-3.6970114,42.344196]],[[-3.6969044493479797,41.780673234068686],[-3.6965139,41.7808084]],[[-3.6969044493479797,41.780673234068686],[-3.6968600518658215,41.78163619869794]],[[-3.6885524003283674,41.71291600373361],[-3.6866005,41.7253766],[-3.6885814,41.7331243],[-3.688773,41.7602263],[-3.696991,41.7697147],[-3.6969044493479797,41.780673234068686]],[[-3.6968886,42.3436753],[-3.6966699,42.341693]],[[-3.6963211,41.7811576],[-3.6968600518658215,41.78163619869794]],[[-3.686406,42.3439589],[-3.6966699,42.341693]],[[-3.6966699,42.341693],[-3.696621,42.34104]],[[-3.696621,42.34104],[-3.686075,42.3430749]],[[-3.6965696,42.3166459],[-3.6894593,42.3230634],[-3.6846192,42.3252153],[-3.6769404,42.3263016],[-3.6616423,42.3253116],[-3.6492635,42.3298663],[-3.628988,42.3323268],[-3.608681152092711,42.34080243604768]],[[-3.6965482,42.2614578],[-3.696503,42.2611909]],[[-3.6963731,42.2612548],[-3.6965482,42.2614578]],[[-3.6965139,41.7808084],[-3.6960651,41.7808021]],[[-3.6965139,41.7808084],[-3.6963211,41.7811576]],[[-3.6963731,42.2612548],[-3.696503,42.2611909]],[[-3.696503,42.2611909],[-3.6961749,42.2608964]],[[-3.6960451,42.2610171],[-3.6963731,42.2612548]],[[-3.6960651,41.7808021],[-3.6963211,41.7811576]],[[-3.6961749,42.2608964],[-3.6960451,42.2610171]],[[-3.6961749,42.2608964],[-3.6958404,42.2607588]],[[-3.6960651,41.7808021],[-3.6939499,41.7765137],[-3.6954905,41.7677025]],[[-3.6958404,42.2607588],[-3.6960451,42.2610171]],[[-3.6899321,42.2542696],[-3.6958404,42.2607588]],[[-3.6953024,42.3807957],[-3.6956716,42.3803234]],[[-3.6956716,42.3803234],[-3.6954383,42.3800953]],[[-3.695387,42.3667896],[-3.6956643,42.3667081]],[[-3.6956643,42.3667081],[-3.6954052,42.3661873]],[[-3.6956214,42.3850017],[-3.6953024,42.3807957]],[[-3.6954383,42.3800953],[-3.6946721,42.3805423]],[[-3.6954052,42.3661873],[-3.6951279,42.3662545]],[[-3.6954052,42.3661873],[-3.6933167,42.3573885]],[[-3.6951279,42.3662545],[-3.695387,42.3667896]],[[-3.6949721,42.380776],[-3.6953024,42.3807957]],[[-3.6930236,42.3574887],[-3.6951279,42.3662545]],[[-3.6949721,42.380776],[-3.6951125,42.3850391]],[[-3.6948974,42.380747],[-3.6949721,42.380776]],[[-3.694519,42.3808128],[-3.6948974,42.380747]],[[-3.6946721,42.3805423],[-3.6948974,42.380747]],[[-3.6946721,42.3805423],[-3.694519,42.3808128]],[[-3.6923044287283404,42.38572557102291],[-3.694519,42.3808128]],[[-3.6944163658970504,41.67623034164595],[-3.6926365,41.6762941]],[[-3.6944163658970504,41.67623034164595],[-3.6853857,41.6884243],[-3.6845603,41.6919668]],[[-3.6941538,41.6448142],[-3.6938058,41.6443977]],[[-3.6936647,41.6446196],[-3.6941538,41.6448142]],[[-3.6936647,41.6446196],[-3.6938058,41.6443977]],[[-3.6938058,41.6443977],[-3.6937117,41.6442659]],[[-3.6937117,41.6442659],[-3.6929926,41.6433938]],[[-3.6937117,41.6442659],[-3.693326,41.6442589]],[[-3.693326,41.6442589],[-3.6936647,41.6446196]],[[-3.6929926,41.6433938],[-3.693326,41.6442589]],[[-3.6930236,42.3574887],[-3.6933167,42.3573885]],[[-3.6933167,42.3573885],[-3.6930988,42.3571069]],[[-3.6930988,42.3571069],[-3.6928507,42.3572113]],[[-3.6930988,42.3571069],[-3.6917915,42.354488]],[[-3.6928507,42.3572113],[-3.6930236,42.3574887]],[[-3.6929926,41.6433938],[-3.692272,41.6421069]],[[-3.69146,42.3546267],[-3.6928507,42.3572113]],[[-3.692069,41.676323],[-3.6926365,41.6762941]],[[-3.6926365,41.6762941],[-3.6920926,41.6761053]],[[-3.6924872535173354,41.64109053749966],[-3.6914402837025757,41.64124819877677]],[[-3.692480986856235,41.64126399617515],[-3.6924872535173354,41.64109053749966]],[[-3.6924872535173354,41.64109053749966],[-3.6922717,41.6408398]],[[-3.6915449533097693,41.64141398464448],[-3.692480986856235,41.64126399617515]],[[-3.6922262,41.6415193],[-3.692480986856235,41.64126399617515]],[[-3.6923044287283404,42.38572557102291],[-3.6879883091155654,42.38605527008287]],[[-3.692235228222667,42.38590447273949],[-3.6923044287283404,42.38572557102291]],[[-3.6922943,41.6406085],[-3.6920609,41.6407739]],[[-3.6922717,41.6408398],[-3.6922943,41.6406085]],[[-3.692272,41.6421069],[-3.6922262,41.6415193]],[[-3.6918745,41.641565],[-3.692272,41.6421069]],[[-3.6922717,41.6408398],[-3.6920609,41.6407739]],[[-3.688519747209792,42.386222670860604],[-3.692235228222667,42.38590447273949]],[[-3.6915675320225616,42.387631686305184],[-3.692235228222667,42.38590447273949]],[[-3.6918745,41.641565],[-3.6922262,41.6415193]],[[-3.692069,41.676323],[-3.6920926,41.6761053]],[[-3.6920926,41.6761053],[-3.6917831,41.6760625]],[[-3.6916971,41.6762654],[-3.692069,41.676323]],[[-3.6920609,41.6407739],[-3.6919776,41.6407674]],[[-3.6919776,41.6407674],[-3.6917069,41.640816]],[[-3.6919776,41.6407674],[-3.6917228,41.6405114]],[[-3.69189,41.6621597],[-3.6919345,41.6619496]],[[-3.6919345,41.6619496],[-3.6913013,41.661879]],[[-3.6912702,41.6620774],[-3.69189,41.6621597]],[[-3.6915449533097693,41.64141398464448],[-3.6918745,41.641565]],[[-3.6917915,42.354488],[-3.6917988,42.3543189]],[[-3.6917988,42.3543189],[-3.6917113,42.3542228]],[[-3.69146,42.3546267],[-3.6917915,42.354488]],[[-3.6917831,41.6760625],[-3.6916971,41.6762654]],[[-3.6917831,41.6760625],[-3.6914046,41.6759983]],[[-3.6917228,41.6405114],[-3.6917069,41.640816]],[[-3.6917228,41.6405114],[-3.6870348,41.6260618]],[[-3.6917113,42.3542228],[-3.6915998,42.3541756]],[[-3.6917069,41.640816],[-3.6914402837025757,41.64124819877677]],[[-3.6914046,41.6759983],[-3.6916971,41.6762654]],[[-3.6915998,42.3541756],[-3.6876001,42.3465894]],[[-3.6915998,42.3541756],[-3.6912579,42.3542506]],[[-3.6914713417225014,42.38788330118966],[-3.6915675320225616,42.387631686305184]],[[-3.688057635890513,42.46334092006549],[-3.6945308,42.431197],[-3.6987169,42.3978059],[-3.6970581,42.3921095],[-3.6915675320225616,42.387631686305184]],[[-3.6915675320225616,42.387631686305184],[-3.688519747209792,42.386222670860604]],[[-3.6212431,41.6405584],[-3.637786,41.6379718],[-3.6915449533097693,41.64141398464448]],[[-3.6914402837025757,41.64124819877677],[-3.6915449533097693,41.64141398464448]],[[-3.680565,42.4422798],[-3.6827272,42.4190737],[-3.6930536,42.4004433],[-3.6899654,42.3929599],[-3.6914713417225014,42.38788330118966]],[[-3.6914713417225014,42.38788330118966],[-3.6967391,42.3920299],[-3.69849,42.3977066],[-3.6943665,42.4307722],[-3.687825560834062,42.46330716147244]],[[-3.6826442,42.3854005],[-3.6914713417225014,42.38788330118966]],[[-3.6912579,42.3542506],[-3.69146,42.3546267]],[[-3.6914402837025757,41.64124819877677],[-3.6377575,41.6378034],[-3.6213121,41.6403694]],[[-3.6914046,41.6759983],[-3.686001,41.6759376]],[[-3.6913013,41.661879],[-3.6912702,41.6620774]],[[-3.6913013,41.661879],[-3.6869108,41.6615817]],[[-3.6869051,41.6618079],[-3.6912702,41.6620774]],[[-3.6871962,42.346699],[-3.6912579,42.3542506]],[[-3.690112,42.4721394],[-3.688057635890513,42.46334092006549]],[[-3.6884395,42.4678301],[-3.690112,42.4721394]],[[-3.6899321,42.2542696],[-3.6873132,42.25237]],[[-3.6873132,42.25237],[-3.6899321,42.2542696]],[[-3.6898858,41.714042],[-3.6897068,41.71409]],[[-3.6897068,41.71409],[-3.6898858,41.714042]],[[-3.6898858,41.714042],[-3.6897016,41.7138316]],[[-3.6897016,41.7138316],[-3.6897068,41.71409]],[[-3.6897016,41.7138316],[-3.6887231454534515,41.71303726383823]],[[-3.6894511,42.4634439],[-3.6891639,42.4635052]],[[-3.6894511,42.4634439],[-3.6894157,42.4636196]],[[-3.6894157,42.4636196],[-3.6894511,42.4634439]],[[-3.6891639,42.4635052],[-3.6894157,42.4636196]],[[-3.688057635890513,42.46334092006549],[-3.6891639,42.4635052]],[[-3.6887231454534515,41.71303726383823],[-3.6885524003283674,41.71291600373361]],[[-3.6871177,41.7091367],[-3.6885524003283674,41.71291600373361]],[[-3.6826442,42.3854005],[-3.688519747209792,42.386222670860604]],[[-3.688519747209792,42.386222670860604],[-3.6879883091155654,42.38605527008287]],[[-3.687825560834062,42.46330716147244],[-3.688057635890513,42.46334092006549]],[[-3.687825560834062,42.46330716147244],[-3.6880404,42.4660502]],[[-3.6879883091155654,42.38605527008287],[-3.6787208,42.3842563]],[[-3.6879883091155654,42.38605527008287],[-3.6787208,42.3842563]],[[-3.6872368,42.4632201],[-3.687825560834062,42.46330716147244]],[[-3.6871962,42.346699],[-3.6876001,42.3465894]],[[-3.6876001,42.3465894],[-3.6874099,42.3461928]],[[-3.6874099,42.3461928],[-3.686406,42.3439589]],[[-3.6874099,42.3461928],[-3.6870426,42.3462597]],[[-3.6783286,42.2449964],[-3.6873132,42.25237]],[[-3.6868658,42.4632992],[-3.6872368,42.4632201]],[[-3.6872368,42.4632201],[-3.6869581,42.463103]],[[-3.6870426,42.3462597],[-3.6871962,42.346699]],[[-3.6867258,41.6255412],[-3.6871698,41.6255195]],[[-3.6870348,41.6260618],[-3.6871698,41.6255195]],[[-3.6871698,41.6255195],[-3.6869743,41.6250843]],[[-3.687025,41.7086902],[-3.6871177,41.7091367]],[[-3.6871177,41.7091367],[-3.687025,41.7086902]],[[-3.6860573,42.3440473],[-3.6870426,42.3462597]],[[-3.6867258,41.6255412],[-3.6870348,41.6260618]],[[-3.68393,41.6996375],[-3.687025,41.7086902]],[[-3.6869743,41.6250843],[-3.6866385,41.6252059]],[[-3.6869743,41.6250843],[-3.6866787,41.6248264]],[[-3.6868658,42.4632992],[-3.6869581,42.463103]],[[-3.6869581,42.463103],[-3.686581,42.4628589]],[[-3.6869051,41.6618079],[-3.6869108,41.6615817]],[[-3.6869108,41.6615817],[-3.6864949,41.6614646]],[[-3.6862176,41.6617532],[-3.6869051,41.6618079]],[[-3.6864574,42.4628811],[-3.6868658,42.4632992]],[[-3.6866385,41.6252059],[-3.6867258,41.6255412]],[[-3.6866787,41.6248264],[-3.6866385,41.6252059]],[[-3.686581,42.4628589],[-3.6864574,42.4628811]],[[-3.686581,42.4628589],[-3.6864681,42.4627738]],[[-3.6864949,41.6614646],[-3.6862176,41.6617532]],[[-3.6864949,41.6614646],[-3.6832903,41.6560146]],[[-3.6864681,42.4627738],[-3.6864574,42.4628811]],[[-3.6864681,42.4627738],[-3.6809747,42.4449088]],[[-3.6860573,42.3440473],[-3.686406,42.3439589]],[[-3.686406,42.3439589],[-3.6863007,42.3436802]],[[-3.6860573,42.3440473],[-3.6863007,42.3436802]],[[-3.6863007,42.3436802],[-3.6862823,42.3436313]],[[-3.6862823,42.3436313],[-3.686075,42.3430749]],[[-3.6862823,42.3436313],[-3.6858049,42.3436138]],[[-3.6832903,41.6560146],[-3.6862176,41.6617532]],[[-3.686075,42.3430749],[-3.6858763,42.3430973]],[[-3.6774234,42.3487471],[-3.6860573,42.3440473]],[[-3.6857962,42.3436393],[-3.6860573,42.3440473]],[[-3.686001,41.6759376],[-3.6857977,41.6759492]],[[-3.6858575,41.6760432],[-3.686001,41.6759376]],[[-3.6858763,42.3430973],[-3.6858049,42.3436138]],[[-3.6857977,41.6759492],[-3.6858575,41.6760432]],[[-3.6858575,41.6760432],[-3.6857977,41.6759492]],[[-3.6858049,42.3436138],[-3.6857962,42.3436393]],[[-3.6857962,42.3436393],[-3.6776501,42.3485365]],[[-3.6845603,41.6919668],[-3.6845023,41.6922434]],[[-3.6845023,41.6922434],[-3.6845603,41.6919668]],[[-3.6845023,41.6922434],[-3.6837723,41.6986342]],[[-3.6837523,41.6993853],[-3.6840023,41.6993567]],[[-3.68393,41.6996375],[-3.6840023,41.6993567]],[[-3.6840023,41.6993567],[-3.6839486,41.698877]],[[-3.6839486,41.698877],[-3.6837723,41.6986342]],[[-3.6839486,41.698877],[-3.6836907,41.6988813]],[[-3.6837523,41.6993853],[-3.68393,41.6996375]],[[-3.6837723,41.6986342],[-3.6836907,41.6988813]],[[-3.6836907,41.6988813],[-3.6837523,41.6993853]],[[-3.6182736,41.6418459],[-3.6821033,41.6532546],[-3.6832903,41.6560146]],[[-3.6392958763137315,42.3674043056548],[-3.6404411,42.3710669],[-3.6437735,42.3736559],[-3.6583042,42.3756891],[-3.6707624,42.3822257],[-3.6826442,42.3854005]],[[-3.6809747,42.4449088],[-3.680565,42.4422798]],[[-3.6805697,42.4435229],[-3.6809747,42.4449088]],[[-3.6799851,42.444154],[-3.6805697,42.4435229]],[[-3.680565,42.4422798],[-3.6805697,42.4435229]],[[-3.6805697,42.4435229],[-3.6799851,42.444154]],[[-3.6335393,42.6083077],[-3.6324728,42.5984399],[-3.6349564,42.5852864],[-3.6369772,42.5767432],[-3.640775,42.5710534],[-3.6382825,42.5659347],[-3.6385443,42.5578675],[-3.643069,42.5445032],[-3.648369,42.5355867],[-3.6492345,42.523984],[-3.6466777,42.5213208],[-3.6472849,42.5171372],[-3.6438814,42.5142949],[-3.6443944,42.5008931],[-3.6491805,42.4931577],[-3.6543319,42.4907391],[-3.6562589,42.4832517],[-3.6546677,42.4810819],[-3.656055,42.4801621],[-3.6553951,42.4770374],[-3.6574644,42.4771271],[-3.6615003,42.4735583],[-3.6705944,42.4625173],[-3.6799851,42.444154]],[[-3.6787208,42.3842563],[-3.658598,42.3755679],[-3.6432541,42.3731652],[-3.6399939,42.3695999],[-3.6404535,42.3647524]],[[-3.6783286,42.2449964],[-3.6742037,42.2414475]],[[-3.6742037,42.2414475],[-3.6783286,42.2449964]],[[-3.6776501,42.3485365],[-3.6666552,42.3470877]],[[-3.6776501,42.3485365],[-3.6773077,42.3487247]],[[-3.6632479,42.3551589],[-3.6774234,42.3487471]],[[-3.6773077,42.3487247],[-3.6774234,42.3487471]],[[-3.6773077,42.3487247],[-3.6631673,42.3550502]],[[-3.6666143,42.3472893],[-3.6773077,42.3487247]],[[-3.6766921,41.1438099],[-3.6739069,41.1469722]],[[-3.6739069,41.1469722],[-3.6766921,41.1438099]],[[-3.6706207,42.2383596],[-3.6742037,42.2414475]],[[-3.6732805,41.1476937],[-3.6739069,41.1469722]],[[-3.6732805,41.1476937],[-3.6661632,41.1558154]],[[-3.6661632,41.1558154],[-3.6732805,41.1476937]],[[-3.6706207,42.2383596],[-3.6665468,42.2341666]],[[-3.6665468,42.2341666],[-3.6706207,42.2383596]],[[-3.6666143,42.3472893],[-3.6666552,42.3470877]],[[-3.6666552,42.3470877],[-3.6662233,42.3470648]],[[-3.6661976,42.3472293],[-3.6666143,42.3472893]],[[-3.6488472,42.2047958],[-3.6551274,42.2250757],[-3.6665468,42.2341666]],[[-3.6662233,42.3470648],[-3.6661976,42.3472293]],[[-3.6662233,42.3470648],[-3.6488401,42.3448232]],[[-3.6488054,42.3450292],[-3.6661976,42.3472293]],[[-3.6406913,41.1725429],[-3.6471226,41.1670008],[-3.6533561,41.1670611],[-3.6598259,41.1630107],[-3.6661632,41.1558154]],[[-3.6629439,42.3552902],[-3.6632479,42.3551589]],[[-3.6632479,42.3551589],[-3.6631673,42.3550502]],[[-3.6631673,42.3550502],[-3.6628599,42.355132]],[[-3.6515362,42.3583913],[-3.6629439,42.3552902]],[[-3.6628599,42.355132],[-3.6629439,42.3552902]],[[-3.6628599,42.355132],[-3.6514829,42.3582843]],[[-3.6510939,42.3585284],[-3.6515362,42.3583913]],[[-3.6515362,42.3583913],[-3.6514829,42.3582843]],[[-3.6514829,42.3582843],[-3.6510272,42.3583784]],[[-3.64038,42.3611535],[-3.6510939,42.3585284]],[[-3.6510272,42.3583784],[-3.6510939,42.3585284]],[[-3.6510272,42.3583784],[-3.6402082,42.3606427]],[[-3.6488472,42.2047958],[-3.6481191,42.2011206]],[[-3.6481191,42.2011206],[-3.6488472,42.2047958]],[[-3.6488054,42.3450292],[-3.6488401,42.3448232]],[[-3.6488401,42.3448232],[-3.6483655,42.3448176]],[[-3.6483617,42.3449881],[-3.6488054,42.3450292]],[[-3.6483655,42.3448176],[-3.6385519,42.3444185]],[[-3.6483655,42.3448176],[-3.6483617,42.3449881]],[[-3.6388117,42.3447091],[-3.6483617,42.3449881]],[[-3.6420807,42.1917135],[-3.6481191,42.2011206]],[[-3.6420807,42.1917135],[-3.6400033,42.1874314]],[[-3.6400033,42.1874314],[-3.6420807,42.1917135]],[[-3.641375,41.3439277],[-3.6411208,41.3441619]],[[-3.6413074,41.3442362],[-3.641375,41.3439277]],[[-3.6327309,41.3242055],[-3.6349576,41.3314918],[-3.6419532,41.3371825],[-3.641375,41.3439277]],[[-3.6411208,41.3441619],[-3.6413074,41.3442362]],[[-3.6413074,41.3442362],[-3.6411208,41.3441619]],[[-3.6401653,41.1725691],[-3.6406913,41.1725429]],[[-3.6352645,41.1814912],[-3.6402496,41.1785779],[-3.6406913,41.1725429]],[[-3.6406913,41.1725429],[-3.6401653,41.1725691]],[[-3.6392958763137315,42.3674043056548],[-3.6404535,42.3647524]],[[-3.6404535,42.3647524],[-3.639985042764296,42.361450422614865]],[[-3.639985042764296,42.361450422614865],[-3.64038,42.3611535]],[[-3.64038,42.3611535],[-3.6402082,42.3606427]],[[-3.6402082,42.3606427],[-3.6396643286200843,42.36051243655984]],[[-3.6401653,41.1725691],[-3.6368434,41.1750579],[-3.6327028,41.1822675]],[[-3.6137118,42.1688899],[-3.6208842,42.1760501],[-3.6304928,42.1773918],[-3.6400033,42.1874314]],[[-3.639848478937666,42.36147518244863],[-3.639985042764296,42.361450422614865]],[[-3.639985042764296,42.361450422614865],[-3.6396643286200843,42.36051243655984]],[[-3.6397652609355844,42.36148035684712],[-3.639848478937666,42.36147518244863]],[[-3.639848478937666,42.36147518244863],[-3.6392981872672756,42.36719784020002]],[[-3.6395989,42.3607511],[-3.639848478937666,42.36147518244863]],[[-3.6392326,42.36129],[-3.6397652609355844,42.36148035684712]],[[-3.6397652609355844,42.36148035684712],[-3.6392981872672756,42.36719784020002]],[[-3.6395989,42.3607511],[-3.6397652609355844,42.36148035684712]],[[-3.6396643286200843,42.36051243655984],[-3.639527191856983,42.36053737201177]],[[-3.6396643286200843,42.36051243655984],[-3.6368255,42.3519429],[-3.63810131879785,42.34520201005482]],[[-3.639527191856983,42.36053737201177],[-3.6395989,42.3607511]],[[-3.639527191856983,42.36053737201177],[-3.6391092,42.3609003]],[[-3.6379679959265374,42.345202913033916],[-3.6366871,42.3519037],[-3.639527191856983,42.36053737201177]],[[-3.6392981872672756,42.36719784020002],[-3.6334942,42.3706518],[-3.6155903,42.3735356],[-3.6004363,42.3737441],[-3.58969546264026,42.37963884714224]],[[-3.6392981872672756,42.36719784020002],[-3.6392958763137315,42.3674043056548]],[[-3.5897837401296746,42.37971179381255],[-3.5994673,42.3742305],[-3.6157785,42.3737304],[-3.633525,42.3708358],[-3.6392958763137315,42.3674043056548]],[[-3.6391092,42.3609003],[-3.6392326,42.36129]],[[-3.6089426,42.3685487],[-3.6392326,42.36129]],[[-3.6391092,42.3609003],[-3.6089426,42.3685487]],[[-3.63810131879785,42.34520201005482],[-3.6388117,42.3447091]],[[-3.6388117,42.3447091],[-3.6385519,42.3444185]],[[-3.6385519,42.3444185],[-3.6379206875393955,42.34431211343558]],[[-3.6379679959265374,42.345202913033916],[-3.63810131879785,42.34520201005482]],[[-3.63810131879785,42.34520201005482],[-3.6379206875393955,42.34431211343558]],[[-3.6377876845565384,42.3443083686914],[-3.6379679959265374,42.345202913033916]],[[-3.6372289,42.3450527],[-3.6379679959265374,42.345202913033916]],[[-3.6379206875393955,42.34431211343558],[-3.6358489,42.3407185],[-3.6288977,42.338632]],[[-3.6379206875393955,42.34431211343558],[-3.6377876845565384,42.3443083686914]],[[-3.6258401,42.337904],[-3.6355768,42.3406834],[-3.6377876845565384,42.3443083686914]],[[-3.6377876845565384,42.3443083686914],[-3.63718,42.3444077]],[[-3.6369883,42.3447143],[-3.6372289,42.3450527]],[[-3.6366003,42.3450362],[-3.6372289,42.3450527]],[[-3.63718,42.3444077],[-3.6369955,42.3446504]],[[-3.63718,42.3444077],[-3.6306913,42.3438661]],[[-3.6369955,42.3446504],[-3.6369883,42.3447143]],[[-3.6306913,42.3438661],[-3.6369955,42.3446504]],[[-3.6369883,42.3447143],[-3.6366003,42.3450362]],[[-3.6366003,42.3450362],[-3.6262031,42.3528995]],[[-3.6352645,41.1814912],[-3.6314997,41.1841572]],[[-3.6314997,41.1841572],[-3.6352645,41.1814912]],[[-3.6335393,42.6083077],[-3.6333946,42.6103737]],[[-3.6333946,42.6103737],[-3.6335393,42.6083077]],[[-3.6252474,42.6510097],[-3.6277959,42.6451405],[-3.6228098,42.639217],[-3.6270429,42.6249564],[-3.6329842,42.6146345],[-3.6333946,42.6103737]],[[-3.5848863595998597,41.19202785381935],[-3.5970604,41.1900996],[-3.6074689,41.1847073],[-3.628335,41.1859398],[-3.6314997,41.1841572]],[[-3.6089782894879376,42.34085647198324],[-3.6306913,42.3438661]],[[-3.6262031,42.3528995],[-3.6257553,42.3530268]],[[-3.6260446,42.3532392],[-3.6262031,42.3528995]],[[-3.6257553,42.3530268],[-3.6260446,42.3532392]],[[-3.6260446,42.3532392],[-3.6257553,42.3530268]],[[-3.6252474,42.6510097],[-3.623605,42.6522801]],[[-3.623668,42.6523187],[-3.6252474,42.6510097]],[[-3.62385,42.6524412],[-3.623668,42.6523187]],[[-3.6236153,42.6523569],[-3.62385,42.6524412]],[[-3.6236153,42.6523569],[-3.623668,42.6523187]],[[-3.623668,42.6523187],[-3.623605,42.6522801]],[[-3.6218308,42.6537064],[-3.6236153,42.6523569]],[[-3.6235514,42.652319],[-3.6236153,42.6523569]],[[-3.623605,42.6522801],[-3.6235514,42.652319]],[[-3.623605,42.6522801],[-3.6233029,42.6521817]],[[-3.6235514,42.652319],[-3.6218308,42.6537064]],[[-3.6233029,42.6521817],[-3.6235514,42.652319]],[[-3.4275491,42.6830484],[-3.4328503,42.6780652],[-3.4381281,42.6759515],[-3.4570684,42.6728927],[-3.4689865,42.6685267],[-3.477956,42.6698214],[-3.4795643,42.6671394],[-3.483619,42.6651571],[-3.4984039,42.6655623],[-3.5071501,42.6694542],[-3.5053325,42.6680722],[-3.5100264,42.6667805],[-3.5190151,42.6675285],[-3.5258716,42.6708134],[-3.5246871,42.6732709],[-3.5270141,42.6757883],[-3.5263983,42.6792333],[-3.5301231,42.6748856],[-3.5299145,42.6720413],[-3.5342515,42.6690959],[-3.5835809,42.6618836],[-3.6233029,42.6521817]],[[-3.6132946,42.7515505],[-3.6142677,42.6750503],[-3.6157133,42.6662566],[-3.6218308,42.6537064]],[[-3.6182736,41.6418459],[-3.6147579,41.6411326]],[[-3.6147579,41.6411326],[-3.6182736,41.6418459]],[[-3.5990882,42.8524146],[-3.6041748,42.8502972],[-3.6063889,42.8442838],[-3.6104221,42.8413782],[-3.6089137,42.8407777],[-3.6097955,42.8388646],[-3.6110534,42.8398765],[-3.6111151,42.8359693],[-3.6148491,42.8356582],[-3.6106956,42.8282319],[-3.615706,42.8319961],[-3.6133634,42.826454],[-3.6193202,42.8307129],[-3.6215791,42.8276042],[-3.6224542,42.8197709],[-3.6189725,42.8174739],[-3.6154335,42.8032818],[-3.6212673,42.7889546],[-3.6156401,42.7750582],[-3.6162365,42.7682462]],[[-3.6162365,42.7682462],[-3.6160438,42.76384]],[[-3.6160438,42.76384],[-3.6162365,42.7682462]],[[-3.6160438,42.76384],[-3.613591,42.7558494]],[[-3.5252035,41.6314744],[-3.5532447,41.6276922],[-3.6147579,41.6411326]],[[-3.6137118,42.1688899],[-3.6100629,42.1651205]],[[-3.6100629,42.1651205],[-3.6137118,42.1688899]],[[-3.613591,42.7558494],[-3.6132946,42.7515505]],[[-3.6132946,42.7515505],[-3.613591,42.7558494]],[[-3.5707779,42.1319446],[-3.5862899,42.1402787],[-3.5944005,42.1502619],[-3.6100629,42.1651205]],[[-3.582773850623719,42.383239269147424],[-3.5913001,42.3643832],[-3.6016594,42.3548189],[-3.6047229,42.3458176],[-3.6089782894879376,42.34085647198324]],[[-3.608681152092711,42.34080243604768],[-3.6089782894879376,42.34085647198324]],[[-3.6089426,42.3685487],[-3.5948536,42.3742916]],[[-3.608681152092711,42.34080243604768],[-3.6044898,42.3457295],[-3.6013422,42.3548532],[-3.5911741,42.3641416],[-3.5825053667609934,42.3833995747523]],[[-3.5998774,42.3392291],[-3.608681152092711,42.34080243604768]],[[-3.6021828,41.2755068],[-3.6035125,41.2777625],[-3.6026946,41.2848967]],[[-3.6021828,41.2755068],[-3.6021828,41.2755068]],[[-3.5998774,42.3392291],[-3.5918491,42.3378009]],[[-3.5918491,42.3378009],[-3.5998774,42.3392291]],[[-3.5990882,42.8524146],[-3.596006,42.8533601],[-3.5915372,42.8594728],[-3.5918096,42.8671667],[-3.5957533,42.8715327],[-3.5958972,42.8766084],[-3.5993151,42.8802574],[-3.5934681,42.8928008],[-3.5888111,42.8976117],[-3.5889279,42.8999677]],[[-3.4294607,42.6877001],[-3.4335429,42.700546],[-3.4298773,42.7105219],[-3.4356686,42.7136083],[-3.442408,42.7224019],[-3.4383335,42.7307722],[-3.4335585,42.735046],[-3.4176513,42.7337343],[-3.4120461,42.735884],[-3.4077628,42.7450513],[-3.4107365,42.7500388],[-3.4164452,42.7546368],[-3.4234629,42.7562444],[-3.4296533,42.7609108],[-3.4507949,42.7689782],[-3.4703144,42.7815651],[-3.4795619,42.7840319],[-3.4808182,42.7833521],[-3.4799058,42.7825881],[-3.4822452,42.7828684],[-3.4881069,42.7870319],[-3.4920446,42.7865066],[-3.5016134,42.7908101],[-3.5020349,42.7928368],[-3.5088653,42.7949657],[-3.5115269,42.7984345],[-3.5143464,42.797427],[-3.5107356,42.8039093],[-3.5139442,42.8062941],[-3.5149835,42.8054926],[-3.5429122,42.8189744],[-3.5615077,42.8222772],[-3.5622133,42.8241338],[-3.5920641,42.8341249],[-3.5922746,42.8399604],[-3.5950472,42.8457737],[-3.5996133,42.8494703],[-3.5990882,42.8524146]],[[-3.5948536,42.3742916],[-3.5897716,42.3780246]],[[-3.5897716,42.3780246],[-3.5948536,42.3742916]],[[-3.5755226,42.3348753],[-3.5918491,42.3378009]],[[-3.5907009,41.2327031],[-3.5939019,41.2272704],[-3.5911603,41.2199382]],[[-3.5911603,41.2199382],[-3.5899629,41.2168068]],[[-3.5899629,41.2168068],[-3.5911603,41.2199382]],[[-3.5902708,41.2332672],[-3.590747,41.2330274]],[[-3.590747,41.2330274],[-3.5907009,41.2327031]],[[-3.590747,41.2330274],[-3.5905045,41.2329764]],[[-3.5907009,41.2327031],[-3.5905045,41.2329764]],[[-3.5905045,41.2329764],[-3.5903027,41.2330765]],[[-3.5903027,41.2330765],[-3.5899125,41.2331117]],[[-3.5903027,41.2330765],[-3.5902708,41.2332672]],[[-3.5899125,41.2331117],[-3.5902708,41.2332672]],[[-3.5899629,41.2168068],[-3.5888925,41.2160376]],[[-3.5893108585462756,41.23299022720331],[-3.5899125,41.2331117]],[[-3.5884939808217338,42.38042894272829],[-3.5897837401296746,42.37971179381255]],[[-3.5893724,42.3806405],[-3.5897837401296746,42.37971179381255]],[[-3.5897837401296746,42.37971179381255],[-3.58969546264026,42.37963884714224]],[[-3.5897716,42.3780246],[-3.5890018,42.379105]],[[-3.58969546264026,42.37963884714224],[-3.58843066252866,42.38035703527354]],[[-3.58969546264026,42.37963884714224],[-3.5891895,42.3794734]],[[-3.5888925,41.2160376],[-3.589482,41.2164692]],[[-3.5894195,42.9002382],[-3.5889279,42.8999677]],[[-3.5889279,42.8999677],[-3.5894195,42.9002382]],[[-3.5884939808217338,42.38042894272829],[-3.5893724,42.3806405]],[[-3.5857247,42.381668],[-3.5893724,42.3806405]],[[-3.5893108585462756,41.23299022720331],[-3.5912705,41.2289981],[-3.5909694,41.2257714],[-3.5829193,41.218317],[-3.5801022,41.2102632],[-3.5822027,41.1978773],[-3.5848863595998597,41.19202785381935]],[[-3.589091976461844,41.23294739178022],[-3.5893108585462756,41.23299022720331]],[[-3.5891895,42.3794734],[-3.5890018,42.379105]],[[-3.5891895,42.3794734],[-3.5888126,42.3795224]],[[-3.58467433531383,41.19203006478817],[-3.5819128,41.1982191],[-3.5799025,41.2103283],[-3.5826931,41.2183195],[-3.5907568,41.2257734],[-3.5910618,41.2289663],[-3.589091976461844,41.23294739178022]],[[-3.589091976461844,41.23294739178022],[-3.5868908,41.233066]],[[-3.5890018,42.379105],[-3.5888126,42.3795224]],[[-3.5800224,42.9218467],[-3.5848516,42.9118572],[-3.5903659,42.9099074],[-3.5889279,42.8999677]],[[-3.5888925,41.2160376],[-3.5831206,41.2113506]],[[-3.5888126,42.3795224],[-3.5883295,42.3800476]],[[-3.5857247,42.381668],[-3.5884939808217338,42.38042894272829]],[[-3.58843066252866,42.38035703527354],[-3.5884939808217338,42.38042894272829]],[[-3.58843066252866,42.38035703527354],[-3.5848947,42.3819675]],[[-3.5883295,42.3800476],[-3.58843066252866,42.38035703527354]],[[-3.5883295,42.3800476],[-3.5848947,42.3819675]],[[-3.5868908,41.233066],[-3.5865218,41.2330783]],[[-3.5866411,41.2332499],[-3.5868908,41.233066]],[[-3.5861399,41.2334142],[-3.5866411,41.2332499]],[[-3.5866411,41.2332499],[-3.5865218,41.2330783]],[[-3.5865218,41.2330783],[-3.5860537,41.2332797]],[[-3.5858216,41.2334506],[-3.5861399,41.2334142]],[[-3.5860537,41.2332797],[-3.5861399,41.2334142]],[[-3.5860537,41.2332797],[-3.5858216,41.2334506]],[[-3.5858216,41.2334506],[-3.565002,41.2391936],[-3.5590578,41.2442177],[-3.5531046,41.2442049]],[[-3.5832667,42.382945],[-3.5857247,42.381668]],[[-3.5848947,42.3819675],[-3.5832667,42.382945]],[[-3.58467433531383,41.19203006478817],[-3.5848863595998597,41.19202785381935]],[[-3.5848863595998597,41.19202785381935],[-3.5850422,41.1845031],[-3.5822417,41.1701661],[-3.5851976,41.1628585],[-3.5855988,41.1561129],[-3.583314,41.1458913]],[[-3.583696,41.1920432],[-3.58467433531383,41.19203006478817]],[[-3.581091,41.1410881],[-3.5844985,41.1560698],[-3.5792484,41.1719733],[-3.5846078,41.1832798],[-3.58467433531383,41.19203006478817]],[[-3.5840608,41.1883836],[-3.5836333,41.1899568]],[[-3.5836333,41.1899568],[-3.5827984,41.19386]],[[-3.5827984,41.19386],[-3.5836333,41.1899568]],[[-3.5832667,42.382945],[-3.582773850623719,42.383239269147424]],[[-3.5827984,41.19386],[-3.5823016,41.1962854]],[[-3.582773850623719,42.383239269147424],[-3.5825053667609934,42.3833995747523]],[[-3.507424085580339,42.425637525366604],[-3.5160739,42.4234366],[-3.5238145,42.4165106],[-3.5421026,42.4060479],[-3.561853,42.400854],[-3.5797912,42.3888531],[-3.582773850623719,42.383239269147424]],[[-3.5825053667609934,42.3833995747523],[-3.5726992,42.3865309],[-3.540094,42.4050728],[-3.532741,42.4076642],[-3.5265308,42.4139739],[-3.5076759218888154,42.42538199887298]],[[-3.5825053667609934,42.3833995747523],[-3.579613,42.3887171],[-3.5616972,42.4007048],[-3.5421445,42.4058084],[-3.5236372,42.4163793],[-3.5159143,42.423292],[-3.5076759218888154,42.42538199887298]],[[-3.5800224,42.9218467],[-3.5794825,42.9222434]],[[-3.5797882,42.9224049],[-3.5800224,42.9218467]],[[-3.5797393,42.9225284],[-3.5797882,42.9224049]],[[-3.5797882,42.9224049],[-3.5794825,42.9222434]],[[-3.5793376,42.9225222],[-3.5797393,42.9225284]],[[-3.5794085,42.9231142],[-3.5797393,42.9225284]],[[-3.5794825,42.9222434],[-3.5793376,42.9225222]],[[-3.5756169,42.9310354],[-3.5794085,42.9231142]],[[-3.5793376,42.9225222],[-3.5794085,42.9231142]],[[-3.5755901,42.9310857],[-3.5756169,42.9310354]],[[-3.5756169,42.9310354],[-3.5750497,42.9311526]],[[-3.5723715,42.937751],[-3.5755901,42.9310857]],[[-3.5750497,42.9311526],[-3.5755901,42.9310857]],[[-3.5755226,42.3348753],[-3.5668718,42.3335139]],[[-3.5668718,42.3335139],[-3.5755226,42.3348753]],[[-3.566621,42.9358537],[-3.5750497,42.9311526]],[[-3.5723715,42.937751],[-3.5722793,42.9377886]],[[-3.5723352,42.9378167],[-3.5723715,42.937751]],[[-3.5719191,42.9389746],[-3.5723352,42.9378167]],[[-3.5723352,42.9378167],[-3.5722793,42.9377886]],[[-3.5722793,42.9377886],[-3.5713552,42.9382645]],[[-3.4867741,43.047843],[-3.5102263,43.020963],[-3.5112998,43.0167231],[-3.5196236,43.0093082],[-3.5179013,42.9978195],[-3.5311212,42.9937489],[-3.5315196,42.990183],[-3.5478842,42.9653026],[-3.5478521,42.9631029],[-3.554729,42.9595748],[-3.565227,42.9440251],[-3.5719191,42.9389746]],[[-3.5713552,42.9382645],[-3.5719191,42.9389746]],[[-3.5663026,42.9360596],[-3.5713552,42.9382645]],[[-3.5707779,42.1319446],[-3.5673614,42.1303131]],[[-3.5673614,42.1303131],[-3.5707779,42.1319446]],[[-3.4957066,42.0999232],[-3.5517269,42.1257103],[-3.5673614,42.1303131]],[[-3.5216032,42.3338067],[-3.5328286,42.3316198],[-3.5668718,42.3335139]],[[-3.566621,42.9358537],[-3.5663026,42.9360596]],[[-3.5663026,42.9360596],[-3.566621,42.9358537]],[[-3.499833,42.9339393],[-3.5180833,42.9367887],[-3.5297066,42.9322962],[-3.546509,42.9285945],[-3.5584848,42.9316335],[-3.5663026,42.9360596]],[[-3.550661,41.2451193],[-3.5531046,41.2442049]],[[-3.5531046,41.2442049],[-3.550661,41.2451193]],[[-3.550661,41.2451193],[-3.5447055,41.2531899],[-3.5453068,41.2610379],[-3.5353293,41.2638029],[-3.5241911,41.2629912],[-3.5125889,41.2683467]],[[-3.5252035,41.6314744],[-3.5170063,41.6323826]],[[-3.5170063,41.6323826],[-3.5252035,41.6314744]],[[-3.5216032,42.3338067],[-3.5145913,42.3358031]],[[-3.5145913,42.3358031],[-3.5216032,42.3338067]],[[-3.3742794547720116,41.60285593829752],[-3.3871538,41.6111967],[-3.399443,41.6146899],[-3.4050767,41.6147085],[-3.420257,41.611001],[-3.4341046,41.6105689],[-3.4506235,41.6177786],[-3.4558222,41.6247477],[-3.4598131,41.6270139],[-3.4824289,41.6295257],[-3.4936341,41.6335655],[-3.509255,41.6312442],[-3.5170063,41.6323826]],[[-3.370917,42.3637427],[-3.3794053,42.3622208],[-3.4098886,42.3509323],[-3.433815,42.3508398],[-3.4500857,42.3485828],[-3.4619975,42.350546],[-3.4830106,42.3477203],[-3.5145913,42.3358031]],[[-3.5125889,41.2683467],[-3.5073607,41.2698179]],[[-3.5073607,41.2698179],[-3.5125889,41.2683467]],[[-3.5076759218888154,42.42538199887298],[-3.5014951,42.4285341],[-3.4970698,42.4372217],[-3.486143,42.4456993],[-3.4736856,42.4518545],[-3.4594637,42.4538663],[-3.4532692,42.4579444],[-3.449910490355361,42.46289313855764]],[[-3.5076759218888154,42.42538199887298],[-3.507424085580339,42.425637525366604]],[[-3.4501991070262674,42.46282267171333],[-3.4531875,42.4583278],[-3.4590985,42.4542253],[-3.4736752,42.4520263],[-3.4862302,42.4458528],[-3.4971779,42.437396],[-3.5018165,42.4285462],[-3.507424085580339,42.425637525366604]],[[-3.507424085580339,42.425637525366604],[-3.5018769,42.4324]],[[-3.5073607,41.2698179],[-3.4961113,41.271309]],[[-3.5018769,42.4324],[-3.4955668,42.4395518]],[[-3.4955668,42.4395518],[-3.5018769,42.4324]],[[-3.4994991,42.9339656],[-3.499833,42.9339393]],[[-3.499833,42.9339393],[-3.4995196,42.9338374]],[[-3.4995196,42.9338374],[-3.4992644,42.9338603]],[[-3.4995196,42.9338374],[-3.4994991,42.9339656]],[[-3.4992644,42.9338603],[-3.4994991,42.9339656]],[[-3.4860828,42.9322439],[-3.4992644,42.9338603]],[[-3.4961113,41.271309],[-3.4955598,41.2714304]],[[-3.4955598,41.2714304],[-3.4961113,41.271309]],[[-3.4961113,41.271309],[-3.4959138,41.2710482]],[[-3.4955208,41.271127],[-3.4959138,41.2710482]],[[-3.4959138,41.2710482],[-3.4955391,41.270856]],[[-3.4957066,42.0999232],[-3.4910593,42.0974535]],[[-3.4910593,42.0974535],[-3.4957066,42.0999232]],[[-3.4955668,42.4395518],[-3.4753186,42.4544253],[-3.4501991070262674,42.46282267171333]],[[-3.4955598,41.2714304],[-3.4935702,41.2733022],[-3.4941025,41.2815345],[-3.4927362,41.2847456],[-3.4792562,41.290733],[-3.477378,41.2929474]],[[-3.4955208,41.271127],[-3.4955598,41.2714304]],[[-3.4955391,41.270856],[-3.494598,41.2712294]],[[-3.4955391,41.270856],[-3.4954592,41.2710542]],[[-3.4954592,41.2710542],[-3.4955208,41.271127]],[[-3.494598,41.2712294],[-3.4954592,41.2710542]],[[-3.494598,41.2712294],[-3.484009,41.2773057]],[[-3.4657988,42.0924148],[-3.470441,42.0938153],[-3.4800662,42.0924314],[-3.4910593,42.0974535]],[[-3.4867741,43.047843],[-3.4863087,43.0480459]],[[-3.4863776,43.0482972],[-3.4867741,43.047843]],[[-3.4861024,43.0484342],[-3.4863776,43.0482972]],[[-3.4863776,43.0482972],[-3.4863087,43.0480459]],[[-3.4863087,43.0480459],[-3.4862563,43.048016]],[[-3.4862563,43.048016],[-3.4861029,43.0477325]],[[-3.4862563,43.048016],[-3.4859885,43.0479953]],[[-3.4861029,43.0477325],[-3.4859885,43.0479953]],[[-3.4861029,43.0477325],[-3.4819799,43.0378607],[-3.4843859,43.0249704],[-3.482208,43.0095107],[-3.4875992,42.9826858],[-3.4811254,42.9757506],[-3.479032,42.9640564],[-3.4860828,42.9322439]],[[-3.4857316,43.0487102],[-3.4861024,43.0484342]],[[-3.4858266,43.0483229],[-3.4861024,43.0484342]],[[-3.4795551,42.9289259],[-3.4860828,42.9322439]],[[-3.4859885,43.0479953],[-3.4858266,43.0483229]],[[-3.4858266,43.0483229],[-3.4857316,43.0487102]],[[-3.4771329,43.0594475],[-3.4857316,43.0487102]],[[-3.484009,41.2773057],[-3.4835446,41.2774561]],[[-3.4836576,41.2775649],[-3.484009,41.2773057]],[[-3.483485,41.2776703],[-3.4836576,41.2775649]],[[-3.4836576,41.2775649],[-3.4835446,41.2774561]],[[-3.4835446,41.2774561],[-3.4833664,41.2775649]],[[-3.4830874,41.2777779],[-3.483485,41.2776703]],[[-3.4833664,41.2775649],[-3.483485,41.2776703]],[[-3.4833664,41.2775649],[-3.4830874,41.2777779]],[[-3.4830874,41.2777779],[-3.4810906,41.2788387]],[[-3.4810906,41.2788387],[-3.4809561,41.2788768]],[[-3.4809972,41.2789035],[-3.4810906,41.2788387]],[[-3.4809111,41.278992],[-3.4809972,41.2789035]],[[-3.4809972,41.2789035],[-3.4809561,41.2788768]],[[-3.4809561,41.2788768],[-3.4808487,41.2789634]],[[-3.4808487,41.2789634],[-3.4809111,41.278992]],[[-3.4808068,41.2790555],[-3.4809111,41.278992]],[[-3.4808487,41.2789634],[-3.4808068,41.2790555]],[[-3.4808068,41.2790555],[-3.4774268,41.2803943],[-3.4792403,41.2878985],[-3.4763826,41.2895341],[-3.4758912,41.2945169]],[[-3.4795551,42.9289259],[-3.4789367,42.9283987]],[[-3.4789367,42.9283987],[-3.4795551,42.9289259]],[[-3.3924793,42.8085386],[-3.4158953,42.8404242],[-3.4243658,42.8502452],[-3.4339102,42.856424],[-3.435594,42.860698],[-3.4702567,42.9002491],[-3.4763186,42.913139],[-3.4789367,42.9283987]],[[-3.4771329,43.0594475],[-3.4767926,43.0597116]],[[-3.477054,43.0598184],[-3.4771329,43.0594475]],[[-3.4767808,43.0601271],[-3.477054,43.0598184]],[[-3.477054,43.0598184],[-3.4767926,43.0597116]],[[-3.4767926,43.0597116],[-3.4765893,43.0600556]],[[-3.4765096,43.0603782],[-3.4767808,43.0601271]],[[-3.4765893,43.0600556],[-3.4767808,43.0601271]],[[-3.4765893,43.0600556],[-3.4765096,43.0603782]],[[-3.4619159,43.0770272],[-3.473055,43.067715],[-3.4765096,43.0603782]],[[-3.4758912,41.2945169],[-3.4762563,41.2946783]],[[-3.4762563,41.2946783],[-3.4760065,41.2964062]],[[-3.4760065,41.2964062],[-3.4772137,41.2931954],[-3.4762563,41.2946783]],[[-3.4762563,41.2946783],[-3.4758912,41.2945169]],[[-3.4760065,41.2964062],[-3.4777772,41.3010246],[-3.4771389,41.3162755],[-3.4694838,41.3304796]],[[-3.4694838,41.3304796],[-3.4675075,41.3336947]],[[-3.4675075,41.3336947],[-3.4694838,41.3304796]],[[-3.4675075,41.3336947],[-3.446648,41.3636773],[-3.4281212,41.3848776],[-3.428305,41.3965232],[-3.4185928,41.4045477]],[[-3.4657988,42.0924148],[-3.4628596,42.0909679]],[[-3.4628596,42.0909679],[-3.4657988,42.0924148]],[[-3.4248906,42.071675],[-3.4628596,42.0909679]],[[-3.4619159,43.0770272],[-3.4548641,43.0807412]],[[-3.4603906,43.0781672],[-3.4619159,43.0770272]],[[-3.4592267,43.0790185],[-3.4603906,43.0781672]],[[-3.4578073,43.0822889],[-3.4603906,43.0781672]],[[-3.4593233,43.0789068],[-3.4592267,43.0790185]],[[-3.4548641,43.0807412],[-3.4592267,43.0790185]],[[-3.4592267,43.0790185],[-3.4578073,43.0822889]],[[-3.4563587,43.0856463],[-3.4578073,43.0822889]],[[-3.4563587,43.0856463],[-3.4560119,43.0860362]],[[-3.456262,43.0861934],[-3.4563587,43.0856463]],[[-3.4558313,43.0864393],[-3.456262,43.0861934]],[[-3.456262,43.0861934],[-3.4560119,43.0860362]],[[-3.4560119,43.0860362],[-3.4556879,43.086203]],[[-3.4550904,43.0865601],[-3.4558313,43.0864393]],[[-3.4556879,43.086203],[-3.4558313,43.0864393]],[[-3.4556879,43.086203],[-3.4550904,43.0865601]],[[-3.4513708,43.141346],[-3.4558225,43.1331081],[-3.4573479,43.126569],[-3.4551801,43.112414],[-3.4598667,43.1075854],[-3.4529679,43.0979186],[-3.4550904,43.0865601]],[[-3.4548641,43.0807412],[-3.4489966,43.0825371],[-3.4411183,43.089645],[-3.4215674,43.0947065],[-3.4054894,43.0958231],[-3.3895189,43.0921319],[-3.3778198,43.0949381],[-3.3537403,43.0915614],[-3.3449064,43.0930668],[-3.3402422,43.0954937]],[[-3.4501991070262674,42.46282267171333],[-3.449910490355361,42.46289313855764]],[[-3.3256143271148906,42.53123580776191],[-3.3368393,42.5242751],[-3.3490612,42.5064992],[-3.3557827,42.5003843],[-3.3684878,42.496402],[-3.3914402,42.4859497],[-3.4139859,42.4830165],[-3.4310665,42.4786195],[-3.4454199,42.4706715],[-3.4501991070262674,42.46282267171333]],[[-3.449910490355361,42.46289313855764],[-3.4364819,42.4664223],[-3.415834,42.4782244],[-3.3837048,42.4826331],[-3.3493684,42.4984407],[-3.3258235960111433,42.53096939824874]],[[-3.449910490355361,42.46289313855764],[-3.4450818,42.4706683],[-3.4308477,42.478497],[-3.4140717,42.4828048],[-3.3911766,42.4858211],[-3.3683972,42.4962267],[-3.3559839,42.5000353],[-3.3493517,42.5057597],[-3.3365743,42.5242305],[-3.3258235960111433,42.53096939824874]],[[-3.4395043,42.7647141],[-3.4342575,42.7639069],[-3.4335132,42.7674853],[-3.4301578,42.7689245],[-3.4274382,42.7751915],[-3.4285341,42.7794969],[-3.4269305,42.7838815],[-3.4112732,42.7886861],[-3.4076496,42.7930857],[-3.3977539,42.7945747],[-3.3901792,42.7998579],[-3.3913692,42.8003143],[-3.391005,42.8069784]],[[-3.4294607,42.6877001],[-3.4287213,42.6863752]],[[-3.4274602,42.6857383],[-3.4294607,42.6877001]],[[-3.4287213,42.6863752],[-3.4287207,42.6858029]],[[-3.4287207,42.6858029],[-3.4287213,42.6863752]],[[-3.4287213,42.6863752],[-3.4274602,42.6857383]],[[-3.4275491,42.6830484],[-3.4287207,42.6858029]],[[-3.3315113,42.5673081],[-3.3314201,42.5727306],[-3.3330179,42.5760493],[-3.3577707,42.6142202],[-3.3606336,42.6175746],[-3.3705737,42.6226268],[-3.3761486,42.6300786],[-3.3854231,42.6378595],[-3.387733,42.6433986],[-3.392192,42.6461285],[-3.4012955,42.6560183],[-3.4055461,42.665907],[-3.42258,42.6755301],[-3.4275491,42.6830484]],[[-3.3385459,42.67114],[-3.3548993,42.6716266],[-3.4274602,42.6857383]],[[-3.4248906,42.071675],[-3.419744,42.0660274]],[[-3.419744,42.0660274],[-3.4248906,42.071675]],[[-3.4017531,42.0613524],[-3.419744,42.0660274]],[[-3.4185928,41.4045477],[-3.4144053,41.4092673]],[[-3.4144053,41.4092673],[-3.4185928,41.4045477]],[[-3.4175654,41.6110128],[-3.4002735,41.6100222],[-3.3976546,41.608154],[-3.3742794547720116,41.60285593829752]],[[-3.4144053,41.4092673],[-3.4095658,41.4128401],[-3.407724762753896,41.41666962958093]],[[-3.407724762753896,41.41666962958093],[-3.4071689009049178,41.41727979331137]],[[-3.4071689009049178,41.41727979331137],[-3.407724762753896,41.41666962958093]],[[-3.407724762753896,41.41666962958093],[-3.4072207,41.4166612]],[[-3.4072207,41.4166612],[-3.4068615,41.4166092]],[[-3.4072207,41.4166612],[-3.4070071,41.4168426]],[[-3.4071689009049178,41.41727979331137],[-3.3968811,41.4209758],[-3.3858654,41.4286804],[-3.3756136479753103,41.43009589505016]],[[-3.4070071,41.4168426],[-3.4071689009049178,41.41727979331137]],[[-3.4068615,41.4166092],[-3.4070071,41.4168426]],[[-3.4068615,41.4166092],[-3.3983665,41.4143942],[-3.3774654,41.4190776],[-3.3779016,41.4211685],[-3.3717772,41.4250621],[-3.3706288,41.4283408],[-3.3716427,41.4301444],[-3.374946,41.4296801]],[[-3.4017531,42.0613524],[-3.3971851,42.0597059]],[[-3.3971851,42.0597059],[-3.4017531,42.0613524]],[[-3.3581035,42.0414996],[-3.3652235,42.0487114],[-3.3776547,42.0508625],[-3.3971851,42.0597059]],[[-3.3924793,42.8085386],[-3.391005,42.8069784]],[[-3.391005,42.8069784],[-3.3924793,42.8085386]],[[-3.3756136479753103,41.43009589505016],[-3.37486836487884,41.430166309807746]],[[-3.3754175,41.4303811],[-3.3756136479753103,41.43009589505016]],[[-3.3756136479753103,41.43009589505016],[-3.3752204,41.4298487]],[[-3.3752241,41.4304138],[-3.3754175,41.4303811]],[[-3.3752241,41.4304138],[-3.3754175,41.4303811]],[[-3.37486836487884,41.430166309807746],[-3.3752241,41.4304138]],[[-3.3752204,41.4298487],[-3.3750152,41.4299043]],[[-3.3752204,41.4298487],[-3.374946,41.4296801]],[[-3.3750152,41.4299043],[-3.37486836487884,41.430166309807746]],[[-3.374946,41.4296801],[-3.3750152,41.4299043]],[[-3.37486836487884,41.430166309807746],[-3.3440548,41.4389338],[-3.3395852,41.4531357],[-3.3277418,41.4654383],[-3.3239074,41.474639],[-3.3154836,41.4844254],[-3.310204,41.4965097],[-3.3048308,41.5018261],[-3.2901307,41.5091849],[-3.281993,41.5096555],[-3.2686624,41.5068522],[-3.2649351,41.5086024],[-3.2582829,41.5164815],[-3.259532,41.5332203]],[[-3.3558704,41.5995167],[-3.3669817,41.6000685],[-3.3742794547720116,41.60285593829752]],[[-3.3742794547720116,41.60285593829752],[-3.3673943,41.5997899],[-3.334530048917484,41.59138704047032]],[[-3.334508427775721,41.591559147600776],[-3.3723039,41.6019332]],[[-3.370917,42.3637427],[-3.3656603,42.3638669]],[[-3.3656603,42.3638669],[-3.370917,42.3637427]],[[-3.2094421,42.4165199],[-3.2280335,42.4129564],[-3.2422345,42.4140372],[-3.2856288,42.4021469],[-3.2976036,42.4003931],[-3.3085372,42.389335],[-3.3100174,42.3787079],[-3.3184326,42.3792562],[-3.3283325,42.3767712],[-3.3414186,42.372763],[-3.3510481,42.3659041],[-3.3656603,42.3638669]],[[-3.3581035,42.0414996],[-3.3567165,42.0403953]],[[-3.3567165,42.0403953],[-3.3581035,42.0414996]],[[-3.2964354,42.0037827],[-3.3061425,42.0207275],[-3.3275069,42.0269374],[-3.3567165,42.0403953]],[[-3.3558704,41.5995167],[-3.3487573,41.5979222]],[[-3.3487573,41.5979222],[-3.3558704,41.5995167]],[[-3.3487573,41.5979222],[-3.3338007,41.592181]],[[-3.3402422,43.0954937],[-3.3371827,43.0970767]],[[-3.3371827,43.0970767],[-3.3402422,43.0954937]],[[-3.3385459,42.67114],[-3.3328941,42.6709452]],[[-3.3328941,42.6709452],[-3.3385459,42.67114]],[[-3.3371827,43.0970767],[-3.3299464,43.1000918],[-3.3213423,43.1005027],[-3.3114797,43.1032486],[-3.3065756,43.1008682],[-3.3065954,43.0967888],[-3.3049261,43.0949418],[-3.2910919,43.0938825]],[[-3.334508427775721,41.591559147600776],[-3.334530048917484,41.59138704047032]],[[-3.334530048917484,41.59138704047032],[-3.3341189,41.5909515]],[[-3.334530048917484,41.59138704047032],[-3.3332054939693134,41.59131842984515]],[[-3.3339851,41.591913],[-3.334508427775721,41.591559147600776]],[[-3.3331965471492633,41.59149289896084],[-3.334508427775721,41.591559147600776]],[[-3.3341189,41.5909515],[-3.3338061,41.5906023]],[[-3.3341189,41.5909515],[-3.3336724,41.5909337]],[[-3.333612,41.5918856],[-3.3339851,41.591913]],[[-3.3338007,41.592181],[-3.3339851,41.591913]],[[-3.3338061,41.5906023],[-3.3336724,41.5909337]],[[-3.3338061,41.5906023],[-3.2938198,41.5889513],[-3.2692575,41.5917441],[-3.2610781,41.5880677],[-3.2506341,41.5870944],[-3.2465391,41.5849853]],[[-3.333612,41.5918856],[-3.3338007,41.592181]],[[-3.3336724,41.5909337],[-3.3332054939693134,41.59131842984515]],[[-3.3331965471492633,41.59149289896084],[-3.333612,41.5918856]],[[-3.3332054939693134,41.59131842984515],[-3.3331965471492633,41.59149289896084]],[[-3.3332054939693134,41.59131842984515],[-3.3144862,41.5923887],[-3.2925143,41.5892203],[-3.2630119,41.5917999],[-3.252386,41.5890509],[-3.2344077,41.5810953],[-3.2021671,41.5799259],[-3.189675,41.5734016],[-3.1653366,41.5687291],[-3.1175328,41.5764749],[-3.0913214,41.5914778],[-3.0775421,41.5955888],[-3.0588861,41.5954191],[-3.0401274146439112,41.58887716936678]],[[-3.040016648309891,41.58903509230125],[-3.0589064,41.5956019],[-3.0775998,41.595765],[-3.0914134,41.5916285],[-3.1177144,41.5766045],[-3.1653186,41.5688957],[-3.1895427,41.5735507],[-3.202069,41.5800903],[-3.2345351,41.5813046],[-3.2522058,41.5891723],[-3.2629534,41.5919646],[-3.292624,41.5893923],[-3.3144376,41.5925572],[-3.3331965471492633,41.59149289896084]],[[-3.3323469,42.6710171],[-3.3328941,42.6709452]],[[-3.3323469,42.6710171],[-3.3260645,42.6720784]],[[-3.3260645,42.6720784],[-3.3323469,42.6710171]],[[-3.3315113,42.5673081],[-3.3311398,42.5655946]],[[-3.3311398,42.5655946],[-3.3315113,42.5673081]],[[-3.3206873,42.5364184],[-3.3207222,42.5509363],[-3.3260362,42.5535672],[-3.3293896,42.5584955],[-3.3311398,42.5655946]],[[-3.295143,42.6681854],[-3.3260645,42.6720784]],[[-3.3258235960111433,42.53096939824874],[-3.3135271,42.5332415],[-3.2922549,42.5444905],[-3.2806753,42.555003],[-3.2679246,42.5630285],[-3.2514413,42.5796443],[-3.2313091,42.5917808],[-3.222121,42.6010955],[-3.2087682,42.6068089],[-3.1980057,42.6149558],[-3.1756265,42.6222106],[-3.1523039,42.6249243],[-3.121479,42.6215],[-3.1143365,42.6228453],[-3.109769708701498,42.626468886095545]],[[-3.3258235960111433,42.53096939824874],[-3.3256143271148906,42.53123580776191]],[[-3.1100200659174346,42.626541148767316],[-3.1138503,42.6232875],[-3.1205951,42.6217435],[-3.1522924,42.6251158],[-3.1748527,42.6225005],[-3.1984485,42.6149475],[-3.2087464,42.6070622],[-3.2223301,42.6012102],[-3.2320838,42.5914784],[-3.2523181,42.5792614],[-3.2678531,42.5633881],[-3.2809967,42.5550318],[-3.2922923,42.5447103],[-3.3140073,42.5332571],[-3.3256143271148906,42.53123580776191]],[[-3.3256143271148906,42.53123580776191],[-3.3190084316762607,42.53596681827844]],[[-3.3206873,42.5364184],[-3.320635,42.5362248]],[[-3.3204476,42.5363434],[-3.3206873,42.5364184]],[[-3.3204476,42.5363434],[-3.320635,42.5362248]],[[-3.320635,42.5362248],[-3.3200993,42.5360421]],[[-3.3200982,42.5362247],[-3.3204476,42.5363434]],[[-3.3200993,42.5360421],[-3.3197197,42.5361756]],[[-3.3200993,42.5360421],[-3.3200982,42.5362247]],[[-3.3197197,42.5361756],[-3.3200982,42.5362247]],[[-3.3197197,42.5361756],[-3.3190084316762607,42.53596681827844]],[[-3.3190084316762607,42.53596681827844],[-3.3174908,42.5401137],[-3.3185824,42.5502582],[-3.3163183,42.5548616],[-3.2959007,42.5827309],[-3.2648286,42.612356],[-3.2556947,42.6182706],[-3.2426368,42.6215124],[-3.2385884,42.6282295],[-3.2237259,42.6356553],[-3.2138319,42.6381231],[-3.19804963360671,42.637696130634865]],[[-3.3190084316762607,42.53596681827844],[-3.3183271,42.5356054]],[[-3.3183271,42.5356054],[-3.3181661,42.5353755]],[[-3.3179839,42.5354892],[-3.3183271,42.5356054]],[[-3.3179839,42.5354892],[-3.3181661,42.5353755]],[[-3.3181661,42.5353755],[-3.3179839,42.5354892]],[[-3.3029121,42.0207664],[-3.2909017,42.0238686],[-3.2880805,42.0217614]],[[-3.2964354,42.0037827],[-3.2934826,41.9958115]],[[-3.2934826,41.9958115],[-3.2964354,42.0037827]],[[-3.295143,42.6681854],[-3.2882245,42.6663246]],[[-3.2882245,42.6663246],[-3.295143,42.6681854]],[[-3.2937864,42.0005571],[-3.2932352,42.0081219],[-3.2880805,42.0217614]],[[-3.2760048,41.9087638],[-3.2753555,41.9123331],[-3.279331,41.916172],[-3.2796594,41.9254815],[-3.2851782,41.9372407],[-3.289232,41.940331],[-3.2917379,41.9450411],[-3.2914309,41.9609623],[-3.296572,41.9725868],[-3.2925657,41.9835452],[-3.2934826,41.9958115]],[[-3.2898958,43.0939584],[-3.2910919,43.0938825]],[[-3.2910919,43.0938825],[-3.2898981,43.0937829]],[[-3.2898958,43.0939584],[-3.2898981,43.0937829]],[[-3.2898981,43.0937829],[-3.2895343,43.0937659]],[[-3.2895287,43.0939676],[-3.2898958,43.0939584]],[[-3.2895343,43.0937659],[-3.2878585,43.0938536]],[[-3.2895343,43.0937659],[-3.2895287,43.0939676]],[[-3.2878585,43.0938536],[-3.2895287,43.0939676]],[[-3.28315,42.6657239],[-3.2882245,42.6663246]],[[-3.2880805,42.0217614],[-3.2832636,42.0218049],[-3.2765992,42.018697],[-3.2697208,42.0080868]],[[-3.2878585,43.0938536],[-3.2783982,43.0954883],[-3.2625479,43.1094066],[-3.2609813,43.1163126],[-3.2620572,43.1354228],[-3.2666502,43.1459189],[-3.2660971,43.1513442],[-3.2541996,43.1586819],[-3.2316035,43.1646307],[-3.2231799,43.1726367]],[[-3.28315,42.6657239],[-3.2766142,42.6649395]],[[-3.2766142,42.6649395],[-3.28315,42.6657239]],[[-3.2727113,42.6644745],[-3.2766142,42.6649395]],[[-3.2761558,41.9054186],[-3.2760048,41.9087638]],[[-3.2760048,41.9087638],[-3.2761558,41.9054186]],[[-3.2294775,41.8842266],[-3.2493703,41.8899288],[-3.2691536,41.8986154],[-3.2761558,41.9054186]],[[-3.2727113,42.6644745],[-3.2668821,42.6638067]],[[-3.2668821,42.6638067],[-3.2727113,42.6644745]],[[-3.2697208,42.0080868],[-3.2672017,42.004078]],[[-3.2672017,42.004078],[-3.2697208,42.0080868]],[[-3.2672017,42.004078],[-3.2566076,41.9928636],[-3.2417443,41.9859377],[-3.2347073,41.987171],[-3.2136604,41.9831988],[-3.1840059,41.9886159],[-3.1769305,41.9856111],[-3.1773764,41.9811522],[-3.1751339,41.9794662],[-3.1683239,41.980211],[-3.1560428,41.9774727],[-3.1472717,41.9793471]],[[-3.2663102,42.6637391],[-3.2668821,42.6638067]],[[-3.2663102,42.6637391],[-3.2612881,42.6627038]],[[-3.2612881,42.6627038],[-3.2663102,42.6637391]],[[-3.230193,42.6512018],[-3.2612881,42.6627038]],[[-3.259532,41.5332203],[-3.2579277,41.5399796]],[[-3.2581674,41.5399303],[-3.2604933,41.5379257],[-3.259532,41.5332203]],[[-3.2581674,41.5399303],[-3.2579277,41.5399796]],[[-3.2580323,41.5400187],[-3.2581674,41.5399303]],[[-3.2577021,41.5402833],[-3.2580323,41.5400187]],[[-3.2579277,41.5399796],[-3.2580323,41.5400187]],[[-3.2579277,41.5399796],[-3.2577021,41.5402833]],[[-3.2577021,41.5402833],[-3.2561996,41.5428375],[-3.2608418,41.5519056],[-3.2600048,41.5585131],[-3.242333,41.5659462],[-3.2067376,41.5711861],[-3.2050444,41.5734621]],[[-3.2461403,41.5851548],[-3.2465391,41.5849853]],[[-3.2465391,41.5849853],[-3.2459955,41.5848568]],[[-3.2454484,41.5847889],[-3.2461403,41.5851548]],[[-3.2461403,41.5851548],[-3.2459955,41.5848568]],[[-3.2459955,41.5848568],[-3.245821,41.5847753]],[[-3.245821,41.5847753],[-3.2454737,41.5844651]],[[-3.245821,41.5847753],[-3.2454484,41.5847889]],[[-3.2454737,41.5844651],[-3.2454484,41.5847889]],[[-3.2329683,41.5792151],[-3.2454737,41.5844651]],[[-3.230193,42.6512018],[-3.2243375,42.6490314]],[[-3.2243375,42.6490314],[-3.230193,42.6512018]],[[-3.2294775,41.8842266],[-3.2271156,41.8810312]],[[-3.2271156,41.8810312],[-3.2294775,41.8842266]],[[-3.0845479,41.8365763],[-3.1154667,41.8477254],[-3.131267,41.8437538],[-3.1519028,41.847771],[-3.1637067,41.8483617],[-3.1905363,41.8549708],[-3.2202672,41.8735274],[-3.2218768,41.8774525],[-3.2271156,41.8810312]],[[-3.2270514,41.5773065],[-3.2237799,41.576659]],[[-3.2005809,42.6403275],[-3.2243375,42.6490314]],[[-3.2231799,43.1726367],[-3.2227915,43.1728758]],[[-3.2230953,43.1729168],[-3.2231799,43.1726367]],[[-3.2227166,43.1731608],[-3.2230953,43.1729168]],[[-3.2230953,43.1729168],[-3.2227915,43.1728758]],[[-3.2227915,43.1728758],[-3.2226824,43.1729589]],[[-3.2226824,43.1729589],[-3.2227166,43.1731608]],[[-3.2223887,43.173221],[-3.2227166,43.1731608]],[[-3.2226824,43.1729589],[-3.2223887,43.173221]],[[-3.2223887,43.173221],[-3.2195784,43.175613]],[[-3.2190335,43.1760837],[-3.2135662,43.1764732],[-3.2068447,43.1814725]],[[-3.2148252,41.2986775],[-3.2050511,41.2954977]],[[-3.2094421,42.4165199],[-3.209086,42.4165015]],[[-3.2091536,42.4166706],[-3.2094421,42.4165199]],[[-3.2086464,42.4168361],[-3.2091536,42.4166706]],[[-3.2091536,42.4166706],[-3.209086,42.4165015]],[[-3.209086,42.4165015],[-3.2085186,42.4166429]],[[-3.2085186,42.4166429],[-3.2086464,42.4168361]],[[-3.2082488,42.416851],[-3.2086464,42.4168361]],[[-3.2085186,42.4166429],[-3.2082488,42.416851]],[[-3.0415614,42.451821],[-3.0577433,42.4409797],[-3.0660707,42.437325],[-3.0842264,42.4380027],[-3.0888596,42.435337],[-3.1007651,42.4324204],[-3.1294065,42.4311819],[-3.1577364,42.4210007],[-3.1773033,42.415981],[-3.1902262,42.419221],[-3.2002179,42.4175003],[-3.2040514,42.4186954],[-3.2082488,42.416851]],[[-3.2053991,41.5735935],[-3.2050444,41.5734621]],[[-3.2050444,41.5734621],[-3.199469,41.5724633],[-3.1849208,41.5652962],[-3.171555,41.5683439]],[[-3.2025882,43.1854862],[-3.2064347,43.178621],[-3.199405,43.1716329],[-3.1947283,43.170551],[-3.1923812,43.1617199],[-3.1815954,43.1580562],[-3.1666574,43.149736],[-3.1684909,43.1461284],[-3.1607125,43.1435531],[-3.1555434,43.1385601],[-3.149882,43.1369484],[-3.1489673,43.1347985],[-3.1443512,43.1347168],[-3.1415615,43.1319764],[-3.1402554,43.1326748],[-3.1353047,43.1273328]],[[-3.2005809,42.6403275],[-3.2005042,42.64019]],[[-3.2005809,42.6403275],[-3.1992426,42.6392419]],[[-3.2003621,42.6403265],[-3.2005809,42.6403275]],[[-3.19804963360671,42.637696130634865],[-3.1992426,42.6392419]],[[-3.1951969,42.6375888],[-3.1992426,42.6392419]],[[-3.19804963360671,42.637696130634865],[-3.1955887,42.6364925],[-3.1918358,42.6374201]],[[-3.19804963360671,42.637696130634865],[-3.1951969,42.6375888]],[[-3.1951969,42.6375888],[-3.1918358,42.6374201]],[[-3.1918358,42.6374201],[-3.1653837,42.6353312],[-3.1464814,42.6308929],[-3.1192696,42.6291766],[-3.1141501,42.6274564]],[[-3.1713095,41.5684621],[-3.171555,41.5683439]],[[-3.171555,41.5683439],[-3.1712506,41.5682953]],[[-3.1707767,41.5682275],[-3.1713095,41.5684621]],[[-3.1713095,41.5684621],[-3.1712506,41.5682953]],[[-3.1712506,41.5682953],[-3.1710568,41.5681927]],[[-3.1710568,41.5681927],[-3.1708117,41.5679736]],[[-3.1710568,41.5681927],[-3.1707767,41.5682275]],[[-3.1708117,41.5679736],[-3.1707767,41.5682275]],[[-3.1137389,41.5758961],[-3.1281903,41.5714098],[-3.1317827,41.5730976],[-3.1447202,41.5718819],[-3.1563898,41.5687529],[-3.1708117,41.5679736]],[[-3.1472717,41.9793471],[-3.1402951,41.9771514]],[[-3.1402951,41.9771514],[-3.1472717,41.9793471]],[[-3.1162951,41.9672079],[-3.1325556,41.9692475],[-3.1336059,41.9736624],[-3.1402951,41.9771514]],[[-3.1162951,41.9672079],[-3.1132117,41.9668289]],[[-3.1132117,41.9668289],[-3.1162951,41.9672079]],[[-3.1141501,42.6274564],[-3.1119566,42.6268309]],[[-3.1141501,42.6274564],[-3.1138813,42.6273958]],[[-3.1138813,42.6273958],[-3.1121569387367196,42.627512951040984]],[[-3.1121569387367196,42.627512951040984],[-3.1138813,42.6273958]],[[-3.1131833,41.5763789],[-3.1137499,41.5761073]],[[-3.1137499,41.5761073],[-3.1137389,41.5758961]],[[-3.1137499,41.5761073],[-3.1134967,41.5760317]],[[-3.1137389,41.5758961],[-3.1134967,41.5760317]],[[-3.1134967,41.5760317],[-3.113182,41.5762021]],[[-3.1132117,41.9668289],[-3.0982087,41.9647784],[-3.0760423,41.9711197],[-3.0628051,41.9774591],[-3.0491284,41.9793415],[-3.0480143,41.9769621],[-3.0399311,41.9710264],[-3.0251762,41.9653842],[-3.0161878,41.9590277],[-3.0134396,41.952971],[-3.0048936,41.9509175],[-2.9920025,41.9516386],[-2.9759877,41.9432979],[-2.9496382,41.9391489],[-2.9394772,41.9514393],[-2.9323666,41.9543438],[-2.889043,41.9401144],[-2.8821081,41.933417],[-2.8801024,41.9339948],[-2.8793671,41.9293745],[-2.8377684,41.912908],[-2.8219381,41.8990203],[-2.7995893,41.8899248],[-2.7878955,41.8876043],[-2.7818815,41.883926],[-2.7795688,41.879216],[-2.7792605,41.8711216],[-2.7870575,41.8652683],[-2.7891434,41.8594219],[-2.7935484,41.8561575]],[[-3.113182,41.5762021],[-3.1131833,41.5763789]],[[-3.112902,41.5763016],[-3.1131833,41.5763789]],[[-3.113182,41.5762021],[-3.112902,41.5763016]],[[-3.04256,41.585728],[-3.0754665,41.5879863],[-3.0886719,41.5830375],[-3.0961661,41.5765813],[-3.112902,41.5763016]],[[-3.1121569387367196,42.627512951040984],[-3.1085059,42.6370234],[-3.1009607,42.6392208],[-3.0998409,42.6414537],[-3.0938805,42.6440942],[-3.0778264,42.6604834],[-3.0715,42.6606881],[-3.0592899,42.6576993],[-3.0344879858341685,42.66233766593427]],[[-3.1116412,42.6268721],[-3.1121569387367196,42.627512951040984]],[[-3.1116412,42.6268721],[-3.1119566,42.6268309]],[[-3.1119566,42.6268309],[-3.1115448,42.6265155]],[[-3.1115089,42.6267926],[-3.1116412,42.6268721]],[[-3.1115448,42.6265155],[-3.1104277,42.6266207]],[[-3.1115448,42.6265155],[-3.1115089,42.6267926]],[[-3.1104277,42.6266207],[-3.1115089,42.6267926]],[[-3.1104277,42.6266207],[-3.1100200659174346,42.626541148767316]],[[-3.0344879858341685,42.66233766593427],[-3.0397915,42.6592586],[-3.067238,42.6516892],[-3.0785258,42.6501623],[-3.0839374,42.645167],[-3.0910227,42.6446494],[-3.0992981,42.6389582],[-3.1062077,42.6377354],[-3.1081315,42.6355509],[-3.1100200659174346,42.626541148767316]],[[-3.1100200659174346,42.626541148767316],[-3.109769708701498,42.626468886095545]],[[-3.109769708701498,42.626468886095545],[-3.1080212,42.6348187],[-3.1057063,42.6376783],[-3.0991306,42.638773],[-3.0909013,42.6444914],[-3.0838179,42.6450132],[-3.0784179,42.6500089],[-3.0671616,42.6515225],[-3.0397264,42.659082],[-3.0341789698658026,42.662392024632624]],[[-3.109769708701498,42.626468886095545],[-3.0913141,42.6142594],[-3.0474474,42.5959537]],[[-3.1043115,42.3178348],[-3.0960489,42.3201592],[-3.0934141,42.3192682],[-3.0983727,42.318963],[-3.0999308,42.3169125],[-3.0977328,42.3185234],[-3.0888222,42.3174149],[-3.086729,42.3190686],[-3.0845451,42.3173002],[-3.0777644,42.3199854],[-3.0818515,42.3167374],[-3.0747454,42.3189935],[-3.0701228,42.3177949],[-3.0654902,42.3191132]],[[-3.0872792,42.1391577],[-3.0709498,42.1438084],[-3.0590406,42.1439554],[-3.0550428,42.1501322],[-3.0396174,42.1520392],[-3.0311825,42.1489755],[-3.0289605,42.1448008],[-3.0258104,42.1432225]],[[-3.0845479,41.8365763],[-3.0793782,41.8349096]],[[-3.0793782,41.8349096],[-3.0845479,41.8365763]],[[-2.9915339,41.8325073],[-3.0242244,41.8401263],[-3.06666,41.82899],[-3.0793782,41.8349096]],[[-3.0421955,41.5858075],[-3.04256,41.585728]],[[-3.04256,41.585728],[-3.0422036,41.5856198]],[[-3.0421955,41.5858075],[-3.0422036,41.5856198]],[[-3.0422036,41.5856198],[-3.0420211,41.5854663]],[[-3.0419216,41.5859678],[-3.0421955,41.5858075]],[[-3.0420211,41.5854663],[-3.0418607,41.5852172]],[[-3.0420211,41.5854663],[-3.0417564,41.5854539]],[[-3.0417022,41.586169],[-3.0419216,41.5859678]],[[-3.0416045,41.5858831],[-3.0419216,41.5859678]],[[-3.0418607,41.5852172],[-3.0417564,41.5854539]],[[-3.0418607,41.5852172],[-3.0401668,41.5813408],[-3.0319737,41.5778428],[-2.9942836,41.5647349],[-2.9851367,41.5641583],[-2.9765446,41.561242]],[[-3.0417564,41.5854539],[-3.041551,41.5855869]],[[-3.0401274146439112,41.58887716936678],[-3.0417022,41.586169]],[[-3.0416045,41.5858831],[-3.0417022,41.586169]],[[-3.0415292,41.5857838],[-3.0416045,41.5858831]],[[-3.041551,41.5855869],[-3.0412013,41.5856672]],[[-3.041551,41.5855869],[-3.0415292,41.5857838]],[[-3.0412013,41.5856672],[-3.0415292,41.5857838]],[[-2.9605822,41.6212874],[-2.9751761,41.6135512],[-2.9773815,41.6066434],[-2.9811949,41.6042192],[-3.0095392,41.5966592],[-3.0226273,41.5895613],[-3.0365074,41.5855328],[-3.0412013,41.5856672]],[[-3.040016648309891,41.58903509230125],[-3.0401274146439112,41.58887716936678]],[[-3.0401274146439112,41.58887716936678],[-3.0329184,41.5876781],[-3.0233716,41.5895632],[-3.0110786,41.5963493],[-2.9867174,41.6036096],[-2.9807302,41.6075637],[-2.9738578,41.6150514],[-2.9609193416598774,41.62254517273969]],[[-3.0397889,41.5893598],[-3.040016648309891,41.58903509230125]],[[-2.9610442426098125,41.62269517672425],[-2.9740321,41.6151825],[-2.9817593,41.6069159],[-2.9876995,41.6033902],[-3.0110827,41.5965457],[-3.0234579,41.589724],[-3.0327255,41.5878499],[-3.040016648309891,41.58903509230125]],[[-3.0395401,41.5895165],[-3.0397972,41.5896355]],[[-3.0397972,41.5896355],[-3.0397889,41.5893598]],[[-3.0397972,41.5896355],[-3.0395401,41.5895165]],[[-3.0397889,41.5893598],[-3.0395401,41.5895165]],[[-3.0341789698658026,42.662392024632624],[-3.0344879858341685,42.66233766593427]],[[-2.9241979,42.7041186],[-2.9532505,42.7047093],[-2.97191,42.7011905],[-3.0281427,42.6716203],[-3.0344879858341685,42.66233766593427]],[[-2.9931179,42.669904],[-3.0341789698658026,42.662392024632624]],[[-3.0341789698658026,42.662392024632624],[-3.0280127,42.6714845],[-2.9712383,42.7012689],[-2.9520034,42.7046295],[-2.9252619,42.7040647]],[[-2.9931179,42.669904],[-2.9883006,42.6717285]],[[-2.9883006,42.6717285],[-2.9931179,42.669904]],[[-2.9915339,41.8325073],[-2.9858499,41.8323267]],[[-2.9858499,41.8323267],[-2.9915339,41.8325073]],[[-2.9653584,42.6854114],[-2.9734237,42.6837106],[-2.9883006,42.6717285]],[[-2.9548467,41.8280458],[-2.9655254,41.8280425],[-2.9858499,41.8323267]],[[-2.9765446,41.561242],[-2.9698472,41.5585571]],[[-2.9698472,41.5585571],[-2.9765446,41.561242]],[[-2.9698472,41.5585571],[-2.963807,41.5538848],[-2.9606064,41.5472681],[-2.9564918,41.5432907]],[[-2.965059,42.6855741],[-2.9653584,42.6854114]],[[-2.9653584,42.6854114],[-2.9649961,42.6853506]],[[-2.9647219,42.6856368],[-2.965059,42.6855741]],[[-2.965059,42.6855741],[-2.9649961,42.6853506]],[[-2.9649961,42.6853506],[-2.9646194,42.6854464]],[[-2.9646194,42.6854464],[-2.9647219,42.6856368]],[[-2.9524417,42.6889182],[-2.9647219,42.6856368]],[[-2.9646194,42.6854464],[-2.9522612,42.6886903]],[[-2.9614048,41.622989],[-2.9612171,41.6230958]],[[-2.9612171,41.6230958],[-2.9614048,41.622989]],[[-2.9614048,41.622989],[-2.9611809,41.6228593]],[[-2.9611809,41.6228593],[-2.9612171,41.6230958]],[[-2.9610442426098125,41.62269517672425],[-2.9611809,41.6228593]],[[-2.8735875656425827,41.664687891435],[-2.8862687,41.6606407],[-2.9028702,41.6469282],[-2.9267221,41.6411963],[-2.9375562,41.6339958],[-2.9610442426098125,41.62269517672425]],[[-2.9609193416598774,41.62254517273969],[-2.9610442426098125,41.62269517672425]],[[-2.9609193416598774,41.62254517273969],[-2.9371135,41.6340315],[-2.9266465,41.6410474],[-2.9028087,41.6467486],[-2.8966327,41.6505452],[-2.8872549,41.6598278],[-2.8735059210692375,41.664550011576516]],[[-2.9607132,41.6222976],[-2.9609193416598774,41.62254517273969]],[[-2.9607132,41.6222976],[-2.9606506,41.6219966]],[[-2.9603564,41.6221222],[-2.9607132,41.6222976]],[[-2.9603564,41.6221222],[-2.9606506,41.6219966]],[[-2.9606506,41.6219966],[-2.9605702,41.6215719]],[[-2.9605822,41.6212874],[-2.9603049,41.6215072]],[[-2.9605702,41.6215719],[-2.9605822,41.6212874]],[[-2.9605702,41.6215719],[-2.9603049,41.6215072]],[[-2.9599184,41.6218944],[-2.9603564,41.6221222]],[[-2.9603049,41.6215072],[-2.9599272,41.6217149]],[[-2.9599272,41.6217149],[-2.9594506,41.6218233]],[[-2.9599272,41.6217149],[-2.9599184,41.6218944]],[[-2.9594506,41.6218233],[-2.9599184,41.6218944]],[[-2.9594506,41.6218233],[-2.9498477,41.6279096],[-2.9327092,41.6352104],[-2.922779,41.6372862],[-2.8877612,41.6504103],[-2.8734699,41.6634429]],[[-2.9564918,41.5432907],[-2.9535423,41.5388767]],[[-2.9535423,41.5388767],[-2.9564918,41.5432907]],[[-2.9548467,41.8280458],[-2.9492855,41.8279871]],[[-2.9492855,41.8279871],[-2.9548467,41.8280458]],[[-2.9535423,41.5388767],[-2.9492959,41.5322843],[-2.9422278,41.5255008],[-2.9316526,41.5198285],[-2.9258051,41.5129108]],[[-2.9520805,42.6890674],[-2.9524417,42.6889182]],[[-2.9524417,42.6889182],[-2.9522612,42.6886903]],[[-2.9522612,42.6886903],[-2.9519084,42.6888391]],[[-2.9519084,42.6888391],[-2.9520805,42.6890674]],[[-2.9466748,42.690965],[-2.9520805,42.6890674]],[[-2.9519084,42.6888391],[-2.9463509,42.6907461]],[[-2.8614988,41.8049175],[-2.8683904,41.8043609],[-2.895007,41.8139129],[-2.9064369,41.8142404],[-2.9215657,41.8185955],[-2.9335973,41.8179564],[-2.9441321,41.82434],[-2.9464542,41.8277873],[-2.9492855,41.8279871]],[[-2.9460958,42.6910959],[-2.9466748,42.690965]],[[-2.9466748,42.690965],[-2.9463509,42.6907461]],[[-2.9463509,42.6907461],[-2.9461261,42.6908253]],[[-2.9461261,42.6908253],[-2.9311904,42.6954854]],[[-2.9461261,42.6908253],[-2.9460958,42.6910959]],[[-2.9311904,42.6954854],[-2.9460958,42.6910959]],[[-2.9311904,42.6954854],[-2.9265838,42.6982757]],[[-2.9265838,42.6982757],[-2.9261237,42.6984689]],[[-2.9263164,42.6987033],[-2.9265838,42.6982757]],[[-2.9259419,42.69883],[-2.9263164,42.6987033]],[[-2.9263164,42.6987033],[-2.9261237,42.6984689]],[[-2.9261237,42.6984689],[-2.9257987,42.6986337]],[[-2.9254467,42.6989526],[-2.9259419,42.69883]],[[-2.9257987,42.6986337],[-2.9259419,42.69883]],[[-2.9258051,41.5129108],[-2.9203003,41.510647]],[[-2.9203003,41.510647],[-2.9258051,41.5129108]],[[-2.9257987,42.6986337],[-2.9254467,42.6989526]],[[-2.9254467,42.6989526],[-2.9233567,42.7002017]],[[-2.9233567,42.7002017],[-2.9222843,42.70047]],[[-2.9228038,42.701026],[-2.9233567,42.7002017]],[[-2.9214006,42.701576],[-2.9228038,42.701026]],[[-2.9228038,42.701026],[-2.9222843,42.70047]],[[-2.9222843,42.70047],[-2.9210491,42.7010749]],[[-2.9210491,42.7010749],[-2.9214006,42.701576]],[[-2.9205864,42.7017913],[-2.9214006,42.701576]],[[-2.9210491,42.7010749],[-2.9079592,42.709212]],[[-2.9203003,41.510647],[-2.8995625,41.5048657],[-2.890199,41.5041203],[-2.8854196,41.5005166],[-2.8561343,41.4919911],[-2.8347965,41.4928469],[-2.8150399,41.4888156],[-2.8069854,41.4854032],[-2.793068,41.4844771]],[[-2.889129,42.6795054],[-2.8907545,42.6673792],[-2.8868343,42.6558714],[-2.8786894,42.6466744],[-2.8643036,42.6410791],[-2.8601113,42.637832],[-2.8569839,42.6321781],[-2.8568849,42.6254695],[-2.8545094,42.6210576],[-2.8584453,42.6085037],[-2.8571217,42.5981072],[-2.8727865,42.5803989]],[[-2.8572763,42.6334495],[-2.862659,42.6403171],[-2.8766469,42.6455694],[-2.8850592,42.6534782],[-2.8903835,42.666072],[-2.8889096,42.6788842]],[[-2.8740781,41.6658765],[-2.8742568,41.6658726]],[[-2.8741834,41.6660275],[-2.8742568,41.6658726]],[[-2.8742568,41.6658726],[-2.8741691,41.6654412]],[[-2.8249768,41.6845317],[-2.8287658,41.6854544],[-2.8383202,41.6814178],[-2.8452818,41.6821797],[-2.8657061,41.6722473],[-2.8741834,41.6660275]],[[-2.8740781,41.6658765],[-2.8741834,41.6660275]],[[-2.8741691,41.6654412],[-2.8739412,41.6655121]],[[-2.8741691,41.6654412],[-2.8739335,41.6652739]],[[-2.8739412,41.6655121],[-2.8740781,41.6658765]],[[-2.8739335,41.6652739],[-2.8739412,41.6655121]],[[-2.8735875656425827,41.664687891435],[-2.8739335,41.6652739]],[[-2.576155,41.7550286],[-2.5820324,41.7543863],[-2.6164719,41.7639811],[-2.6230596,41.7637477],[-2.6528088,41.7521902],[-2.659315,41.7468883],[-2.7256463,41.7176115],[-2.7401067,41.7151215],[-2.7573473,41.7093173],[-2.7812641,41.7061344],[-2.7924179,41.7030181],[-2.8014712,41.6983932],[-2.821877,41.683784],[-2.8452717,41.674298],[-2.8611496,41.6706194],[-2.8735875656425827,41.664687891435]],[[-2.8735059210692375,41.664550011576516],[-2.8735875656425827,41.664687891435]],[[-2.8735059210692375,41.664550011576516],[-2.8610715,41.6705322],[-2.8434604,41.6746981],[-2.8218017,41.6836391],[-2.8008422,41.6986157],[-2.7907489,41.7035003],[-2.7555751,41.7095477],[-2.7399807,41.714978],[-2.7262343,41.7172306],[-2.7143569,41.7225419]],[[-2.8731647,41.6639415],[-2.8735059210692375,41.664550011576516]],[[-2.8734699,41.6634429],[-2.8731617,41.6634364]],[[-2.8732429,41.6635892],[-2.8734699,41.6634429]],[[-2.8731692,41.6637317],[-2.8732429,41.6635892]],[[-2.8732429,41.6635892],[-2.8731617,41.6634364]],[[-2.8729443,41.6638042],[-2.8731692,41.6637317]],[[-2.8731647,41.6639415],[-2.8731692,41.6637317]],[[-2.8729443,41.6638042],[-2.8731647,41.6639415]],[[-2.8731617,41.6634364],[-2.8729443,41.6638042]],[[-2.823234684367704,42.76087514637013],[-2.8267317,42.7564761],[-2.8330813,42.7528913],[-2.8639093,42.7419452],[-2.8714563,42.7343098]],[[-2.8706702,42.7351639],[-2.8637704,42.7417423],[-2.8320271,42.7531354],[-2.8259754,42.756789],[-2.822987940113953,42.7607561104518]],[[-2.8507119,42.6357538],[-2.8690216,42.6438809]],[[-2.8496739,42.748788],[-2.8676661,42.7398232]],[[-2.8614988,41.8049175],[-2.8569922,41.8064088]],[[-2.8569922,41.8064088],[-2.8614988,41.8049175]],[[-2.7939995,41.8067704],[-2.8515376,41.8076915],[-2.8569922,41.8064088]],[[-2.8496739,42.748788],[-2.849178,42.7488129]],[[-2.8492306,42.7490291],[-2.8496739,42.748788]],[[-2.8489278,42.7491339],[-2.8492306,42.7490291]],[[-2.8492306,42.7490291],[-2.849178,42.7488129]],[[-2.849178,42.7488129],[-2.8487363,42.7489783]],[[-2.8280971,42.7722846],[-2.8319259,42.7582133],[-2.8397502,42.7525122],[-2.8489278,42.7491339]],[[-2.8487363,42.7489783],[-2.8489278,42.7491339]],[[-2.8487363,42.7489783],[-2.8391143,42.7526511],[-2.8306143,42.758943],[-2.8283569,42.7630959],[-2.8278965,42.7722383]],[[-2.8278965,42.7722383],[-2.8280971,42.7722846]],[[-2.8280971,42.7722846],[-2.8278965,42.7722383]],[[-2.8278865,42.7633617],[-2.8243082,42.761405]],[[-2.8249768,41.6845317],[-2.8198399,41.6856999]],[[-2.8198399,41.6856999],[-2.8249768,41.6845317]],[[-2.8243082,42.761405],[-2.8240725,42.7611896]],[[-2.8239357,42.7613306],[-2.8243082,42.761405]],[[-2.8239357,42.7613306],[-2.8240725,42.7611896]],[[-2.8240725,42.7611896],[-2.8237189,42.7609862]],[[-2.8235583,42.7611524],[-2.8239357,42.7613306]],[[-2.8237189,42.7609862],[-2.8235583,42.7611524]],[[-2.8237189,42.7609862],[-2.8233658,42.7609384]],[[-2.8233658,42.7609384],[-2.8235583,42.7611524]],[[-2.823234684367704,42.76087514637013],[-2.8233658,42.7609384]],[[-2.7688868,42.8241929],[-2.810405,42.8042869],[-2.8188079,42.7985223],[-2.8238623,42.7848164],[-2.823234684367704,42.76087514637013]],[[-2.822987940113953,42.7607561104518],[-2.823234684367704,42.76087514637013]],[[-2.822987940113953,42.7607561104518],[-2.8234843,42.7837156],[-2.8216935,42.7921618],[-2.8184232,42.7985769],[-2.7940891,42.8124041],[-2.7685408,42.8241134]],[[-2.8228366,42.7606831],[-2.822987940113953,42.7607561104518]],[[-2.8228366,42.7606831],[-2.8226171,42.7604978]],[[-2.8224786,42.7606302],[-2.8228366,42.7606831]],[[-2.8224786,42.7606302],[-2.8226171,42.7604978]],[[-2.8226171,42.7604978],[-2.8222357,42.7602951]],[[-2.8221055,42.7604497],[-2.8224786,42.7606302]],[[-2.8222357,42.7602951],[-2.8221055,42.7604497]],[[-2.8222357,42.7602951],[-2.8218391,42.76023]],[[-2.8218391,42.76023],[-2.8221055,42.7604497]],[[-2.7766357,42.729213],[-2.7809368,42.7345609],[-2.7868797,42.7380235],[-2.7889791,42.7422847],[-2.800877,42.7511257],[-2.8120956,42.7573467],[-2.8218391,42.76023]],[[-2.8064462,41.6964364],[-2.812177,41.6902084],[-2.8198399,41.6856999]],[[-2.8064462,41.6964364],[-2.8019678,41.6997656]],[[-2.8019678,41.6997656],[-2.8064462,41.6964364]],[[-2.7765305,41.7077497],[-2.7864842,41.7060511],[-2.8019678,41.6997656]],[[-2.7939995,41.8067704],[-2.7882142,41.8055114]],[[-2.7914202,41.8062236],[-2.7939995,41.8067704]],[[-2.7935484,41.8561575],[-2.7922176,41.8530146]],[[-2.7922176,41.8530146],[-2.7935484,41.8561575]],[[-2.793068,41.4844771],[-2.7865458,41.4847241]],[[-2.7865458,41.4847241],[-2.793068,41.4844771]],[[-2.7922176,41.8530146],[-2.7879275,41.8502952],[-2.7862779,41.8469611]],[[-2.7917775,41.80806],[-2.7920195,41.8080605]],[[-2.7919055,41.8082789],[-2.7920195,41.8080605]],[[-2.7920195,41.8080605],[-2.791982,41.807638]],[[-2.791982,41.807638],[-2.7917968,41.8074715]],[[-2.791982,41.807638],[-2.7917182,41.8076611]],[[-2.7855887,41.8446227],[-2.7885171,41.8290572],[-2.7934301,41.8230172],[-2.7868215,41.8149903],[-2.7866619,41.812838],[-2.7919055,41.8082789]],[[-2.7917775,41.80806],[-2.7919055,41.8082789]],[[-2.7917968,41.8074715],[-2.7917182,41.8076611]],[[-2.7917968,41.8074715],[-2.7915059,41.8065132]],[[-2.7917182,41.8076611],[-2.7917775,41.80806]],[[-2.7915059,41.8065132],[-2.7914202,41.8062236]],[[-2.7914202,41.8062236],[-2.7915059,41.8065132]],[[-2.7882142,41.8055114],[-2.7914202,41.8062236]],[[-2.7170987,41.81373],[-2.7533264,41.8113691],[-2.7633054,41.8076415],[-2.7757005,41.8080675],[-2.7882142,41.8055114]],[[-2.7865458,41.4847241],[-2.7663103,41.4834861],[-2.7322924,41.4780855]],[[-2.7862779,41.8469611],[-2.7855887,41.8446227]],[[-2.7855887,41.8446227],[-2.7862779,41.8469611]],[[-2.7766357,42.729213],[-2.7765395,42.7290879]],[[-2.7764643,42.7291554],[-2.7766357,42.729213]],[[-2.7764643,42.7291554],[-2.7765395,42.7290879]],[[-2.7765395,42.7290879],[-2.7762488,42.7289532]],[[-2.7763152,41.707875],[-2.7765305,41.7077497]],[[-2.7765305,41.7077497],[-2.7762621,41.7077123]],[[-2.7762108,42.7290941],[-2.7764643,42.7291554]],[[-2.7760183,41.7079009],[-2.7763152,41.707875]],[[-2.7763152,41.707875],[-2.7762621,41.7077123]],[[-2.7762621,41.7077123],[-2.7760094,41.7077437]],[[-2.7762488,42.7289532],[-2.775709,42.7289639]],[[-2.7762488,42.7289532],[-2.7762108,42.7290941]],[[-2.775709,42.7289639],[-2.7762108,42.7290941]],[[-2.7760094,41.7077437],[-2.7760183,41.7079009]],[[-2.775794,41.7078452],[-2.7760183,41.7079009]],[[-2.7760094,41.7077437],[-2.775794,41.7078452]],[[-2.7746002,41.7080297],[-2.775794,41.7078452]],[[-2.775709,42.7289639],[-2.7659936,42.7289716],[-2.7616171,42.7319912],[-2.7530551,42.7316013],[-2.7488983,42.7340834],[-2.7296721,42.7342139],[-2.7171743,42.7276471],[-2.6990592,42.7222251]],[[-2.7742796,41.7081284],[-2.7746002,41.7080297]],[[-2.7746002,41.7080297],[-2.7743408,41.707979]],[[-2.7742796,41.7081284],[-2.7743408,41.707979]],[[-2.7743408,41.707979],[-2.7737882,41.708094]],[[-2.7739692,41.7082045],[-2.7742796,41.7081284]],[[-2.7735555,41.7082327],[-2.7739692,41.7082045]],[[-2.7737882,41.708094],[-2.7739692,41.7082045]],[[-2.7737882,41.708094],[-2.7735555,41.7082327]],[[-2.7225878,41.7206107],[-2.7313544,41.71676],[-2.7407167,41.7155442],[-2.7495879,41.7122266],[-2.7735555,41.7082327]],[[-2.5396844,41.4704409],[-2.5414456,41.4635391],[-2.5514591,41.4485801],[-2.5629551,41.4235846],[-2.5695523,41.4167028],[-2.5752004,41.4019887],[-2.5794011,41.3977967],[-2.5848187,41.395201],[-2.590921,41.383228],[-2.5984652,41.3791572],[-2.6100589,41.3672022],[-2.607937,41.35413],[-2.6035942,41.3440692],[-2.6045269,41.3398344],[-2.6556047,41.2946345],[-2.6610408,41.2941771],[-2.716315,41.258255],[-2.7299775,41.2587425],[-2.7356637,41.2493881]],[[-2.7322924,41.4780855],[-2.7240601,41.4767784]],[[-2.7240601,41.4767784],[-2.7322924,41.4780855]],[[-2.7240601,41.4767784],[-2.6928949,41.4741642]],[[-2.7225878,41.7206107],[-2.7222125,41.7205486]],[[-2.7221258,41.7207655],[-2.7225878,41.7206107]],[[-2.7221258,41.7207655],[-2.7222125,41.7205486]],[[-2.7222125,41.7205486],[-2.7216781,41.7207824]],[[-2.7219433,41.7208377],[-2.7221258,41.7207655]],[[-2.7216781,41.7207824],[-2.7219433,41.7208377]],[[-2.7215366,41.7210744],[-2.7219433,41.7208377]],[[-2.7216781,41.7207824],[-2.7215366,41.7210744]],[[-2.7118492,41.7239429],[-2.7215366,41.7210744]],[[-2.7107389,41.8135696],[-2.7170987,41.81373]],[[-2.7170987,41.81373],[-2.7107389,41.8135696]],[[-2.6237784,41.8113887],[-2.6391193,41.8136145],[-2.6697962,41.8125936],[-2.6875148,41.8099526],[-2.7107389,41.8135696]],[[-2.6990592,42.7222251],[-2.6983343,42.7220471]],[[-2.6983343,42.7220471],[-2.6990592,42.7222251]],[[-2.6983343,42.7220471],[-2.6966014,42.7223027]],[[-2.6962677,42.7223912],[-2.6966014,42.7223027]],[[-2.6966014,42.7223027],[-2.696232,42.7222195]],[[-2.6959376,42.7222988],[-2.6962677,42.7223912]],[[-2.6962677,42.7223912],[-2.696232,42.7222195]],[[-2.696232,42.7222195],[-2.6960577,42.722195]],[[-2.6960577,42.722195],[-2.6959376,42.7222988]],[[-2.6960577,42.722195],[-2.695771,42.722155]],[[-2.695771,42.722155],[-2.6959376,42.7222988]],[[-2.695771,42.722155],[-2.6889775,42.7194396],[-2.6862424,42.7149954],[-2.6743965,42.7123938],[-2.6711954,42.7068391],[-2.6710774,42.7021816],[-2.6651656,42.6969942],[-2.6427162,42.6962302],[-2.6342067,42.6938606],[-2.6224476,42.6858677],[-2.6115632,42.6834166],[-2.6138043,42.6799558],[-2.6121952,42.6740585],[-2.6102103,42.6723454],[-2.6003986,42.6697305],[-2.5805394,42.6694743],[-2.5789405,42.6649426],[-2.568507,42.6614959],[-2.5713289,42.6607221],[-2.5673455,42.6592046],[-2.5680922,42.656404],[-2.5662913,42.6537],[-2.5542931,42.6494256],[-2.5315022,42.6496747],[-2.5300271,42.6463611],[-2.5198908,42.6381456]],[[-2.6928949,41.4741642],[-2.6870419,41.4737331]],[[-2.6870419,41.4737331],[-2.6928949,41.4741642]],[[-2.6870419,41.4737331],[-2.6358582,41.4652873]],[[-2.6358582,41.4652873],[-2.6294982,41.4651759]],[[-2.6294982,41.4651759],[-2.6358582,41.4652873]],[[-2.6294982,41.4651759],[-2.6235884,41.4653875]],[[-2.6237784,41.8113887],[-2.6171712,41.8103292]],[[-2.6171712,41.8103292],[-2.6237784,41.8113887]],[[-2.615443,41.4652599],[-2.6235884,41.4653875]],[[-2.6235884,41.4653875],[-2.615443,41.4652599]],[[-2.5755403,41.8044445],[-2.6171712,41.8103292]],[[-2.615443,41.4652599],[-2.6103825,41.4657029],[-2.5989043,41.4730678],[-2.5820379,41.469376],[-2.5516114,41.4760612]],[[-2.576155,41.7550286],[-2.5607163,41.7542618]],[[-2.5607163,41.7542618],[-2.576155,41.7550286]],[[-2.5755403,41.8044445],[-2.5698072,41.8035039]],[[-2.5698072,41.8035039],[-2.5755403,41.8044445]],[[-2.5575021,41.8014616],[-2.5698072,41.8035039]],[[-2.5486434,41.7551423],[-2.5607163,41.7542618]],[[-2.5575021,41.8014616],[-2.5520556,41.8000603]],[[-2.5520556,41.8000603],[-2.5575021,41.8014616]],[[-2.5350959,41.7937227],[-2.5520556,41.8000603]],[[-2.5516114,41.4760612],[-2.5497918,41.4760184]],[[-2.5497918,41.4760184],[-2.5516114,41.4760612]],[[-2.5497918,41.4760184],[-2.5401403,41.4711153]],[[-2.5457908,41.755564],[-2.5486434,41.7551423]],[[-2.5486434,41.7551423],[-2.5457908,41.755564]],[[-2.4962598,41.771006],[-2.5038827,41.772105],[-2.5090316,41.7710166],[-2.5457908,41.755564]],[[-2.5401403,41.4711153],[-2.539917,41.4709005]],[[-2.5397913,41.4710538],[-2.5401403,41.4711153]],[[-2.5400453,41.5035307],[-2.5397182,41.5036576]],[[-2.5398708,41.5038448],[-2.5400453,41.5035307]],[[-2.5289858,41.4815557],[-2.5343026,41.4897298],[-2.5400453,41.5035307]],[[-2.5397913,41.4710538],[-2.539917,41.4709005]],[[-2.539917,41.4709005],[-2.5397437,41.4706214]],[[-2.5394766,41.5040661],[-2.5398708,41.5038448]],[[-2.5398708,41.5038448],[-2.5397182,41.5036576]],[[-2.5392354,41.4708017],[-2.5397913,41.4710538]],[[-2.5397437,41.4706214],[-2.5396844,41.4704409]],[[-2.5397437,41.4706214],[-2.5395555,41.4705898]],[[-2.5397182,41.5036576],[-2.5392777,41.5038974]],[[-2.5396844,41.4704409],[-2.5395555,41.4705898]],[[-2.5395555,41.4705898],[-2.539376,41.4706372]],[[-2.5390983,41.5041372],[-2.5394766,41.5040661]],[[-2.5392777,41.5038974],[-2.5394766,41.5040661]],[[-2.539376,41.4706372],[-2.5392354,41.4708017]],[[-2.539376,41.4706372],[-2.5347819,41.4699121]],[[-2.5392777,41.5038974],[-2.5390983,41.5041372]],[[-2.5347968,41.4701187],[-2.5392354,41.4708017]],[[-2.5390983,41.5041372],[-2.5387772138466653,41.504337907991015]],[[-2.5387772138466653,41.504337907991015],[-2.538606161632449,41.50444771388812]],[[-2.4817202023494027,41.740068103633554],[-2.4799517,41.7320143],[-2.483398,41.7218964],[-2.4835304,41.6919038],[-2.4847801,41.6855337],[-2.4882198,41.6794132],[-2.5017524,41.6645446],[-2.5141362,41.6473841],[-2.5163873,41.6372892],[-2.5137766,41.6212514],[-2.5200273,41.5959018],[-2.530825,41.5800602],[-2.5399651,41.5722907],[-2.5428376,41.5672645],[-2.5407647,41.5565899],[-2.5360609,41.5468676],[-2.5423315,41.5280194],[-2.5442799,41.5125148],[-2.543244,41.5088251],[-2.5387772138466653,41.504337907991015]],[[-2.5387772138466653,41.504337907991015],[-2.5325256,41.4998918],[-2.5179161,41.4966189],[-2.5134779115408943,41.4923456781449]],[[-2.538606161632449,41.50444771388812],[-2.538245,41.504682]],[[-2.538606161632449,41.50444771388812],[-2.543035,41.508898],[-2.5440514,41.5124647],[-2.5421431,41.5280068],[-2.5358511,41.5468858],[-2.5405716,41.5566825],[-2.5426183,41.5673602],[-2.5402244,41.5717508],[-2.5305954,41.5800513],[-2.5198249,41.595899],[-2.5136,41.62124],[-2.51621,41.63729],[-2.51397,41.64734],[-2.5015179,41.6644652],[-2.48811,41.67921],[-2.4841175,41.6868708],[-2.4832486,41.7211435],[-2.4796916,41.7324696],[-2.4814892671717406,41.740090793035804]],[[-2.513248322070035,41.49247786164918],[-2.5186788,41.4972111],[-2.5329586,41.5002463],[-2.538606161632449,41.50444771388812]],[[-2.538245,41.504682],[-2.5378619,41.5047246]],[[-2.538108,41.5049451],[-2.538245,41.504682]],[[-2.5378619,41.5047246],[-2.538108,41.5049451]],[[-2.538108,41.5049451],[-2.5378619,41.5047246]],[[-2.5356824,42.07074],[-2.5311412979737993,42.06296168202047]],[[-2.5311412979737993,42.06296168202047],[-2.5288159,42.0653861],[-2.5287295,42.067892],[-2.5318647,42.0725596],[-2.5316495,42.0679998],[-2.5343006,42.0729732],[-2.5346693,42.0698471],[-2.5355996,42.0714795]],[[-2.5350959,41.7937227],[-2.5324079,41.7919096]],[[-2.5324079,41.7919096],[-2.5350959,41.7937227]],[[-2.5341336,41.4701353],[-2.5347968,41.4701187]],[[-2.5347968,41.4701187],[-2.5347819,41.4699121]],[[-2.5347819,41.4699121],[-2.5341352,41.4699194]],[[-2.5341352,41.4699194],[-2.5264626,41.4702977]],[[-2.5341352,41.4699194],[-2.5341336,41.4701353]],[[-2.5264815,41.4704844],[-2.5341336,41.4701353]],[[-2.5289709,41.7875244],[-2.5324079,41.7919096]],[[-2.5238445,42.043706],[-2.5301195,42.0455173],[-2.5256824,42.0487943],[-2.5313585,42.0479458],[-2.5264511,42.0516538],[-2.5325559,42.0499484],[-2.5280071,42.0531358],[-2.5371443,42.0521228],[-2.5403329,42.0503207],[-2.5387055,42.0549887],[-2.5344916,42.0561649],[-2.5305981,42.0599218],[-2.5369858,42.0593781],[-2.5311412979737993,42.06296168202047]],[[-2.5311412979737993,42.06296168202047],[-2.5234049,42.0547528],[-2.5218037,42.0488571]],[[-2.5294178,41.4796973],[-2.5294279,41.4793625]],[[-2.5294279,41.4793625],[-2.5292875,41.4791772]],[[-2.5294279,41.4793625],[-2.5292328,41.4794033]],[[-2.5292296,41.479653],[-2.5294178,41.4796973]],[[-2.5292404,41.4798076],[-2.5294178,41.4796973]],[[-2.5292875,41.4791772],[-2.5292328,41.4794033]],[[-2.5292875,41.4791772],[-2.530003,41.4750935],[-2.5264748,41.4707511]],[[-2.5292404,41.4798076],[-2.5288123,41.4811104]],[[-2.5292296,41.479653],[-2.5292404,41.4798076]],[[-2.5292328,41.4794033],[-2.5292296,41.479653]],[[-2.5289858,41.4815557],[-2.5288123,41.4811104]],[[-2.5288123,41.4811104],[-2.5289858,41.4815557]],[[-2.5289709,41.7875244],[-2.524122,41.7849933]],[[-2.524122,41.7849933],[-2.5289709,41.7875244]],[[-2.5264237,41.4705602],[-2.5264815,41.4704844]],[[-2.5264815,41.4704844],[-2.5264626,41.4702977]],[[-2.5264748,41.4707511],[-2.5264237,41.4705602]],[[-2.5262481,41.4706381],[-2.5264748,41.4707511]],[[-2.5264626,41.4702977],[-2.5258708,41.4704272]],[[-2.5262481,41.4706381],[-2.5264237,41.4705602]],[[-2.5261439,41.4706411],[-2.5262481,41.4706381]],[[-2.5256565,41.470721],[-2.5261439,41.4706411]],[[-2.5258708,41.4704272],[-2.5261439,41.4706411]],[[-2.5258708,41.4704272],[-2.5256565,41.470721]],[[-2.5244176776628824,41.47088594183507],[-2.5256565,41.470721]],[[-2.5134779115408943,41.4923456781449],[-2.5133529,41.4856371],[-2.5244176776628824,41.47088594183507]],[[-2.5244176776628824,41.47088594183507],[-2.5226241,41.4635326],[-2.5071874280867554,41.44675545039509]],[[-2.5241926860810593,41.4708512199719],[-2.5244176776628824,41.47088594183507]],[[-2.5241926860810593,41.4708512199719],[-2.5130167,41.4856981],[-2.513248322070035,41.49247786164918]],[[-2.506955466451905,41.44680538590439],[-2.5229625,41.4643743],[-2.5241926860810593,41.4708512199719]],[[-2.5239217,41.4708094],[-2.5241926860810593,41.4708512199719]],[[-2.5118302,41.7821467],[-2.5179412,41.781587],[-2.524122,41.7849933]],[[-2.5234016,41.47086],[-2.5239217,41.4708094]],[[-2.5239217,41.4708094],[-2.5234747,41.4706433]],[[-2.5234016,41.47086],[-2.5234747,41.4706433]],[[-2.5234747,41.4706433],[-2.5230996,41.4704782]],[[-2.5228947,41.4706078],[-2.5234016,41.47086]],[[-2.523301,41.4711383],[-2.5200275,41.47632]],[[-2.5230996,41.4704782],[-2.5228947,41.4706078]],[[-2.5230996,41.4704782],[-2.5227156,41.4703214]],[[-2.5227156,41.4703214],[-2.5228947,41.4706078]],[[-2.5062118,41.4475842],[-2.5236328,41.4674178],[-2.5227156,41.4703214]],[[-2.5222161,42.0463973],[-2.5218037,42.0488571]],[[-2.5218037,42.0488571],[-2.5222161,42.0463973]],[[-2.4729722,41.9487211],[-2.480633,41.9569511],[-2.485769,41.9759765],[-2.4853247,41.9846733],[-2.4947546,41.9970511],[-2.4989539,42.0075499],[-2.5084273,42.0154835],[-2.5121919,42.0284104],[-2.5149598,42.0316932],[-2.5156387,42.037401],[-2.520882,42.0419739],[-2.5222161,42.0463973]],[[-2.5200275,41.47632],[-2.5196876,41.4763442]],[[-2.5198163,41.4765325],[-2.5200275,41.47632]],[[-2.5192194,41.4764667],[-2.5198163,41.4765325]],[[-2.5198163,41.4765325],[-2.5196876,41.4763442]],[[-2.5196876,41.4763442],[-2.5194055,41.4763164]],[[-2.5194055,41.4763164],[-2.5192194,41.4764667]],[[-2.5194055,41.4763164],[-2.5190538,41.4762176]],[[-2.5190538,41.4762176],[-2.5192194,41.4764667]],[[-2.5190538,41.4762176],[-2.4718489,41.4451097]],[[-2.5143056,41.4919971],[-2.5134779115408943,41.4923456781449]],[[-2.5134779115408943,41.4923456781449],[-2.513248322070035,41.49247786164918]],[[-2.513248322070035,41.49247786164918],[-2.5060789,41.4967555]],[[-2.5046628,41.7807618],[-2.5118302,41.7821467]],[[-2.5118302,41.7821467],[-2.5046628,41.7807618]],[[-2.5096048,41.6424241],[-2.5046091,41.6546598]],[[-2.5078281,41.4467429],[-2.5083563,41.4462837]],[[-2.5083563,41.4462837],[-2.5080457,41.4459533]],[[-2.5083563,41.4462837],[-2.5080092,41.4462605]],[[-2.5080457,41.4459533],[-2.5080092,41.4462605]],[[-2.490508,41.419513],[-2.4921641,41.4244119],[-2.503107,41.4413663],[-2.5080457,41.4459533]],[[-2.5080092,41.4462605],[-2.5077479,41.4464833]],[[-2.5077479,41.4464833],[-2.5078281,41.4467429]],[[-2.50736,41.4467183],[-2.5078281,41.4467429]],[[-2.5077479,41.4464833],[-2.50736,41.4467183]],[[-2.50736,41.4467183],[-2.5071874280867554,41.44675545039509]],[[-2.5071874280867554,41.44675545039509],[-2.506955466451905,41.44680538590439]],[[-2.5071874280867554,41.44675545039509],[-2.4991364,41.4364708],[-2.4891897991021823,41.419609277949476]],[[-2.506955466451905,41.44680538590439],[-2.5067815,41.4468438]],[[-2.488972524688723,41.41966874721488],[-2.4989461,41.4365731],[-2.506955466451905,41.44680538590439]],[[-2.5067815,41.4468438],[-2.5063129,41.4467872]],[[-2.5064151,41.4470515],[-2.5067815,41.4468438]],[[-2.5061841,41.4472703],[-2.5064151,41.4470515]],[[-2.5064151,41.4470515],[-2.5063129,41.4467872]],[[-2.5063129,41.4467872],[-2.505859,41.447279]],[[-2.5062118,41.4475842],[-2.5061841,41.4472703]],[[-2.505859,41.447279],[-2.5062118,41.4475842]],[[-2.505859,41.447279],[-2.5061841,41.4472703]],[[-2.5060789,41.4967555],[-2.4996909,41.5005287]],[[-2.4996909,41.5005287],[-2.5060789,41.4967555]],[[-2.5002085,41.7776553],[-2.5046628,41.7807618]],[[-2.5044062,41.6552166],[-2.5046101,41.6548472]],[[-2.5046101,41.6548472],[-2.5046091,41.6546598]],[[-2.5046101,41.6548472],[-2.5044283,41.6548066]],[[-2.5046091,41.6546598],[-2.5044283,41.6548066]],[[-2.5044283,41.6548066],[-2.5042226,41.6551346]],[[-2.5042129,41.6553219],[-2.5044062,41.6552166]],[[-2.5042226,41.6551346],[-2.5044062,41.6552166]],[[-2.5042226,41.6551346],[-2.5042129,41.6553219]],[[-2.5042129,41.6553219],[-2.5016323,41.6639206],[-2.4854348,41.6803414],[-2.4831926,41.6844341],[-2.4830849,41.6909979],[-2.4805425,41.6996592],[-2.4827886,41.7106488]],[[-2.5002085,41.7776553],[-2.4972725,41.7739082]],[[-2.4972725,41.7739082],[-2.5002085,41.7776553]],[[-2.4996909,41.5005287],[-2.4525838,41.5268639],[-2.4176052,41.5410286],[-2.4040876,41.5439042],[-2.3747646,41.5546792],[-2.3627312,41.5613948],[-2.3526458,41.5642356],[-2.3318084,41.5839828],[-2.2963658,41.5840922],[-2.2658262,41.5924637],[-2.2288368,41.6183167],[-2.221202,41.620872],[-2.2114433,41.6301708],[-2.2019198,41.6333549],[-2.1788976,41.6533344],[-2.142830902141314,41.671561817953304]],[[-2.49568,41.7719314],[-2.4972725,41.7739082]],[[-2.4962598,41.771006],[-2.4953579,41.771037]],[[-2.4954923,41.771352],[-2.4962598,41.771006]],[[-2.49568,41.7719314],[-2.4953867,41.7716056]],[[-2.4951097,41.7717867],[-2.49568,41.7719314]],[[-2.4953867,41.7716056],[-2.4954923,41.771352]],[[-2.4954923,41.771352],[-2.4953579,41.771037]],[[-2.4951097,41.7717867],[-2.4953867,41.7716056]],[[-2.4953579,41.771037],[-2.4950026758917563,41.77085838032049]],[[-2.494637995024432,41.771809107272354],[-2.4951097,41.7717867]],[[-2.4950026758917563,41.77085838032049],[-2.494637995024432,41.771809107272354]],[[-2.4850019,41.7486015],[-2.4854108,41.7563425],[-2.4947144,41.7616868],[-2.4959134,41.7675492],[-2.4950026758917563,41.77085838032049]],[[-2.4950026758917563,41.77085838032049],[-2.4944362,41.770933]],[[-2.494637995024432,41.771809107272354],[-2.4942901,41.7727446]],[[-2.4942028,41.7711594],[-2.494637995024432,41.771809107272354]],[[-2.4944362,41.770933],[-2.4942028,41.7711594]],[[-2.4944362,41.770933],[-2.4877664,41.769025]],[[-2.4942901,41.7727446],[-2.4925361,41.7766786],[-2.4875506,41.7807773],[-2.4771782,41.7831361]],[[-2.4771782,41.7831361],[-2.4877326,41.7807879],[-2.4927432,41.7766432],[-2.4942901,41.7727446]],[[-2.4876971,41.7691435],[-2.4942028,41.7711594]],[[-2.4898826,41.419553],[-2.490508,41.419513]],[[-2.490508,41.419513],[-2.4897725,41.4193213]],[[-2.4897725,41.4193213],[-2.4898826,41.419553]],[[-2.4894736,41.4195316],[-2.4898826,41.419553]],[[-2.4897725,41.4193213],[-2.4894736,41.4195316]],[[-2.4894736,41.4195316],[-2.4891897991021823,41.419609277949476]],[[-2.4891897991021823,41.419609277949476],[-2.488972524688723,41.41966874721488]],[[-2.4891897991021823,41.419609277949476],[-2.4662048,41.3807587],[-2.4688621,41.3661856],[-2.4794482,41.3514932],[-2.4818222,41.3385105],[-2.4801559,41.3222831],[-2.4825795,41.312553],[-2.476686674938089,41.29318859540053]],[[-2.488972524688723,41.41966874721488],[-2.4886932,41.4197452]],[[-2.4765071996065897,41.29334367519202],[-2.4824,41.31256],[-2.47995,41.32231],[-2.48145,41.33953],[-2.4787955,41.3523663],[-2.46866,41.36613],[-2.4659686,41.3806871],[-2.488972524688723,41.41966874721488]],[[-2.4886932,41.4197452],[-2.488358,41.41975]],[[-2.488438,41.4199661],[-2.4886932,41.4197452]],[[-2.4876821,41.4197832],[-2.488438,41.4199661]],[[-2.488438,41.4199661],[-2.488358,41.41975]],[[-2.488358,41.41975],[-2.4879766,41.4196326]],[[-2.4879766,41.4196326],[-2.4876821,41.4197832]],[[-2.4879766,41.4196326],[-2.487611,41.4194868]],[[-2.4876971,41.7691435],[-2.4877664,41.769025]],[[-2.4877664,41.769025],[-2.4874945,41.768926]],[[-2.4874137,41.7690564],[-2.4876971,41.7691435]],[[-2.487611,41.4194868],[-2.4876821,41.4197832]],[[-2.4642856,41.3840518],[-2.4673915,41.3859544],[-2.4740876,41.3958896],[-2.487611,41.4194868]],[[-2.4874945,41.768926],[-2.4874137,41.7690564]],[[-2.4874945,41.768926],[-2.4793229,41.766595]],[[-2.4792488,41.7667712],[-2.4874137,41.7690564]],[[-2.4850019,41.7486015],[-2.4822795,41.7443371],[-2.4817202023494027,41.740068103633554]],[[-2.4814892671717406,41.740090793035804],[-2.482066,41.7444216],[-2.4850019,41.7486015]],[[-2.4844638,41.7506966],[-2.4729928,41.7561549]],[[-2.4830222,41.7114667],[-2.4831643,41.7112624]],[[-2.4831643,41.7112624],[-2.4831319,41.7108483]],[[-2.4829413,41.7111921],[-2.4831643,41.7112624]],[[-2.4831319,41.7108483],[-2.4828945,41.7109731]],[[-2.4831319,41.7108483],[-2.4827886,41.7106488]],[[-2.4830222,41.7114667],[-2.4824907,41.717534],[-2.4769617,41.7236295],[-2.477743,41.7321895],[-2.4805019,41.7399254]],[[-2.4829413,41.7111921],[-2.4830222,41.7114667]],[[-2.4828945,41.7109731],[-2.4829413,41.7111921]],[[-2.4827886,41.7106488],[-2.4828945,41.7109731]],[[-2.4821256,41.7401025],[-2.4820986,41.7399682]],[[-2.4820986,41.7399682],[-2.4821256,41.7401025]],[[-2.481878,41.7400526],[-2.4821256,41.7401025]],[[-2.4820986,41.7399682],[-2.481878,41.7400526]],[[-2.481878,41.7400526],[-2.4817202023494027,41.740068103633554]],[[-2.4817202023494027,41.740068103633554],[-2.4814892671717406,41.740090793035804]],[[-2.4814892671717406,41.740090793035804],[-2.4813294,41.7401065]],[[-2.481106,41.7402151],[-2.4813294,41.7401065]],[[-2.4813294,41.7401065],[-2.4810802,41.7400467]],[[-2.4806549,41.7401686],[-2.481106,41.7402151]],[[-2.481106,41.7402151],[-2.4810802,41.7400467]],[[-2.4810802,41.7400467],[-2.4807534,41.7400047]],[[-2.4807534,41.7400047],[-2.4806549,41.7401686]],[[-2.4807534,41.7400047],[-2.4805019,41.7399254]],[[-2.4805019,41.7399254],[-2.4806549,41.7401686]],[[-2.4792488,41.7667712],[-2.4793229,41.766595]],[[-2.4793229,41.766595],[-2.4792162,41.7664603]],[[-2.4787786,41.7666091],[-2.4792488,41.7667712]],[[-2.4792162,41.7664603],[-2.4789637,41.7658886]],[[-2.4792162,41.7664603],[-2.4789523,41.7664334]],[[-2.4792036,41.34794],[-2.4789081,41.3480889]],[[-2.478998,41.3484119],[-2.4792036,41.34794]],[[-2.4792036,41.34794],[-2.4787581,41.3477673]],[[-2.476686674938089,41.29318859540053],[-2.4735858,41.2587978],[-2.474767,41.2489517],[-2.4790273004120236,41.24098893551238]],[[-2.4790273004120236,41.24098893551238],[-2.475117,41.250775],[-2.4749959,41.2598125]],[[-2.4790273004120236,41.24098893551238],[-2.4786655,41.2327643],[-2.4736692,41.2256871],[-2.4708989,41.2162504],[-2.4602265529394303,41.20040680074185]],[[-2.4788849292885495,41.24072156090019],[-2.4790273004120236,41.24098893551238]],[[-2.4788793,41.3481379],[-2.478998,41.3484119]],[[-2.4786294,41.3484197],[-2.478998,41.3484119]],[[-2.4789637,41.7658886],[-2.4789523,41.7664334]],[[-2.4785831,41.7622418],[-2.4789637,41.7658886]],[[-2.4789523,41.7664334],[-2.4788517,41.7664843]],[[-2.4789081,41.3480889],[-2.4788793,41.3481379]],[[-2.4787581,41.3477673],[-2.4789081,41.3480889]],[[-2.4788849292885495,41.24072156090019],[-2.4742357,41.2499243],[-2.4733714,41.2587237],[-2.4765071996065897,41.29334367519202]],[[-2.4601309766293964,41.20054518685419],[-2.4706985,41.2163246],[-2.4734047,41.2256288],[-2.4788163,41.2336205],[-2.4788849292885495,41.24072156090019]],[[-2.4706976,41.2196623],[-2.4722535,41.225937],[-2.4789589,41.2348917],[-2.4788849292885495,41.24072156090019]],[[-2.4788793,41.3481379],[-2.4786294,41.3484197]],[[-2.4788517,41.7664843],[-2.4787786,41.7666091]],[[-2.4788517,41.7664843],[-2.4782912,41.7663729]],[[-2.4782912,41.7663729],[-2.4787786,41.7666091]],[[-2.4765071996065897,41.29334367519202],[-2.4756297,41.296119],[-2.4809065,41.3086284],[-2.4817131,41.3141685],[-2.4789919,41.3194143],[-2.4812836,41.3361627],[-2.4787581,41.3477673]],[[-2.4785831,41.7622418],[-2.4786569,41.7621528]],[[-2.4786569,41.7621528],[-2.4786338,41.7619482]],[[-2.4785676,41.7621273],[-2.4786569,41.7621528]],[[-2.4786338,41.7619482],[-2.4785247,41.7620243]],[[-2.4786338,41.7619482],[-2.4728279,41.7570569]],[[-2.4786294,41.3484197],[-2.476197,41.3550222],[-2.4676408,41.3671265],[-2.4645913,41.383151]],[[-2.4785676,41.7621273],[-2.4785831,41.7622418]],[[-2.4785247,41.7620243],[-2.4785676,41.7621273]],[[-2.4727191,41.7570783],[-2.4785247,41.7620243]],[[-2.4782912,41.7663729],[-2.4741037,41.7652016]],[[-2.4756651784115715,41.78309457581923],[-2.4771782,41.7831361]],[[-2.476686674938089,41.29318859540053],[-2.4765071996065897,41.29334367519202]],[[-2.4749549,41.2617695],[-2.476686674938089,41.29318859540053]],[[-2.4755044,41.7836967],[-2.4756651784115715,41.78309457581923]],[[-2.4756651784115715,41.78309457581923],[-2.475319,41.7824402]],[[-2.474569503613762,41.78294560501727],[-2.4756651784115715,41.78309457581923]],[[-2.4748335,41.7836783],[-2.4755044,41.7836967]],[[-2.4752617,41.7844629],[-2.4755044,41.7836967]],[[-2.475319,41.7824402],[-2.4746341,41.7816543]],[[-2.475319,41.7824402],[-2.4746942,41.7824963]],[[-2.4752617,41.7844629],[-2.4753727,41.7864771],[-2.4695441,41.7927056]],[[-2.4748335,41.7836783],[-2.4752617,41.7844629]],[[-2.4749965,41.2612036],[-2.4751063,41.2606296]],[[-2.4751063,41.2606296],[-2.4749959,41.2598125]],[[-2.4751063,41.2606296],[-2.4746807,41.2605346]],[[-2.4746452,41.261232],[-2.4749965,41.2612036]],[[-2.4749549,41.2617695],[-2.4749965,41.2612036]],[[-2.4749959,41.2598125],[-2.4746807,41.2605346]],[[-2.4746452,41.261232],[-2.4749549,41.2617695]],[[-2.474569503613762,41.78294560501727],[-2.4748335,41.7836783]],[[-2.4746942,41.7824963],[-2.474569503613762,41.78294560501727]],[[-2.4746341,41.7816543],[-2.4746942,41.7824963]],[[-2.4746807,41.2605346],[-2.4746452,41.261232]],[[-2.467078,41.7735639],[-2.4674642,41.7793107],[-2.4746341,41.7816543]],[[-2.4101988,41.7625078],[-2.4186054,41.7646282],[-2.4195048,41.7672204],[-2.417548,41.7721655],[-2.4205497,41.7764057],[-2.4317085,41.7800717],[-2.4450408,41.7874587],[-2.4507132,41.7871556],[-2.4617295,41.7799466],[-2.474569503613762,41.78294560501727]],[[-2.473858,41.7652446],[-2.4741037,41.7652016]],[[-2.4741037,41.7652016],[-2.4737589,41.7651458]],[[-2.473635,41.7652487],[-2.473858,41.7652446]],[[-2.4737589,41.7651458],[-2.473858,41.7652446]],[[-2.4737589,41.7651458],[-2.473635,41.7652487]],[[-2.473635,41.7652487],[-2.4678822,41.7666564]],[[-2.4729928,41.7561549],[-2.4726432,41.7564699]],[[-2.4728147,41.7565291],[-2.4729928,41.7561549]],[[-2.4729722,41.9487211],[-2.4709467,41.9448896]],[[-2.4709467,41.9448896],[-2.4729722,41.9487211]],[[-2.4727191,41.7570783],[-2.4728279,41.7570569]],[[-2.4728279,41.7570569],[-2.4728147,41.7565291]],[[-2.4728147,41.7565291],[-2.4726432,41.7564699]],[[-2.4726432,41.7564699],[-2.4727191,41.7570783]],[[-2.4718489,41.4451097],[-2.4671307,41.4419889]],[[-2.4671307,41.4419889],[-2.4718489,41.4451097]],[[-2.4712529,41.889184],[-2.4700412,41.8967321],[-2.4647757,41.9011851]],[[-2.4712529,41.889184],[-2.4703564,41.8837745]],[[-2.4703564,41.8837745],[-2.4712529,41.889184]],[[-2.4695951,41.9426344],[-2.4709467,41.9448896]],[[-2.4706976,41.2196623],[-2.4708483,41.219409]],[[-2.4708483,41.219409],[-2.470521,41.2186805]],[[-2.4705613,41.2193663],[-2.4708483,41.219409]],[[-2.4705613,41.2193663],[-2.4706976,41.2196623]],[[-2.4703403,41.2188323],[-2.4705613,41.2193663]],[[-2.470521,41.2186805],[-2.4703403,41.2188323]],[[-2.470521,41.2186805],[-2.47017,41.2185113]],[[-2.47017,41.2185113],[-2.4704468,41.2176917]],[[-2.4704468,41.2176917],[-2.4666364,41.2113947]],[[-2.4666364,41.2113947],[-2.4704468,41.2176917]],[[-2.467364,41.7994564],[-2.4566829,41.8083333],[-2.4473549,41.8315244],[-2.4703564,41.8837745]],[[-2.47017,41.2185113],[-2.4703403,41.2188323]],[[-2.4695951,41.9426344],[-2.4676667,41.9381741]],[[-2.4676667,41.9381741],[-2.4695951,41.9426344]],[[-2.4695441,41.7927056],[-2.467364,41.7994564]],[[-2.467364,41.7994564],[-2.4693695,41.7965279],[-2.4695441,41.7927056]],[[-2.4677117,41.7666769],[-2.4678822,41.7666564]],[[-2.4678822,41.7666564],[-2.4677117,41.7666769]],[[-2.4677117,41.7666769],[-2.4652606,41.7670064]],[[-2.4647262,41.9142339],[-2.4676667,41.9381741]],[[-2.467044,41.7732979],[-2.4672413,41.773272]],[[-2.467078,41.7735639],[-2.4672413,41.773272]],[[-2.4672413,41.773272],[-2.4669682,41.7730335]],[[-2.4671307,41.4419889],[-2.4295481,41.4216235],[-2.4245205,41.4170935],[-2.4143915,41.4132599],[-2.3920987,41.4139534],[-2.3621611,41.4208179],[-2.3298244,41.4174417]],[[-2.467044,41.7732979],[-2.467078,41.7735639]],[[-2.4669007,41.7731381],[-2.467044,41.7732979]],[[-2.4669682,41.7730335],[-2.4669007,41.7731381]],[[-2.4669682,41.7730335],[-2.4668087,41.7729561]],[[-2.4668087,41.7729561],[-2.4669007,41.7731381]],[[-2.4668087,41.7729561],[-2.4642353,41.76979]],[[-2.4641084,41.7698015],[-2.4668087,41.7729561]],[[-2.4666364,41.2113947],[-2.4598485,41.2024068],[-2.4601309766293964,41.20054518685419]],[[-2.4648184,41.7670596],[-2.4652606,41.7670064]],[[-2.4652606,41.7670064],[-2.464784,41.7669352]],[[-2.4646103,41.3839292],[-2.4648262,41.3835051]],[[-2.4648262,41.3835051],[-2.4645913,41.383151]],[[-2.4648262,41.3835051],[-2.4645594,41.38357]],[[-2.4647577,41.7671067],[-2.4648184,41.7670596]],[[-2.4648184,41.7670596],[-2.464784,41.7669352]],[[-2.464784,41.7669352],[-2.4646983,41.7669097]],[[-2.4647757,41.9011851],[-2.4638492,41.9071757]],[[-2.4638492,41.9071757],[-2.4647757,41.9011851]],[[-2.4646102,41.7670992],[-2.4647577,41.7671067]],[[-2.4646932,41.7672423],[-2.4647577,41.7671067]],[[-2.4647262,41.9142339],[-2.4639698,41.9080816]],[[-2.4639698,41.9080816],[-2.4647262,41.9142339]],[[-2.4646983,41.7669097],[-2.4645587,41.7669819]],[[-2.4646983,41.7669097],[-2.4644124,41.7668279]],[[-2.4646932,41.7672423],[-2.4641881,41.7696454]],[[-2.4646102,41.7670992],[-2.4646932,41.7672423]],[[-2.4642856,41.3840518],[-2.4646103,41.3839292]],[[-2.4644731,41.3836948],[-2.4646103,41.3839292]],[[-2.4645587,41.7669819],[-2.4646102,41.7670992]],[[-2.4645913,41.383151],[-2.4645594,41.38357]],[[-2.4645594,41.38357],[-2.4644731,41.3836948]],[[-2.4644124,41.7668279],[-2.4645587,41.7669819]],[[-2.4644731,41.3836948],[-2.4642856,41.3840518]],[[-2.4636091,41.7664469],[-2.4644124,41.7668279]],[[-2.4641084,41.7698015],[-2.4642353,41.76979]],[[-2.4642353,41.76979],[-2.4641881,41.7696454]],[[-2.4641881,41.7696454],[-2.4641084,41.7698015]],[[-2.4638492,41.9071757],[-2.4639698,41.9080816]],[[-2.4636091,41.7664469],[-2.462394,41.7663104]],[[-2.462394,41.7663104],[-2.4636091,41.7664469]],[[-2.4529839,41.7642638],[-2.453213,41.7668579],[-2.4615932,41.7648869],[-2.462394,41.7663104]],[[-2.4601309766293964,41.20054518685419],[-2.4602265529394303,41.20040680074185]],[[-2.4602265529394303,41.20040680074185],[-2.4606746,41.1986309],[-2.4571904,41.1931981],[-2.4367198,41.1930528],[-2.4327689,41.1906162],[-2.4316849,41.1867922]],[[-2.4602265529394303,41.20040680074185],[-2.4540791,41.1942335],[-2.4380073,41.1935029],[-2.4337184,41.191862],[-2.4315485,41.189276],[-2.4302286,41.1832082],[-2.4193896370430035,41.17032087871527]],[[-2.419276926550824,41.17041443564774],[-2.4302316,41.1834827],[-2.4313554,41.1892396],[-2.433469,41.1918656],[-2.4381387,41.1936438],[-2.4541354,41.1943845],[-2.4601309766293964,41.20054518685419]],[[-2.4529839,41.7642638],[-2.45185,41.7632601]],[[-2.45185,41.7632601],[-2.4529839,41.7642638]],[[-2.418486,41.7624099],[-2.4410297,41.7615184],[-2.45185,41.7632601]],[[-2.4491745441097668,41.09414917627588],[-2.4493421,41.0938472]],[[-2.4490359409051643,41.094286121616385],[-2.4491745441097668,41.09414917627588]],[[-2.443413393311514,41.11387457053051],[-2.4505936,41.1064265],[-2.4508184,41.097619],[-2.4491745441097668,41.09414917627588]],[[-2.4491745441097668,41.09414917627588],[-2.4439525,41.0835862],[-2.4428219,41.067589],[-2.4464466,41.0600146]],[[-2.4489402,41.8301119],[-2.4491703,41.8303067]],[[-2.4483603,41.09471],[-2.4490359409051643,41.094286121616385]],[[-2.4490359409051643,41.094286121616385],[-2.4506182,41.0980133],[-2.4503183,41.1066647],[-2.4433026539974203,41.11367118631664]],[[-2.4469425,41.0587822],[-2.4425947,41.0687821],[-2.443931,41.0849706],[-2.4490359409051643,41.094286121616385]],[[-2.4476827,41.0955484],[-2.4483603,41.09471]],[[-2.4483603,41.09471],[-2.4476827,41.0955484]],[[-2.4472341,41.0975793],[-2.4476827,41.0955484]],[[-2.4472341,41.0975793],[-2.4467867,41.0989481]],[[-2.4467867,41.0989481],[-2.4472341,41.0975793]],[[-2.4471847,41.814533],[-2.4449519,41.8155163],[-2.4448601,41.8174561]],[[-2.4429459,41.112259],[-2.444811,41.1080831],[-2.4444955,41.1016316],[-2.4467867,41.0989481]],[[-2.4464501,41.1279987],[-2.4452718803025846,41.13085576694332]],[[-2.4172774721622967,41.1676350906151],[-2.4182896,41.1584803],[-2.4253552,41.1533172],[-2.429372,41.1442865],[-2.4395826,41.1371576],[-2.4453329711516667,41.131086376460644]],[[-2.4453329711516667,41.131086376460644],[-2.4450275,41.1356782],[-2.4393875,41.1393238],[-2.435038147921998,41.1457293289876]],[[-2.4453329711516667,41.131086376460644],[-2.4472776,41.1265111],[-2.4433397,41.1195721],[-2.443413393311514,41.11387457053051]],[[-2.4452718803025846,41.13085576694332],[-2.4453329711516667,41.131086376460644]],[[-2.4452718803025846,41.13085576694332],[-2.439705,41.136805],[-2.429357,41.1439751],[-2.4249087,41.1535707],[-2.4177007,41.1589877]],[[-2.4433026539974203,41.11367118631664],[-2.4429619,41.1191394],[-2.4470218,41.1263612],[-2.4452718803025846,41.13085576694332]],[[-2.443413393311514,41.11387457053051],[-2.443578,41.1152002]],[[-2.4433026539974203,41.11367118631664],[-2.443413393311514,41.11387457053051]],[[-2.4430792,41.1128846],[-2.4433026539974203,41.11367118631664]],[[-2.4429828,41.112729],[-2.4431451,41.1126987]],[[-2.4430792,41.1128846],[-2.4431451,41.1126987]],[[-2.4431451,41.1126987],[-2.4430635,41.1124439]],[[-2.4429828,41.112729],[-2.4430792,41.1128846]],[[-2.4430635,41.1124439],[-2.4429459,41.112259]],[[-2.4430635,41.1124439],[-2.4429044,41.1124706]],[[-2.4429044,41.1124706],[-2.4429828,41.112729]],[[-2.4429459,41.112259],[-2.4429044,41.1124706]],[[-2.435038147921998,41.1457293289876],[-2.4312966907185416,41.15032634033862]],[[-2.435038147921998,41.1457293289876],[-2.4312966907185416,41.15032634033862]],[[-2.4312966907185416,41.15032634033862],[-2.435038147921998,41.1457293289876]],[[-2.4317853,41.1866765],[-2.4317857,41.1862689]],[[-2.4317857,41.1862689],[-2.4316792,41.1861227]],[[-2.4317857,41.1862689],[-2.4315982,41.1862908]],[[-2.4316341,41.1866671],[-2.4317853,41.1866765]],[[-2.4316849,41.1867922],[-2.4317853,41.1866765]],[[-2.4316341,41.1866671],[-2.4316849,41.1867922]],[[-2.4316792,41.1861227],[-2.4315982,41.1862908]],[[-2.4316792,41.1861227],[-2.4319455,41.1829236],[-2.4276937,41.1789744]],[[-2.4315982,41.1862908],[-2.4316341,41.1866671]],[[-2.4312966907185416,41.15032634033862],[-2.4246328,41.1570298]],[[-2.4274999,41.1788239],[-2.4277085,41.1787656]],[[-2.4276937,41.1789744],[-2.4277085,41.1787656]],[[-2.4277085,41.1787656],[-2.4274441,41.1783068]],[[-2.4274999,41.1788239],[-2.4276937,41.1789744]],[[-2.4272216,41.1784013],[-2.4274999,41.1788239]],[[-2.4274441,41.1783068],[-2.4272216,41.1784013]],[[-2.4274441,41.1783068],[-2.4271484,41.178151]],[[-2.4271484,41.178151],[-2.4272216,41.1784013]],[[-2.420848,41.1701045],[-2.4230273,41.1746344],[-2.4271484,41.178151]],[[-2.4246328,41.1570298],[-2.4225268,41.1608247]],[[-2.4225268,41.1608247],[-2.4246328,41.1570298]],[[-2.4225268,41.1608247],[-2.4210561,41.1692667]],[[-2.4210561,41.1692667],[-2.4207873,41.1694349]],[[-2.4210118,41.1695592],[-2.4210561,41.1692667]],[[-2.4209082,41.1699144],[-2.4210118,41.1695592]],[[-2.4210118,41.1695592],[-2.4207873,41.1694349]],[[-2.4206963,41.1699617],[-2.4209082,41.1699144]],[[-2.420848,41.1701045],[-2.4209082,41.1699144]],[[-2.4206963,41.1699617],[-2.420848,41.1701045]],[[-2.4207873,41.1694349],[-2.4203645,41.169624]],[[-2.4203852,41.169808],[-2.4206963,41.1699617]],[[-2.4203645,41.169624],[-2.4203852,41.169808]],[[-2.4201664,41.1697946],[-2.4203852,41.169808]],[[-2.4203645,41.169624],[-2.4201664,41.1697946]],[[-2.4193896370430035,41.17032087871527],[-2.4201664,41.1697946]],[[-2.419276926550824,41.17041443564774],[-2.4193896370430035,41.17032087871527]],[[-2.4193896370430035,41.17032087871527],[-2.4176849,41.1676095],[-2.4177514,41.1611609]],[[-2.4189497,41.170866],[-2.419276926550824,41.17041443564774]],[[-2.4172774721622967,41.1676350906151],[-2.419276926550824,41.17041443564774]],[[-2.4186302,41.1713951],[-2.4191089,41.1711114]],[[-2.4191089,41.1711114],[-2.4189497,41.170866]],[[-2.4191089,41.1711114],[-2.4188326,41.1710984]],[[-2.4189497,41.170866],[-2.4188326,41.1710984]],[[-2.4188326,41.1710984],[-2.4186603,41.1712119]],[[-2.4186603,41.1712119],[-2.4182673,41.1713907]],[[-2.4186603,41.1712119],[-2.4186302,41.1713951]],[[-2.4182673,41.1713907],[-2.4186302,41.1713951]],[[-2.418486,41.7624099],[-2.4180307,41.7624249]],[[-2.4180266,41.7626679],[-2.418486,41.7624099]],[[-2.3988200316799904,41.181558527634465],[-2.4010563,41.178023],[-2.4138407,41.1741882],[-2.4182673,41.1713907]],[[-2.4180266,41.7626679],[-2.4180307,41.7624249]],[[-2.4180307,41.7624249],[-2.4180266,41.7626679]],[[-2.4177007,41.1589877],[-2.4171256542006714,41.16742751887762]],[[-2.4177007,41.1589877],[-2.4171256542006714,41.16742751887762]],[[-2.3988200316799904,41.181558527634465],[-2.3996898,41.1769803],[-2.4136121,41.1723386],[-2.4172774721622967,41.1676350906151]],[[-2.4171256542006714,41.16742751887762],[-2.4172774721622967,41.1676350906151]],[[-2.4171256542006714,41.16742751887762],[-2.4134741,41.1722274],[-2.3995202,41.1768773],[-2.398065,41.179375],[-2.398867376854352,41.181982588922565]],[[-2.1980679,41.6820291],[-2.2895777,41.7212312],[-2.3726581,41.7520395],[-2.4101988,41.7625078]],[[-2.4074407,41.7624511],[-2.4101988,41.7625078]],[[-2.4021378,41.7619727],[-2.4074407,41.7624511]],[[-2.4074407,41.7624511],[-2.4021378,41.7619727]],[[-2.2899908,41.7670739],[-2.296411,41.7685542],[-2.3072225,41.7673417],[-2.3172984,41.7629625],[-2.3260728,41.7623627],[-2.3730087,41.7692642],[-2.3855631,41.7682224],[-2.3979129,41.7623143],[-2.4021378,41.7619727]],[[-2.4005268,41.1897893],[-2.4005627,41.1894662]],[[-2.4005627,41.1894662],[-2.4005315,41.1892604]],[[-2.4005627,41.1894662],[-2.4003492,41.189537]],[[-2.4005315,41.1892604],[-2.4003492,41.189537]],[[-2.4005315,41.1892604],[-2.4014411,41.1873575],[-2.398867376854352,41.181982588922565]],[[-2.400315,41.1899685],[-2.4005268,41.1897893]],[[-2.400372,41.1897363],[-2.4005268,41.1897893]],[[-2.400372,41.1897363],[-2.400315,41.1899685]],[[-2.4003492,41.189537],[-2.400372,41.1897363]],[[-2.400315,41.1899685],[-2.3981101,41.1931157],[-2.3900883,41.1973933],[-2.3783666,41.1981292],[-2.37377,41.2004175],[-2.3643531,41.2014694],[-2.3604102,41.2002881],[-2.3594382,41.1982006]],[[-2.398867376854352,41.181982588922565],[-2.4025636,41.189045],[-2.4009232,41.1931251],[-2.3928817,41.1990484],[-2.3826905,41.1998648],[-2.3767637,41.2028922],[-2.3641041,41.2048387],[-2.3551198,41.2019011],[-2.3402485,41.2010199],[-2.3328886,41.2022397],[-2.3166384,41.2006541],[-2.3033694,41.2022661],[-2.2949221,41.2049631],[-2.2914619,41.2081666],[-2.2901417,41.2156],[-2.2864112,41.2189776],[-2.2657803,41.2216317],[-2.2449618,41.2308238],[-2.2266092,41.24327],[-2.1938306,41.2571211],[-2.1771926,41.2713584],[-2.1735581,41.2845852],[-2.1672594,41.2918322],[-2.1597601,41.2964615],[-2.1464895,41.2993695],[-2.1391348,41.3058028],[-2.130008,41.3068053]],[[-2.398867376854352,41.181982588922565],[-2.3988200316799904,41.181558527634465]],[[-2.1321956,41.3069106],[-2.1391155,41.305975],[-2.146613,41.299492],[-2.1605477,41.296367],[-2.1665377,41.2926002],[-2.1736879,41.2846308],[-2.1773837,41.2714181],[-2.1934399,41.257554],[-2.226405,41.2435636],[-2.2448339,41.2310735],[-2.2664122,41.2215635],[-2.2864522,41.219168],[-2.2904254,41.2155127],[-2.2914751,41.2086506],[-2.2946648,41.205308],[-2.3032471,41.2024702],[-2.3164557,41.2008502],[-2.3328404,41.2024213],[-2.339987,41.2011769],[-2.3550509,41.2020528],[-2.3648957,41.2049908],[-2.3706737,41.2029772],[-2.3768926,41.2029724],[-2.3834405,41.1998706],[-2.3911338,41.1997346],[-2.4023325,41.1917028],[-2.4026643,41.1884726],[-2.3988200316799904,41.181558527634465]],[[-2.3856454,41.0540556],[-2.3773114,41.0540175],[-2.3732412,41.050021]],[[-2.3594382,41.1982006],[-2.3590392,41.1962064]],[[-2.3590392,41.1962064],[-2.3594382,41.1982006]],[[-2.3590392,41.1962064],[-2.3572164,41.1955701],[-2.3504446,41.1973687],[-2.3492684,41.1993451],[-2.3446389,41.1993475],[-2.3344723,41.1942175],[-2.3288715,41.1933969]],[[-2.3298244,41.4174417],[-2.3216249,41.416954]],[[-2.3216249,41.416954],[-2.3298244,41.4174417]],[[-2.3288715,41.1933969],[-2.3280008,41.1922886]],[[-2.3280008,41.1922886],[-2.3288715,41.1933969]],[[-2.3280008,41.1922886],[-2.3174264,41.1913251]],[[-2.3216249,41.416954],[-2.2945512,41.4171459],[-2.2852363,41.4149403],[-2.2747301,41.417113],[-2.2665131,41.4168201],[-2.2524279,41.4130998],[-2.2455773,41.4133477],[-2.2243482,41.4083917],[-2.2110361,41.4003342],[-2.1994392,41.3962005],[-2.1875839,41.378842],[-2.1751115,41.3683083],[-2.1671275,41.3640043],[-2.1674905,41.3579789],[-2.153526,41.3324183],[-2.1477835,41.3276102],[-2.1408248,41.3173671],[-2.1261915,41.3088713]],[[-2.3174264,41.1913251],[-2.3165995,41.1918236]],[[-2.3165995,41.1918236],[-2.3174264,41.1913251]],[[-2.3165995,41.1918236],[-2.3159257,41.1949615],[-2.3109664,41.1924572],[-2.3031951,41.1951657],[-2.2872138,41.2085833],[-2.2849413,41.2142656],[-2.2611194,41.2233995]],[[-2.2799155,42.1461364],[-2.2860619,42.144497],[-2.2893761,42.1389254],[-2.2884331,42.1372287],[-2.2914782,42.1358296]],[[-2.2899908,41.7670739],[-2.2845255,41.7669546]],[[-2.2845255,41.7669546],[-2.2899908,41.7670739]],[[-2.1077089,41.8079624],[-2.1215111,41.8068152],[-2.1313856,41.7987014],[-2.1454556,41.800451],[-2.1881367,41.790727],[-2.2074715,41.7814202],[-2.2459237,41.7711105],[-2.2652647,41.7714837],[-2.2746931,41.7703235],[-2.2845255,41.7669546]],[[-2.2610139,41.2235283],[-2.2611194,41.2233995]],[[-2.2611194,41.2233995],[-2.2610139,41.2235283]],[[-2.2610139,41.2235283],[-2.2607029,41.2238141]],[[-2.1949693,41.6818004],[-2.1980679,41.6820291]],[[-2.1980679,41.6820291],[-2.1949693,41.6818004]],[[-2.1954864,41.2558561],[-2.1820012,41.2616882],[-2.1765087,41.2719653]],[[-2.1954864,41.2558561],[-2.1968146,41.2554141],[-2.1954864,41.2558561]],[[-2.142830902141314,41.671561817953304],[-2.1819831,41.6780009],[-2.1949693,41.6818004]],[[-2.142830902141314,41.671561817953304],[-2.1273724,41.6812363],[-2.114119,41.6858162],[-2.0687658,41.6925242],[-2.0465476,41.7060719],[-2.0309325,41.7076938],[-2.0236229,41.7137798],[-2.0057669,41.7180042],[-1.9894031,41.719149],[-1.9836429,41.7221294],[-1.9619667,41.7267927],[-1.9503532,41.7318059],[-1.9444529,41.7379104],[-1.9451932,41.7413539]],[[-2.0249508,41.6242268],[-2.0922485,41.6519102],[-2.0976277,41.6566666],[-2.1099093,41.6625172],[-2.142830902141314,41.671561817953304]],[[-2.1077089,41.8079624],[-2.1032063,41.80774]],[[-2.1032063,41.80774],[-2.1077089,41.8079624]],[[-2.0954671,41.8073851],[-2.1032063,41.80774]],[[-2.0954671,41.8073851],[-2.0923804,41.8075968],[-2.0892222,41.8103855]],[[-2.0892222,41.8103855],[-2.0924331,41.8076732],[-2.0954671,41.8073851]],[[-1.9936596,41.8505343],[-2.0040269,41.8504775],[-2.0479975,41.8400608],[-2.0622332,41.8306861],[-2.0719503,41.8274565],[-2.0782106,41.8234414],[-2.0892222,41.8103855]],[[-2.0249508,41.6242268],[-2.0166359,41.6222437]],[[-2.0166359,41.6222437],[-2.0249508,41.6242268]],[[-2.0151443,41.6226014],[-2.0166359,41.6222437]],[[-2.0151443,41.6226014],[-2.0094146,41.6229646]],[[-2.0094146,41.6229646],[-2.0151443,41.6226014]],[[-1.9519745,41.5837186],[-1.9585011,41.593033],[-1.9658676,41.5986382],[-1.9709821,41.6056779],[-1.988721,41.6157153],[-2.0094146,41.6229646]],[[-1.9936596,41.8505343],[-1.989252,41.8504121]],[[-1.989252,41.8504121],[-1.9936596,41.8505343]],[[-1.9845926,41.8502943],[-1.989252,41.8504121]],[[-1.9796608,41.8501809],[-1.9845926,41.8502943]],[[-1.9845926,41.8502943],[-1.9796608,41.8501809]],[[-1.9563693,41.8495997],[-1.9796608,41.8501809]],[[-1.8931363755017163,41.877416458036514],[-1.905391,41.8766207],[-1.9151511,41.8738217],[-1.9441498,41.8532084],[-1.9563693,41.8495997]],[[-1.9563693,41.8495997],[-1.9440007,41.8530518],[-1.9150473,41.8736545],[-1.9053039,41.8764622],[-1.8931029927998395,41.877236452350274]],[[-1.9486704,41.830075],[-1.9441401,41.833799]],[[-1.9441401,41.833799],[-1.9486704,41.830075]],[[-1.9466242,41.7432624],[-1.9563178,41.7542616],[-1.9699777,41.766306],[-1.9728134,41.7716532],[-1.9730518,41.7799522],[-1.9785138,41.7889803],[-1.97694,41.793868],[-1.9624708,41.8163033],[-1.9502311,41.8265133],[-1.9486704,41.830075]],[[-1.9466242,41.7432624],[-1.9451932,41.7413539]],[[-1.9451932,41.7413539],[-1.9466242,41.7432624]],[[-1.9441401,41.833799],[-1.9391523,41.8461702],[-1.9413696,41.8528826]],[[-1.8920563,41.8767869],[-1.9014211,41.8740889],[-1.9066728,41.8676751],[-1.9196596,41.8637319],[-1.9274425,41.8525767],[-1.9382014,41.8494657]],[[-1.8914667595027417,41.8776031055895],[-1.8931363755017163,41.877416458036514]],[[-1.8924382,41.8780355],[-1.8931363755017163,41.877416458036514]],[[-1.8931363755017163,41.877416458036514],[-1.8931029927998395,41.877236452350274]],[[-1.8931029927998395,41.877236452350274],[-1.8914255496398007,41.87742691579317]],[[-1.8931029927998395,41.877236452350274],[-1.8920563,41.8767869]],[[-1.8921502,41.8780398],[-1.8924382,41.8780355]],[[-1.8919822,41.8791121],[-1.8924382,41.8780355]],[[-1.8921502,41.8780398],[-1.8919822,41.8791121]],[[-1.8914667595027417,41.8776031055895],[-1.8921502,41.8780398]],[[-1.8920563,41.8767869],[-1.8914255496398007,41.87742691579317]],[[-1.8919822,41.8791121],[-1.8894621,41.8809116],[-1.8858632,41.8805662]],[[-1.8650011,41.8867163],[-1.8914667595027417,41.8776031055895]],[[-1.8914255496398007,41.87742691579317],[-1.8914667595027417,41.8776031055895]],[[-1.8914255496398007,41.87742691579317],[-1.8650011,41.8867163]],[[-1.8858632,41.8805662],[-1.8832106,41.8810554],[-1.8816411,41.8843438]],[[-1.8816411,41.8843438],[-1.8831648,41.881293],[-1.8858632,41.8805662]],[[-1.8816411,41.8843438],[-1.8750541,41.8953883],[-1.8642181,41.904044]],[[-1.8647281,41.9804116],[-1.8709971,41.982607]],[[-1.8184015,41.8971739],[-1.8304812,41.8992001],[-1.8472234,41.8942757],[-1.8650011,41.8867163]],[[-1.8642181,41.904044],[-1.8619739,41.9069274]],[[-1.8619739,41.9069274],[-1.8642181,41.904044]],[[-1.8619739,41.9069274],[-1.8600425,41.9101027],[-1.860253,41.9341728],[-1.8563845,41.9525013],[-1.8583016,41.9680148],[-1.8620393,41.9727131],[-1.8604293,41.9764878],[-1.8644855,41.9925592],[-1.8616055,41.9985033],[-1.8563033,42.0012093]],[[-6.0331504,42.43528],[-6.0331504,42.43528]],[[-5.8846951,42.4583941],[-5.8846951,42.4583941]],[[-5.8671209,42.2751324],[-5.8671209,42.2751324]],[[-5.8643463,40.3247313],[-5.8643463,40.3247313]],[[-5.813732,42.2353802],[-5.813732,42.2353802]],[[-5.7909188,41.6328812],[-5.7909188,41.6328812]],[[-5.7886843,41.6331715],[-5.7886843,41.6331715]],[[-5.7361675,42.5398416],[-5.7350799,42.5397485],[-5.7361675,42.5398416]],[[-5.7127887,41.867886],[-5.7127887,41.867886]],[[-5.7116106,41.8667153],[-5.7116106,41.8667153]],[[-5.6332259,40.6316472],[-5.6332259,40.6316472]],[[-5.6311214,40.6316302],[-5.6311214,40.6316302]],[[-5.6254111,42.7883161],[-5.6254111,42.7883161]],[[-5.1326495,41.4110592],[-5.1326495,41.4110592]],[[-5.0035444,41.5034175],[-5.0035444,41.5034175]],[[-4.8125483,41.6864739],[-4.8125483,41.6864739]],[[-4.5689473,40.8703756],[-4.5689473,40.8703756]],[[-4.5584392,40.8592135],[-4.5584392,40.8592135]],[[-4.5580311,40.8597535],[-4.5580311,40.8597535]],[[-4.2427858,42.7813624],[-4.2427858,42.7813624]],[[-4.0383759,40.986913],[-4.0383759,40.986913]],[[-3.7602328,41.9962457],[-3.7602328,41.9962457]],[[-3.4978197,42.4388708],[-3.4978197,42.4388708]],[[-3.4187306,42.4774853],[-3.4187306,42.4774853]],[[-3.4175624,42.4765772],[-3.4175624,42.4765772]],[[-3.3984714,42.4804305],[-3.3984714,42.4804305]],[[-3.398221,42.4792541],[-3.398221,42.4792541]],[[-3.2968831,42.5830268],[-3.2968831,42.5830268]],[[-3.295452,42.5823489],[-3.295452,42.5823489]],[[-3.2751642,42.6037116],[-3.2751642,42.6037116]],[[-3.2738207,42.6029638],[-3.2738207,42.6029638]],[[-3.1709988,42.6352095],[-3.1709988,42.6352095]],[[-3.1708509,42.6364049],[-3.1708509,42.6364049]],[[-2.5078652,41.6577382],[-2.5078652,41.6577382]],[[-2.5066521,41.657095],[-2.5066521,41.657095]],[[-2.4701462,41.7955941],[-2.4701462,41.7955941]]]},"properties":{}}